research_date,query,query_result_count,rank,competitor,package,url,search_rating,exact_title_match,keyword_match,listing_rating,rating_count,review_count,installs,updated,screenshots,positioning,strong_side,weak_side,current_no1,leader_reason_hypothesis,meou_advantage,meou_gap,required_to_beat,winability_0_100,battle_class,evidence_type,confidence,source
2026-08-26,натальная карта,499,1,Натальная карта,com.natalchart.natalchartapp,https://www.rustore.ru/catalog/app/com.natalchart.natalchartapp,"2,5",yes,exact_title,"2,5",10,9,1 тыс +,15 янв 2026,5,"Точная астрология на основе математических вычислений. Приложение «Натальная карта» — это профессиональный инструмент для тех, кто ищет глубокий анал",Идеальное точное совпадение title с head-запросом,"2,5 при 10 оценках",Натальная карта,"HYPOTHESIS: точное совпадение title помогает №1 удерживать релевантность, несмотря на 2,5; алгоритмический вес exact match RuStore не раскрыт.","MEOU глубже: детерминированная карта, разбор, личный Дневник и совместимость.",Новый листинг без install/rating history и без exact head-фразы в текущем брендовом title.,"Title/short с точным natal intent без stuffing; 6–8 сильных скриншотов; 4,7+ rating; стабильный расчёт; 1–3 тыс+ качественных установок как первый proof milestone.",38,STRATEGIC BATTLE,EVIDENCE for live rank/listing facts; HYPOTHESIS for ranking reason,HIGH facts / MEDIUM inference,RuStore live search: https://www.rustore.ru/catalog/search?query=%D0%BD%D0%B0%D1%82%D0%B0%D0%BB%D1%8C%D0%BD%D0%B0%D1%8F+%D0%BA%D0%B0%D1%80%D1%82%D0%B0 | listing: https://www.rustore.ru/catalog/app/com.natalchart.natalchartapp
2026-08-26,натальная карта,499,2,Натальная карта рассчитать с расшифровкой онлайн,ru.mynatalchart.app,https://www.rustore.ru/catalog/app/ru.mynatalchart.app,"4,9",no,exact_phrase_in_title,"4,9",52,unknown,1 тыс +,24 июн 2026,6,"Натальная карта — ваш личный астрологический портрет, рассчитанный по дате, времени и месту рождения. Приложение помогает лучше понять себя: характер,",Точное long-tail title,Только 1 тыс+ установок,see rank 1,see rank 1,see rank 1,see rank 1,see rank 1,38,STRATEGIC BATTLE,EVIDENCE for live rank/listing facts; HYPOTHESIS for ranking reason,HIGH facts / MEDIUM inference,RuStore live search: https://www.rustore.ru/catalog/search?query=%D0%BD%D0%B0%D1%82%D0%B0%D0%BB%D1%8C%D0%BD%D0%B0%D1%8F+%D0%BA%D0%B0%D1%80%D1%82%D0%B0 | listing: https://www.rustore.ru/catalog/app/ru.mynatalchart.app
2026-08-26,натальная карта,499,3,Натальная карта. Астрология. Матрица Судьбы,com.matricasudbu.app.astro,https://www.rustore.ru/catalog/app/com.matricasudbu.app.astro,"4,9",no,exact_phrase_in_title,"4,9",205,24,3 тыс +,2 авг 2026,5,"Приложение ""Натальная карта. Астрология. Матрица Судьбы"" — это ваш личный астрологический помощник, который поможет раскрыть тайны вашего рождения, по","4,9 при 205 оценках",В отзывах видны жалобы на UTC/место рождения и регистрацию,see rank 1,see rank 1,see rank 1,see rank 1,see rank 1,38,STRATEGIC BATTLE,EVIDENCE for live rank/listing facts; HYPOTHESIS for ranking reason,HIGH facts / MEDIUM inference,RuStore live search: https://www.rustore.ru/catalog/search?query=%D0%BD%D0%B0%D1%82%D0%B0%D0%BB%D1%8C%D0%BD%D0%B0%D1%8F+%D0%BA%D0%B0%D1%80%D1%82%D0%B0 | listing: https://www.rustore.ru/catalog/app/com.matricasudbu.app.astro
2026-08-26,натальная карта,499,4,"Астрея: гороскоп, натальная карта, таро",ru.astreya.app,https://www.rustore.ru/catalog/app/ru.astreya.app,"5,0",no,exact_phrase_in_title,"5,0",418,32,1 тыс +,19 авг 2026,8,"Астрея — твой персональный астролог на базе искусственного интеллекта. Не общий гороскоп «для всех Овнов», а разбор именно твоей натальной карты: по д","5,0 при 418 оценках",Видимые установки 1 тыс+ ниже масштаба оценки,see rank 1,see rank 1,see rank 1,see rank 1,see rank 1,38,STRATEGIC BATTLE,EVIDENCE for live rank/listing facts; HYPOTHESIS for ranking reason,HIGH facts / MEDIUM inference,RuStore live search: https://www.rustore.ru/catalog/search?query=%D0%BD%D0%B0%D1%82%D0%B0%D0%BB%D1%8C%D0%BD%D0%B0%D1%8F+%D0%BA%D0%B0%D1%80%D1%82%D0%B0 | listing: https://www.rustore.ru/catalog/app/ru.astreya.app
2026-08-26,натальная карта,499,5,Астрокалендарь ENIGMATA. Ежедневный гороскоп,com.special_algorithmic_systems.engm_personal,https://www.rustore.ru/catalog/app/com.special_algorithmic_systems.engm_personal,"4,8",no,semantic_or_metadata_match,"4,8",56,45,10 тыс +,2 июл 2026,10,Полный функционал приложения доступен бесплатно первые 30 дней. Далее прогнозы доступны для подписчиков (платно). Приложение «Астрологический календа,10 тыс+,Отзывы сигналят о некорректной работе и обязательной регистрации,see rank 1,see rank 1,see rank 1,see rank 1,see rank 1,38,STRATEGIC BATTLE,EVIDENCE for live rank/listing facts; HYPOTHESIS for ranking reason,HIGH facts / MEDIUM inference,RuStore live search: https://www.rustore.ru/catalog/search?query=%D0%BD%D0%B0%D1%82%D0%B0%D0%BB%D1%8C%D0%BD%D0%B0%D1%8F+%D0%BA%D0%B0%D1%80%D1%82%D0%B0 | listing: https://www.rustore.ru/catalog/app/com.special_algorithmic_systems.engm_personal
2026-08-26,натальная карта,499,6,Astrollo AI — натальная карта и гороскопы,ru.astrolloai.app,https://www.rustore.ru/catalog/app/ru.astrolloai.app,"5,0",no,exact_phrase_in_title,"5,0",26,24,до 1 тыс,4 авг 2026,8,"Astrollo AI — твой персональный AI-астролог в телефоне. Рассчитай натальную карту и матрицу судьбы по дате рождения, читай гороскоп на сегодня и прове","5,0",До 1 тыс установок и только 26 оценок,see rank 1,see rank 1,see rank 1,see rank 1,see rank 1,38,STRATEGIC BATTLE,EVIDENCE for live rank/listing facts; HYPOTHESIS for ranking reason,HIGH facts / MEDIUM inference,RuStore live search: https://www.rustore.ru/catalog/search?query=%D0%BD%D0%B0%D1%82%D0%B0%D0%BB%D1%8C%D0%BD%D0%B0%D1%8F+%D0%BA%D0%B0%D1%80%D1%82%D0%B0 | listing: https://www.rustore.ru/catalog/app/ru.astrolloai.app
2026-08-26,натальная карта,499,7,"AI-Астролог, Таро, Астрология, Гороскоп, Астробот",com.aiastrologer.app,https://www.rustore.ru/catalog/app/com.aiastrologer.app,"4,7",no,semantic_or_metadata_match,"4,7",62,44,1 тыс +,4 авг 2026,10,"AI Астролог — это приложение с ИИ для тех, кто хочет получить персональный гороскоп, расклад таро, толкование снов, разбор натальной карты и советы на","4,7",Title перегружен пятью сущностями,see rank 1,see rank 1,see rank 1,see rank 1,see rank 1,38,STRATEGIC BATTLE,EVIDENCE for live rank/listing facts; HYPOTHESIS for ranking reason,HIGH facts / MEDIUM inference,RuStore live search: https://www.rustore.ru/catalog/search?query=%D0%BD%D0%B0%D1%82%D0%B0%D0%BB%D1%8C%D0%BD%D0%B0%D1%8F+%D0%BA%D0%B0%D1%80%D1%82%D0%B0 | listing: https://www.rustore.ru/catalog/app/com.aiastrologer.app
2026-08-26,натальная карта,499,8,"Нейродзен — Натальная Карта, Гороскоп, Астрология",ru.neurodzen.app,https://www.rustore.ru/catalog/app/ru.neurodzen.app,"2,6",no,exact_phrase_in_title,"2,6",5,unknown,1 тыс +,12 янв 2026,4,"Нейродзен — это личный ИИ-астролог и нумеролог, который за минуты строит натальные карты, анализирует совместимость, находит удачные периоды и отвечае",Широкое title coverage,"2,6 при 5 оценках",see rank 1,see rank 1,see rank 1,see rank 1,see rank 1,38,STRATEGIC BATTLE,EVIDENCE for live rank/listing facts; HYPOTHESIS for ranking reason,HIGH facts / MEDIUM inference,RuStore live search: https://www.rustore.ru/catalog/search?query=%D0%BD%D0%B0%D1%82%D0%B0%D0%BB%D1%8C%D0%BD%D0%B0%D1%8F+%D0%BA%D0%B0%D1%80%D1%82%D0%B0 | listing: https://www.rustore.ru/catalog/app/ru.neurodzen.app
2026-08-26,натальная карта,499,9,Астрологические Карты Lite,ru.astro.chartslite,https://www.rustore.ru/catalog/app/ru.astro.chartslite,"4,4",no,semantic_or_metadata_match,unknown,unknown,unknown,unknown,unknown,unknown,Positioning inferred from visible RuStore title only.,"Visible rating 4,4 in search.",Detail metrics not audited in 25-app deep sample.,see rank 1,see rank 1,see rank 1,see rank 1,see rank 1,38,STRATEGIC BATTLE,EVIDENCE for live rank/listing facts; HYPOTHESIS for ranking reason,HIGH rank / LOW detail,RuStore live search: https://www.rustore.ru/catalog/search?query=%D0%BD%D0%B0%D1%82%D0%B0%D0%BB%D1%8C%D0%BD%D0%B0%D1%8F+%D0%BA%D0%B0%D1%80%D1%82%D0%B0
2026-08-26,натальная карта,499,10,Натальная карта - AstroChart,com.birth.chart.natal.horoscope.astrology.tarot,https://www.rustore.ru/catalog/app/com.birth.chart.natal.horoscope.astrology.tarot,unknown,no,exact_phrase_in_title,unknown,unknown,unknown,до 1 тыс,10 окт 2025,4,"Скачайте AstroChart: Натальная карта прямо сейчас — это безопасное приложение с проверенной репутацией, которое работает стабильно на современных смар",Keyword-forward title,Нет видимого рейтинга,see rank 1,see rank 1,see rank 1,see rank 1,see rank 1,38,STRATEGIC BATTLE,EVIDENCE for live rank/listing facts; HYPOTHESIS for ranking reason,HIGH facts / MEDIUM inference,RuStore live search: https://www.rustore.ru/catalog/search?query=%D0%BD%D0%B0%D1%82%D0%B0%D0%BB%D1%8C%D0%BD%D0%B0%D1%8F+%D0%BA%D0%B0%D1%80%D1%82%D0%B0 | listing: https://www.rustore.ru/catalog/app/com.birth.chart.natal.horoscope.astrology.tarot
2026-08-26,натальная карта с расшифровкой,500,1,Астрокалендарь ENIGMATA. Ежедневный гороскоп,com.special_algorithmic_systems.engm_personal,https://www.rustore.ru/catalog/app/com.special_algorithmic_systems.engm_personal,"4,8",no,semantic_or_metadata_match,"4,8",56,45,10 тыс +,2 июл 2026,10,Полный функционал приложения доступен бесплатно первые 30 дней. Далее прогнозы доступны для подписчиков (платно). Приложение «Астрологический календа,10 тыс+,Отзывы сигналят о некорректной работе и обязательной регистрации,Астрокалендарь ENIGMATA. Ежедневный гороскоп,"HYPOTHESIS: №1 ENIGMATA выигрывает за счёт 10 тыс+ установок, 4,8 и богатой карточки; точный long-tail отсутствует в title.","MEOU реально строит и объясняет карту простым языком, а не только календарь прогнозов.",Нет market proof и exact long-tail coverage; нужны доказательства качества расшифровки.,Long-tail в short/первых 500 символах; screenshot с картой и понятным разбором; отзывы после успешного построения; сравнить CVR против лидера.,48,MEDIUM BATTLE,EVIDENCE for live rank/listing facts; HYPOTHESIS for ranking reason,HIGH facts / MEDIUM inference,RuStore live search: https://www.rustore.ru/catalog/search?query=%D0%BD%D0%B0%D1%82%D0%B0%D0%BB%D1%8C%D0%BD%D0%B0%D1%8F+%D0%BA%D0%B0%D1%80%D1%82%D0%B0+%D1%81+%D1%80%D0%B0%D1%81%D1%88%D0%B8%D1%84%D1%80%D0%BE%D0%B2%D0%BA%D0%BE%D0%B9 | listing: https://www.rustore.ru/catalog/app/com.special_algorithmic_systems.engm_personal
2026-08-26,натальная карта с расшифровкой,500,2,Натальная карта рассчитать с расшифровкой онлайн,ru.mynatalchart.app,https://www.rustore.ru/catalog/app/ru.mynatalchart.app,"4,9",no,all_content_terms_in_title,"4,9",52,unknown,1 тыс +,24 июн 2026,6,"Натальная карта — ваш личный астрологический портрет, рассчитанный по дате, времени и месту рождения. Приложение помогает лучше понять себя: характер,",Точное long-tail title,Только 1 тыс+ установок,see rank 1,see rank 1,see rank 1,see rank 1,see rank 1,48,MEDIUM BATTLE,EVIDENCE for live rank/listing facts; HYPOTHESIS for ranking reason,HIGH facts / MEDIUM inference,RuStore live search: https://www.rustore.ru/catalog/search?query=%D0%BD%D0%B0%D1%82%D0%B0%D0%BB%D1%8C%D0%BD%D0%B0%D1%8F+%D0%BA%D0%B0%D1%80%D1%82%D0%B0+%D1%81+%D1%80%D0%B0%D1%81%D1%88%D0%B8%D1%84%D1%80%D0%BE%D0%B2%D0%BA%D0%BE%D0%B9 | listing: https://www.rustore.ru/catalog/app/ru.mynatalchart.app
2026-08-26,натальная карта с расшифровкой,500,3,Натальная карта. Астрология. Матрица Судьбы,com.matricasudbu.app.astro,https://www.rustore.ru/catalog/app/com.matricasudbu.app.astro,"4,9",no,partial_title_match,"4,9",205,24,3 тыс +,2 авг 2026,5,"Приложение ""Натальная карта. Астрология. Матрица Судьбы"" — это ваш личный астрологический помощник, который поможет раскрыть тайны вашего рождения, по","4,9 при 205 оценках",В отзывах видны жалобы на UTC/место рождения и регистрацию,see rank 1,see rank 1,see rank 1,see rank 1,see rank 1,48,MEDIUM BATTLE,EVIDENCE for live rank/listing facts; HYPOTHESIS for ranking reason,HIGH facts / MEDIUM inference,RuStore live search: https://www.rustore.ru/catalog/search?query=%D0%BD%D0%B0%D1%82%D0%B0%D0%BB%D1%8C%D0%BD%D0%B0%D1%8F+%D0%BA%D0%B0%D1%80%D1%82%D0%B0+%D1%81+%D1%80%D0%B0%D1%81%D1%88%D0%B8%D1%84%D1%80%D0%BE%D0%B2%D0%BA%D0%BE%D0%B9 | listing: https://www.rustore.ru/catalog/app/com.matricasudbu.app.astro
2026-08-26,натальная карта с расшифровкой,500,4,Натальная карта,com.natalchart.natalchartapp,https://www.rustore.ru/catalog/app/com.natalchart.natalchartapp,"2,5",no,partial_title_match,"2,5",10,9,1 тыс +,15 янв 2026,5,"Точная астрология на основе математических вычислений. Приложение «Натальная карта» — это профессиональный инструмент для тех, кто ищет глубокий анал",Идеальное точное совпадение title с head-запросом,"2,5 при 10 оценках",see rank 1,see rank 1,see rank 1,see rank 1,see rank 1,48,MEDIUM BATTLE,EVIDENCE for live rank/listing facts; HYPOTHESIS for ranking reason,HIGH facts / MEDIUM inference,RuStore live search: https://www.rustore.ru/catalog/search?query=%D0%BD%D0%B0%D1%82%D0%B0%D0%BB%D1%8C%D0%BD%D0%B0%D1%8F+%D0%BA%D0%B0%D1%80%D1%82%D0%B0+%D1%81+%D1%80%D0%B0%D1%81%D1%88%D0%B8%D1%84%D1%80%D0%BE%D0%B2%D0%BA%D0%BE%D0%B9 | listing: https://www.rustore.ru/catalog/app/com.natalchart.natalchartapp
2026-08-26,натальная карта с расшифровкой,500,5,Astrollo AI — натальная карта и гороскопы,ru.astrolloai.app,https://www.rustore.ru/catalog/app/ru.astrolloai.app,"5,0",no,partial_title_match,"5,0",26,24,до 1 тыс,4 авг 2026,8,"Astrollo AI — твой персональный AI-астролог в телефоне. Рассчитай натальную карту и матрицу судьбы по дате рождения, читай гороскоп на сегодня и прове","5,0",До 1 тыс установок и только 26 оценок,see rank 1,see rank 1,see rank 1,see rank 1,see rank 1,48,MEDIUM BATTLE,EVIDENCE for live rank/listing facts; HYPOTHESIS for ranking reason,HIGH facts / MEDIUM inference,RuStore live search: https://www.rustore.ru/catalog/search?query=%D0%BD%D0%B0%D1%82%D0%B0%D0%BB%D1%8C%D0%BD%D0%B0%D1%8F+%D0%BA%D0%B0%D1%80%D1%82%D0%B0+%D1%81+%D1%80%D0%B0%D1%81%D1%88%D0%B8%D1%84%D1%80%D0%BE%D0%B2%D0%BA%D0%BE%D0%B9 | listing: https://www.rustore.ru/catalog/app/ru.astrolloai.app
2026-08-26,натальная карта с расшифровкой,500,6,АстроКод: натальная карта,com.dixtalescat.astrocode,https://www.rustore.ru/catalog/app/com.dixtalescat.astrocode,unknown,no,partial_title_match,unknown,unknown,unknown,unknown,unknown,unknown,Positioning inferred from visible RuStore title only.,Top-10 visibility for the exact query.,No rating visible in search; detail listing not in 25-app deep sample.,see rank 1,see rank 1,see rank 1,see rank 1,see rank 1,48,MEDIUM BATTLE,EVIDENCE for live rank/listing facts; HYPOTHESIS for ranking reason,HIGH rank / LOW detail,RuStore live search: https://www.rustore.ru/catalog/search?query=%D0%BD%D0%B0%D1%82%D0%B0%D0%BB%D1%8C%D0%BD%D0%B0%D1%8F+%D0%BA%D0%B0%D1%80%D1%82%D0%B0+%D1%81+%D1%80%D0%B0%D1%81%D1%88%D0%B8%D1%84%D1%80%D0%BE%D0%B2%D0%BA%D0%BE%D0%B9
2026-08-26,натальная карта с расшифровкой,500,7,Натальная карта - AstroChart,com.birth.chart.natal.horoscope.astrology.tarot,https://www.rustore.ru/catalog/app/com.birth.chart.natal.horoscope.astrology.tarot,unknown,no,partial_title_match,unknown,unknown,unknown,до 1 тыс,10 окт 2025,4,"Скачайте AstroChart: Натальная карта прямо сейчас — это безопасное приложение с проверенной репутацией, которое работает стабильно на современных смар",Keyword-forward title,Нет видимого рейтинга,see rank 1,see rank 1,see rank 1,see rank 1,see rank 1,48,MEDIUM BATTLE,EVIDENCE for live rank/listing facts; HYPOTHESIS for ranking reason,HIGH facts / MEDIUM inference,RuStore live search: https://www.rustore.ru/catalog/search?query=%D0%BD%D0%B0%D1%82%D0%B0%D0%BB%D1%8C%D0%BD%D0%B0%D1%8F+%D0%BA%D0%B0%D1%80%D1%82%D0%B0+%D1%81+%D1%80%D0%B0%D1%81%D1%88%D0%B8%D1%84%D1%80%D0%BE%D0%B2%D0%BA%D0%BE%D0%B9 | listing: https://www.rustore.ru/catalog/app/com.birth.chart.natal.horoscope.astrology.tarot
2026-08-26,натальная карта с расшифровкой,500,8,"AstroStar: Гороскопы, Астрология, Натальная карта",ru.astrostar.yakuba.android,https://www.rustore.ru/catalog/app/ru.astrostar.yakuba.android,"4,6",no,partial_title_match,unknown,unknown,unknown,unknown,unknown,unknown,Positioning inferred from visible RuStore title only.,"Visible rating 4,6 in search.",Detail metrics not audited in 25-app deep sample.,see rank 1,see rank 1,see rank 1,see rank 1,see rank 1,48,MEDIUM BATTLE,EVIDENCE for live rank/listing facts; HYPOTHESIS for ranking reason,HIGH rank / LOW detail,RuStore live search: https://www.rustore.ru/catalog/search?query=%D0%BD%D0%B0%D1%82%D0%B0%D0%BB%D1%8C%D0%BD%D0%B0%D1%8F+%D0%BA%D0%B0%D1%80%D1%82%D0%B0+%D1%81+%D1%80%D0%B0%D1%81%D1%88%D0%B8%D1%84%D1%80%D0%BE%D0%B2%D0%BA%D0%BE%D0%B9
2026-08-26,натальная карта с расшифровкой,500,9,Ведаскоп: джйотиш и натальная карта,ru.z9games.jyotish,https://www.rustore.ru/catalog/app/ru.z9games.jyotish,unknown,no,partial_title_match,unknown,unknown,unknown,unknown,unknown,unknown,Positioning inferred from visible RuStore title only.,Top-10 visibility for the exact query.,No rating visible in search; detail listing not in 25-app deep sample.,see rank 1,see rank 1,see rank 1,see rank 1,see rank 1,48,MEDIUM BATTLE,EVIDENCE for live rank/listing facts; HYPOTHESIS for ranking reason,HIGH rank / LOW detail,RuStore live search: https://www.rustore.ru/catalog/search?query=%D0%BD%D0%B0%D1%82%D0%B0%D0%BB%D1%8C%D0%BD%D0%B0%D1%8F+%D0%BA%D0%B0%D1%80%D1%82%D0%B0+%D1%81+%D1%80%D0%B0%D1%81%D1%88%D0%B8%D1%84%D1%80%D0%BE%D0%B2%D0%BA%D0%BE%D0%B9
2026-08-26,натальная карта с расшифровкой,500,10,Астрологические Карты Lite,ru.astro.chartslite,https://www.rustore.ru/catalog/app/ru.astro.chartslite,"4,4",no,semantic_or_metadata_match,unknown,unknown,unknown,unknown,unknown,unknown,Positioning inferred from visible RuStore title only.,"Visible rating 4,4 in search.",Detail metrics not audited in 25-app deep sample.,see rank 1,see rank 1,see rank 1,see rank 1,see rank 1,48,MEDIUM BATTLE,EVIDENCE for live rank/listing facts; HYPOTHESIS for ranking reason,HIGH rank / LOW detail,RuStore live search: https://www.rustore.ru/catalog/search?query=%D0%BD%D0%B0%D1%82%D0%B0%D0%BB%D1%8C%D0%BD%D0%B0%D1%8F+%D0%BA%D0%B0%D1%80%D1%82%D0%B0+%D1%81+%D1%80%D0%B0%D1%81%D1%88%D0%B8%D1%84%D1%80%D0%BE%D0%B2%D0%BA%D0%BE%D0%B9
2026-08-26,рассчитать натальную карту,500,1,Натальная карта рассчитать с расшифровкой онлайн,ru.mynatalchart.app,https://www.rustore.ru/catalog/app/ru.mynatalchart.app,"4,9",no,partial_title_match,"4,9",52,unknown,1 тыс +,24 июн 2026,6,"Натальная карта — ваш личный астрологический портрет, рассчитанный по дате, времени и месту рождения. Приложение помогает лучше понять себя: характер,",Точное long-tail title,Только 1 тыс+ установок,Натальная карта рассчитать с расшифровкой онлайн,"HYPOTHESIS: №1 myNatal имеет почти exact title, 4,9 и 1 тыс+; intent match очень высокий.",MEOU соединяет расчёт с продолжительным персональным прогнозом и совместимостью.,Конкурент уже владеет exact calculate intent и имеет 52 оценки.,Показать расчёт по дате/времени/месту в первых двух скриншотах; metadata exact phrase; parity по rating и больше полезных reviews.,55,MEDIUM BATTLE,EVIDENCE for live rank/listing facts; HYPOTHESIS for ranking reason,HIGH facts / MEDIUM inference,RuStore live search: https://www.rustore.ru/catalog/search?query=%D1%80%D0%B0%D1%81%D1%81%D1%87%D0%B8%D1%82%D0%B0%D1%82%D1%8C+%D0%BD%D0%B0%D1%82%D0%B0%D0%BB%D1%8C%D0%BD%D1%83%D1%8E+%D0%BA%D0%B0%D1%80%D1%82%D1%83 | listing: https://www.rustore.ru/catalog/app/ru.mynatalchart.app
2026-08-26,рассчитать натальную карту,500,2,Натальная карта. Астрология. Матрица Судьбы,com.matricasudbu.app.astro,https://www.rustore.ru/catalog/app/com.matricasudbu.app.astro,"4,9",no,semantic_or_metadata_match,"4,9",205,24,3 тыс +,2 авг 2026,5,"Приложение ""Натальная карта. Астрология. Матрица Судьбы"" — это ваш личный астрологический помощник, который поможет раскрыть тайны вашего рождения, по","4,9 при 205 оценках",В отзывах видны жалобы на UTC/место рождения и регистрацию,see rank 1,see rank 1,see rank 1,see rank 1,see rank 1,55,MEDIUM BATTLE,EVIDENCE for live rank/listing facts; HYPOTHESIS for ranking reason,HIGH facts / MEDIUM inference,RuStore live search: https://www.rustore.ru/catalog/search?query=%D1%80%D0%B0%D1%81%D1%81%D1%87%D0%B8%D1%82%D0%B0%D1%82%D1%8C+%D0%BD%D0%B0%D1%82%D0%B0%D0%BB%D1%8C%D0%BD%D1%83%D1%8E+%D0%BA%D0%B0%D1%80%D1%82%D1%83 | listing: https://www.rustore.ru/catalog/app/com.matricasudbu.app.astro
2026-08-26,рассчитать натальную карту,500,3,Astrollo AI — натальная карта и гороскопы,ru.astrolloai.app,https://www.rustore.ru/catalog/app/ru.astrolloai.app,"5,0",no,semantic_or_metadata_match,"5,0",26,24,до 1 тыс,4 авг 2026,8,"Astrollo AI — твой персональный AI-астролог в телефоне. Рассчитай натальную карту и матрицу судьбы по дате рождения, читай гороскоп на сегодня и прове","5,0",До 1 тыс установок и только 26 оценок,see rank 1,see rank 1,see rank 1,see rank 1,see rank 1,55,MEDIUM BATTLE,EVIDENCE for live rank/listing facts; HYPOTHESIS for ranking reason,HIGH facts / MEDIUM inference,RuStore live search: https://www.rustore.ru/catalog/search?query=%D1%80%D0%B0%D1%81%D1%81%D1%87%D0%B8%D1%82%D0%B0%D1%82%D1%8C+%D0%BD%D0%B0%D1%82%D0%B0%D0%BB%D1%8C%D0%BD%D1%83%D1%8E+%D0%BA%D0%B0%D1%80%D1%82%D1%83 | listing: https://www.rustore.ru/catalog/app/ru.astrolloai.app
2026-08-26,рассчитать натальную карту,500,4,Натальная карта,com.natalchart.natalchartapp,https://www.rustore.ru/catalog/app/com.natalchart.natalchartapp,"2,5",no,semantic_or_metadata_match,"2,5",10,9,1 тыс +,15 янв 2026,5,"Точная астрология на основе математических вычислений. Приложение «Натальная карта» — это профессиональный инструмент для тех, кто ищет глубокий анал",Идеальное точное совпадение title с head-запросом,"2,5 при 10 оценках",see rank 1,see rank 1,see rank 1,see rank 1,see rank 1,55,MEDIUM BATTLE,EVIDENCE for live rank/listing facts; HYPOTHESIS for ranking reason,HIGH facts / MEDIUM inference,RuStore live search: https://www.rustore.ru/catalog/search?query=%D1%80%D0%B0%D1%81%D1%81%D1%87%D0%B8%D1%82%D0%B0%D1%82%D1%8C+%D0%BD%D0%B0%D1%82%D0%B0%D0%BB%D1%8C%D0%BD%D1%83%D1%8E+%D0%BA%D0%B0%D1%80%D1%82%D1%83 | listing: https://www.rustore.ru/catalog/app/com.natalchart.natalchartapp
2026-08-26,рассчитать натальную карту,500,5,Natalist,com.natalis.flutter_app,https://www.rustore.ru/catalog/app/com.natalis.flutter_app,unknown,no,semantic_or_metadata_match,unknown,unknown,unknown,unknown,unknown,unknown,Positioning inferred from visible RuStore title only.,Top-10 visibility for the exact query.,No rating visible in search; detail listing not in 25-app deep sample.,see rank 1,see rank 1,see rank 1,see rank 1,see rank 1,55,MEDIUM BATTLE,EVIDENCE for live rank/listing facts; HYPOTHESIS for ranking reason,HIGH rank / LOW detail,RuStore live search: https://www.rustore.ru/catalog/search?query=%D1%80%D0%B0%D1%81%D1%81%D1%87%D0%B8%D1%82%D0%B0%D1%82%D1%8C+%D0%BD%D0%B0%D1%82%D0%B0%D0%BB%D1%8C%D0%BD%D1%83%D1%8E+%D0%BA%D0%B0%D1%80%D1%82%D1%83
2026-08-26,рассчитать натальную карту,500,6,Натальная карта - AstroChart,com.birth.chart.natal.horoscope.astrology.tarot,https://www.rustore.ru/catalog/app/com.birth.chart.natal.horoscope.astrology.tarot,unknown,no,semantic_or_metadata_match,unknown,unknown,unknown,до 1 тыс,10 окт 2025,4,"Скачайте AstroChart: Натальная карта прямо сейчас — это безопасное приложение с проверенной репутацией, которое работает стабильно на современных смар",Keyword-forward title,Нет видимого рейтинга,see rank 1,see rank 1,see rank 1,see rank 1,see rank 1,55,MEDIUM BATTLE,EVIDENCE for live rank/listing facts; HYPOTHESIS for ranking reason,HIGH facts / MEDIUM inference,RuStore live search: https://www.rustore.ru/catalog/search?query=%D1%80%D0%B0%D1%81%D1%81%D1%87%D0%B8%D1%82%D0%B0%D1%82%D1%8C+%D0%BD%D0%B0%D1%82%D0%B0%D0%BB%D1%8C%D0%BD%D1%83%D1%8E+%D0%BA%D0%B0%D1%80%D1%82%D1%83 | listing: https://www.rustore.ru/catalog/app/com.birth.chart.natal.horoscope.astrology.tarot
2026-08-26,рассчитать натальную карту,500,7,АстроКод: натальная карта,com.dixtalescat.astrocode,https://www.rustore.ru/catalog/app/com.dixtalescat.astrocode,unknown,no,semantic_or_metadata_match,unknown,unknown,unknown,unknown,unknown,unknown,Positioning inferred from visible RuStore title only.,Top-10 visibility for the exact query.,No rating visible in search; detail listing not in 25-app deep sample.,see rank 1,see rank 1,see rank 1,see rank 1,see rank 1,55,MEDIUM BATTLE,EVIDENCE for live rank/listing facts; HYPOTHESIS for ranking reason,HIGH rank / LOW detail,RuStore live search: https://www.rustore.ru/catalog/search?query=%D1%80%D0%B0%D1%81%D1%81%D1%87%D0%B8%D1%82%D0%B0%D1%82%D1%8C+%D0%BD%D0%B0%D1%82%D0%B0%D0%BB%D1%8C%D0%BD%D1%83%D1%8E+%D0%BA%D0%B0%D1%80%D1%82%D1%83
2026-08-26,рассчитать натальную карту,500,8,Ведаскоп: джйотиш и натальная карта,ru.z9games.jyotish,https://www.rustore.ru/catalog/app/ru.z9games.jyotish,unknown,no,semantic_or_metadata_match,unknown,unknown,unknown,unknown,unknown,unknown,Positioning inferred from visible RuStore title only.,Top-10 visibility for the exact query.,No rating visible in search; detail listing not in 25-app deep sample.,see rank 1,see rank 1,see rank 1,see rank 1,see rank 1,55,MEDIUM BATTLE,EVIDENCE for live rank/listing facts; HYPOTHESIS for ranking reason,HIGH rank / LOW detail,RuStore live search: https://www.rustore.ru/catalog/search?query=%D1%80%D0%B0%D1%81%D1%81%D1%87%D0%B8%D1%82%D0%B0%D1%82%D1%8C+%D0%BD%D0%B0%D1%82%D0%B0%D0%BB%D1%8C%D0%BD%D1%83%D1%8E+%D0%BA%D0%B0%D1%80%D1%82%D1%83
2026-08-26,рассчитать натальную карту,500,9,Mystica — натальная карта,app.mystica,https://www.rustore.ru/catalog/app/app.mystica,unknown,no,semantic_or_metadata_match,unknown,unknown,unknown,unknown,unknown,unknown,Positioning inferred from visible RuStore title only.,Top-10 visibility for the exact query.,No rating visible in search; detail listing not in 25-app deep sample.,see rank 1,see rank 1,see rank 1,see rank 1,see rank 1,55,MEDIUM BATTLE,EVIDENCE for live rank/listing facts; HYPOTHESIS for ranking reason,HIGH rank / LOW detail,RuStore live search: https://www.rustore.ru/catalog/search?query=%D1%80%D0%B0%D1%81%D1%81%D1%87%D0%B8%D1%82%D0%B0%D1%82%D1%8C+%D0%BD%D0%B0%D1%82%D0%B0%D0%BB%D1%8C%D0%BD%D1%83%D1%8E+%D0%BA%D0%B0%D1%80%D1%82%D1%83
2026-08-26,рассчитать натальную карту,500,10,AstrAi — натальная карта и гороскоп,ru.astrai.app,https://www.rustore.ru/catalog/app/ru.astrai.app,unknown,no,semantic_or_metadata_match,unknown,unknown,unknown,unknown,unknown,unknown,Positioning inferred from visible RuStore title only.,Top-10 visibility for the exact query.,No rating visible in search; detail listing not in 25-app deep sample.,see rank 1,see rank 1,see rank 1,see rank 1,see rank 1,55,MEDIUM BATTLE,EVIDENCE for live rank/listing facts; HYPOTHESIS for ranking reason,HIGH rank / LOW detail,RuStore live search: https://www.rustore.ru/catalog/search?query=%D1%80%D0%B0%D1%81%D1%81%D1%87%D0%B8%D1%82%D0%B0%D1%82%D1%8C+%D0%BD%D0%B0%D1%82%D0%B0%D0%BB%D1%8C%D0%BD%D1%83%D1%8E+%D0%BA%D0%B0%D1%80%D1%82%D1%83
2026-08-26,гороскоп,500,1,Гороскоп,net.kosev.scoping,https://www.rustore.ru/catalog/app/net.kosev.scoping,"4,7",yes,exact_title,"4,7",52,5,3 тыс +,4 февр 2026,3,"Получите доступ к своему гороскопу прямо с мобильного телефона или планшета. Приложение работает стабильно, не требует регистрации и не собирает ваши ",Exact head title,Только 3 скриншота и базовое generic-позиционирование.,Гороскоп,"HYPOTHESIS: exact generic title, 4,7 и 3 тыс+ делают net.kosev.scoping сильным head-лидером; SERP насыщена exact titles.","MEOU даёт личный прогноз по сохранённому natal context, а не только общий знак.",Брендовый title не объясняет «гороскоп»; новый продукт уступает установкам и узнаваемости.,"Сначала победить personal/period long-tail; затем 10 тыс+ organic proof, 4,7+ rating, высокий card→install CVR и стабильная индексация head-термина.",28,STRATEGIC BATTLE,EVIDENCE for live rank/listing facts; HYPOTHESIS for ranking reason,HIGH facts / MEDIUM inference,RuStore live search: https://www.rustore.ru/catalog/search?query=%D0%B3%D0%BE%D1%80%D0%BE%D1%81%D0%BA%D0%BE%D0%BF | listing: https://www.rustore.ru/catalog/app/net.kosev.scoping
2026-08-26,гороскоп,500,2,Гороскоп,com.grupoprecedo.horoscope,https://www.rustore.ru/catalog/app/com.grupoprecedo.horoscope,unknown,yes,exact_title,unknown,unknown,unknown,unknown,unknown,unknown,Positioning inferred from visible RuStore title only.,Exact keyword match in visible title.,No rating visible in search; detail listing not in 25-app deep sample.,see rank 1,see rank 1,see rank 1,see rank 1,see rank 1,28,STRATEGIC BATTLE,EVIDENCE for live rank/listing facts; HYPOTHESIS for ranking reason,HIGH rank / LOW detail,RuStore live search: https://www.rustore.ru/catalog/search?query=%D0%B3%D0%BE%D1%80%D0%BE%D1%81%D0%BA%D0%BE%D0%BF
2026-08-26,гороскоп,500,3,Гороскопы,ru.mail.horo.android,https://www.rustore.ru/catalog/app/ru.mail.horo.android,"2,9",no,exact_phrase_in_title,"2,9",888,406,90 тыс +,17 мая 2022,6,"Следите за предсказаниями каждый день! Проверяйте совместимость знаков, узнавайте гороскопы друзей, читайте астрологические статьи.",90 тыс+ установок и 888 оценок,"2,9",see rank 1,see rank 1,see rank 1,see rank 1,see rank 1,28,STRATEGIC BATTLE,EVIDENCE for live rank/listing facts; HYPOTHESIS for ranking reason,HIGH facts / MEDIUM inference,RuStore live search: https://www.rustore.ru/catalog/search?query=%D0%B3%D0%BE%D1%80%D0%BE%D1%81%D0%BA%D0%BE%D0%BF | listing: https://www.rustore.ru/catalog/app/ru.mail.horo.android
2026-08-26,гороскоп,500,4,Астрокалендарь ENIGMATA. Ежедневный гороскоп,com.special_algorithmic_systems.engm_personal,https://www.rustore.ru/catalog/app/com.special_algorithmic_systems.engm_personal,"4,8",no,exact_phrase_in_title,"4,8",56,45,10 тыс +,2 июл 2026,10,Полный функционал приложения доступен бесплатно первые 30 дней. Далее прогнозы доступны для подписчиков (платно). Приложение «Астрологический календа,10 тыс+,Отзывы сигналят о некорректной работе и обязательной регистрации,see rank 1,see rank 1,see rank 1,see rank 1,see rank 1,28,STRATEGIC BATTLE,EVIDENCE for live rank/listing facts; HYPOTHESIS for ranking reason,HIGH facts / MEDIUM inference,RuStore live search: https://www.rustore.ru/catalog/search?query=%D0%B3%D0%BE%D1%80%D0%BE%D1%81%D0%BA%D0%BE%D0%BF | listing: https://www.rustore.ru/catalog/app/com.special_algorithmic_systems.engm_personal
2026-08-26,гороскоп,500,5,Гороскоп,com.promobi.horo,https://www.rustore.ru/catalog/app/com.promobi.horo,unknown,yes,exact_title,unknown,unknown,unknown,unknown,unknown,unknown,Positioning inferred from visible RuStore title only.,Exact keyword match in visible title.,No rating visible in search; detail listing not in 25-app deep sample.,see rank 1,see rank 1,see rank 1,see rank 1,see rank 1,28,STRATEGIC BATTLE,EVIDENCE for live rank/listing facts; HYPOTHESIS for ranking reason,HIGH rank / LOW detail,RuStore live search: https://www.rustore.ru/catalog/search?query=%D0%B3%D0%BE%D1%80%D0%BE%D1%81%D0%BA%D0%BE%D0%BF
2026-08-26,гороскоп,500,6,"AI-Астролог, Таро, Астрология, Гороскоп, Астробот",com.aiastrologer.app,https://www.rustore.ru/catalog/app/com.aiastrologer.app,"4,7",no,exact_phrase_in_title,"4,7",62,44,1 тыс +,4 авг 2026,10,"AI Астролог — это приложение с ИИ для тех, кто хочет получить персональный гороскоп, расклад таро, толкование снов, разбор натальной карты и советы на","4,7",Title перегружен пятью сущностями,see rank 1,see rank 1,see rank 1,see rank 1,see rank 1,28,STRATEGIC BATTLE,EVIDENCE for live rank/listing facts; HYPOTHESIS for ranking reason,HIGH facts / MEDIUM inference,RuStore live search: https://www.rustore.ru/catalog/search?query=%D0%B3%D0%BE%D1%80%D0%BE%D1%81%D0%BA%D0%BE%D0%BF | listing: https://www.rustore.ru/catalog/app/com.aiastrologer.app
2026-08-26,гороскоп,500,7,Гороскоп на каждый день: Астрология & Гороскопы,com.foresko.horoscopes,https://www.rustore.ru/catalog/app/com.foresko.horoscopes,"4,4",no,exact_phrase_in_title,"4,4",192,37,9 тыс +,26 авг 2025,4,"Представляем вам точный гороскоп на каждый день – превосходное приложение для тех, кто хочет узнать о том, что такое астрология и совместимость знаков",9 тыс+,"4,4",see rank 1,see rank 1,see rank 1,see rank 1,see rank 1,28,STRATEGIC BATTLE,EVIDENCE for live rank/listing facts; HYPOTHESIS for ranking reason,HIGH facts / MEDIUM inference,RuStore live search: https://www.rustore.ru/catalog/search?query=%D0%B3%D0%BE%D1%80%D0%BE%D1%81%D0%BA%D0%BE%D0%BF | listing: https://www.rustore.ru/catalog/app/com.foresko.horoscopes
2026-08-26,гороскоп,500,8,Гороскоп на каждый день 2026. По дате рождения,ru.smartbear.programs.horoscopenew,https://www.rustore.ru/catalog/app/ru.smartbear.programs.horoscopenew,"4,7",no,exact_phrase_in_title,"4,7",18,6,10 тыс +,23 авг 2026,5,Гороскопы на каждый день Антарес (Antares) — персональный сборник гороскопов и актуальные статьи на русском языке! Бесплатное приложение содержит мудр,10 тыс+,Только 18 оценок,see rank 1,see rank 1,see rank 1,see rank 1,see rank 1,28,STRATEGIC BATTLE,EVIDENCE for live rank/listing facts; HYPOTHESIS for ranking reason,HIGH facts / MEDIUM inference,RuStore live search: https://www.rustore.ru/catalog/search?query=%D0%B3%D0%BE%D1%80%D0%BE%D1%81%D0%BA%D0%BE%D0%BF | listing: https://www.rustore.ru/catalog/app/ru.smartbear.programs.horoscopenew
2026-08-26,гороскоп,500,9,Гороскоп,com.daerhou.constellation,https://www.rustore.ru/catalog/app/com.daerhou.constellation,unknown,yes,exact_title,unknown,unknown,unknown,unknown,unknown,unknown,Positioning inferred from visible RuStore title only.,Exact keyword match in visible title.,No rating visible in search; detail listing not in 25-app deep sample.,see rank 1,see rank 1,see rank 1,see rank 1,see rank 1,28,STRATEGIC BATTLE,EVIDENCE for live rank/listing facts; HYPOTHESIS for ranking reason,HIGH rank / LOW detail,RuStore live search: https://www.rustore.ru/catalog/search?query=%D0%B3%D0%BE%D1%80%D0%BE%D1%81%D0%BA%D0%BE%D0%BF
2026-08-26,гороскоп,500,10,Гороскоп на каждый день - онлайн,com.zylonix.horoscope,https://www.rustore.ru/catalog/app/com.zylonix.horoscope,"3,9",no,exact_phrase_in_title,unknown,unknown,unknown,unknown,unknown,unknown,Positioning inferred from visible RuStore title only.,Exact keyword match in visible title.,Detail metrics not audited in 25-app deep sample.,see rank 1,see rank 1,see rank 1,see rank 1,see rank 1,28,STRATEGIC BATTLE,EVIDENCE for live rank/listing facts; HYPOTHESIS for ranking reason,HIGH rank / LOW detail,RuStore live search: https://www.rustore.ru/catalog/search?query=%D0%B3%D0%BE%D1%80%D0%BE%D1%81%D0%BA%D0%BE%D0%BF
2026-08-26,гороскоп на сегодня,498,1,Гороскоп на сегодня,com.Blogproger.Horoscope,https://www.rustore.ru/catalog/app/com.Blogproger.Horoscope,unknown,yes,exact_title,unknown,unknown,unknown,unknown,unknown,unknown,Positioning inferred from visible RuStore title only.,Exact keyword match in visible title.,No rating visible in search; detail listing not in 25-app deep sample.,Гороскоп на сегодня,"HYPOTHESIS: первые два результата имеют exact title, но без видимого рейтинга; качество карточек и social proof выглядят слабо.","Today в MEOU — 4–6 связанных персональных фрагментов, а не общий шаблон.","Нужно явно объяснить персональность и не обещать астрологические транзиты, которых продукт не рассчитывает.","Exact phrase в short/first 500; screenshot №1 «Личный прогноз на сегодня»; 4,7+ рейтинг и ежедневная freshness/retention.",65,QUICK WIN,EVIDENCE for live rank/listing facts; HYPOTHESIS for ranking reason,HIGH rank / LOW detail,RuStore live search: https://www.rustore.ru/catalog/search?query=%D0%B3%D0%BE%D1%80%D0%BE%D1%81%D0%BA%D0%BE%D0%BF+%D0%BD%D0%B0+%D1%81%D0%B5%D0%B3%D0%BE%D0%B4%D0%BD%D1%8F
2026-08-26,гороскоп на сегодня,498,2,Гороскоп на сегодня,com.rodkin.horoscopetodayai,https://www.rustore.ru/catalog/app/com.rodkin.horoscopetodayai,unknown,yes,exact_title,unknown,unknown,unknown,unknown,unknown,unknown,Positioning inferred from visible RuStore title only.,Exact keyword match in visible title.,No rating visible in search; detail listing not in 25-app deep sample.,see rank 1,see rank 1,see rank 1,see rank 1,see rank 1,65,QUICK WIN,EVIDENCE for live rank/listing facts; HYPOTHESIS for ranking reason,HIGH rank / LOW detail,RuStore live search: https://www.rustore.ru/catalog/search?query=%D0%B3%D0%BE%D1%80%D0%BE%D1%81%D0%BA%D0%BE%D0%BF+%D0%BD%D0%B0+%D1%81%D0%B5%D0%B3%D0%BE%D0%B4%D0%BD%D1%8F
2026-08-26,гороскоп на сегодня,498,3,Гороскоп на сегодня и совместимость,com.ttg.predskazaniyagadaniya2,https://www.rustore.ru/catalog/app/com.ttg.predskazaniyagadaniya2,"5,0",no,exact_phrase_in_title,unknown,unknown,unknown,unknown,unknown,unknown,Positioning inferred from visible RuStore title only.,Exact keyword match in visible title.,Detail metrics not audited in 25-app deep sample.,see rank 1,see rank 1,see rank 1,see rank 1,see rank 1,65,QUICK WIN,EVIDENCE for live rank/listing facts; HYPOTHESIS for ranking reason,HIGH rank / LOW detail,RuStore live search: https://www.rustore.ru/catalog/search?query=%D0%B3%D0%BE%D1%80%D0%BE%D1%81%D0%BA%D0%BE%D0%BF+%D0%BD%D0%B0+%D1%81%D0%B5%D0%B3%D0%BE%D0%B4%D0%BD%D1%8F
2026-08-26,гороскоп на сегодня,498,4,Точный гороскоп на сегодня,ru.appnode.astrohoroscope,https://www.rustore.ru/catalog/app/ru.appnode.astrohoroscope,unknown,no,exact_phrase_in_title,unknown,unknown,unknown,unknown,unknown,unknown,Positioning inferred from visible RuStore title only.,Exact keyword match in visible title.,No rating visible in search; detail listing not in 25-app deep sample.,see rank 1,see rank 1,see rank 1,see rank 1,see rank 1,65,QUICK WIN,EVIDENCE for live rank/listing facts; HYPOTHESIS for ranking reason,HIGH rank / LOW detail,RuStore live search: https://www.rustore.ru/catalog/search?query=%D0%B3%D0%BE%D1%80%D0%BE%D1%81%D0%BA%D0%BE%D0%BF+%D0%BD%D0%B0+%D1%81%D0%B5%D0%B3%D0%BE%D0%B4%D0%BD%D1%8F
2026-08-26,гороскоп на сегодня,498,5,Гороскопы,ru.mail.horo.android,https://www.rustore.ru/catalog/app/ru.mail.horo.android,"2,9",no,semantic_or_metadata_match,"2,9",888,406,90 тыс +,17 мая 2022,6,"Следите за предсказаниями каждый день! Проверяйте совместимость знаков, узнавайте гороскопы друзей, читайте астрологические статьи.",90 тыс+ установок и 888 оценок,"2,9",see rank 1,see rank 1,see rank 1,see rank 1,see rank 1,65,QUICK WIN,EVIDENCE for live rank/listing facts; HYPOTHESIS for ranking reason,HIGH facts / MEDIUM inference,RuStore live search: https://www.rustore.ru/catalog/search?query=%D0%B3%D0%BE%D1%80%D0%BE%D1%81%D0%BA%D0%BE%D0%BF+%D0%BD%D0%B0+%D1%81%D0%B5%D0%B3%D0%BE%D0%B4%D0%BD%D1%8F | listing: https://www.rustore.ru/catalog/app/ru.mail.horo.android
2026-08-26,гороскоп на сегодня,498,6,"РАК Гороскоп на сегодня, завтра и на каждый день",cancer.daily.horoscopes,https://www.rustore.ru/catalog/app/cancer.daily.horoscopes,"4,9",no,exact_phrase_in_title,unknown,unknown,unknown,unknown,unknown,unknown,Positioning inferred from visible RuStore title only.,Exact keyword match in visible title.,Detail metrics not audited in 25-app deep sample.,see rank 1,see rank 1,see rank 1,see rank 1,see rank 1,65,QUICK WIN,EVIDENCE for live rank/listing facts; HYPOTHESIS for ranking reason,HIGH rank / LOW detail,RuStore live search: https://www.rustore.ru/catalog/search?query=%D0%B3%D0%BE%D1%80%D0%BE%D1%81%D0%BA%D0%BE%D0%BF+%D0%BD%D0%B0+%D1%81%D0%B5%D0%B3%D0%BE%D0%B4%D0%BD%D1%8F
2026-08-26,гороскоп на сегодня,498,7,"ЛЕВ Гороскоп на сегодня, завтра и на каждый день",leo.daily.horoscopes,https://www.rustore.ru/catalog/app/leo.daily.horoscopes,"4,7",no,exact_phrase_in_title,unknown,unknown,unknown,unknown,unknown,unknown,Positioning inferred from visible RuStore title only.,Exact keyword match in visible title.,Detail metrics not audited in 25-app deep sample.,see rank 1,see rank 1,see rank 1,see rank 1,see rank 1,65,QUICK WIN,EVIDENCE for live rank/listing facts; HYPOTHESIS for ranking reason,HIGH rank / LOW detail,RuStore live search: https://www.rustore.ru/catalog/search?query=%D0%B3%D0%BE%D1%80%D0%BE%D1%81%D0%BA%D0%BE%D0%BF+%D0%BD%D0%B0+%D1%81%D0%B5%D0%B3%D0%BE%D0%B4%D0%BD%D1%8F
2026-08-26,гороскоп на сегодня,498,8,"ВЕСЫ Гороскоп на сегодня, завтра и на каждый день",libra.daily.horoscopes,https://www.rustore.ru/catalog/app/libra.daily.horoscopes,"4,7",no,exact_phrase_in_title,unknown,unknown,unknown,unknown,unknown,unknown,Positioning inferred from visible RuStore title only.,Exact keyword match in visible title.,Detail metrics not audited in 25-app deep sample.,see rank 1,see rank 1,see rank 1,see rank 1,see rank 1,65,QUICK WIN,EVIDENCE for live rank/listing facts; HYPOTHESIS for ranking reason,HIGH rank / LOW detail,RuStore live search: https://www.rustore.ru/catalog/search?query=%D0%B3%D0%BE%D1%80%D0%BE%D1%81%D0%BA%D0%BE%D0%BF+%D0%BD%D0%B0+%D1%81%D0%B5%D0%B3%D0%BE%D0%B4%D0%BD%D1%8F
2026-08-26,гороскоп на сегодня,498,9,"СТРЕЛЕЦ Гороскоп на сегодня, завтра и каждый день",sagittarius.daily.horoscopes,https://www.rustore.ru/catalog/app/sagittarius.daily.horoscopes,"4,9",no,exact_phrase_in_title,unknown,unknown,unknown,unknown,unknown,unknown,Positioning inferred from visible RuStore title only.,Exact keyword match in visible title.,Detail metrics not audited in 25-app deep sample.,see rank 1,see rank 1,see rank 1,see rank 1,see rank 1,65,QUICK WIN,EVIDENCE for live rank/listing facts; HYPOTHESIS for ranking reason,HIGH rank / LOW detail,RuStore live search: https://www.rustore.ru/catalog/search?query=%D0%B3%D0%BE%D1%80%D0%BE%D1%81%D0%BA%D0%BE%D0%BF+%D0%BD%D0%B0+%D1%81%D0%B5%D0%B3%D0%BE%D0%B4%D0%BD%D1%8F
2026-08-26,гороскоп на сегодня,498,10,"ВОДОЛЕЙ Гороскоп на сегодня, завтра и каждый день",aquarius.daily.horoscopes,https://www.rustore.ru/catalog/app/aquarius.daily.horoscopes,"4,8",no,exact_phrase_in_title,unknown,unknown,unknown,unknown,unknown,unknown,Positioning inferred from visible RuStore title only.,Exact keyword match in visible title.,Detail metrics not audited in 25-app deep sample.,see rank 1,see rank 1,see rank 1,see rank 1,see rank 1,65,QUICK WIN,EVIDENCE for live rank/listing facts; HYPOTHESIS for ranking reason,HIGH rank / LOW detail,RuStore live search: https://www.rustore.ru/catalog/search?query=%D0%B3%D0%BE%D1%80%D0%BE%D1%81%D0%BA%D0%BE%D0%BF+%D0%BD%D0%B0+%D1%81%D0%B5%D0%B3%D0%BE%D0%B4%D0%BD%D1%8F
2026-08-26,ежедневный гороскоп,500,1,Ежедневный гороскоп,daily.horoscope.face,https://www.rustore.ru/catalog/app/daily.horoscope.face,unknown,yes,exact_title,unknown,unknown,unknown,unknown,unknown,unknown,Positioning inferred from visible RuStore title only.,Exact keyword match in visible title.,No rating visible in search; detail listing not in 25-app deep sample.,Ежедневный гороскоп,"HYPOTHESIS: exact-title монопродукты стоят выше, но у лидеров нет видимого social proof; ниже находится ENIGMATA с 10 тыс+.",MEOU может выиграть глубиной персонального ежедневного чтения и аккуратным дизайном.,«Ежедневный» не является названием раздела; важно не создавать ложный отдельный продукт.,"Естественное daily coverage в short/full; доказать возвраты и качество Today; тестировать screenshot headline, не ломая архитектуру Дневника.",58,MEDIUM BATTLE,EVIDENCE for live rank/listing facts; HYPOTHESIS for ranking reason,HIGH rank / LOW detail,RuStore live search: https://www.rustore.ru/catalog/search?query=%D0%B5%D0%B6%D0%B5%D0%B4%D0%BD%D0%B5%D0%B2%D0%BD%D1%8B%D0%B9+%D0%B3%D0%BE%D1%80%D0%BE%D1%81%D0%BA%D0%BE%D0%BF
2026-08-26,ежедневный гороскоп,500,2,Ежедневный гороскоп,info.vazquezsoftware.daily.horoscope,https://www.rustore.ru/catalog/app/info.vazquezsoftware.daily.horoscope,unknown,yes,exact_title,unknown,unknown,unknown,unknown,unknown,unknown,Positioning inferred from visible RuStore title only.,Exact keyword match in visible title.,No rating visible in search; detail listing not in 25-app deep sample.,see rank 1,see rank 1,see rank 1,see rank 1,see rank 1,58,MEDIUM BATTLE,EVIDENCE for live rank/listing facts; HYPOTHESIS for ranking reason,HIGH rank / LOW detail,RuStore live search: https://www.rustore.ru/catalog/search?query=%D0%B5%D0%B6%D0%B5%D0%B4%D0%BD%D0%B5%D0%B2%D0%BD%D1%8B%D0%B9+%D0%B3%D0%BE%D1%80%D0%BE%D1%81%D0%BA%D0%BE%D0%BF
2026-08-26,ежедневный гороскоп,500,3,Ежедневный гороскоп - Yufic,ru.yufic.horoscoperu,https://www.rustore.ru/catalog/app/ru.yufic.horoscoperu,"4,8",no,exact_phrase_in_title,"4,8",5,unknown,1 тыс +,27 окт 2024,3,"Добро пожаловать в мир астрологии и предсказаний! Наше приложение ""Ежедневный Гороскоп"" создано специально для тех, кто хочет жить в гармонии с собой ",Exact daily title,Всего 5 оценок,see rank 1,see rank 1,see rank 1,see rank 1,see rank 1,58,MEDIUM BATTLE,EVIDENCE for live rank/listing facts; HYPOTHESIS for ranking reason,HIGH facts / MEDIUM inference,RuStore live search: https://www.rustore.ru/catalog/search?query=%D0%B5%D0%B6%D0%B5%D0%B4%D0%BD%D0%B5%D0%B2%D0%BD%D1%8B%D0%B9+%D0%B3%D0%BE%D1%80%D0%BE%D1%81%D0%BA%D0%BE%D0%BF | listing: https://www.rustore.ru/catalog/app/ru.yufic.horoscoperu
2026-08-26,ежедневный гороскоп,500,4,Гороскоп (ежедневный),kras.example.vhoroscope,https://www.rustore.ru/catalog/app/kras.example.vhoroscope,"4,5",no,all_content_terms_in_title,unknown,unknown,unknown,unknown,unknown,unknown,Positioning inferred from visible RuStore title only.,"Visible rating 4,5 in search.",Detail metrics not audited in 25-app deep sample.,see rank 1,see rank 1,see rank 1,see rank 1,see rank 1,58,MEDIUM BATTLE,EVIDENCE for live rank/listing facts; HYPOTHESIS for ranking reason,HIGH rank / LOW detail,RuStore live search: https://www.rustore.ru/catalog/search?query=%D0%B5%D0%B6%D0%B5%D0%B4%D0%BD%D0%B5%D0%B2%D0%BD%D1%8B%D0%B9+%D0%B3%D0%BE%D1%80%D0%BE%D1%81%D0%BA%D0%BE%D0%BF
2026-08-26,ежедневный гороскоп,500,5,Ежедневный гороскоп — знаки зодиака,com.horoscope.daily,https://www.rustore.ru/catalog/app/com.horoscope.daily,unknown,no,exact_phrase_in_title,unknown,unknown,unknown,unknown,unknown,unknown,Positioning inferred from visible RuStore title only.,Exact keyword match in visible title.,No rating visible in search; detail listing not in 25-app deep sample.,see rank 1,see rank 1,see rank 1,see rank 1,see rank 1,58,MEDIUM BATTLE,EVIDENCE for live rank/listing facts; HYPOTHESIS for ranking reason,HIGH rank / LOW detail,RuStore live search: https://www.rustore.ru/catalog/search?query=%D0%B5%D0%B6%D0%B5%D0%B4%D0%BD%D0%B5%D0%B2%D0%BD%D1%8B%D0%B9+%D0%B3%D0%BE%D1%80%D0%BE%D1%81%D0%BA%D0%BE%D0%BF
2026-08-26,ежедневный гороскоп,500,6,Мой ежедневный гороскоп PRO,com.idmobile.horoscopepremium,https://www.rustore.ru/catalog/app/com.idmobile.horoscopepremium,unknown,no,exact_phrase_in_title,unknown,unknown,unknown,unknown,unknown,unknown,Positioning inferred from visible RuStore title only.,Exact keyword match in visible title.,No rating visible in search; detail listing not in 25-app deep sample.,see rank 1,see rank 1,see rank 1,see rank 1,see rank 1,58,MEDIUM BATTLE,EVIDENCE for live rank/listing facts; HYPOTHESIS for ranking reason,HIGH rank / LOW detail,RuStore live search: https://www.rustore.ru/catalog/search?query=%D0%B5%D0%B6%D0%B5%D0%B4%D0%BD%D0%B5%D0%B2%D0%BD%D1%8B%D0%B9+%D0%B3%D0%BE%D1%80%D0%BE%D1%81%D0%BA%D0%BE%D0%BF
2026-08-26,ежедневный гороскоп,500,7,Гороскоп,net.kosev.scoping,https://www.rustore.ru/catalog/app/net.kosev.scoping,"4,7",no,partial_title_match,"4,7",52,5,3 тыс +,4 февр 2026,3,"Получите доступ к своему гороскопу прямо с мобильного телефона или планшета. Приложение работает стабильно, не требует регистрации и не собирает ваши ",Exact head title,Только 3 скриншота и базовое generic-позиционирование.,see rank 1,see rank 1,see rank 1,see rank 1,see rank 1,58,MEDIUM BATTLE,EVIDENCE for live rank/listing facts; HYPOTHESIS for ranking reason,HIGH facts / MEDIUM inference,RuStore live search: https://www.rustore.ru/catalog/search?query=%D0%B5%D0%B6%D0%B5%D0%B4%D0%BD%D0%B5%D0%B2%D0%BD%D1%8B%D0%B9+%D0%B3%D0%BE%D1%80%D0%BE%D1%81%D0%BA%D0%BE%D0%BF | listing: https://www.rustore.ru/catalog/app/net.kosev.scoping
2026-08-26,ежедневный гороскоп,500,8,Ежедневные гороскопы,tr.com.pher.horoscope,https://www.rustore.ru/catalog/app/tr.com.pher.horoscope,unknown,no,semantic_or_metadata_match,unknown,unknown,unknown,unknown,unknown,unknown,Positioning inferred from visible RuStore title only.,Top-10 visibility for the exact query.,No rating visible in search; detail listing not in 25-app deep sample.,see rank 1,see rank 1,see rank 1,see rank 1,see rank 1,58,MEDIUM BATTLE,EVIDENCE for live rank/listing facts; HYPOTHESIS for ranking reason,HIGH rank / LOW detail,RuStore live search: https://www.rustore.ru/catalog/search?query=%D0%B5%D0%B6%D0%B5%D0%B4%D0%BD%D0%B5%D0%B2%D0%BD%D1%8B%D0%B9+%D0%B3%D0%BE%D1%80%D0%BE%D1%81%D0%BA%D0%BE%D0%BF
2026-08-26,ежедневный гороскоп,500,9,Гороскоп,com.vagasoft.horoscope.signs,https://www.rustore.ru/catalog/app/com.vagasoft.horoscope.signs,unknown,no,partial_title_match,unknown,unknown,unknown,unknown,unknown,unknown,Positioning inferred from visible RuStore title only.,Top-10 visibility for the exact query.,No rating visible in search; detail listing not in 25-app deep sample.,see rank 1,see rank 1,see rank 1,see rank 1,see rank 1,58,MEDIUM BATTLE,EVIDENCE for live rank/listing facts; HYPOTHESIS for ranking reason,HIGH rank / LOW detail,RuStore live search: https://www.rustore.ru/catalog/search?query=%D0%B5%D0%B6%D0%B5%D0%B4%D0%BD%D0%B5%D0%B2%D0%BD%D1%8B%D0%B9+%D0%B3%D0%BE%D1%80%D0%BE%D1%81%D0%BA%D0%BE%D0%BF
2026-08-26,ежедневный гороскоп,500,10,Tu Horóscopo Diario: Ваш ежедневный гороскоп,com.IVR.tuhoroscopodiario,https://www.rustore.ru/catalog/app/com.IVR.tuhoroscopodiario,unknown,no,exact_phrase_in_title,unknown,unknown,unknown,unknown,unknown,unknown,Positioning inferred from visible RuStore title only.,Exact keyword match in visible title.,No rating visible in search; detail listing not in 25-app deep sample.,see rank 1,see rank 1,see rank 1,see rank 1,see rank 1,58,MEDIUM BATTLE,EVIDENCE for live rank/listing facts; HYPOTHESIS for ranking reason,HIGH rank / LOW detail,RuStore live search: https://www.rustore.ru/catalog/search?query=%D0%B5%D0%B6%D0%B5%D0%B4%D0%BD%D0%B5%D0%B2%D0%BD%D1%8B%D0%B9+%D0%B3%D0%BE%D1%80%D0%BE%D1%81%D0%BA%D0%BE%D0%BF
2026-08-26,личный гороскоп,500,1,Персональный гороскоп,com.example.flutter_horoscope,https://www.rustore.ru/catalog/app/com.example.flutter_horoscope,"4,2",no,partial_title_match,"4,2",13,4,3 тыс +,8 мар 2026,5,"Гороскоп - это предсказание или прогноз, основанный на знаке зодиака или позиции планет в момент рождения человека. Он предполагает, что позиция плане",Exact personal title,"4,2",Персональный гороскоп,"HYPOTHESIS: №1 exact personal title, но только 4,2 и 3 тыс+; выдача смешивает общие и персональные продукты.",MEOU действительно использует сохранённый natal/personal context и anti-repeat history.,Нужна простая внешняя формулировка персонализации без внутреннего слова «контекст».,"Title/short coverage; screenshot с данными рождения→личный текст; reviews после позитивного forecast event; обойти 4,2 quality bar.",66,QUICK WIN,EVIDENCE for live rank/listing facts; HYPOTHESIS for ranking reason,HIGH facts / MEDIUM inference,RuStore live search: https://www.rustore.ru/catalog/search?query=%D0%BB%D0%B8%D1%87%D0%BD%D1%8B%D0%B9+%D0%B3%D0%BE%D1%80%D0%BE%D1%81%D0%BA%D0%BE%D0%BF | listing: https://www.rustore.ru/catalog/app/com.example.flutter_horoscope
2026-08-26,личный гороскоп,500,2,Astronym - Личный гороскоп,com.apm2studio.horoscope,https://www.rustore.ru/catalog/app/com.apm2studio.horoscope,unknown,no,exact_phrase_in_title,unknown,unknown,unknown,unknown,unknown,unknown,Positioning inferred from visible RuStore title only.,Exact keyword match in visible title.,No rating visible in search; detail listing not in 25-app deep sample.,see rank 1,see rank 1,see rank 1,see rank 1,see rank 1,66,QUICK WIN,EVIDENCE for live rank/listing facts; HYPOTHESIS for ranking reason,HIGH rank / LOW detail,RuStore live search: https://www.rustore.ru/catalog/search?query=%D0%BB%D0%B8%D1%87%D0%BD%D1%8B%D0%B9+%D0%B3%D0%BE%D1%80%D0%BE%D1%81%D0%BA%D0%BE%D0%BF
2026-08-26,личный гороскоп,500,3,"Гороскоп Niami: личный гороскоп, анализ и прогноз",com.niami.niami_horoscope,https://www.rustore.ru/catalog/app/com.niami.niami_horoscope,unknown,no,exact_phrase_in_title,unknown,unknown,unknown,unknown,unknown,unknown,Positioning inferred from visible RuStore title only.,Exact keyword match in visible title.,No rating visible in search; detail listing not in 25-app deep sample.,see rank 1,see rank 1,see rank 1,see rank 1,see rank 1,66,QUICK WIN,EVIDENCE for live rank/listing facts; HYPOTHESIS for ranking reason,HIGH rank / LOW detail,RuStore live search: https://www.rustore.ru/catalog/search?query=%D0%BB%D0%B8%D1%87%D0%BD%D1%8B%D0%B9+%D0%B3%D0%BE%D1%80%D0%BE%D1%81%D0%BA%D0%BE%D0%BF
2026-08-26,личный гороскоп,500,4,"AI-Астролог, Таро, Астрология, Гороскоп, Астробот",com.aiastrologer.app,https://www.rustore.ru/catalog/app/com.aiastrologer.app,"4,7",no,partial_title_match,"4,7",62,44,1 тыс +,4 авг 2026,10,"AI Астролог — это приложение с ИИ для тех, кто хочет получить персональный гороскоп, расклад таро, толкование снов, разбор натальной карты и советы на","4,7",Title перегружен пятью сущностями,see rank 1,see rank 1,see rank 1,see rank 1,see rank 1,66,QUICK WIN,EVIDENCE for live rank/listing facts; HYPOTHESIS for ranking reason,HIGH facts / MEDIUM inference,RuStore live search: https://www.rustore.ru/catalog/search?query=%D0%BB%D0%B8%D1%87%D0%BD%D1%8B%D0%B9+%D0%B3%D0%BE%D1%80%D0%BE%D1%81%D0%BA%D0%BE%D0%BF | listing: https://www.rustore.ru/catalog/app/com.aiastrologer.app
2026-08-26,личный гороскоп,500,5,Гороскопы,ru.mail.horo.android,https://www.rustore.ru/catalog/app/ru.mail.horo.android,"2,9",no,semantic_or_metadata_match,"2,9",888,406,90 тыс +,17 мая 2022,6,"Следите за предсказаниями каждый день! Проверяйте совместимость знаков, узнавайте гороскопы друзей, читайте астрологические статьи.",90 тыс+ установок и 888 оценок,"2,9",see rank 1,see rank 1,see rank 1,see rank 1,see rank 1,66,QUICK WIN,EVIDENCE for live rank/listing facts; HYPOTHESIS for ranking reason,HIGH facts / MEDIUM inference,RuStore live search: https://www.rustore.ru/catalog/search?query=%D0%BB%D0%B8%D1%87%D0%BD%D1%8B%D0%B9+%D0%B3%D0%BE%D1%80%D0%BE%D1%81%D0%BA%D0%BE%D0%BF | listing: https://www.rustore.ru/catalog/app/ru.mail.horo.android
2026-08-26,личный гороскоп,500,6,Гороскоп,com.vagasoft.horoscope.signs,https://www.rustore.ru/catalog/app/com.vagasoft.horoscope.signs,unknown,no,partial_title_match,unknown,unknown,unknown,unknown,unknown,unknown,Positioning inferred from visible RuStore title only.,Top-10 visibility for the exact query.,No rating visible in search; detail listing not in 25-app deep sample.,see rank 1,see rank 1,see rank 1,see rank 1,see rank 1,66,QUICK WIN,EVIDENCE for live rank/listing facts; HYPOTHESIS for ranking reason,HIGH rank / LOW detail,RuStore live search: https://www.rustore.ru/catalog/search?query=%D0%BB%D0%B8%D1%87%D0%BD%D1%8B%D0%B9+%D0%B3%D0%BE%D1%80%D0%BE%D1%81%D0%BA%D0%BE%D0%BF
2026-08-26,личный гороскоп,500,7,"Астрея: гороскоп, натальная карта, таро",ru.astreya.app,https://www.rustore.ru/catalog/app/ru.astreya.app,"5,0",no,partial_title_match,"5,0",418,32,1 тыс +,19 авг 2026,8,"Астрея — твой персональный астролог на базе искусственного интеллекта. Не общий гороскоп «для всех Овнов», а разбор именно твоей натальной карты: по д","5,0 при 418 оценках",Видимые установки 1 тыс+ ниже масштаба оценки,see rank 1,see rank 1,see rank 1,see rank 1,see rank 1,66,QUICK WIN,EVIDENCE for live rank/listing facts; HYPOTHESIS for ranking reason,HIGH facts / MEDIUM inference,RuStore live search: https://www.rustore.ru/catalog/search?query=%D0%BB%D0%B8%D1%87%D0%BD%D1%8B%D0%B9+%D0%B3%D0%BE%D1%80%D0%BE%D1%81%D0%BA%D0%BE%D0%BF | listing: https://www.rustore.ru/catalog/app/ru.astreya.app
2026-08-26,личный гороскоп,500,8,"Гороскоп, Нумерология, Совместимость: ИИ AxioNika",com.P.E.O.AxioNika,https://www.rustore.ru/catalog/app/com.P.E.O.AxioNika,"4,8",no,partial_title_match,unknown,unknown,unknown,unknown,unknown,unknown,Positioning inferred from visible RuStore title only.,"Visible rating 4,8 in search.",Detail metrics not audited in 25-app deep sample.,see rank 1,see rank 1,see rank 1,see rank 1,see rank 1,66,QUICK WIN,EVIDENCE for live rank/listing facts; HYPOTHESIS for ranking reason,HIGH rank / LOW detail,RuStore live search: https://www.rustore.ru/catalog/search?query=%D0%BB%D0%B8%D1%87%D0%BD%D1%8B%D0%B9+%D0%B3%D0%BE%D1%80%D0%BE%D1%81%D0%BA%D0%BE%D0%BF
2026-08-26,личный гороскоп,500,9,Гороскоп на каждый день 2026. По дате рождения,ru.smartbear.programs.horoscopenew,https://www.rustore.ru/catalog/app/ru.smartbear.programs.horoscopenew,"4,7",no,partial_title_match,"4,7",18,6,10 тыс +,23 авг 2026,5,Гороскопы на каждый день Антарес (Antares) — персональный сборник гороскопов и актуальные статьи на русском языке! Бесплатное приложение содержит мудр,10 тыс+,Только 18 оценок,see rank 1,see rank 1,see rank 1,see rank 1,see rank 1,66,QUICK WIN,EVIDENCE for live rank/listing facts; HYPOTHESIS for ranking reason,HIGH facts / MEDIUM inference,RuStore live search: https://www.rustore.ru/catalog/search?query=%D0%BB%D0%B8%D1%87%D0%BD%D1%8B%D0%B9+%D0%B3%D0%BE%D1%80%D0%BE%D1%81%D0%BA%D0%BE%D0%BF | listing: https://www.rustore.ru/catalog/app/ru.smartbear.programs.horoscopenew
2026-08-26,личный гороскоп,500,10,Гороскоп и лунный календарь Norbu,calendar.good.day,https://www.rustore.ru/catalog/app/calendar.good.day,"4,2",no,partial_title_match,unknown,unknown,unknown,unknown,unknown,unknown,Positioning inferred from visible RuStore title only.,"Visible rating 4,2 in search.",Detail metrics not audited in 25-app deep sample.,see rank 1,see rank 1,see rank 1,see rank 1,see rank 1,66,QUICK WIN,EVIDENCE for live rank/listing facts; HYPOTHESIS for ranking reason,HIGH rank / LOW detail,RuStore live search: https://www.rustore.ru/catalog/search?query=%D0%BB%D0%B8%D1%87%D0%BD%D1%8B%D0%B9+%D0%B3%D0%BE%D1%80%D0%BE%D1%81%D0%BA%D0%BE%D0%BF
2026-08-26,персональный гороскоп,500,1,Персональный гороскоп,com.example.flutter_horoscope,https://www.rustore.ru/catalog/app/com.example.flutter_horoscope,"4,2",yes,exact_title,"4,2",13,4,3 тыс +,8 мар 2026,5,"Гороскоп - это предсказание или прогноз, основанный на знаке зодиака или позиции планет в момент рождения человека. Он предполагает, что позиция плане",Exact personal title,"4,2",Персональный гороскоп,"HYPOTHESIS: тот же exact-title лидер 4,2/3 тыс+; у Астреи сильнее rating and breadth.",MEOU имеет честное distinction: личный forecast и отдельный общий гороскоп по знакам.,Новый бренд без proof; конкуренты уже используют персональный AI messaging.,"Short description с персональным прогнозом; первые 3 screenshots доказывают отличия; 100+ реальных оценок и parity 4,7+.",64,MEDIUM BATTLE,EVIDENCE for live rank/listing facts; HYPOTHESIS for ranking reason,HIGH facts / MEDIUM inference,RuStore live search: https://www.rustore.ru/catalog/search?query=%D0%BF%D0%B5%D1%80%D1%81%D0%BE%D0%BD%D0%B0%D0%BB%D1%8C%D0%BD%D1%8B%D0%B9+%D0%B3%D0%BE%D1%80%D0%BE%D1%81%D0%BA%D0%BE%D0%BF | listing: https://www.rustore.ru/catalog/app/com.example.flutter_horoscope
2026-08-26,персональный гороскоп,500,2,"Астрея: гороскоп, натальная карта, таро",ru.astreya.app,https://www.rustore.ru/catalog/app/ru.astreya.app,"5,0",no,partial_title_match,"5,0",418,32,1 тыс +,19 авг 2026,8,"Астрея — твой персональный астролог на базе искусственного интеллекта. Не общий гороскоп «для всех Овнов», а разбор именно твоей натальной карты: по д","5,0 при 418 оценках",Видимые установки 1 тыс+ ниже масштаба оценки,see rank 1,see rank 1,see rank 1,see rank 1,see rank 1,64,MEDIUM BATTLE,EVIDENCE for live rank/listing facts; HYPOTHESIS for ranking reason,HIGH facts / MEDIUM inference,RuStore live search: https://www.rustore.ru/catalog/search?query=%D0%BF%D0%B5%D1%80%D1%81%D0%BE%D0%BD%D0%B0%D0%BB%D1%8C%D0%BD%D1%8B%D0%B9+%D0%B3%D0%BE%D1%80%D0%BE%D1%81%D0%BA%D0%BE%D0%BF | listing: https://www.rustore.ru/catalog/app/ru.astreya.app
2026-08-26,персональный гороскоп,500,3,"Гороскоп Niami: личный гороскоп, анализ и прогноз",com.niami.niami_horoscope,https://www.rustore.ru/catalog/app/com.niami.niami_horoscope,unknown,no,partial_title_match,unknown,unknown,unknown,unknown,unknown,unknown,Positioning inferred from visible RuStore title only.,Top-10 visibility for the exact query.,No rating visible in search; detail listing not in 25-app deep sample.,see rank 1,see rank 1,see rank 1,see rank 1,see rank 1,64,MEDIUM BATTLE,EVIDENCE for live rank/listing facts; HYPOTHESIS for ranking reason,HIGH rank / LOW detail,RuStore live search: https://www.rustore.ru/catalog/search?query=%D0%BF%D0%B5%D1%80%D1%81%D0%BE%D0%BD%D0%B0%D0%BB%D1%8C%D0%BD%D1%8B%D0%B9+%D0%B3%D0%BE%D1%80%D0%BE%D1%81%D0%BA%D0%BE%D0%BF
2026-08-26,персональный гороскоп,500,4,Гороскоп на каждый день 2026. По дате рождения,ru.smartbear.programs.horoscopenew,https://www.rustore.ru/catalog/app/ru.smartbear.programs.horoscopenew,"4,7",no,partial_title_match,"4,7",18,6,10 тыс +,23 авг 2026,5,Гороскопы на каждый день Антарес (Antares) — персональный сборник гороскопов и актуальные статьи на русском языке! Бесплатное приложение содержит мудр,10 тыс+,Только 18 оценок,see rank 1,see rank 1,see rank 1,see rank 1,see rank 1,64,MEDIUM BATTLE,EVIDENCE for live rank/listing facts; HYPOTHESIS for ranking reason,HIGH facts / MEDIUM inference,RuStore live search: https://www.rustore.ru/catalog/search?query=%D0%BF%D0%B5%D1%80%D1%81%D0%BE%D0%BD%D0%B0%D0%BB%D1%8C%D0%BD%D1%8B%D0%B9+%D0%B3%D0%BE%D1%80%D0%BE%D1%81%D0%BA%D0%BE%D0%BF | listing: https://www.rustore.ru/catalog/app/ru.smartbear.programs.horoscopenew
2026-08-26,персональный гороскоп,500,5,AstroPersona — твой гороскоп и натальная карта,com.astropersona,https://www.rustore.ru/catalog/app/com.astropersona,"4,0",no,partial_title_match,"4,0",12,5,3 тыс +,13 мар 2026,8,"Персональный гороскоп, персональный ИИ астролог, натальная карта и описание, прогноз на месяц по данным рождения, ответы на хорарные вопросы, личная с",3 тыс+,"4,0",see rank 1,see rank 1,see rank 1,see rank 1,see rank 1,64,MEDIUM BATTLE,EVIDENCE for live rank/listing facts; HYPOTHESIS for ranking reason,HIGH facts / MEDIUM inference,RuStore live search: https://www.rustore.ru/catalog/search?query=%D0%BF%D0%B5%D1%80%D1%81%D0%BE%D0%BD%D0%B0%D0%BB%D1%8C%D0%BD%D1%8B%D0%B9+%D0%B3%D0%BE%D1%80%D0%BE%D1%81%D0%BA%D0%BE%D0%BF | listing: https://www.rustore.ru/catalog/app/com.astropersona
2026-08-26,персональный гороскоп,500,6,Гороскоп Рождения,ua.maksdenis.timeofbirth,https://www.rustore.ru/catalog/app/ua.maksdenis.timeofbirth,"4,9",no,partial_title_match,unknown,unknown,unknown,unknown,unknown,unknown,Positioning inferred from visible RuStore title only.,"Visible rating 4,9 in search.",Detail metrics not audited in 25-app deep sample.,see rank 1,see rank 1,see rank 1,see rank 1,see rank 1,64,MEDIUM BATTLE,EVIDENCE for live rank/listing facts; HYPOTHESIS for ranking reason,HIGH rank / LOW detail,RuStore live search: https://www.rustore.ru/catalog/search?query=%D0%BF%D0%B5%D1%80%D1%81%D0%BE%D0%BD%D0%B0%D0%BB%D1%8C%D0%BD%D1%8B%D0%B9+%D0%B3%D0%BE%D1%80%D0%BE%D1%81%D0%BA%D0%BE%D0%BF
2026-08-26,персональный гороскоп,500,7,"Гороскоп, Нумерология, Совместимость: ИИ AxioNika",com.P.E.O.AxioNika,https://www.rustore.ru/catalog/app/com.P.E.O.AxioNika,"4,8",no,partial_title_match,unknown,unknown,unknown,unknown,unknown,unknown,Positioning inferred from visible RuStore title only.,"Visible rating 4,8 in search.",Detail metrics not audited in 25-app deep sample.,see rank 1,see rank 1,see rank 1,see rank 1,see rank 1,64,MEDIUM BATTLE,EVIDENCE for live rank/listing facts; HYPOTHESIS for ranking reason,HIGH rank / LOW detail,RuStore live search: https://www.rustore.ru/catalog/search?query=%D0%BF%D0%B5%D1%80%D1%81%D0%BE%D0%BD%D0%B0%D0%BB%D1%8C%D0%BD%D1%8B%D0%B9+%D0%B3%D0%BE%D1%80%D0%BE%D1%81%D0%BA%D0%BE%D0%BF
2026-08-26,персональный гороскоп,500,8,"AI-Астролог, Таро, Астрология, Гороскоп, Астробот",com.aiastrologer.app,https://www.rustore.ru/catalog/app/com.aiastrologer.app,"4,7",no,partial_title_match,"4,7",62,44,1 тыс +,4 авг 2026,10,"AI Астролог — это приложение с ИИ для тех, кто хочет получить персональный гороскоп, расклад таро, толкование снов, разбор натальной карты и советы на","4,7",Title перегружен пятью сущностями,see rank 1,see rank 1,see rank 1,see rank 1,see rank 1,64,MEDIUM BATTLE,EVIDENCE for live rank/listing facts; HYPOTHESIS for ranking reason,HIGH facts / MEDIUM inference,RuStore live search: https://www.rustore.ru/catalog/search?query=%D0%BF%D0%B5%D1%80%D1%81%D0%BE%D0%BD%D0%B0%D0%BB%D1%8C%D0%BD%D1%8B%D0%B9+%D0%B3%D0%BE%D1%80%D0%BE%D1%81%D0%BA%D0%BE%D0%BF | listing: https://www.rustore.ru/catalog/app/com.aiastrologer.app
2026-08-26,персональный гороскоп,500,9,Гороскоп на каждый день - онлайн,com.zylonix.horoscope,https://www.rustore.ru/catalog/app/com.zylonix.horoscope,"3,9",no,partial_title_match,unknown,unknown,unknown,unknown,unknown,unknown,Positioning inferred from visible RuStore title only.,"Visible rating 3,9 in search.",Detail metrics not audited in 25-app deep sample.,see rank 1,see rank 1,see rank 1,see rank 1,see rank 1,64,MEDIUM BATTLE,EVIDENCE for live rank/listing facts; HYPOTHESIS for ranking reason,HIGH rank / LOW detail,RuStore live search: https://www.rustore.ru/catalog/search?query=%D0%BF%D0%B5%D1%80%D1%81%D0%BE%D0%BD%D0%B0%D0%BB%D1%8C%D0%BD%D1%8B%D0%B9+%D0%B3%D0%BE%D1%80%D0%BE%D1%81%D0%BA%D0%BE%D0%BF
2026-08-26,персональный гороскоп,500,10,Гороскоп и лунный календарь Norbu,calendar.good.day,https://www.rustore.ru/catalog/app/calendar.good.day,"4,2",no,partial_title_match,unknown,unknown,unknown,unknown,unknown,unknown,Positioning inferred from visible RuStore title only.,"Visible rating 4,2 in search.",Detail metrics not audited in 25-app deep sample.,see rank 1,see rank 1,see rank 1,see rank 1,see rank 1,64,MEDIUM BATTLE,EVIDENCE for live rank/listing facts; HYPOTHESIS for ranking reason,HIGH rank / LOW detail,RuStore live search: https://www.rustore.ru/catalog/search?query=%D0%BF%D0%B5%D1%80%D1%81%D0%BE%D0%BD%D0%B0%D0%BB%D1%8C%D0%BD%D1%8B%D0%B9+%D0%B3%D0%BE%D1%80%D0%BE%D1%81%D0%BA%D0%BE%D0%BF
2026-08-26,гороскоп на неделю,500,1,Гороскопы,ru.mail.horo.android,https://www.rustore.ru/catalog/app/ru.mail.horo.android,"2,9",no,semantic_or_metadata_match,"2,9",888,406,90 тыс +,17 мая 2022,6,"Следите за предсказаниями каждый день! Проверяйте совместимость знаков, узнавайте гороскопы друзей, читайте астрологические статьи.",90 тыс+ установок и 888 оценок,"2,9",Гороскопы,"HYPOTHESIS: 90 тыс+ исторических установок Mail.ru перевешивают низкий 2,9 и stale update; install authority может быть важной.",MEOU Week — цельная персональная история и актуальный продукт.,Нулевая install history против 90 тыс+; нет exact phrase in title.,"Сначала long-tail indexation и CVR; screenshot Week; fresh releases; рейтинг 4,7+; постепенно наращивать organic installs.",52,MEDIUM BATTLE,EVIDENCE for live rank/listing facts; HYPOTHESIS for ranking reason,HIGH facts / MEDIUM inference,RuStore live search: https://www.rustore.ru/catalog/search?query=%D0%B3%D0%BE%D1%80%D0%BE%D1%81%D0%BA%D0%BE%D0%BF+%D0%BD%D0%B0+%D0%BD%D0%B5%D0%B4%D0%B5%D0%BB%D1%8E | listing: https://www.rustore.ru/catalog/app/ru.mail.horo.android
2026-08-26,гороскоп на неделю,500,2,Мой Гороскоп и Таро - Мир Звезд,com.bytepace.horoscope,https://www.rustore.ru/catalog/app/com.bytepace.horoscope,"4,6",no,partial_title_match,unknown,unknown,unknown,unknown,unknown,unknown,Positioning inferred from visible RuStore title only.,"Visible rating 4,6 in search.",Detail metrics not audited in 25-app deep sample.,see rank 1,see rank 1,see rank 1,see rank 1,see rank 1,52,MEDIUM BATTLE,EVIDENCE for live rank/listing facts; HYPOTHESIS for ranking reason,HIGH rank / LOW detail,RuStore live search: https://www.rustore.ru/catalog/search?query=%D0%B3%D0%BE%D1%80%D0%BE%D1%81%D0%BA%D0%BE%D0%BF+%D0%BD%D0%B0+%D0%BD%D0%B5%D0%B4%D0%B5%D0%BB%D1%8E
2026-08-26,гороскоп на неделю,500,3,Гороскоп,net.kosev.scoping,https://www.rustore.ru/catalog/app/net.kosev.scoping,"4,7",no,partial_title_match,"4,7",52,5,3 тыс +,4 февр 2026,3,"Получите доступ к своему гороскопу прямо с мобильного телефона или планшета. Приложение работает стабильно, не требует регистрации и не собирает ваши ",Exact head title,Только 3 скриншота и базовое generic-позиционирование.,see rank 1,see rank 1,see rank 1,see rank 1,see rank 1,52,MEDIUM BATTLE,EVIDENCE for live rank/listing facts; HYPOTHESIS for ranking reason,HIGH facts / MEDIUM inference,RuStore live search: https://www.rustore.ru/catalog/search?query=%D0%B3%D0%BE%D1%80%D0%BE%D1%81%D0%BA%D0%BE%D0%BF+%D0%BD%D0%B0+%D0%BD%D0%B5%D0%B4%D0%B5%D0%BB%D1%8E | listing: https://www.rustore.ru/catalog/app/net.kosev.scoping
2026-08-26,гороскоп на неделю,500,4,ENIGMATA. Астрологические прогнозы,com.special_algorithmic_systems.engm,https://www.rustore.ru/catalog/app/com.special_algorithmic_systems.engm,"4,9",no,semantic_or_metadata_match,unknown,unknown,unknown,unknown,unknown,unknown,Positioning inferred from visible RuStore title only.,"Visible rating 4,9 in search.",Detail metrics not audited in 25-app deep sample.,see rank 1,see rank 1,see rank 1,see rank 1,see rank 1,52,MEDIUM BATTLE,EVIDENCE for live rank/listing facts; HYPOTHESIS for ranking reason,HIGH rank / LOW detail,RuStore live search: https://www.rustore.ru/catalog/search?query=%D0%B3%D0%BE%D1%80%D0%BE%D1%81%D0%BA%D0%BE%D0%BF+%D0%BD%D0%B0+%D0%BD%D0%B5%D0%B4%D0%B5%D0%BB%D1%8E
2026-08-26,гороскоп на неделю,500,5,"ВОДОЛЕЙ Гороскоп на сегодня, завтра и каждый день",aquarius.daily.horoscopes,https://www.rustore.ru/catalog/app/aquarius.daily.horoscopes,"4,8",no,partial_title_match,unknown,unknown,unknown,unknown,unknown,unknown,Positioning inferred from visible RuStore title only.,"Visible rating 4,8 in search.",Detail metrics not audited in 25-app deep sample.,see rank 1,see rank 1,see rank 1,see rank 1,see rank 1,52,MEDIUM BATTLE,EVIDENCE for live rank/listing facts; HYPOTHESIS for ranking reason,HIGH rank / LOW detail,RuStore live search: https://www.rustore.ru/catalog/search?query=%D0%B3%D0%BE%D1%80%D0%BE%D1%81%D0%BA%D0%BE%D0%BF+%D0%BD%D0%B0+%D0%BD%D0%B5%D0%B4%D0%B5%D0%BB%D1%8E
2026-08-26,гороскоп на неделю,500,6,"ОВЕН Гороскоп на сегодня, завтра и на каждый день",aries.daily.horoscopes,https://www.rustore.ru/catalog/app/aries.daily.horoscopes,"4,8",no,partial_title_match,unknown,unknown,unknown,unknown,unknown,unknown,Positioning inferred from visible RuStore title only.,"Visible rating 4,8 in search.",Detail metrics not audited in 25-app deep sample.,see rank 1,see rank 1,see rank 1,see rank 1,see rank 1,52,MEDIUM BATTLE,EVIDENCE for live rank/listing facts; HYPOTHESIS for ranking reason,HIGH rank / LOW detail,RuStore live search: https://www.rustore.ru/catalog/search?query=%D0%B3%D0%BE%D1%80%D0%BE%D1%81%D0%BA%D0%BE%D0%BF+%D0%BD%D0%B0+%D0%BD%D0%B5%D0%B4%D0%B5%D0%BB%D1%8E
2026-08-26,гороскоп на неделю,500,7,Твой гороскоп,com.unfoxteam.horoscope,https://www.rustore.ru/catalog/app/com.unfoxteam.horoscope,"3,6",no,partial_title_match,unknown,unknown,unknown,unknown,unknown,unknown,Positioning inferred from visible RuStore title only.,"Visible rating 3,6 in search.",Detail metrics not audited in 25-app deep sample.,see rank 1,see rank 1,see rank 1,see rank 1,see rank 1,52,MEDIUM BATTLE,EVIDENCE for live rank/listing facts; HYPOTHESIS for ranking reason,HIGH rank / LOW detail,RuStore live search: https://www.rustore.ru/catalog/search?query=%D0%B3%D0%BE%D1%80%D0%BE%D1%81%D0%BA%D0%BE%D0%BF+%D0%BD%D0%B0+%D0%BD%D0%B5%D0%B4%D0%B5%D0%BB%D1%8E
2026-08-26,гороскоп на неделю,500,8,"ДЕВА Гороскоп на сегодня, завтра и на каждый день",virgo.daily.horoscopes,https://www.rustore.ru/catalog/app/virgo.daily.horoscopes,"4,7",no,partial_title_match,unknown,unknown,unknown,unknown,unknown,unknown,Positioning inferred from visible RuStore title only.,"Visible rating 4,7 in search.",Detail metrics not audited in 25-app deep sample.,see rank 1,see rank 1,see rank 1,see rank 1,see rank 1,52,MEDIUM BATTLE,EVIDENCE for live rank/listing facts; HYPOTHESIS for ranking reason,HIGH rank / LOW detail,RuStore live search: https://www.rustore.ru/catalog/search?query=%D0%B3%D0%BE%D1%80%D0%BE%D1%81%D0%BA%D0%BE%D0%BF+%D0%BD%D0%B0+%D0%BD%D0%B5%D0%B4%D0%B5%D0%BB%D1%8E
2026-08-26,гороскоп на неделю,500,9,Гороскоп,com.grupoprecedo.horoscope,https://www.rustore.ru/catalog/app/com.grupoprecedo.horoscope,unknown,no,partial_title_match,unknown,unknown,unknown,unknown,unknown,unknown,Positioning inferred from visible RuStore title only.,Top-10 visibility for the exact query.,No rating visible in search; detail listing not in 25-app deep sample.,see rank 1,see rank 1,see rank 1,see rank 1,see rank 1,52,MEDIUM BATTLE,EVIDENCE for live rank/listing facts; HYPOTHESIS for ranking reason,HIGH rank / LOW detail,RuStore live search: https://www.rustore.ru/catalog/search?query=%D0%B3%D0%BE%D1%80%D0%BE%D1%81%D0%BA%D0%BE%D0%BF+%D0%BD%D0%B0+%D0%BD%D0%B5%D0%B4%D0%B5%D0%BB%D1%8E
2026-08-26,гороскоп на неделю,500,10,"ВЕСЫ Гороскоп на сегодня, завтра и на каждый день",libra.daily.horoscopes,https://www.rustore.ru/catalog/app/libra.daily.horoscopes,"4,7",no,partial_title_match,unknown,unknown,unknown,unknown,unknown,unknown,Positioning inferred from visible RuStore title only.,"Visible rating 4,7 in search.",Detail metrics not audited in 25-app deep sample.,see rank 1,see rank 1,see rank 1,see rank 1,see rank 1,52,MEDIUM BATTLE,EVIDENCE for live rank/listing facts; HYPOTHESIS for ranking reason,HIGH rank / LOW detail,RuStore live search: https://www.rustore.ru/catalog/search?query=%D0%B3%D0%BE%D1%80%D0%BE%D1%81%D0%BA%D0%BE%D0%BF+%D0%BD%D0%B0+%D0%BD%D0%B5%D0%B4%D0%B5%D0%BB%D1%8E
2026-08-26,гороскоп на месяц,500,1,Гороскоп,com.vagasoft.horoscope.signs,https://www.rustore.ru/catalog/app/com.vagasoft.horoscope.signs,unknown,no,partial_title_match,unknown,unknown,unknown,unknown,unknown,unknown,Positioning inferred from visible RuStore title only.,Top-10 visibility for the exact query.,No rating visible in search; detail listing not in 25-app deep sample.,Гороскоп,"HYPOTHESIS: №1 generic title без видимого рейтинга, топ смешан и не закрывает monthly intent точно.",MEOU имеет отдельный реально существующий Month period с цельным персональным рассказом.,Monthly use case надо показать без добавления отдельной первичной навигации.,Exact long-tail в short/full; отдельный screenshot Month; retention evidence; быстрый ASO test после baseline.,70,QUICK WIN,EVIDENCE for live rank/listing facts; HYPOTHESIS for ranking reason,HIGH rank / LOW detail,RuStore live search: https://www.rustore.ru/catalog/search?query=%D0%B3%D0%BE%D1%80%D0%BE%D1%81%D0%BA%D0%BE%D0%BF+%D0%BD%D0%B0+%D0%BC%D0%B5%D1%81%D1%8F%D1%86
2026-08-26,гороскоп на месяц,500,2,Allastro: все ответы здесь.,ru.allastro.lab,https://www.rustore.ru/catalog/app/ru.allastro.lab,"3,9",no,semantic_or_metadata_match,unknown,unknown,unknown,unknown,unknown,unknown,Positioning inferred from visible RuStore title only.,"Visible rating 3,9 in search.",Detail metrics not audited in 25-app deep sample.,see rank 1,see rank 1,see rank 1,see rank 1,see rank 1,70,QUICK WIN,EVIDENCE for live rank/listing facts; HYPOTHESIS for ranking reason,HIGH rank / LOW detail,RuStore live search: https://www.rustore.ru/catalog/search?query=%D0%B3%D0%BE%D1%80%D0%BE%D1%81%D0%BA%D0%BE%D0%BF+%D0%BD%D0%B0+%D0%BC%D0%B5%D1%81%D1%8F%D1%86
2026-08-26,гороскоп на месяц,500,3,Гороскоп на каждый день: Астрология & Гороскопы,com.foresko.horoscopes,https://www.rustore.ru/catalog/app/com.foresko.horoscopes,"4,4",no,partial_title_match,"4,4",192,37,9 тыс +,26 авг 2025,4,"Представляем вам точный гороскоп на каждый день – превосходное приложение для тех, кто хочет узнать о том, что такое астрология и совместимость знаков",9 тыс+,"4,4",see rank 1,see rank 1,see rank 1,see rank 1,see rank 1,70,QUICK WIN,EVIDENCE for live rank/listing facts; HYPOTHESIS for ranking reason,HIGH facts / MEDIUM inference,RuStore live search: https://www.rustore.ru/catalog/search?query=%D0%B3%D0%BE%D1%80%D0%BE%D1%81%D0%BA%D0%BE%D0%BF+%D0%BD%D0%B0+%D0%BC%D0%B5%D1%81%D1%8F%D1%86 | listing: https://www.rustore.ru/catalog/app/com.foresko.horoscopes
2026-08-26,гороскоп на месяц,500,4,"РАК Гороскоп на сегодня, завтра и на каждый день",cancer.daily.horoscopes,https://www.rustore.ru/catalog/app/cancer.daily.horoscopes,"4,9",no,partial_title_match,unknown,unknown,unknown,unknown,unknown,unknown,Positioning inferred from visible RuStore title only.,"Visible rating 4,9 in search.",Detail metrics not audited in 25-app deep sample.,see rank 1,see rank 1,see rank 1,see rank 1,see rank 1,70,QUICK WIN,EVIDENCE for live rank/listing facts; HYPOTHESIS for ranking reason,HIGH rank / LOW detail,RuStore live search: https://www.rustore.ru/catalog/search?query=%D0%B3%D0%BE%D1%80%D0%BE%D1%81%D0%BA%D0%BE%D0%BF+%D0%BD%D0%B0+%D0%BC%D0%B5%D1%81%D1%8F%D1%86
2026-08-26,гороскоп на месяц,500,5,AstroPersona — твой гороскоп и натальная карта,com.astropersona,https://www.rustore.ru/catalog/app/com.astropersona,"4,0",no,partial_title_match,"4,0",12,5,3 тыс +,13 мар 2026,8,"Персональный гороскоп, персональный ИИ астролог, натальная карта и описание, прогноз на месяц по данным рождения, ответы на хорарные вопросы, личная с",3 тыс+,"4,0",see rank 1,see rank 1,see rank 1,see rank 1,see rank 1,70,QUICK WIN,EVIDENCE for live rank/listing facts; HYPOTHESIS for ranking reason,HIGH facts / MEDIUM inference,RuStore live search: https://www.rustore.ru/catalog/search?query=%D0%B3%D0%BE%D1%80%D0%BE%D1%81%D0%BA%D0%BE%D0%BF+%D0%BD%D0%B0+%D0%BC%D0%B5%D1%81%D1%8F%D1%86 | listing: https://www.rustore.ru/catalog/app/com.astropersona
2026-08-26,гороскоп на месяц,500,6,"ВЕСЫ Гороскоп на сегодня, завтра и на каждый день",libra.daily.horoscopes,https://www.rustore.ru/catalog/app/libra.daily.horoscopes,"4,7",no,partial_title_match,unknown,unknown,unknown,unknown,unknown,unknown,Positioning inferred from visible RuStore title only.,"Visible rating 4,7 in search.",Detail metrics not audited in 25-app deep sample.,see rank 1,see rank 1,see rank 1,see rank 1,see rank 1,70,QUICK WIN,EVIDENCE for live rank/listing facts; HYPOTHESIS for ranking reason,HIGH rank / LOW detail,RuStore live search: https://www.rustore.ru/catalog/search?query=%D0%B3%D0%BE%D1%80%D0%BE%D1%81%D0%BA%D0%BE%D0%BF+%D0%BD%D0%B0+%D0%BC%D0%B5%D1%81%D1%8F%D1%86
2026-08-26,гороскоп на месяц,500,7,Гороскоп на сегодня,com.Blogproger.Horoscope,https://www.rustore.ru/catalog/app/com.Blogproger.Horoscope,unknown,no,partial_title_match,unknown,unknown,unknown,unknown,unknown,unknown,Positioning inferred from visible RuStore title only.,Top-10 visibility for the exact query.,No rating visible in search; detail listing not in 25-app deep sample.,see rank 1,see rank 1,see rank 1,see rank 1,see rank 1,70,QUICK WIN,EVIDENCE for live rank/listing facts; HYPOTHESIS for ranking reason,HIGH rank / LOW detail,RuStore live search: https://www.rustore.ru/catalog/search?query=%D0%B3%D0%BE%D1%80%D0%BE%D1%81%D0%BA%D0%BE%D0%BF+%D0%BD%D0%B0+%D0%BC%D0%B5%D1%81%D1%8F%D1%86
2026-08-26,гороскоп на месяц,500,8,"ОВЕН Гороскоп на сегодня, завтра и на каждый день",aries.daily.horoscopes,https://www.rustore.ru/catalog/app/aries.daily.horoscopes,"4,8",no,partial_title_match,unknown,unknown,unknown,unknown,unknown,unknown,Positioning inferred from visible RuStore title only.,"Visible rating 4,8 in search.",Detail metrics not audited in 25-app deep sample.,see rank 1,see rank 1,see rank 1,see rank 1,see rank 1,70,QUICK WIN,EVIDENCE for live rank/listing facts; HYPOTHESIS for ranking reason,HIGH rank / LOW detail,RuStore live search: https://www.rustore.ru/catalog/search?query=%D0%B3%D0%BE%D1%80%D0%BE%D1%81%D0%BA%D0%BE%D0%BF+%D0%BD%D0%B0+%D0%BC%D0%B5%D1%81%D1%8F%D1%86
2026-08-26,гороскоп на месяц,500,9,Гороскоп на завтра,com.Hurmeow.Horoscope_for_tomorrow,https://www.rustore.ru/catalog/app/com.Hurmeow.Horoscope_for_tomorrow,unknown,no,partial_title_match,unknown,unknown,unknown,unknown,unknown,unknown,Positioning inferred from visible RuStore title only.,Top-10 visibility for the exact query.,No rating visible in search; detail listing not in 25-app deep sample.,see rank 1,see rank 1,see rank 1,see rank 1,see rank 1,70,QUICK WIN,EVIDENCE for live rank/listing facts; HYPOTHESIS for ranking reason,HIGH rank / LOW detail,RuStore live search: https://www.rustore.ru/catalog/search?query=%D0%B3%D0%BE%D1%80%D0%BE%D1%81%D0%BA%D0%BE%D0%BF+%D0%BD%D0%B0+%D0%BC%D0%B5%D1%81%D1%8F%D1%86
2026-08-26,гороскоп на месяц,500,10,"КОЗЕРОГ Гороскоп сегодня, завтра и на каждый день",capricorn.daily.horoscopes,https://www.rustore.ru/catalog/app/capricorn.daily.horoscopes,"4,8",no,partial_title_match,unknown,unknown,unknown,unknown,unknown,unknown,Positioning inferred from visible RuStore title only.,"Visible rating 4,8 in search.",Detail metrics not audited in 25-app deep sample.,see rank 1,see rank 1,see rank 1,see rank 1,see rank 1,70,QUICK WIN,EVIDENCE for live rank/listing facts; HYPOTHESIS for ranking reason,HIGH rank / LOW detail,RuStore live search: https://www.rustore.ru/catalog/search?query=%D0%B3%D0%BE%D1%80%D0%BE%D1%81%D0%BA%D0%BE%D0%BF+%D0%BD%D0%B0+%D0%BC%D0%B5%D1%81%D1%8F%D1%86
2026-08-26,совместимость знаков зодиака,500,1,Совместимость знаков зодиака,com.zodiak.app,https://www.rustore.ru/catalog/app/com.zodiak.app,unknown,yes,exact_title,unknown,unknown,unknown,до 1 тыс,20 июн 2026,2,"Узнайте, насколько подходят друг другу два знака зодиака в любви, дружбе и работе. Приложение показывает процент совместимости и понятный разбор пары,",Exact title и №1 по «совместимость знаков зодиака»,Нет видимого рейтинга,Совместимость знаков зодиака,"HYPOTHESIS: №1 exact title, но до 1 тыс, без рейтинга, с 2 скриншотами и без видимых тегов.","MEOU закрывает и быстрый sign-only сценарий, и глубокую совместимость двух карт.",Нужно развести бесплатную sign compatibility и Premium deep compatibility без путаницы.,Exact phrase в short/full/tag if available; screenshot пары; 5–8 screenshots; первые 50–100 реальных оценок; clear free→deep funnel.,72,QUICK WIN,EVIDENCE for live rank/listing facts; HYPOTHESIS for ranking reason,HIGH facts / MEDIUM inference,RuStore live search: https://www.rustore.ru/catalog/search?query=%D1%81%D0%BE%D0%B2%D0%BC%D0%B5%D1%81%D1%82%D0%B8%D0%BC%D0%BE%D1%81%D1%82%D1%8C+%D0%B7%D0%BD%D0%B0%D0%BA%D0%BE%D0%B2+%D0%B7%D0%BE%D0%B4%D0%B8%D0%B0%D0%BA%D0%B0 | listing: https://www.rustore.ru/catalog/app/com.zodiak.app
2026-08-26,совместимость знаков зодиака,500,2,Совместимость знаков зодиака - ZodiMatch,com.zodiacmatch.app,https://www.rustore.ru/catalog/app/com.zodiacmatch.app,unknown,no,exact_phrase_in_title,unknown,unknown,unknown,unknown,unknown,unknown,Positioning inferred from visible RuStore title only.,Exact keyword match in visible title.,No rating visible in search; detail listing not in 25-app deep sample.,see rank 1,see rank 1,see rank 1,see rank 1,see rank 1,72,QUICK WIN,EVIDENCE for live rank/listing facts; HYPOTHESIS for ranking reason,HIGH rank / LOW detail,RuStore live search: https://www.rustore.ru/catalog/search?query=%D1%81%D0%BE%D0%B2%D0%BC%D0%B5%D1%81%D1%82%D0%B8%D0%BC%D0%BE%D1%81%D1%82%D1%8C+%D0%B7%D0%BD%D0%B0%D0%BA%D0%BE%D0%B2+%D0%B7%D0%BE%D0%B4%D0%B8%D0%B0%D0%BA%D0%B0
2026-08-26,совместимость знаков зодиака,500,3,Совместимость по знаку зодиака,com.koshina.zodiacssigns_compatibility,https://www.rustore.ru/catalog/app/com.koshina.zodiacssigns_compatibility,unknown,no,partial_title_match,unknown,unknown,unknown,unknown,unknown,unknown,Positioning inferred from visible RuStore title only.,Top-10 visibility for the exact query.,No rating visible in search; detail listing not in 25-app deep sample.,see rank 1,see rank 1,see rank 1,see rank 1,see rank 1,72,QUICK WIN,EVIDENCE for live rank/listing facts; HYPOTHESIS for ranking reason,HIGH rank / LOW detail,RuStore live search: https://www.rustore.ru/catalog/search?query=%D1%81%D0%BE%D0%B2%D0%BC%D0%B5%D1%81%D1%82%D0%B8%D0%BC%D0%BE%D1%81%D1%82%D1%8C+%D0%B7%D0%BD%D0%B0%D0%BA%D0%BE%D0%B2+%D0%B7%D0%BE%D0%B4%D0%B8%D0%B0%D0%BA%D0%B0
2026-08-26,совместимость знаков зодиака,500,4,Гороскоп: Совместимость Знаков Зодиака,com.notisplay.goroskop,https://www.rustore.ru/catalog/app/com.notisplay.goroskop,unknown,no,exact_phrase_in_title,unknown,unknown,unknown,unknown,unknown,unknown,Positioning inferred from visible RuStore title only.,Exact keyword match in visible title.,No rating visible in search; detail listing not in 25-app deep sample.,see rank 1,see rank 1,see rank 1,see rank 1,see rank 1,72,QUICK WIN,EVIDENCE for live rank/listing facts; HYPOTHESIS for ranking reason,HIGH rank / LOW detail,RuStore live search: https://www.rustore.ru/catalog/search?query=%D1%81%D0%BE%D0%B2%D0%BC%D0%B5%D1%81%D1%82%D0%B8%D0%BC%D0%BE%D1%81%D1%82%D1%8C+%D0%B7%D0%BD%D0%B0%D0%BA%D0%BE%D0%B2+%D0%B7%D0%BE%D0%B4%D0%B8%D0%B0%D0%BA%D0%B0
2026-08-26,совместимость знаков зодиака,500,5,Узнай любовную совместимость знаков зодиака,com.Blogproger.Find_out_the_love_compatibility_of_zodiac_signs,https://www.rustore.ru/catalog/app/com.Blogproger.Find_out_the_love_compatibility_of_zodiac_signs,unknown,no,exact_phrase_in_title,unknown,unknown,unknown,unknown,unknown,unknown,Positioning inferred from visible RuStore title only.,Exact keyword match in visible title.,No rating visible in search; detail listing not in 25-app deep sample.,see rank 1,see rank 1,see rank 1,see rank 1,see rank 1,72,QUICK WIN,EVIDENCE for live rank/listing facts; HYPOTHESIS for ranking reason,HIGH rank / LOW detail,RuStore live search: https://www.rustore.ru/catalog/search?query=%D1%81%D0%BE%D0%B2%D0%BC%D0%B5%D1%81%D1%82%D0%B8%D0%BC%D0%BE%D1%81%D1%82%D1%8C+%D0%B7%D0%BD%D0%B0%D0%BA%D0%BE%D0%B2+%D0%B7%D0%BE%D0%B4%D0%B8%D0%B0%D0%BA%D0%B0
2026-08-26,совместимость знаков зодиака,500,6,"Совместимость по дате, дню, имени, зодиаку",ru.improg.love,https://www.rustore.ru/catalog/app/ru.improg.love,"4,6",no,partial_title_match,"4,6",12,6,1 тыс +,16 мая 2026,10,Ищете ответы на вопросы о совместимости с любимым человеком? Хотите лучше понять партнёра и укрепить отношения? Это бесплатное приложение — ваш персон,"4,6",Только 1 тыс+ и 12 оценок,see rank 1,see rank 1,see rank 1,see rank 1,see rank 1,72,QUICK WIN,EVIDENCE for live rank/listing facts; HYPOTHESIS for ranking reason,HIGH facts / MEDIUM inference,RuStore live search: https://www.rustore.ru/catalog/search?query=%D1%81%D0%BE%D0%B2%D0%BC%D0%B5%D1%81%D1%82%D0%B8%D0%BC%D0%BE%D1%81%D1%82%D1%8C+%D0%B7%D0%BD%D0%B0%D0%BA%D0%BE%D0%B2+%D0%B7%D0%BE%D0%B4%D0%B8%D0%B0%D0%BA%D0%B0 | listing: https://www.rustore.ru/catalog/app/ru.improg.love
2026-08-26,совместимость знаков зодиака,500,7,Совместимость. Астрология,com.xeen_software.compatibility,https://www.rustore.ru/catalog/app/com.xeen_software.compatibility,unknown,no,partial_title_match,unknown,unknown,unknown,до 1 тыс,26 сент 2025,3,"Узнайте свою совместимость, основанную на индивидуальных астрологических расчетах по дате рождения. Астрологическая совместимость - это не только совп",№1 по «совместимость по дате рождения»,Нет видимого рейтинга,see rank 1,see rank 1,see rank 1,see rank 1,see rank 1,72,QUICK WIN,EVIDENCE for live rank/listing facts; HYPOTHESIS for ranking reason,HIGH facts / MEDIUM inference,RuStore live search: https://www.rustore.ru/catalog/search?query=%D1%81%D0%BE%D0%B2%D0%BC%D0%B5%D1%81%D1%82%D0%B8%D0%BC%D0%BE%D1%81%D1%82%D1%8C+%D0%B7%D0%BD%D0%B0%D0%BA%D0%BE%D0%B2+%D0%B7%D0%BE%D0%B4%D0%B8%D0%B0%D0%BA%D0%B0 | listing: https://www.rustore.ru/catalog/app/com.xeen_software.compatibility
2026-08-26,совместимость знаков зодиака,500,8,Тест на совместимость имен,com.jekrum.test_imena,https://www.rustore.ru/catalog/app/com.jekrum.test_imena,unknown,no,partial_title_match,unknown,unknown,unknown,unknown,unknown,unknown,Positioning inferred from visible RuStore title only.,Top-10 visibility for the exact query.,No rating visible in search; detail listing not in 25-app deep sample.,see rank 1,see rank 1,see rank 1,see rank 1,see rank 1,72,QUICK WIN,EVIDENCE for live rank/listing facts; HYPOTHESIS for ranking reason,HIGH rank / LOW detail,RuStore live search: https://www.rustore.ru/catalog/search?query=%D1%81%D0%BE%D0%B2%D0%BC%D0%B5%D1%81%D1%82%D0%B8%D0%BC%D0%BE%D1%81%D1%82%D1%8C+%D0%B7%D0%BD%D0%B0%D0%BA%D0%BE%D0%B2+%D0%B7%D0%BE%D0%B4%D0%B8%D0%B0%D0%BA%D0%B0
2026-08-26,совместимость знаков зодиака,500,9,Гороскоп Совместимость,com.gild.goroskop,https://www.rustore.ru/catalog/app/com.gild.goroskop,unknown,no,partial_title_match,unknown,unknown,unknown,unknown,unknown,unknown,Positioning inferred from visible RuStore title only.,Top-10 visibility for the exact query.,No rating visible in search; detail listing not in 25-app deep sample.,see rank 1,see rank 1,see rank 1,see rank 1,see rank 1,72,QUICK WIN,EVIDENCE for live rank/listing facts; HYPOTHESIS for ranking reason,HIGH rank / LOW detail,RuStore live search: https://www.rustore.ru/catalog/search?query=%D1%81%D0%BE%D0%B2%D0%BC%D0%B5%D1%81%D1%82%D0%B8%D0%BC%D0%BE%D1%81%D1%82%D1%8C+%D0%B7%D0%BD%D0%B0%D0%BA%D0%BE%D0%B2+%D0%B7%D0%BE%D0%B4%D0%B8%D0%B0%D0%BA%D0%B0
2026-08-26,совместимость знаков зодиака,500,10,Как строить отношения с разными знаками зодиака,ru.tismo.themes.zodiac_otn,https://www.rustore.ru/catalog/app/ru.tismo.themes.zodiac_otn,unknown,no,partial_title_match,unknown,unknown,unknown,unknown,unknown,unknown,Positioning inferred from visible RuStore title only.,Top-10 visibility for the exact query.,No rating visible in search; detail listing not in 25-app deep sample.,see rank 1,see rank 1,see rank 1,see rank 1,see rank 1,72,QUICK WIN,EVIDENCE for live rank/listing facts; HYPOTHESIS for ranking reason,HIGH rank / LOW detail,RuStore live search: https://www.rustore.ru/catalog/search?query=%D1%81%D0%BE%D0%B2%D0%BC%D0%B5%D1%81%D1%82%D0%B8%D0%BC%D0%BE%D1%81%D1%82%D1%8C+%D0%B7%D0%BD%D0%B0%D0%BA%D0%BE%D0%B2+%D0%B7%D0%BE%D0%B4%D0%B8%D0%B0%D0%BA%D0%B0
2026-08-26,совместимость по дате рождения,500,1,Совместимость. Астрология,com.xeen_software.compatibility,https://www.rustore.ru/catalog/app/com.xeen_software.compatibility,unknown,no,partial_title_match,unknown,unknown,unknown,до 1 тыс,26 сент 2025,3,"Узнайте свою совместимость, основанную на индивидуальных астрологических расчетах по дате рождения. Астрологическая совместимость - это не только совп",№1 по «совместимость по дате рождения»,Нет видимого рейтинга,Совместимость. Астрология,"HYPOTHESIS: №1 точно заявляет расчёт по дате, но имеет до 1 тыс, без rating, 3 screenshots и stale 2025 update.",MEOU использует две сохранённые натальные карты для более глубокого разбора.,External listing must clearly say two birth datasets; не обещать numerology/name compatibility.,"Exact phrase + «две натальные карты»; screenshot input→result; 4,7+ rating; доказать точность и понятность.",68,QUICK WIN,EVIDENCE for live rank/listing facts; HYPOTHESIS for ranking reason,HIGH facts / MEDIUM inference,RuStore live search: https://www.rustore.ru/catalog/search?query=%D1%81%D0%BE%D0%B2%D0%BC%D0%B5%D1%81%D1%82%D0%B8%D0%BC%D0%BE%D1%81%D1%82%D1%8C+%D0%BF%D0%BE+%D0%B4%D0%B0%D1%82%D0%B5+%D1%80%D0%BE%D0%B6%D0%B4%D0%B5%D0%BD%D0%B8%D1%8F | listing: https://www.rustore.ru/catalog/app/com.xeen_software.compatibility
2026-08-26,совместимость по дате рождения,500,2,"Совместимость по дате, дню, имени, зодиаку",ru.improg.love,https://www.rustore.ru/catalog/app/ru.improg.love,"4,6",no,partial_title_match,"4,6",12,6,1 тыс +,16 мая 2026,10,Ищете ответы на вопросы о совместимости с любимым человеком? Хотите лучше понять партнёра и укрепить отношения? Это бесплатное приложение — ваш персон,"4,6",Только 1 тыс+ и 12 оценок,see rank 1,see rank 1,see rank 1,see rank 1,see rank 1,68,QUICK WIN,EVIDENCE for live rank/listing facts; HYPOTHESIS for ranking reason,HIGH facts / MEDIUM inference,RuStore live search: https://www.rustore.ru/catalog/search?query=%D1%81%D0%BE%D0%B2%D0%BC%D0%B5%D1%81%D1%82%D0%B8%D0%BC%D0%BE%D1%81%D1%82%D1%8C+%D0%BF%D0%BE+%D0%B4%D0%B0%D1%82%D0%B5+%D1%80%D0%BE%D0%B6%D0%B4%D0%B5%D0%BD%D0%B8%D1%8F | listing: https://www.rustore.ru/catalog/app/ru.improg.love
2026-08-26,совместимость по дате рождения,500,3,Нумерология Совместимость,com.numerology.rebirth,https://www.rustore.ru/catalog/app/com.numerology.rebirth,unknown,no,partial_title_match,unknown,unknown,unknown,unknown,unknown,unknown,Positioning inferred from visible RuStore title only.,Top-10 visibility for the exact query.,No rating visible in search; detail listing not in 25-app deep sample.,see rank 1,see rank 1,see rank 1,see rank 1,see rank 1,68,QUICK WIN,EVIDENCE for live rank/listing facts; HYPOTHESIS for ranking reason,HIGH rank / LOW detail,RuStore live search: https://www.rustore.ru/catalog/search?query=%D1%81%D0%BE%D0%B2%D0%BC%D0%B5%D1%81%D1%82%D0%B8%D0%BC%D0%BE%D1%81%D1%82%D1%8C+%D0%BF%D0%BE+%D0%B4%D0%B0%D1%82%D0%B5+%D1%80%D0%BE%D0%B6%D0%B4%D0%B5%D0%BD%D0%B8%D1%8F
2026-08-26,совместимость по дате рождения,500,4,Совместимость по знаку зодиака,com.koshina.zodiacssigns_compatibility,https://www.rustore.ru/catalog/app/com.koshina.zodiacssigns_compatibility,unknown,no,partial_title_match,unknown,unknown,unknown,unknown,unknown,unknown,Positioning inferred from visible RuStore title only.,Top-10 visibility for the exact query.,No rating visible in search; detail listing not in 25-app deep sample.,see rank 1,see rank 1,see rank 1,see rank 1,see rank 1,68,QUICK WIN,EVIDENCE for live rank/listing facts; HYPOTHESIS for ranking reason,HIGH rank / LOW detail,RuStore live search: https://www.rustore.ru/catalog/search?query=%D1%81%D0%BE%D0%B2%D0%BC%D0%B5%D1%81%D1%82%D0%B8%D0%BC%D0%BE%D1%81%D1%82%D1%8C+%D0%BF%D0%BE+%D0%B4%D0%B0%D1%82%D0%B5+%D1%80%D0%BE%D0%B6%D0%B4%D0%B5%D0%BD%D0%B8%D1%8F
2026-08-26,совместимость по дате рождения,500,5,Матрица Судьбы и Совместимость,com.matrix.destinyapp,https://www.rustore.ru/catalog/app/com.matrix.destinyapp,unknown,no,partial_title_match,unknown,unknown,unknown,до 1 тыс,26 июн 2026,10,Раскройте свой потенциал с помощью нумерологии и энергий. Приложение «Матрица Судьбы» — это современный инструмент самопознания. Мы автоматизировали ,Exact matrix + compatibility title,Нет видимого рейтинга,see rank 1,see rank 1,see rank 1,see rank 1,see rank 1,68,QUICK WIN,EVIDENCE for live rank/listing facts; HYPOTHESIS for ranking reason,HIGH facts / MEDIUM inference,RuStore live search: https://www.rustore.ru/catalog/search?query=%D1%81%D0%BE%D0%B2%D0%BC%D0%B5%D1%81%D1%82%D0%B8%D0%BC%D0%BE%D1%81%D1%82%D1%8C+%D0%BF%D0%BE+%D0%B4%D0%B0%D1%82%D0%B5+%D1%80%D0%BE%D0%B6%D0%B4%D0%B5%D0%BD%D0%B8%D1%8F | listing: https://www.rustore.ru/catalog/app/com.matrix.destinyapp
2026-08-26,совместимость по дате рождения,500,6,Тест любви - Совместимость,com.koshina.lovematch,https://www.rustore.ru/catalog/app/com.koshina.lovematch,unknown,no,partial_title_match,unknown,unknown,unknown,unknown,unknown,unknown,Positioning inferred from visible RuStore title only.,Top-10 visibility for the exact query.,No rating visible in search; detail listing not in 25-app deep sample.,see rank 1,see rank 1,see rank 1,see rank 1,see rank 1,68,QUICK WIN,EVIDENCE for live rank/listing facts; HYPOTHESIS for ranking reason,HIGH rank / LOW detail,RuStore live search: https://www.rustore.ru/catalog/search?query=%D1%81%D0%BE%D0%B2%D0%BC%D0%B5%D1%81%D1%82%D0%B8%D0%BC%D0%BE%D1%81%D1%82%D1%8C+%D0%BF%D0%BE+%D0%B4%D0%B0%D1%82%D0%B5+%D1%80%D0%BE%D0%B6%D0%B4%D0%B5%D0%BD%D0%B8%D1%8F
2026-08-26,совместимость по дате рождения,500,7,Натальная карта рассчитать с расшифровкой онлайн,ru.mynatalchart.app,https://www.rustore.ru/catalog/app/ru.mynatalchart.app,"4,9",no,semantic_or_metadata_match,"4,9",52,unknown,1 тыс +,24 июн 2026,6,"Натальная карта — ваш личный астрологический портрет, рассчитанный по дате, времени и месту рождения. Приложение помогает лучше понять себя: характер,",Точное long-tail title,Только 1 тыс+ установок,see rank 1,see rank 1,see rank 1,see rank 1,see rank 1,68,QUICK WIN,EVIDENCE for live rank/listing facts; HYPOTHESIS for ranking reason,HIGH facts / MEDIUM inference,RuStore live search: https://www.rustore.ru/catalog/search?query=%D1%81%D0%BE%D0%B2%D0%BC%D0%B5%D1%81%D1%82%D0%B8%D0%BC%D0%BE%D1%81%D1%82%D1%8C+%D0%BF%D0%BE+%D0%B4%D0%B0%D1%82%D0%B5+%D1%80%D0%BE%D0%B6%D0%B4%D0%B5%D0%BD%D0%B8%D1%8F | listing: https://www.rustore.ru/catalog/app/ru.mynatalchart.app
2026-08-26,совместимость по дате рождения,500,8,Гороскоп: Совместимость Знаков Зодиака,com.notisplay.goroskop,https://www.rustore.ru/catalog/app/com.notisplay.goroskop,unknown,no,partial_title_match,unknown,unknown,unknown,unknown,unknown,unknown,Positioning inferred from visible RuStore title only.,Top-10 visibility for the exact query.,No rating visible in search; detail listing not in 25-app deep sample.,see rank 1,see rank 1,see rank 1,see rank 1,see rank 1,68,QUICK WIN,EVIDENCE for live rank/listing facts; HYPOTHESIS for ranking reason,HIGH rank / LOW detail,RuStore live search: https://www.rustore.ru/catalog/search?query=%D1%81%D0%BE%D0%B2%D0%BC%D0%B5%D1%81%D1%82%D0%B8%D0%BC%D0%BE%D1%81%D1%82%D1%8C+%D0%BF%D0%BE+%D0%B4%D0%B0%D1%82%D0%B5+%D1%80%D0%BE%D0%B6%D0%B4%D0%B5%D0%BD%D0%B8%D1%8F
2026-08-26,совместимость по дате рождения,500,9,Матрица Судьбы. Психоматрица,com.matricasudbu.app.matrica_sudbu,https://www.rustore.ru/catalog/app/com.matricasudbu.app.matrica_sudbu,"5,0",no,semantic_or_metadata_match,"5,0",783,752,7 тыс +,2 авг 2026,8,"Приложение для расчета матрицы судьбы, матрицы совместимости и детской матрицы судьбы предназначено для тех, кто верит в нумерологию и хочет получить ","5,0 при 783 оценках","Нумерологический продукт, не natal/horoscope",see rank 1,see rank 1,see rank 1,see rank 1,see rank 1,68,QUICK WIN,EVIDENCE for live rank/listing facts; HYPOTHESIS for ranking reason,HIGH facts / MEDIUM inference,RuStore live search: https://www.rustore.ru/catalog/search?query=%D1%81%D0%BE%D0%B2%D0%BC%D0%B5%D1%81%D1%82%D0%B8%D0%BC%D0%BE%D1%81%D1%82%D1%8C+%D0%BF%D0%BE+%D0%B4%D0%B0%D1%82%D0%B5+%D1%80%D0%BE%D0%B6%D0%B4%D0%B5%D0%BD%D0%B8%D1%8F | listing: https://www.rustore.ru/catalog/app/com.matricasudbu.app.matrica_sudbu
2026-08-26,совместимость по дате рождения,500,10,Ведическая нумерология,ru.vedicnumerology.app,https://www.rustore.ru/catalog/app/ru.vedicnumerology.app,"5,0",no,semantic_or_metadata_match,unknown,unknown,unknown,unknown,unknown,unknown,Positioning inferred from visible RuStore title only.,"Visible rating 5,0 in search.",Detail metrics not audited in 25-app deep sample.,see rank 1,see rank 1,see rank 1,see rank 1,see rank 1,68,QUICK WIN,EVIDENCE for live rank/listing facts; HYPOTHESIS for ranking reason,HIGH rank / LOW detail,RuStore live search: https://www.rustore.ru/catalog/search?query=%D1%81%D0%BE%D0%B2%D0%BC%D0%B5%D1%81%D1%82%D0%B8%D0%BC%D0%BE%D1%81%D1%82%D1%8C+%D0%BF%D0%BE+%D0%B4%D0%B0%D1%82%D0%B5+%D1%80%D0%BE%D0%B6%D0%B4%D0%B5%D0%BD%D0%B8%D1%8F
2026-08-26,совместимость натальных карт,500,1,Анима: Натальная карта и совместимость,com.kundalini.astroapp,https://www.rustore.ru/catalog/app/com.kundalini.astroapp,unknown,no,partial_title_match,unknown,unknown,unknown,до 1 тыс,10 авг 2026,4,"Почему одни решения даются легко, а другие — через силу? Узнай, что говорят звёзды именно о тебе. Анима — твой персональный помощник по ведической аст",№1 по «совместимость натальных карт»,Нет видимого рейтинга,Анима: Натальная карта и совместимость,"HYPOTHESIS: №1 Anima имеет exact natal+compatibility title, но до 1 тыс, без рейтинга и с 4 screenshots.","Deep compatibility is a real MEOU feature across love, friendship, family and work.",Нужен сильный preview результата и прозрачный Premium boundary.,Title/short coverage if chosen; screenshot two charts; polished input UX; 50+ positive ratings; monitor exact SERP weekly.,75,QUICK WIN,EVIDENCE for live rank/listing facts; HYPOTHESIS for ranking reason,HIGH facts / MEDIUM inference,RuStore live search: https://www.rustore.ru/catalog/search?query=%D1%81%D0%BE%D0%B2%D0%BC%D0%B5%D1%81%D1%82%D0%B8%D0%BC%D0%BE%D1%81%D1%82%D1%8C+%D0%BD%D0%B0%D1%82%D0%B0%D0%BB%D1%8C%D0%BD%D1%8B%D1%85+%D0%BA%D0%B0%D1%80%D1%82 | listing: https://www.rustore.ru/catalog/app/com.kundalini.astroapp
2026-08-26,совместимость натальных карт,500,2,Натальная карта рассчитать с расшифровкой онлайн,ru.mynatalchart.app,https://www.rustore.ru/catalog/app/ru.mynatalchart.app,"4,9",no,semantic_or_metadata_match,"4,9",52,unknown,1 тыс +,24 июн 2026,6,"Натальная карта — ваш личный астрологический портрет, рассчитанный по дате, времени и месту рождения. Приложение помогает лучше понять себя: характер,",Точное long-tail title,Только 1 тыс+ установок,see rank 1,see rank 1,see rank 1,see rank 1,see rank 1,75,QUICK WIN,EVIDENCE for live rank/listing facts; HYPOTHESIS for ranking reason,HIGH facts / MEDIUM inference,RuStore live search: https://www.rustore.ru/catalog/search?query=%D1%81%D0%BE%D0%B2%D0%BC%D0%B5%D1%81%D1%82%D0%B8%D0%BC%D0%BE%D1%81%D1%82%D1%8C+%D0%BD%D0%B0%D1%82%D0%B0%D0%BB%D1%8C%D0%BD%D1%8B%D1%85+%D0%BA%D0%B0%D1%80%D1%82 | listing: https://www.rustore.ru/catalog/app/ru.mynatalchart.app
2026-08-26,совместимость натальных карт,500,3,Натальная карта. Астрология. Матрица Судьбы,com.matricasudbu.app.astro,https://www.rustore.ru/catalog/app/com.matricasudbu.app.astro,"4,9",no,semantic_or_metadata_match,"4,9",205,24,3 тыс +,2 авг 2026,5,"Приложение ""Натальная карта. Астрология. Матрица Судьбы"" — это ваш личный астрологический помощник, который поможет раскрыть тайны вашего рождения, по","4,9 при 205 оценках",В отзывах видны жалобы на UTC/место рождения и регистрацию,see rank 1,see rank 1,see rank 1,see rank 1,see rank 1,75,QUICK WIN,EVIDENCE for live rank/listing facts; HYPOTHESIS for ranking reason,HIGH facts / MEDIUM inference,RuStore live search: https://www.rustore.ru/catalog/search?query=%D1%81%D0%BE%D0%B2%D0%BC%D0%B5%D1%81%D1%82%D0%B8%D0%BC%D0%BE%D1%81%D1%82%D1%8C+%D0%BD%D0%B0%D1%82%D0%B0%D0%BB%D1%8C%D0%BD%D1%8B%D1%85+%D0%BA%D0%B0%D1%80%D1%82 | listing: https://www.rustore.ru/catalog/app/com.matricasudbu.app.astro
2026-08-26,совместимость натальных карт,500,4,Натальная карта,com.natalchart.natalchartapp,https://www.rustore.ru/catalog/app/com.natalchart.natalchartapp,"2,5",no,semantic_or_metadata_match,"2,5",10,9,1 тыс +,15 янв 2026,5,"Точная астрология на основе математических вычислений. Приложение «Натальная карта» — это профессиональный инструмент для тех, кто ищет глубокий анал",Идеальное точное совпадение title с head-запросом,"2,5 при 10 оценках",see rank 1,see rank 1,see rank 1,see rank 1,see rank 1,75,QUICK WIN,EVIDENCE for live rank/listing facts; HYPOTHESIS for ranking reason,HIGH facts / MEDIUM inference,RuStore live search: https://www.rustore.ru/catalog/search?query=%D1%81%D0%BE%D0%B2%D0%BC%D0%B5%D1%81%D1%82%D0%B8%D0%BC%D0%BE%D1%81%D1%82%D1%8C+%D0%BD%D0%B0%D1%82%D0%B0%D0%BB%D1%8C%D0%BD%D1%8B%D1%85+%D0%BA%D0%B0%D1%80%D1%82 | listing: https://www.rustore.ru/catalog/app/com.natalchart.natalchartapp
2026-08-26,совместимость натальных карт,500,5,АстроКод: натальная карта,com.dixtalescat.astrocode,https://www.rustore.ru/catalog/app/com.dixtalescat.astrocode,unknown,no,semantic_or_metadata_match,unknown,unknown,unknown,unknown,unknown,unknown,Positioning inferred from visible RuStore title only.,Top-10 visibility for the exact query.,No rating visible in search; detail listing not in 25-app deep sample.,see rank 1,see rank 1,see rank 1,see rank 1,see rank 1,75,QUICK WIN,EVIDENCE for live rank/listing facts; HYPOTHESIS for ranking reason,HIGH rank / LOW detail,RuStore live search: https://www.rustore.ru/catalog/search?query=%D1%81%D0%BE%D0%B2%D0%BC%D0%B5%D1%81%D1%82%D0%B8%D0%BC%D0%BE%D1%81%D1%82%D1%8C+%D0%BD%D0%B0%D1%82%D0%B0%D0%BB%D1%8C%D0%BD%D1%8B%D1%85+%D0%BA%D0%B0%D1%80%D1%82
2026-08-26,совместимость натальных карт,500,6,"Нейродзен — Натальная Карта, Гороскоп, Астрология",ru.neurodzen.app,https://www.rustore.ru/catalog/app/ru.neurodzen.app,"2,6",no,semantic_or_metadata_match,"2,6",5,unknown,1 тыс +,12 янв 2026,4,"Нейродзен — это личный ИИ-астролог и нумеролог, который за минуты строит натальные карты, анализирует совместимость, находит удачные периоды и отвечае",Широкое title coverage,"2,6 при 5 оценках",see rank 1,see rank 1,see rank 1,see rank 1,see rank 1,75,QUICK WIN,EVIDENCE for live rank/listing facts; HYPOTHESIS for ranking reason,HIGH facts / MEDIUM inference,RuStore live search: https://www.rustore.ru/catalog/search?query=%D1%81%D0%BE%D0%B2%D0%BC%D0%B5%D1%81%D1%82%D0%B8%D0%BC%D0%BE%D1%81%D1%82%D1%8C+%D0%BD%D0%B0%D1%82%D0%B0%D0%BB%D1%8C%D0%BD%D1%8B%D1%85+%D0%BA%D0%B0%D1%80%D1%82 | listing: https://www.rustore.ru/catalog/app/ru.neurodzen.app
2026-08-26,совместимость натальных карт,500,7,Natalist,com.natalis.flutter_app,https://www.rustore.ru/catalog/app/com.natalis.flutter_app,unknown,no,semantic_or_metadata_match,unknown,unknown,unknown,unknown,unknown,unknown,Positioning inferred from visible RuStore title only.,Top-10 visibility for the exact query.,No rating visible in search; detail listing not in 25-app deep sample.,see rank 1,see rank 1,see rank 1,see rank 1,see rank 1,75,QUICK WIN,EVIDENCE for live rank/listing facts; HYPOTHESIS for ranking reason,HIGH rank / LOW detail,RuStore live search: https://www.rustore.ru/catalog/search?query=%D1%81%D0%BE%D0%B2%D0%BC%D0%B5%D1%81%D1%82%D0%B8%D0%BC%D0%BE%D1%81%D1%82%D1%8C+%D0%BD%D0%B0%D1%82%D0%B0%D0%BB%D1%8C%D0%BD%D1%8B%D1%85+%D0%BA%D0%B0%D1%80%D1%82
2026-08-26,совместимость натальных карт,500,8,AstrAi — натальная карта и гороскоп,ru.astrai.app,https://www.rustore.ru/catalog/app/ru.astrai.app,unknown,no,semantic_or_metadata_match,unknown,unknown,unknown,unknown,unknown,unknown,Positioning inferred from visible RuStore title only.,Top-10 visibility for the exact query.,No rating visible in search; detail listing not in 25-app deep sample.,see rank 1,see rank 1,see rank 1,see rank 1,see rank 1,75,QUICK WIN,EVIDENCE for live rank/listing facts; HYPOTHESIS for ranking reason,HIGH rank / LOW detail,RuStore live search: https://www.rustore.ru/catalog/search?query=%D1%81%D0%BE%D0%B2%D0%BC%D0%B5%D1%81%D1%82%D0%B8%D0%BC%D0%BE%D1%81%D1%82%D1%8C+%D0%BD%D0%B0%D1%82%D0%B0%D0%BB%D1%8C%D0%BD%D1%8B%D1%85+%D0%BA%D0%B0%D1%80%D1%82
2026-08-26,совместимость натальных карт,500,9,"Гороскопы бесплатно, натальная карта",com.sopelus.horoscope,https://www.rustore.ru/catalog/app/com.sopelus.horoscope,"4,5",no,semantic_or_metadata_match,unknown,unknown,unknown,unknown,unknown,unknown,Positioning inferred from visible RuStore title only.,"Visible rating 4,5 in search.",Detail metrics not audited in 25-app deep sample.,see rank 1,see rank 1,see rank 1,see rank 1,see rank 1,75,QUICK WIN,EVIDENCE for live rank/listing facts; HYPOTHESIS for ranking reason,HIGH rank / LOW detail,RuStore live search: https://www.rustore.ru/catalog/search?query=%D1%81%D0%BE%D0%B2%D0%BC%D0%B5%D1%81%D1%82%D0%B8%D0%BC%D0%BE%D1%81%D1%82%D1%8C+%D0%BD%D0%B0%D1%82%D0%B0%D0%BB%D1%8C%D0%BD%D1%8B%D1%85+%D0%BA%D0%B0%D1%80%D1%82
2026-08-26,совместимость натальных карт,500,10,Ведаскоп: джйотиш и натальная карта,ru.z9games.jyotish,https://www.rustore.ru/catalog/app/ru.z9games.jyotish,unknown,no,semantic_or_metadata_match,unknown,unknown,unknown,unknown,unknown,unknown,Positioning inferred from visible RuStore title only.,Top-10 visibility for the exact query.,No rating visible in search; detail listing not in 25-app deep sample.,see rank 1,see rank 1,see rank 1,see rank 1,see rank 1,75,QUICK WIN,EVIDENCE for live rank/listing facts; HYPOTHESIS for ranking reason,HIGH rank / LOW detail,RuStore live search: https://www.rustore.ru/catalog/search?query=%D1%81%D0%BE%D0%B2%D0%BC%D0%B5%D1%81%D1%82%D0%B8%D0%BC%D0%BE%D1%81%D1%82%D1%8C+%D0%BD%D0%B0%D1%82%D0%B0%D0%BB%D1%8C%D0%BD%D1%8B%D1%85+%D0%BA%D0%B0%D1%80%D1%82
2026-08-26,ИИ астролог,500,1,Arcai — ИИ Астролог,ru.arcai.app,https://www.rustore.ru/catalog/app/ru.arcai.app,unknown,no,exact_phrase_in_title,unknown,unknown,unknown,до 1 тыс,14 мая 2026,6,"Arcai — это современное приложение для персональной астрологии с ИИ-астрологом, натальной картой, совместимостью и ежедневными прогнозами. Получайте ",Exact-title лидер по «ИИ астролог»,Нет видимого рейтинга,Arcai — ИИ Астролог,HYPOTHESIS: Arcai ranks #1 via exact title in a young SERP; several fresh AI-native apps compete below.,MEOU AI writes finite forecasts/questions grounded in saved chart context without pretending to calculate transits.,MEOU intentionally is not a full-screen endless chat; users may expect chat from this query.,"Use AI claim only with precise feature wording; show question bottom-sheet/forecast, not chatbot promise; build rating and trust before head attack.",52,MEDIUM BATTLE,EVIDENCE for live rank/listing facts; HYPOTHESIS for ranking reason,HIGH facts / MEDIUM inference,RuStore live search: https://www.rustore.ru/catalog/search?query=%D0%98%D0%98+%D0%B0%D1%81%D1%82%D1%80%D0%BE%D0%BB%D0%BE%D0%B3 | listing: https://www.rustore.ru/catalog/app/ru.arcai.app
2026-08-26,ИИ астролог,500,2,"AI-Астролог, Таро, Астрология, Гороскоп, Астробот",com.aiastrologer.app,https://www.rustore.ru/catalog/app/com.aiastrologer.app,"4,7",no,partial_title_match,"4,7",62,44,1 тыс +,4 авг 2026,10,"AI Астролог — это приложение с ИИ для тех, кто хочет получить персональный гороскоп, расклад таро, толкование снов, разбор натальной карты и советы на","4,7",Title перегружен пятью сущностями,see rank 1,see rank 1,see rank 1,see rank 1,see rank 1,52,MEDIUM BATTLE,EVIDENCE for live rank/listing facts; HYPOTHESIS for ranking reason,HIGH facts / MEDIUM inference,RuStore live search: https://www.rustore.ru/catalog/search?query=%D0%98%D0%98+%D0%B0%D1%81%D1%82%D1%80%D0%BE%D0%BB%D0%BE%D0%B3 | listing: https://www.rustore.ru/catalog/app/com.aiastrologer.app
2026-08-26,ИИ астролог,500,3,Astrelle — персональный ИИ-астролог,ru.astrelle.app,https://www.rustore.ru/catalog/app/ru.astrelle.app,unknown,no,exact_phrase_in_title,unknown,unknown,unknown,до 1 тыс,19 авг 2026,3,"Astrelle — персональный астрологический помощник с ИИ-астрологом. Постройте натальную карту по дате, времени и месту рождения, получайте ежедневные пе",Exact personal AI title,Нет видимого рейтинга,see rank 1,see rank 1,see rank 1,see rank 1,see rank 1,52,MEDIUM BATTLE,EVIDENCE for live rank/listing facts; HYPOTHESIS for ranking reason,HIGH facts / MEDIUM inference,RuStore live search: https://www.rustore.ru/catalog/search?query=%D0%98%D0%98+%D0%B0%D1%81%D1%82%D1%80%D0%BE%D0%BB%D0%BE%D0%B3 | listing: https://www.rustore.ru/catalog/app/ru.astrelle.app
2026-08-26,ИИ астролог,500,4,"Нейродзен — Натальная Карта, Гороскоп, Астрология",ru.neurodzen.app,https://www.rustore.ru/catalog/app/ru.neurodzen.app,"2,6",no,semantic_or_metadata_match,"2,6",5,unknown,1 тыс +,12 янв 2026,4,"Нейродзен — это личный ИИ-астролог и нумеролог, который за минуты строит натальные карты, анализирует совместимость, находит удачные периоды и отвечае",Широкое title coverage,"2,6 при 5 оценках",see rank 1,see rank 1,see rank 1,see rank 1,see rank 1,52,MEDIUM BATTLE,EVIDENCE for live rank/listing facts; HYPOTHESIS for ranking reason,HIGH facts / MEDIUM inference,RuStore live search: https://www.rustore.ru/catalog/search?query=%D0%98%D0%98+%D0%B0%D1%81%D1%82%D1%80%D0%BE%D0%BB%D0%BE%D0%B3 | listing: https://www.rustore.ru/catalog/app/ru.neurodzen.app
2026-08-26,ИИ астролог,500,5,"SoulMap: ИИ-астролог, астрология, натальная карта",pro.soulmap.app,https://www.rustore.ru/catalog/app/pro.soulmap.app,unknown,no,exact_phrase_in_title,unknown,unknown,unknown,до 1 тыс,21 авг 2026,6,"SoulMap — астрология и личный ИИ-астролог «Астра», который помнит ваш путь. Большинство гороскопов пишут сразу для всех, кто родился под одним знаком",Fresh 21 авг 2026,Нет видимого рейтинга,see rank 1,see rank 1,see rank 1,see rank 1,see rank 1,52,MEDIUM BATTLE,EVIDENCE for live rank/listing facts; HYPOTHESIS for ranking reason,HIGH facts / MEDIUM inference,RuStore live search: https://www.rustore.ru/catalog/search?query=%D0%98%D0%98+%D0%B0%D1%81%D1%82%D1%80%D0%BE%D0%BB%D0%BE%D0%B3 | listing: https://www.rustore.ru/catalog/app/pro.soulmap.app
2026-08-26,ИИ астролог,500,6,Astrollo AI — натальная карта и гороскопы,ru.astrolloai.app,https://www.rustore.ru/catalog/app/ru.astrolloai.app,"5,0",no,semantic_or_metadata_match,"5,0",26,24,до 1 тыс,4 авг 2026,8,"Astrollo AI — твой персональный AI-астролог в телефоне. Рассчитай натальную карту и матрицу судьбы по дате рождения, читай гороскоп на сегодня и прове","5,0",До 1 тыс установок и только 26 оценок,see rank 1,see rank 1,see rank 1,see rank 1,see rank 1,52,MEDIUM BATTLE,EVIDENCE for live rank/listing facts; HYPOTHESIS for ranking reason,HIGH facts / MEDIUM inference,RuStore live search: https://www.rustore.ru/catalog/search?query=%D0%98%D0%98+%D0%B0%D1%81%D1%82%D1%80%D0%BE%D0%BB%D0%BE%D0%B3 | listing: https://www.rustore.ru/catalog/app/ru.astrolloai.app
2026-08-26,ИИ астролог,500,7,"Гороскоп, Нумерология, Совместимость: ИИ AxioNika",com.P.E.O.AxioNika,https://www.rustore.ru/catalog/app/com.P.E.O.AxioNika,"4,8",no,partial_title_match,unknown,unknown,unknown,unknown,unknown,unknown,Positioning inferred from visible RuStore title only.,"Visible rating 4,8 in search.",Detail metrics not audited in 25-app deep sample.,see rank 1,see rank 1,see rank 1,see rank 1,see rank 1,52,MEDIUM BATTLE,EVIDENCE for live rank/listing facts; HYPOTHESIS for ranking reason,HIGH rank / LOW detail,RuStore live search: https://www.rustore.ru/catalog/search?query=%D0%98%D0%98+%D0%B0%D1%81%D1%82%D1%80%D0%BE%D0%BB%D0%BE%D0%B3
2026-08-26,ИИ астролог,500,8,ИИ Гороскоп,ru.evgeniykim.aihoroscope,https://www.rustore.ru/catalog/app/ru.evgeniykim.aihoroscope,unknown,no,partial_title_match,unknown,unknown,unknown,unknown,unknown,unknown,Positioning inferred from visible RuStore title only.,Top-10 visibility for the exact query.,No rating visible in search; detail listing not in 25-app deep sample.,see rank 1,see rank 1,see rank 1,see rank 1,see rank 1,52,MEDIUM BATTLE,EVIDENCE for live rank/listing facts; HYPOTHESIS for ranking reason,HIGH rank / LOW detail,RuStore live search: https://www.rustore.ru/catalog/search?query=%D0%98%D0%98+%D0%B0%D1%81%D1%82%D1%80%D0%BE%D0%BB%D0%BE%D0%B3
2026-08-26,ИИ астролог,500,9,AstroPersona — твой гороскоп и натальная карта,com.astropersona,https://www.rustore.ru/catalog/app/com.astropersona,"4,0",no,semantic_or_metadata_match,"4,0",12,5,3 тыс +,13 мар 2026,8,"Персональный гороскоп, персональный ИИ астролог, натальная карта и описание, прогноз на месяц по данным рождения, ответы на хорарные вопросы, личная с",3 тыс+,"4,0",see rank 1,see rank 1,see rank 1,see rank 1,see rank 1,52,MEDIUM BATTLE,EVIDENCE for live rank/listing facts; HYPOTHESIS for ranking reason,HIGH facts / MEDIUM inference,RuStore live search: https://www.rustore.ru/catalog/search?query=%D0%98%D0%98+%D0%B0%D1%81%D1%82%D1%80%D0%BE%D0%BB%D0%BE%D0%B3 | listing: https://www.rustore.ru/catalog/app/com.astropersona
2026-08-26,ИИ астролог,500,10,Астролог,com.sdkred.astrologer,https://www.rustore.ru/catalog/app/com.sdkred.astrologer,unknown,no,partial_title_match,unknown,unknown,unknown,unknown,unknown,unknown,Positioning inferred from visible RuStore title only.,Top-10 visibility for the exact query.,No rating visible in search; detail listing not in 25-app deep sample.,see rank 1,see rank 1,see rank 1,see rank 1,see rank 1,52,MEDIUM BATTLE,EVIDENCE for live rank/listing facts; HYPOTHESIS for ranking reason,HIGH rank / LOW detail,RuStore live search: https://www.rustore.ru/catalog/search?query=%D0%98%D0%98+%D0%B0%D1%81%D1%82%D1%80%D0%BE%D0%BB%D0%BE%D0%B3
2026-08-26,астрология,294,1,"AI-Астролог, Таро, Астрология, Гороскоп, Астробот",com.aiastrologer.app,https://www.rustore.ru/catalog/app/com.aiastrologer.app,"4,7",no,exact_phrase_in_title,"4,7",62,44,1 тыс +,4 авг 2026,10,"AI Астролог — это приложение с ИИ для тех, кто хочет получить персональный гороскоп, расклад таро, толкование снов, разбор натальной карты и советы на","4,7",Title перегружен пятью сущностями,"AI-Астролог, Таро, Астрология, Гороскоп, Астробот","HYPOTHESIS: broad SERP rewards an established 4,7 multiproduct listing; intent is diffuse and competition cross-cluster.",MEOU offers a coherent ecosystem and plain-language encyclopedia.,Broad head intent has lower conversion specificity; new brand lacks category authority.,"Earn positions via natal/personal/compatibility clusters first; publish fresh updates; accumulate installs/reviews; use broad term in full description, not keyword-stuffed title.",25,STRATEGIC BATTLE,EVIDENCE for live rank/listing facts; HYPOTHESIS for ranking reason,HIGH facts / MEDIUM inference,RuStore live search: https://www.rustore.ru/catalog/search?query=%D0%B0%D1%81%D1%82%D1%80%D0%BE%D0%BB%D0%BE%D0%B3%D0%B8%D1%8F | listing: https://www.rustore.ru/catalog/app/com.aiastrologer.app
2026-08-26,астрология,294,2,Натальная карта. Астрология. Матрица Судьбы,com.matricasudbu.app.astro,https://www.rustore.ru/catalog/app/com.matricasudbu.app.astro,"4,9",no,exact_phrase_in_title,"4,9",205,24,3 тыс +,2 авг 2026,5,"Приложение ""Натальная карта. Астрология. Матрица Судьбы"" — это ваш личный астрологический помощник, который поможет раскрыть тайны вашего рождения, по","4,9 при 205 оценках",В отзывах видны жалобы на UTC/место рождения и регистрацию,see rank 1,see rank 1,see rank 1,see rank 1,see rank 1,25,STRATEGIC BATTLE,EVIDENCE for live rank/listing facts; HYPOTHESIS for ranking reason,HIGH facts / MEDIUM inference,RuStore live search: https://www.rustore.ru/catalog/search?query=%D0%B0%D1%81%D1%82%D1%80%D0%BE%D0%BB%D0%BE%D0%B3%D0%B8%D1%8F | listing: https://www.rustore.ru/catalog/app/com.matricasudbu.app.astro
2026-08-26,астрология,294,3,Астрологические Карты Lite,ru.astro.chartslite,https://www.rustore.ru/catalog/app/ru.astro.chartslite,"4,4",no,semantic_or_metadata_match,unknown,unknown,unknown,unknown,unknown,unknown,Positioning inferred from visible RuStore title only.,"Visible rating 4,4 in search.",Detail metrics not audited in 25-app deep sample.,see rank 1,see rank 1,see rank 1,see rank 1,see rank 1,25,STRATEGIC BATTLE,EVIDENCE for live rank/listing facts; HYPOTHESIS for ranking reason,HIGH rank / LOW detail,RuStore live search: https://www.rustore.ru/catalog/search?query=%D0%B0%D1%81%D1%82%D1%80%D0%BE%D0%BB%D0%BE%D0%B3%D0%B8%D1%8F
2026-08-26,астрология,294,4,"AstroStar: Гороскопы, Астрология, Натальная карта",ru.astrostar.yakuba.android,https://www.rustore.ru/catalog/app/ru.astrostar.yakuba.android,"4,6",no,exact_phrase_in_title,unknown,unknown,unknown,unknown,unknown,unknown,Positioning inferred from visible RuStore title only.,Exact keyword match in visible title.,Detail metrics not audited in 25-app deep sample.,see rank 1,see rank 1,see rank 1,see rank 1,see rank 1,25,STRATEGIC BATTLE,EVIDENCE for live rank/listing facts; HYPOTHESIS for ranking reason,HIGH rank / LOW detail,RuStore live search: https://www.rustore.ru/catalog/search?query=%D0%B0%D1%81%D1%82%D1%80%D0%BE%D0%BB%D0%BE%D0%B3%D0%B8%D1%8F
2026-08-26,астрология,294,5,Salamandra — астрология,pro.salamandra.app,https://www.rustore.ru/catalog/app/pro.salamandra.app,unknown,no,exact_phrase_in_title,unknown,unknown,unknown,unknown,unknown,unknown,Positioning inferred from visible RuStore title only.,Exact keyword match in visible title.,No rating visible in search; detail listing not in 25-app deep sample.,see rank 1,see rank 1,see rank 1,see rank 1,see rank 1,25,STRATEGIC BATTLE,EVIDENCE for live rank/listing facts; HYPOTHESIS for ranking reason,HIGH rank / LOW detail,RuStore live search: https://www.rustore.ru/catalog/search?query=%D0%B0%D1%81%D1%82%D1%80%D0%BE%D0%BB%D0%BE%D0%B3%D0%B8%D1%8F
2026-08-26,астрология,294,6,AstroVizor,com.semnon.astrovfr,https://www.rustore.ru/catalog/app/com.semnon.astrovfr,"4,7",no,semantic_or_metadata_match,unknown,unknown,unknown,unknown,unknown,unknown,Positioning inferred from visible RuStore title only.,"Visible rating 4,7 in search.",Detail metrics not audited in 25-app deep sample.,see rank 1,see rank 1,see rank 1,see rank 1,see rank 1,25,STRATEGIC BATTLE,EVIDENCE for live rank/listing facts; HYPOTHESIS for ranking reason,HIGH rank / LOW detail,RuStore live search: https://www.rustore.ru/catalog/search?query=%D0%B0%D1%81%D1%82%D1%80%D0%BE%D0%BB%D0%BE%D0%B3%D0%B8%D1%8F
2026-08-26,астрология,294,7,Гороскоп на каждый день: Астрология & Гороскопы,com.foresko.horoscopes,https://www.rustore.ru/catalog/app/com.foresko.horoscopes,"4,4",no,exact_phrase_in_title,"4,4",192,37,9 тыс +,26 авг 2025,4,"Представляем вам точный гороскоп на каждый день – превосходное приложение для тех, кто хочет узнать о том, что такое астрология и совместимость знаков",9 тыс+,"4,4",see rank 1,see rank 1,see rank 1,see rank 1,see rank 1,25,STRATEGIC BATTLE,EVIDENCE for live rank/listing facts; HYPOTHESIS for ranking reason,HIGH facts / MEDIUM inference,RuStore live search: https://www.rustore.ru/catalog/search?query=%D0%B0%D1%81%D1%82%D1%80%D0%BE%D0%BB%D0%BE%D0%B3%D0%B8%D1%8F | listing: https://www.rustore.ru/catalog/app/com.foresko.horoscopes
2026-08-26,астрология,294,8,AxWap Астрология,com.axwap.astrology,https://www.rustore.ru/catalog/app/com.axwap.astrology,"4,5",no,exact_phrase_in_title,unknown,unknown,unknown,unknown,unknown,unknown,Positioning inferred from visible RuStore title only.,Exact keyword match in visible title.,Detail metrics not audited in 25-app deep sample.,see rank 1,see rank 1,see rank 1,see rank 1,see rank 1,25,STRATEGIC BATTLE,EVIDENCE for live rank/listing facts; HYPOTHESIS for ranking reason,HIGH rank / LOW detail,RuStore live search: https://www.rustore.ru/catalog/search?query=%D0%B0%D1%81%D1%82%D1%80%D0%BE%D0%BB%D0%BE%D0%B3%D0%B8%D1%8F
2026-08-26,астрология,294,9,Астрология + нумерология,ilko.soft.karmaanalysis,https://www.rustore.ru/catalog/app/ilko.soft.karmaanalysis,unknown,no,exact_phrase_in_title,unknown,unknown,unknown,unknown,unknown,unknown,Positioning inferred from visible RuStore title only.,Exact keyword match in visible title.,No rating visible in search; detail listing not in 25-app deep sample.,see rank 1,see rank 1,see rank 1,see rank 1,see rank 1,25,STRATEGIC BATTLE,EVIDENCE for live rank/listing facts; HYPOTHESIS for ranking reason,HIGH rank / LOW detail,RuStore live search: https://www.rustore.ru/catalog/search?query=%D0%B0%D1%81%D1%82%D1%80%D0%BE%D0%BB%D0%BE%D0%B3%D0%B8%D1%8F
2026-08-26,астрология,294,10,Совместимость. Астрология,com.xeen_software.compatibility,https://www.rustore.ru/catalog/app/com.xeen_software.compatibility,unknown,no,exact_phrase_in_title,unknown,unknown,unknown,до 1 тыс,26 сент 2025,3,"Узнайте свою совместимость, основанную на индивидуальных астрологических расчетах по дате рождения. Астрологическая совместимость - это не только совп",№1 по «совместимость по дате рождения»,Нет видимого рейтинга,see rank 1,see rank 1,see rank 1,see rank 1,see rank 1,25,STRATEGIC BATTLE,EVIDENCE for live rank/listing facts; HYPOTHESIS for ranking reason,HIGH facts / MEDIUM inference,RuStore live search: https://www.rustore.ru/catalog/search?query=%D0%B0%D1%81%D1%82%D1%80%D0%BE%D0%BB%D0%BE%D0%B3%D0%B8%D1%8F | listing: https://www.rustore.ru/catalog/app/com.xeen_software.compatibility
