"keyword","cluster","intent","product_relevance","journey_stage","availability","status","source_type","source_evidence","demand_proxy","demand_score","competition_score","rustore_relevance","conversion_potential","business_value","strategic_value","winability_score","opportunity_score","tier","target","metadata_placement","notes"
"гороскоп","Гороскопы и персональные прогнозы","Получить прогноз на нужный период или персональный гороскоп","9","Acquisition","Mixed","Target","Evidence","RuStore SERP 2026-08-26: 500 results; top results include exact-title Гороскоп apps and ENIGMATA","RuStore volume unavailable — proxy: exact SERP evidence and title saturation; result count is not search volume","9","10","10","7","7","10","56","79","S","TOP-1","short/full","Стратегическая TOP-1 цель; сначала индексация и CVR затем рейтинг отзывы и install velocity; гарантии TOP-1 нет"
"гороскоп сегодня","Гороскопы и персональные прогнозы","Получить прогноз на нужный период или персональный гороскоп","9","Retention","Mixed","Target","Proxy","Observed RuStore SERP; planned authenticated validation in ASOdesk Search Explorer https://hq.asodesk.com/stores-analytics/search-explorer?locale=ru","RuStore volume unavailable — proxy: RuStore SERP now; ASOdesk Daily Impressions and Difficulty pending login; no demo metrics used","6","7","9","8","7","8","60","74","A","TOP-3","short/full","Высокая продуктовая близость; цель TOP-3 после проверки фактической позиции и CVR"
"гороскоп на сегодня","Гороскопы и персональные прогнозы","Получить прогноз на нужный период или персональный гороскоп","10","Retention","Mixed","Target","Proxy","Semantic expansion from observed RuStore SERP гороскоп — 500 results; exact variant rank not measured","RuStore volume unavailable — proxy: observed RuStore cluster and competitor metadata; exact frequency unknown","9","9","10","9","8","10","61","86","S","TOP-1","short","Стратегическая TOP-1 цель; сначала индексация и CVR затем рейтинг отзывы и install velocity; гарантии TOP-1 нет"
"ежедневный гороскоп","Гороскопы и персональные прогнозы","Получить прогноз на нужный период или персональный гороскоп","9","Acquisition","Mixed","Target","Evidence","RuStore SERP 2026-08-26 for гороскоп: ENIGMATA title contains Ежедневный гороскоп","RuStore volume unavailable — proxy: exact SERP evidence and title saturation; result count is not search volume","8","9","10","8","7","9","58","79","S","TOP-1","short/full","Стратегическая TOP-1 цель; сначала индексация и CVR затем рейтинг отзывы и install velocity; гарантии TOP-1 нет"
"гороскоп на каждый день","Гороскопы и персональные прогнозы","Получить прогноз на нужный период или персональный гороскоп","9","Retention","Mixed","Target","Evidence","RuStore SERP 2026-08-26 for гороскоп: multiple top-10 titles contain Гороскоп на каждый день","RuStore volume unavailable — proxy: exact SERP evidence and title saturation; result count is not search volume","6","7","9","8","7","8","60","74","A","TOP-3","short/full","Высокая продуктовая близость; цель TOP-3 после проверки фактической позиции и CVR"
"гороскоп на неделю","Гороскопы и персональные прогнозы","Получить прогноз на нужный период или персональный гороскоп","9","Retention","Premium","Target","Proxy","Semantic expansion from observed RuStore SERP гороскоп — 500 results; exact variant rank not measured","RuStore volume unavailable — proxy: observed RuStore cluster and competitor metadata; exact frequency unknown","6","7","9","8","7","8","60","74","S","TOP-1","short/full","Стратегическая TOP-1 цель; сначала индексация и CVR затем рейтинг отзывы и install velocity; гарантии TOP-1 нет"
"гороскоп на месяц","Гороскопы и персональные прогнозы","Получить прогноз на нужный период или персональный гороскоп","9","Retention","Premium","Target","Proxy","Semantic expansion from observed RuStore SERP гороскоп — 500 results; exact variant rank not measured","RuStore volume unavailable — proxy: observed RuStore cluster and competitor metadata; exact frequency unknown","6","7","9","8","7","8","60","74","S","TOP-1","short/full","Стратегическая TOP-1 цель; сначала индексация и CVR затем рейтинг отзывы и install velocity; гарантии TOP-1 нет"
"личный гороскоп","Гороскопы и персональные прогнозы","Получить прогноз на нужный период или персональный гороскоп","10","Acquisition","Mixed","Target","Proxy","Semantic expansion from observed RuStore SERP гороскоп — 500 results; exact variant rank not measured","RuStore volume unavailable — proxy: observed RuStore cluster and competitor metadata; exact frequency unknown","8","8","10","9","9","10","63","87","S","TOP-1","short","Стратегическая TOP-1 цель; сначала индексация и CVR затем рейтинг отзывы и install velocity; гарантии TOP-1 нет"
"персональный гороскоп","Гороскопы и персональные прогнозы","Получить прогноз на нужный период или персональный гороскоп","10","Acquisition","Mixed","Target","Proxy","Semantic expansion from observed RuStore SERP гороскоп — 500 results; exact variant rank not measured","RuStore volume unavailable — proxy: observed RuStore cluster and competitor metadata; exact frequency unknown","7","8","10","9","9","10","63","85","S","TOP-1","short","Стратегическая TOP-1 цель; сначала индексация и CVR затем рейтинг отзывы и install velocity; гарантии TOP-1 нет"
"гороскоп по дате рождения","Гороскопы и персональные прогнозы","Получить прогноз на нужный период или персональный гороскоп","9","Acquisition","Mixed","Target","Proxy","Semantic expansion from observed RuStore SERP гороскоп — 500 results; exact variant rank not measured","RuStore volume unavailable — proxy: observed RuStore cluster and competitor metadata; exact frequency unknown","6","7","9","8","7","8","60","74","A","TOP-3","short/full","Высокая продуктовая близость; цель TOP-3 после проверки фактической позиции и CVR"
"индивидуальный гороскоп","Гороскопы и персональные прогнозы","Получить прогноз на нужный период или персональный гороскоп","9","Acquisition","Mixed","Target","Proxy","Semantic expansion from observed RuStore SERP гороскоп — 500 results; exact variant rank not measured","RuStore volume unavailable — proxy: observed RuStore cluster and competitor metadata; exact frequency unknown","6","7","9","8","7","8","60","74","A","TOP-3","short/full","Высокая продуктовая близость; цель TOP-3 после проверки фактической позиции и CVR"
"точный гороскоп","Гороскопы и персональные прогнозы","Получить прогноз на нужный период или персональный гороскоп","9","Acquisition","Mixed","Target","Proxy","Semantic expansion from observed RuStore SERP гороскоп — 500 results; exact variant rank not measured","RuStore volume unavailable — proxy: observed RuStore cluster and competitor metadata; exact frequency unknown","6","7","9","8","7","8","60","74","B","TOP-10","full","Расширяет качественное ядро; покрывать кластером и естественной морфологией без дословного перечисления"
"астропрогноз","Гороскопы и персональные прогнозы","Получить прогноз на нужный период или персональный гороскоп","9","Acquisition","Mixed","Target","Proxy","Semantic expansion from observed RuStore SERP гороскоп — 500 results; exact variant rank not measured","RuStore volume unavailable — proxy: observed RuStore cluster and competitor metadata; exact frequency unknown","6","7","9","8","7","8","60","74","B","TOP-10","full","Расширяет качественное ядро; покрывать кластером и естественной морфологией без дословного перечисления"
"астрологический прогноз","Гороскопы и персональные прогнозы","Получить прогноз на нужный период или персональный гороскоп","9","Acquisition","Mixed","Target","Proxy","Semantic expansion from observed RuStore SERP гороскоп — 500 results; exact variant rank not measured","RuStore volume unavailable — proxy: observed RuStore cluster and competitor metadata; exact frequency unknown","6","7","9","8","7","8","60","74","B","TOP-10","full","Расширяет качественное ядро; покрывать кластером и естественной морфологией без дословного перечисления"
"персональный прогноз","Гороскопы и персональные прогнозы","Получить прогноз на нужный период или персональный гороскоп","9","Acquisition","Mixed","Target","Proxy","Semantic expansion from observed RuStore SERP гороскоп — 500 results; exact variant rank not measured","RuStore volume unavailable — proxy: observed RuStore cluster and competitor metadata; exact frequency unknown","6","7","9","8","7","8","60","74","A","TOP-3","short/full","Высокая продуктовая близость; цель TOP-3 после проверки фактической позиции и CVR"
"личный прогноз","Гороскопы и персональные прогнозы","Получить прогноз на нужный период или персональный гороскоп","9","Acquisition","Mixed","Target","Proxy","Semantic expansion from observed RuStore SERP гороскоп — 500 results; exact variant rank not measured","RuStore volume unavailable — proxy: observed RuStore cluster and competitor metadata; exact frequency unknown","6","7","9","8","7","8","60","74","B","TOP-10","full","Расширяет качественное ядро; покрывать кластером и естественной морфологией без дословного перечисления"
"прогноз на сегодня","Гороскопы и персональные прогнозы","Получить прогноз на нужный период или персональный гороскоп","9","Retention","Mixed","Target","Proxy","Semantic expansion from observed RuStore SERP гороскоп — 500 results; exact variant rank not measured","RuStore volume unavailable — proxy: observed RuStore cluster and competitor metadata; exact frequency unknown","6","7","9","8","7","8","60","74","B","TOP-10","full","Расширяет качественное ядро; покрывать кластером и естественной морфологией без дословного перечисления"
"личный прогноз на сегодня","Гороскопы и персональные прогнозы","Получить прогноз на нужный период или персональный гороскоп","10","Retention","Mixed","Target","Proxy","Semantic expansion from observed RuStore SERP гороскоп — 500 results; exact variant rank not measured","RuStore volume unavailable — proxy: observed RuStore cluster and competitor metadata; exact frequency unknown","6","6","9","10","9","9","66","84","A","TOP-3","short/full","Высокая продуктовая близость; цель TOP-3 после проверки фактической позиции и CVR"
"персональный прогноз на сегодня","Гороскопы и персональные прогнозы","Получить прогноз на нужный период или персональный гороскоп","9","Retention","Mixed","Target","Proxy","Semantic expansion from observed RuStore SERP гороскоп — 500 results; exact variant rank not measured","RuStore volume unavailable — proxy: observed RuStore cluster and competitor metadata; exact frequency unknown","6","7","9","8","7","8","60","74","A","TOP-3","short/full","Высокая продуктовая близость; цель TOP-3 после проверки фактической позиции и CVR"
"прогноз на неделю","Гороскопы и персональные прогнозы","Получить прогноз на нужный период или персональный гороскоп","9","Retention","Premium","Target","Proxy","Semantic expansion from observed RuStore SERP гороскоп — 500 results; exact variant rank not measured","RuStore volume unavailable — proxy: observed RuStore cluster and competitor metadata; exact frequency unknown","6","7","9","8","7","8","60","74","B","TOP-10","full","Расширяет качественное ядро; покрывать кластером и естественной морфологией без дословного перечисления"
"личный прогноз на неделю","Гороскопы и персональные прогнозы","Получить прогноз на нужный период или персональный гороскоп","9","Retention","Premium","Target","Proxy","Semantic expansion from observed RuStore SERP гороскоп — 500 results; exact variant rank not measured","RuStore volume unavailable — proxy: observed RuStore cluster and competitor metadata; exact frequency unknown","6","7","9","8","7","8","60","74","A","TOP-3","short/full","Высокая продуктовая близость; цель TOP-3 после проверки фактической позиции и CVR"
"персональный прогноз на неделю","Гороскопы и персональные прогнозы","Получить прогноз на нужный период или персональный гороскоп","9","Retention","Premium","Target","Proxy","Semantic expansion from observed RuStore SERP гороскоп — 500 results; exact variant rank not measured","RuStore volume unavailable — proxy: observed RuStore cluster and competitor metadata; exact frequency unknown","6","7","9","8","7","8","60","74","B","TOP-10","full","Расширяет качественное ядро; покрывать кластером и естественной морфологией без дословного перечисления"
"прогноз на месяц","Гороскопы и персональные прогнозы","Получить прогноз на нужный период или персональный гороскоп","9","Retention","Premium","Target","Proxy","Semantic expansion from observed RuStore SERP гороскоп — 500 results; exact variant rank not measured","RuStore volume unavailable — proxy: observed RuStore cluster and competitor metadata; exact frequency unknown","6","7","9","8","7","8","60","74","B","TOP-10","full","Расширяет качественное ядро; покрывать кластером и естественной морфологией без дословного перечисления"
"личный прогноз на месяц","Гороскопы и персональные прогнозы","Получить прогноз на нужный период или персональный гороскоп","9","Retention","Premium","Target","Proxy","Semantic expansion from observed RuStore SERP гороскоп — 500 results; exact variant rank not measured","RuStore volume unavailable — proxy: observed RuStore cluster and competitor metadata; exact frequency unknown","6","7","9","8","7","8","60","74","A","TOP-3","short/full","Высокая продуктовая близость; цель TOP-3 после проверки фактической позиции и CVR"
"персональный прогноз на месяц","Гороскопы и персональные прогнозы","Получить прогноз на нужный период или персональный гороскоп","9","Retention","Premium","Target","Proxy","Semantic expansion from observed RuStore SERP гороскоп — 500 results; exact variant rank not measured","RuStore volume unavailable — proxy: observed RuStore cluster and competitor metadata; exact frequency unknown","6","7","9","8","7","8","60","74","B","TOP-10","full","Расширяет качественное ядро; покрывать кластером и естественной морфологией без дословного перечисления"
"гороскоп по знакам зодиака","Гороскопы и персональные прогнозы","Получить прогноз на нужный период или персональный гороскоп","9","Acquisition","Mixed","Target","Proxy","Semantic expansion from observed RuStore SERP гороскоп — 500 results; exact variant rank not measured","RuStore volume unavailable — proxy: observed RuStore cluster and competitor metadata; exact frequency unknown","6","7","9","8","7","8","60","74","A","TOP-3","short/full","Высокая продуктовая близость; цель TOP-3 после проверки фактической позиции и CVR"
"гороскоп по знаку зодиака","Гороскопы и персональные прогнозы","Получить прогноз на нужный период или персональный гороскоп","9","Acquisition","Mixed","Target","Proxy","Semantic expansion from observed RuStore SERP гороскоп — 500 results; exact variant rank not measured","RuStore volume unavailable — proxy: observed RuStore cluster and competitor metadata; exact frequency unknown","6","7","9","8","7","8","60","74","B","TOP-10","full","Расширяет качественное ядро; покрывать кластером и естественной морфологией без дословного перечисления"
"гороскопы для всех знаков","Гороскопы и персональные прогнозы","Получить прогноз на нужный период или персональный гороскоп","9","Acquisition","Mixed","Target","Proxy","Semantic expansion from observed RuStore SERP гороскоп — 500 results; exact variant rank not measured","RuStore volume unavailable — proxy: observed RuStore cluster and competitor metadata; exact frequency unknown","6","7","9","8","7","8","60","74","B","TOP-10","full","Расширяет качественное ядро; покрывать кластером и естественной морфологией без дословного перечисления"
"гороскоп приложение","Гороскопы и персональные прогнозы","Получить прогноз на нужный период или персональный гороскоп","9","Acquisition","Mixed","Target","Proxy","Semantic expansion from observed RuStore SERP гороскоп — 500 results; exact variant rank not measured","RuStore volume unavailable — proxy: observed RuStore cluster and competitor metadata; exact frequency unknown","6","7","9","8","7","8","60","74","B","TOP-10","full","Расширяет качественное ядро; покрывать кластером и естественной морфологией без дословного перечисления"
"приложение гороскоп","Гороскопы и персональные прогнозы","Получить прогноз на нужный период или персональный гороскоп","9","Acquisition","Mixed","Target","Proxy","Semantic expansion from observed RuStore SERP гороскоп — 500 results; exact variant rank not measured","RuStore volume unavailable — proxy: observed RuStore cluster and competitor metadata; exact frequency unknown","6","7","9","8","7","8","60","74","B","TOP-10","full","Расширяет качественное ядро; покрывать кластером и естественной морфологией без дословного перечисления"
"лучший гороскоп на сегодня","Гороскопы и персональные прогнозы","Получить прогноз на нужный период или персональный гороскоп","9","Retention","Mixed","Target","Proxy","Semantic expansion from observed RuStore SERP гороскоп — 500 results; exact variant rank not measured","RuStore volume unavailable — proxy: observed RuStore cluster and competitor metadata; exact frequency unknown","6","7","9","8","7","8","60","74","B","TOP-10","full","Расширяет качественное ядро; покрывать кластером и естественной морфологией без дословного перечисления"
"правдивый гороскоп","Гороскопы и персональные прогнозы","Получить прогноз на нужный период или персональный гороскоп","9","Acquisition","Mixed","Target","Proxy","Semantic expansion from observed RuStore SERP гороскоп — 500 results; exact variant rank not measured","RuStore volume unavailable — proxy: observed RuStore cluster and competitor metadata; exact frequency unknown","6","7","9","8","7","8","60","74","B","TOP-10","full","Расширяет качественное ядро; покрывать кластером и естественной морфологией без дословного перечисления"
"гороскоп без регистрации","Гороскопы и персональные прогнозы","Получить прогноз на нужный период или персональный гороскоп","9","Acquisition","Mixed","Target","Proxy","Semantic expansion from observed RuStore SERP гороскоп — 500 results; exact variant rank not measured","RuStore volume unavailable — proxy: observed RuStore cluster and competitor metadata; exact frequency unknown","6","7","9","8","7","8","60","74","B","TOP-10","full","Расширяет качественное ядро; покрывать кластером и естественной морфологией без дословного перечисления"
"гороскоп бесплатно","Гороскопы и персональные прогнозы","Получить прогноз на нужный период или персональный гороскоп","9","Acquisition","Mixed","Target","Proxy","Semantic expansion from observed RuStore SERP гороскоп — 500 results; exact variant rank not measured","RuStore volume unavailable — proxy: observed RuStore cluster and competitor metadata; exact frequency unknown","6","7","9","8","7","8","60","74","B","TOP-10","full","Расширяет качественное ядро; покрывать кластером и естественной морфологией без дословного перечисления"
"персональный гороскоп бесплатно","Гороскопы и персональные прогнозы","Получить прогноз на нужный период или персональный гороскоп","9","Acquisition","Mixed","Target","Proxy","Semantic expansion from observed RuStore SERP гороскоп — 500 results; exact variant rank not measured","RuStore volume unavailable — proxy: observed RuStore cluster and competitor metadata; exact frequency unknown","6","7","9","8","7","8","60","74","B","TOP-10","full","Расширяет качественное ядро; покрывать кластером и естественной морфологией без дословного перечисления"
"гороскоп по времени рождения","Гороскопы и персональные прогнозы","Получить прогноз на нужный период или персональный гороскоп","9","Acquisition","Mixed","Target","Proxy","Semantic expansion from observed RuStore SERP гороскоп — 500 results; exact variant rank not measured","RuStore volume unavailable — proxy: observed RuStore cluster and competitor metadata; exact frequency unknown","6","7","9","8","7","8","60","74","B","TOP-10","full","Расширяет качественное ядро; покрывать кластером и естественной морфологией без дословного перечисления"
"гороскоп по месту рождения","Гороскопы и персональные прогнозы","Получить прогноз на нужный период или персональный гороскоп","9","Acquisition","Mixed","Target","Proxy","Semantic expansion from observed RuStore SERP гороскоп — 500 results; exact variant rank not measured","RuStore volume unavailable — proxy: observed RuStore cluster and competitor metadata; exact frequency unknown","6","7","9","8","7","8","60","74","B","TOP-10","full","Расширяет качественное ядро; покрывать кластером и естественной морфологией без дословного перечисления"
"гороскоп с учетом времени рождения","Гороскопы и персональные прогнозы","Получить прогноз на нужный период или персональный гороскоп","9","Acquisition","Mixed","Target","Proxy","Semantic expansion from observed RuStore SERP гороскоп — 500 results; exact variant rank not measured","RuStore volume unavailable — proxy: observed RuStore cluster and competitor metadata; exact frequency unknown","6","7","9","8","7","8","60","74","B","TOP-10","full","Расширяет качественное ядро; покрывать кластером и естественной морфологией без дословного перечисления"
"гороскоп с учетом натальной карты","Гороскопы и персональные прогнозы","Получить прогноз на нужный период или персональный гороскоп","9","Acquisition","Mixed","Target","Proxy","Semantic expansion from observed RuStore SERP гороскоп — 500 results; exact variant rank not measured","RuStore volume unavailable — proxy: observed RuStore cluster and competitor metadata; exact frequency unknown","6","7","9","8","7","8","60","74","B","TOP-10","full","Расширяет качественное ядро; покрывать кластером и естественной морфологией без дословного перечисления"
"личный астропрогноз","Гороскопы и персональные прогнозы","Получить прогноз на нужный период или персональный гороскоп","9","Acquisition","Mixed","Target","Proxy","Semantic expansion from observed RuStore SERP гороскоп — 500 results; exact variant rank not measured","RuStore volume unavailable — proxy: observed RuStore cluster and competitor metadata; exact frequency unknown","6","7","9","8","7","8","60","74","B","TOP-10","full","Расширяет качественное ядро; покрывать кластером и естественной морфологией без дословного перечисления"
"прогноз по дате рождения","Гороскопы и персональные прогнозы","Получить прогноз на нужный период или персональный гороскоп","9","Acquisition","Mixed","Target","Proxy","Semantic expansion from observed RuStore SERP гороскоп — 500 results; exact variant rank not measured","RuStore volume unavailable — proxy: observed RuStore cluster and competitor metadata; exact frequency unknown","6","7","9","8","7","8","60","74","A","TOP-3","short/full","Высокая продуктовая близость; цель TOP-3 после проверки фактической позиции и CVR"
"гороскоп для меня","Гороскопы и персональные прогнозы","Получить прогноз на нужный период или персональный гороскоп","9","Acquisition","Mixed","Target","Proxy","Semantic expansion from observed RuStore SERP гороскоп — 500 results; exact variant rank not measured","RuStore volume unavailable — proxy: observed RuStore cluster and competitor metadata; exact frequency unknown","6","7","9","8","7","8","60","74","B","TOP-10","full","Расширяет качественное ядро; покрывать кластером и естественной морфологией без дословного перечисления"
"овен гороскоп","Знаки зодиака","Быстро открыть прогноз для конкретного знака","9","Acquisition","Free","Target","Proxy","Semantic expansion from observed RuStore SERP гороскоп — 500 results; exact variant rank not measured","RuStore volume unavailable — proxy: observed RuStore cluster and competitor metadata; exact frequency unknown","5","7","9","7","5","6","60","66","B","TOP-10","full via natural 12-sign coverage/visual","Расширяет качественное ядро; покрывать кластером и естественной морфологией без дословного перечисления"
"гороскоп овен сегодня","Знаки зодиака","Быстро открыть прогноз для конкретного знака","9","Retention","Free","Target","Proxy","Semantic expansion from observed RuStore SERP гороскоп — 500 results; exact variant rank not measured","RuStore volume unavailable — proxy: observed RuStore cluster and competitor metadata; exact frequency unknown","5","7","9","7","5","6","60","66","B","TOP-10","full via natural 12-sign coverage/visual","Расширяет качественное ядро; покрывать кластером и естественной морфологией без дословного перечисления"
"овен гороскоп на неделю","Знаки зодиака","Быстро открыть прогноз для конкретного знака","9","Retention","Premium","Target","Proxy","Semantic expansion from observed RuStore SERP гороскоп — 500 results; exact variant rank not measured","RuStore volume unavailable — proxy: observed RuStore cluster and competitor metadata; exact frequency unknown","5","7","9","7","5","6","60","66","B","TOP-10","full via natural 12-sign coverage/visual","Расширяет качественное ядро; покрывать кластером и естественной морфологией без дословного перечисления"
"овен гороскоп на месяц","Знаки зодиака","Быстро открыть прогноз для конкретного знака","9","Retention","Premium","Target","Proxy","Semantic expansion from observed RuStore SERP гороскоп — 500 results; exact variant rank not measured","RuStore volume unavailable — proxy: observed RuStore cluster and competitor metadata; exact frequency unknown","5","7","9","7","5","6","60","66","B","TOP-10","full via natural 12-sign coverage/visual","Расширяет качественное ядро; покрывать кластером и естественной морфологией без дословного перечисления"
"телец гороскоп","Знаки зодиака","Быстро открыть прогноз для конкретного знака","9","Acquisition","Free","Target","Proxy","Semantic expansion from observed RuStore SERP гороскоп — 500 results; exact variant rank not measured","RuStore volume unavailable — proxy: observed RuStore cluster and competitor metadata; exact frequency unknown","5","7","9","7","5","6","60","66","B","TOP-10","full via natural 12-sign coverage/visual","Расширяет качественное ядро; покрывать кластером и естественной морфологией без дословного перечисления"
"гороскоп телец сегодня","Знаки зодиака","Быстро открыть прогноз для конкретного знака","9","Retention","Free","Target","Proxy","Semantic expansion from observed RuStore SERP гороскоп — 500 results; exact variant rank not measured","RuStore volume unavailable — proxy: observed RuStore cluster and competitor metadata; exact frequency unknown","5","7","9","7","5","6","60","66","B","TOP-10","full via natural 12-sign coverage/visual","Расширяет качественное ядро; покрывать кластером и естественной морфологией без дословного перечисления"
"телец гороскоп на неделю","Знаки зодиака","Быстро открыть прогноз для конкретного знака","9","Retention","Premium","Target","Proxy","Semantic expansion from observed RuStore SERP гороскоп — 500 results; exact variant rank not measured","RuStore volume unavailable — proxy: observed RuStore cluster and competitor metadata; exact frequency unknown","5","7","9","7","5","6","60","66","B","TOP-10","full via natural 12-sign coverage/visual","Расширяет качественное ядро; покрывать кластером и естественной морфологией без дословного перечисления"
"телец гороскоп на месяц","Знаки зодиака","Быстро открыть прогноз для конкретного знака","9","Retention","Premium","Target","Proxy","Semantic expansion from observed RuStore SERP гороскоп — 500 results; exact variant rank not measured","RuStore volume unavailable — proxy: observed RuStore cluster and competitor metadata; exact frequency unknown","5","7","9","7","5","6","60","66","B","TOP-10","full via natural 12-sign coverage/visual","Расширяет качественное ядро; покрывать кластером и естественной морфологией без дословного перечисления"
"близнецы гороскоп","Знаки зодиака","Быстро открыть прогноз для конкретного знака","9","Acquisition","Free","Target","Proxy","Semantic expansion from observed RuStore SERP гороскоп — 500 results; exact variant rank not measured","RuStore volume unavailable — proxy: observed RuStore cluster and competitor metadata; exact frequency unknown","5","7","9","7","5","6","60","66","B","TOP-10","full via natural 12-sign coverage/visual","Расширяет качественное ядро; покрывать кластером и естественной морфологией без дословного перечисления"
"гороскоп близнецы сегодня","Знаки зодиака","Быстро открыть прогноз для конкретного знака","9","Retention","Free","Target","Proxy","Semantic expansion from observed RuStore SERP гороскоп — 500 results; exact variant rank not measured","RuStore volume unavailable — proxy: observed RuStore cluster and competitor metadata; exact frequency unknown","5","7","9","7","5","6","60","66","B","TOP-10","full via natural 12-sign coverage/visual","Расширяет качественное ядро; покрывать кластером и естественной морфологией без дословного перечисления"
"близнецы гороскоп на неделю","Знаки зодиака","Быстро открыть прогноз для конкретного знака","9","Retention","Premium","Target","Proxy","Semantic expansion from observed RuStore SERP гороскоп — 500 results; exact variant rank not measured","RuStore volume unavailable — proxy: observed RuStore cluster and competitor metadata; exact frequency unknown","5","7","9","7","5","6","60","66","B","TOP-10","full via natural 12-sign coverage/visual","Расширяет качественное ядро; покрывать кластером и естественной морфологией без дословного перечисления"
"близнецы гороскоп на месяц","Знаки зодиака","Быстро открыть прогноз для конкретного знака","9","Retention","Premium","Target","Proxy","Semantic expansion from observed RuStore SERP гороскоп — 500 results; exact variant rank not measured","RuStore volume unavailable — proxy: observed RuStore cluster and competitor metadata; exact frequency unknown","5","7","9","7","5","6","60","66","B","TOP-10","full via natural 12-sign coverage/visual","Расширяет качественное ядро; покрывать кластером и естественной морфологией без дословного перечисления"
"рак гороскоп","Знаки зодиака","Быстро открыть прогноз для конкретного знака","9","Acquisition","Free","Target","Proxy","Semantic expansion from observed RuStore SERP гороскоп — 500 results; exact variant rank not measured","RuStore volume unavailable — proxy: observed RuStore cluster and competitor metadata; exact frequency unknown","5","7","9","7","5","6","60","66","B","TOP-10","full via natural 12-sign coverage/visual","Расширяет качественное ядро; покрывать кластером и естественной морфологией без дословного перечисления"
"гороскоп рак сегодня","Знаки зодиака","Быстро открыть прогноз для конкретного знака","9","Retention","Free","Target","Proxy","Semantic expansion from observed RuStore SERP гороскоп — 500 results; exact variant rank not measured","RuStore volume unavailable — proxy: observed RuStore cluster and competitor metadata; exact frequency unknown","5","7","9","7","5","6","60","66","B","TOP-10","full via natural 12-sign coverage/visual","Расширяет качественное ядро; покрывать кластером и естественной морфологией без дословного перечисления"
"рак гороскоп на неделю","Знаки зодиака","Быстро открыть прогноз для конкретного знака","9","Retention","Premium","Target","Proxy","Semantic expansion from observed RuStore SERP гороскоп — 500 results; exact variant rank not measured","RuStore volume unavailable — proxy: observed RuStore cluster and competitor metadata; exact frequency unknown","5","7","9","7","5","6","60","66","B","TOP-10","full via natural 12-sign coverage/visual","Расширяет качественное ядро; покрывать кластером и естественной морфологией без дословного перечисления"
"рак гороскоп на месяц","Знаки зодиака","Быстро открыть прогноз для конкретного знака","9","Retention","Premium","Target","Proxy","Semantic expansion from observed RuStore SERP гороскоп — 500 results; exact variant rank not measured","RuStore volume unavailable — proxy: observed RuStore cluster and competitor metadata; exact frequency unknown","5","7","9","7","5","6","60","66","B","TOP-10","full via natural 12-sign coverage/visual","Расширяет качественное ядро; покрывать кластером и естественной морфологией без дословного перечисления"
"лев гороскоп","Знаки зодиака","Быстро открыть прогноз для конкретного знака","9","Acquisition","Free","Target","Proxy","Semantic expansion from observed RuStore SERP гороскоп — 500 results; exact variant rank not measured","RuStore volume unavailable — proxy: observed RuStore cluster and competitor metadata; exact frequency unknown","5","7","9","7","5","6","60","66","B","TOP-10","full via natural 12-sign coverage/visual","Расширяет качественное ядро; покрывать кластером и естественной морфологией без дословного перечисления"
"гороскоп лев сегодня","Знаки зодиака","Быстро открыть прогноз для конкретного знака","9","Retention","Free","Target","Proxy","Semantic expansion from observed RuStore SERP гороскоп — 500 results; exact variant rank not measured","RuStore volume unavailable — proxy: observed RuStore cluster and competitor metadata; exact frequency unknown","5","7","9","7","5","6","60","66","B","TOP-10","full via natural 12-sign coverage/visual","Расширяет качественное ядро; покрывать кластером и естественной морфологией без дословного перечисления"
"лев гороскоп на неделю","Знаки зодиака","Быстро открыть прогноз для конкретного знака","9","Retention","Premium","Target","Proxy","Semantic expansion from observed RuStore SERP гороскоп — 500 results; exact variant rank not measured","RuStore volume unavailable — proxy: observed RuStore cluster and competitor metadata; exact frequency unknown","5","7","9","7","5","6","60","66","B","TOP-10","full via natural 12-sign coverage/visual","Расширяет качественное ядро; покрывать кластером и естественной морфологией без дословного перечисления"
"лев гороскоп на месяц","Знаки зодиака","Быстро открыть прогноз для конкретного знака","9","Retention","Premium","Target","Proxy","Semantic expansion from observed RuStore SERP гороскоп — 500 results; exact variant rank not measured","RuStore volume unavailable — proxy: observed RuStore cluster and competitor metadata; exact frequency unknown","5","7","9","7","5","6","60","66","B","TOP-10","full via natural 12-sign coverage/visual","Расширяет качественное ядро; покрывать кластером и естественной морфологией без дословного перечисления"
"дева гороскоп","Знаки зодиака","Быстро открыть прогноз для конкретного знака","9","Acquisition","Free","Target","Proxy","Semantic expansion from observed RuStore SERP гороскоп — 500 results; exact variant rank not measured","RuStore volume unavailable — proxy: observed RuStore cluster and competitor metadata; exact frequency unknown","5","7","9","7","5","6","60","66","B","TOP-10","full via natural 12-sign coverage/visual","Расширяет качественное ядро; покрывать кластером и естественной морфологией без дословного перечисления"
"гороскоп дева сегодня","Знаки зодиака","Быстро открыть прогноз для конкретного знака","9","Retention","Free","Target","Proxy","Semantic expansion from observed RuStore SERP гороскоп — 500 results; exact variant rank not measured","RuStore volume unavailable — proxy: observed RuStore cluster and competitor metadata; exact frequency unknown","5","7","9","7","5","6","60","66","B","TOP-10","full via natural 12-sign coverage/visual","Расширяет качественное ядро; покрывать кластером и естественной морфологией без дословного перечисления"
"дева гороскоп на неделю","Знаки зодиака","Быстро открыть прогноз для конкретного знака","9","Retention","Premium","Target","Proxy","Semantic expansion from observed RuStore SERP гороскоп — 500 results; exact variant rank not measured","RuStore volume unavailable — proxy: observed RuStore cluster and competitor metadata; exact frequency unknown","5","7","9","7","5","6","60","66","B","TOP-10","full via natural 12-sign coverage/visual","Расширяет качественное ядро; покрывать кластером и естественной морфологией без дословного перечисления"
"дева гороскоп на месяц","Знаки зодиака","Быстро открыть прогноз для конкретного знака","9","Retention","Premium","Target","Proxy","Semantic expansion from observed RuStore SERP гороскоп — 500 results; exact variant rank not measured","RuStore volume unavailable — proxy: observed RuStore cluster and competitor metadata; exact frequency unknown","5","7","9","7","5","6","60","66","B","TOP-10","full via natural 12-sign coverage/visual","Расширяет качественное ядро; покрывать кластером и естественной морфологией без дословного перечисления"
"весы гороскоп","Знаки зодиака","Быстро открыть прогноз для конкретного знака","9","Acquisition","Free","Target","Proxy","Semantic expansion from observed RuStore SERP гороскоп — 500 results; exact variant rank not measured","RuStore volume unavailable — proxy: observed RuStore cluster and competitor metadata; exact frequency unknown","5","7","9","7","5","6","60","66","B","TOP-10","full via natural 12-sign coverage/visual","Расширяет качественное ядро; покрывать кластером и естественной морфологией без дословного перечисления"
"гороскоп весы сегодня","Знаки зодиака","Быстро открыть прогноз для конкретного знака","9","Retention","Free","Target","Proxy","Semantic expansion from observed RuStore SERP гороскоп — 500 results; exact variant rank not measured","RuStore volume unavailable — proxy: observed RuStore cluster and competitor metadata; exact frequency unknown","5","7","9","7","5","6","60","66","B","TOP-10","full via natural 12-sign coverage/visual","Расширяет качественное ядро; покрывать кластером и естественной морфологией без дословного перечисления"
"весы гороскоп на неделю","Знаки зодиака","Быстро открыть прогноз для конкретного знака","9","Retention","Premium","Target","Proxy","Semantic expansion from observed RuStore SERP гороскоп — 500 results; exact variant rank not measured","RuStore volume unavailable — proxy: observed RuStore cluster and competitor metadata; exact frequency unknown","5","7","9","7","5","6","60","66","B","TOP-10","full via natural 12-sign coverage/visual","Расширяет качественное ядро; покрывать кластером и естественной морфологией без дословного перечисления"
"весы гороскоп на месяц","Знаки зодиака","Быстро открыть прогноз для конкретного знака","9","Retention","Premium","Target","Proxy","Semantic expansion from observed RuStore SERP гороскоп — 500 results; exact variant rank not measured","RuStore volume unavailable — proxy: observed RuStore cluster and competitor metadata; exact frequency unknown","5","7","9","7","5","6","60","66","B","TOP-10","full via natural 12-sign coverage/visual","Расширяет качественное ядро; покрывать кластером и естественной морфологией без дословного перечисления"
"скорпион гороскоп","Знаки зодиака","Быстро открыть прогноз для конкретного знака","9","Acquisition","Free","Target","Proxy","Semantic expansion from observed RuStore SERP гороскоп — 500 results; exact variant rank not measured","RuStore volume unavailable — proxy: observed RuStore cluster and competitor metadata; exact frequency unknown","5","7","9","7","5","6","60","66","B","TOP-10","full via natural 12-sign coverage/visual","Расширяет качественное ядро; покрывать кластером и естественной морфологией без дословного перечисления"
"гороскоп скорпион сегодня","Знаки зодиака","Быстро открыть прогноз для конкретного знака","9","Retention","Free","Target","Proxy","Semantic expansion from observed RuStore SERP гороскоп — 500 results; exact variant rank not measured","RuStore volume unavailable — proxy: observed RuStore cluster and competitor metadata; exact frequency unknown","5","7","9","7","5","6","60","66","B","TOP-10","full via natural 12-sign coverage/visual","Расширяет качественное ядро; покрывать кластером и естественной морфологией без дословного перечисления"
"скорпион гороскоп на неделю","Знаки зодиака","Быстро открыть прогноз для конкретного знака","9","Retention","Premium","Target","Proxy","Semantic expansion from observed RuStore SERP гороскоп — 500 results; exact variant rank not measured","RuStore volume unavailable — proxy: observed RuStore cluster and competitor metadata; exact frequency unknown","5","7","9","7","5","6","60","66","B","TOP-10","full via natural 12-sign coverage/visual","Расширяет качественное ядро; покрывать кластером и естественной морфологией без дословного перечисления"
"скорпион гороскоп на месяц","Знаки зодиака","Быстро открыть прогноз для конкретного знака","9","Retention","Premium","Target","Proxy","Semantic expansion from observed RuStore SERP гороскоп — 500 results; exact variant rank not measured","RuStore volume unavailable — proxy: observed RuStore cluster and competitor metadata; exact frequency unknown","5","7","9","7","5","6","60","66","B","TOP-10","full via natural 12-sign coverage/visual","Расширяет качественное ядро; покрывать кластером и естественной морфологией без дословного перечисления"
"стрелец гороскоп","Знаки зодиака","Быстро открыть прогноз для конкретного знака","9","Acquisition","Free","Target","Proxy","Semantic expansion from observed RuStore SERP гороскоп — 500 results; exact variant rank not measured","RuStore volume unavailable — proxy: observed RuStore cluster and competitor metadata; exact frequency unknown","5","7","9","7","5","6","60","66","B","TOP-10","full via natural 12-sign coverage/visual","Расширяет качественное ядро; покрывать кластером и естественной морфологией без дословного перечисления"
"гороскоп стрелец сегодня","Знаки зодиака","Быстро открыть прогноз для конкретного знака","9","Retention","Free","Target","Proxy","Semantic expansion from observed RuStore SERP гороскоп — 500 results; exact variant rank not measured","RuStore volume unavailable — proxy: observed RuStore cluster and competitor metadata; exact frequency unknown","5","7","9","7","5","6","60","66","B","TOP-10","full via natural 12-sign coverage/visual","Расширяет качественное ядро; покрывать кластером и естественной морфологией без дословного перечисления"
"стрелец гороскоп на неделю","Знаки зодиака","Быстро открыть прогноз для конкретного знака","9","Retention","Premium","Target","Proxy","Semantic expansion from observed RuStore SERP гороскоп — 500 results; exact variant rank not measured","RuStore volume unavailable — proxy: observed RuStore cluster and competitor metadata; exact frequency unknown","5","7","9","7","5","6","60","66","B","TOP-10","full via natural 12-sign coverage/visual","Расширяет качественное ядро; покрывать кластером и естественной морфологией без дословного перечисления"
"стрелец гороскоп на месяц","Знаки зодиака","Быстро открыть прогноз для конкретного знака","9","Retention","Premium","Target","Proxy","Semantic expansion from observed RuStore SERP гороскоп — 500 results; exact variant rank not measured","RuStore volume unavailable — proxy: observed RuStore cluster and competitor metadata; exact frequency unknown","5","7","9","7","5","6","60","66","B","TOP-10","full via natural 12-sign coverage/visual","Расширяет качественное ядро; покрывать кластером и естественной морфологией без дословного перечисления"
"козерог гороскоп","Знаки зодиака","Быстро открыть прогноз для конкретного знака","9","Acquisition","Free","Target","Proxy","Semantic expansion from observed RuStore SERP гороскоп — 500 results; exact variant rank not measured","RuStore volume unavailable — proxy: observed RuStore cluster and competitor metadata; exact frequency unknown","5","7","9","7","5","6","60","66","B","TOP-10","full via natural 12-sign coverage/visual","Расширяет качественное ядро; покрывать кластером и естественной морфологией без дословного перечисления"
"гороскоп козерог сегодня","Знаки зодиака","Быстро открыть прогноз для конкретного знака","9","Retention","Free","Target","Proxy","Semantic expansion from observed RuStore SERP гороскоп — 500 results; exact variant rank not measured","RuStore volume unavailable — proxy: observed RuStore cluster and competitor metadata; exact frequency unknown","5","7","9","7","5","6","60","66","B","TOP-10","full via natural 12-sign coverage/visual","Расширяет качественное ядро; покрывать кластером и естественной морфологией без дословного перечисления"
"козерог гороскоп на неделю","Знаки зодиака","Быстро открыть прогноз для конкретного знака","9","Retention","Premium","Target","Proxy","Semantic expansion from observed RuStore SERP гороскоп — 500 results; exact variant rank not measured","RuStore volume unavailable — proxy: observed RuStore cluster and competitor metadata; exact frequency unknown","5","7","9","7","5","6","60","66","B","TOP-10","full via natural 12-sign coverage/visual","Расширяет качественное ядро; покрывать кластером и естественной морфологией без дословного перечисления"
"козерог гороскоп на месяц","Знаки зодиака","Быстро открыть прогноз для конкретного знака","9","Retention","Premium","Target","Proxy","Semantic expansion from observed RuStore SERP гороскоп — 500 results; exact variant rank not measured","RuStore volume unavailable — proxy: observed RuStore cluster and competitor metadata; exact frequency unknown","5","7","9","7","5","6","60","66","B","TOP-10","full via natural 12-sign coverage/visual","Расширяет качественное ядро; покрывать кластером и естественной морфологией без дословного перечисления"
"водолей гороскоп","Знаки зодиака","Быстро открыть прогноз для конкретного знака","9","Acquisition","Free","Target","Proxy","Semantic expansion from observed RuStore SERP гороскоп — 500 results; exact variant rank not measured","RuStore volume unavailable — proxy: observed RuStore cluster and competitor metadata; exact frequency unknown","5","7","9","7","5","6","60","66","B","TOP-10","full via natural 12-sign coverage/visual","Расширяет качественное ядро; покрывать кластером и естественной морфологией без дословного перечисления"
"гороскоп водолей сегодня","Знаки зодиака","Быстро открыть прогноз для конкретного знака","9","Retention","Free","Target","Proxy","Semantic expansion from observed RuStore SERP гороскоп — 500 results; exact variant rank not measured","RuStore volume unavailable — proxy: observed RuStore cluster and competitor metadata; exact frequency unknown","5","7","9","7","5","6","60","66","B","TOP-10","full via natural 12-sign coverage/visual","Расширяет качественное ядро; покрывать кластером и естественной морфологией без дословного перечисления"
"водолей гороскоп на неделю","Знаки зодиака","Быстро открыть прогноз для конкретного знака","9","Retention","Premium","Target","Proxy","Semantic expansion from observed RuStore SERP гороскоп — 500 results; exact variant rank not measured","RuStore volume unavailable — proxy: observed RuStore cluster and competitor metadata; exact frequency unknown","5","7","9","7","5","6","60","66","B","TOP-10","full via natural 12-sign coverage/visual","Расширяет качественное ядро; покрывать кластером и естественной морфологией без дословного перечисления"
"водолей гороскоп на месяц","Знаки зодиака","Быстро открыть прогноз для конкретного знака","9","Retention","Premium","Target","Proxy","Semantic expansion from observed RuStore SERP гороскоп — 500 results; exact variant rank not measured","RuStore volume unavailable — proxy: observed RuStore cluster and competitor metadata; exact frequency unknown","5","7","9","7","5","6","60","66","B","TOP-10","full via natural 12-sign coverage/visual","Расширяет качественное ядро; покрывать кластером и естественной морфологией без дословного перечисления"
"рыбы гороскоп","Знаки зодиака","Быстро открыть прогноз для конкретного знака","9","Acquisition","Free","Target","Proxy","Semantic expansion from observed RuStore SERP гороскоп — 500 results; exact variant rank not measured","RuStore volume unavailable — proxy: observed RuStore cluster and competitor metadata; exact frequency unknown","5","7","9","7","5","6","60","66","B","TOP-10","full via natural 12-sign coverage/visual","Расширяет качественное ядро; покрывать кластером и естественной морфологией без дословного перечисления"
"гороскоп рыбы сегодня","Знаки зодиака","Быстро открыть прогноз для конкретного знака","9","Retention","Free","Target","Proxy","Semantic expansion from observed RuStore SERP гороскоп — 500 results; exact variant rank not measured","RuStore volume unavailable — proxy: observed RuStore cluster and competitor metadata; exact frequency unknown","5","7","9","7","5","6","60","66","B","TOP-10","full via natural 12-sign coverage/visual","Расширяет качественное ядро; покрывать кластером и естественной морфологией без дословного перечисления"
"рыбы гороскоп на неделю","Знаки зодиака","Быстро открыть прогноз для конкретного знака","9","Retention","Premium","Target","Proxy","Semantic expansion from observed RuStore SERP гороскоп — 500 results; exact variant rank not measured","RuStore volume unavailable — proxy: observed RuStore cluster and competitor metadata; exact frequency unknown","5","7","9","7","5","6","60","66","B","TOP-10","full via natural 12-sign coverage/visual","Расширяет качественное ядро; покрывать кластером и естественной морфологией без дословного перечисления"
"рыбы гороскоп на месяц","Знаки зодиака","Быстро открыть прогноз для конкретного знака","9","Retention","Premium","Target","Proxy","Semantic expansion from observed RuStore SERP гороскоп — 500 results; exact variant rank not measured","RuStore volume unavailable — proxy: observed RuStore cluster and competitor metadata; exact frequency unknown","5","7","9","7","5","6","60","66","B","TOP-10","full via natural 12-sign coverage/visual","Расширяет качественное ядро; покрывать кластером и естественной морфологией без дословного перечисления"
"натальная карта","Натальная карта","Построить или понять персональную карту рождения","10","Acquisition","Mixed","Target","Evidence","RuStore SERP 2026-08-26: 499 results; top 3 are exact or near-exact natal-chart titles","RuStore volume unavailable — proxy: exact SERP evidence and title saturation; result count is not search volume","9","9","10","10","9","10","64","89","S","TOP-1","title","Стратегическая TOP-1 цель; сначала индексация и CVR затем рейтинг отзывы и install velocity; гарантии TOP-1 нет"
"рассчитать натальную карту","Натальная карта","Построить или понять персональную карту рождения","10","Acquisition","Mixed","Target","Evidence","RuStore SERP 2026-08-26: #2 title is Натальная карта рассчитать с расшифровкой онлайн","RuStore volume unavailable — proxy: exact SERP evidence and title saturation; result count is not search volume","8","8","10","10","9","10","66","88","S","TOP-1","short/full","Стратегическая TOP-1 цель; сначала индексация и CVR затем рейтинг отзывы и install velocity; гарантии TOP-1 нет"
"натальная карта онлайн","Натальная карта","Построить или понять персональную карту рождения","10","Acquisition","Mixed","Target","Proxy","Observed RuStore SERP; planned authenticated validation in ASOdesk Search Explorer https://hq.asodesk.com/stores-analytics/search-explorer?locale=ru","RuStore volume unavailable — proxy: RuStore SERP now; ASOdesk Daily Impressions and Difficulty pending login; no demo metrics used","6","7","10","9","8","9","68","82","A","TOP-3","short/full","Высокая продуктовая близость; цель TOP-3 после проверки фактической позиции и CVR"
"натальная карта бесплатно","Натальная карта","Построить или понять персональную карту рождения","10","Acquisition","Mixed","Target","Proxy","Semantic expansion from observed RuStore SERP натальная карта — 499 results; exact variant rank not measured","RuStore volume unavailable — proxy: observed RuStore cluster and competitor metadata; exact frequency unknown","6","7","10","9","8","9","68","82","A","TOP-3","short/full","Высокая продуктовая близость; цель TOP-3 после проверки фактической позиции и CVR"
"натальная карта с расшифровкой","Натальная карта","Построить или понять персональную карту рождения","10","Monetization","Mixed","Target","Evidence","RuStore SERP 2026-08-26: #2 title explicitly covers calculation and interpretation","RuStore volume unavailable — proxy: exact SERP evidence and title saturation; result count is not search volume","8","8","10","10","10","10","66","90","S","TOP-1","short/full","Стратегическая TOP-1 цель; сначала индексация и CVR затем рейтинг отзывы и install velocity; гарантии TOP-1 нет"
"расшифровка натальной карты","Натальная карта","Построить или понять персональную карту рождения","10","Monetization","Mixed","Target","Proxy","Semantic expansion from observed RuStore SERP натальная карта — 499 results; exact variant rank not measured","RuStore volume unavailable — proxy: observed RuStore cluster and competitor metadata; exact frequency unknown","7","8","10","10","10","9","66","87","A","TOP-3","short/full","Высокая продуктовая близость; цель TOP-3 после проверки фактической позиции и CVR"
"карта рождения","Натальная карта","Построить или понять персональную карту рождения","10","Acquisition","Mixed","Target","Proxy","Semantic expansion from observed RuStore SERP натальная карта — 499 results; exact variant rank not measured","RuStore volume unavailable — proxy: observed RuStore cluster and competitor metadata; exact frequency unknown","6","7","10","9","8","9","68","82","A","TOP-3","short/full","Высокая продуктовая близость; цель TOP-3 после проверки фактической позиции и CVR"
"астрологическая карта","Натальная карта","Построить или понять персональную карту рождения","10","Acquisition","Mixed","Target","Proxy","Semantic expansion from observed RuStore SERP натальная карта — 499 results; exact variant rank not measured","RuStore volume unavailable — proxy: observed RuStore cluster and competitor metadata; exact frequency unknown","6","7","10","9","8","9","68","82","A","TOP-3","short/full","Высокая продуктовая близость; цель TOP-3 после проверки фактической позиции и CVR"
"натальная карта по дате рождения","Натальная карта","Построить или понять персональную карту рождения","10","Acquisition","Mixed","Target","Proxy","Semantic expansion from observed RuStore SERP натальная карта — 499 results; exact variant rank not measured","RuStore volume unavailable — proxy: observed RuStore cluster and competitor metadata; exact frequency unknown","8","8","10","10","9","10","66","88","A","TOP-3","short/full","Высокая продуктовая близость; цель TOP-3 после проверки фактической позиции и CVR"
"натальная карта по времени рождения","Натальная карта","Построить или понять персональную карту рождения","10","Acquisition","Mixed","Target","Proxy","Semantic expansion from observed RuStore SERP натальная карта — 499 results; exact variant rank not measured","RuStore volume unavailable — proxy: observed RuStore cluster and competitor metadata; exact frequency unknown","6","7","10","9","8","9","68","82","A","TOP-3","short/full","Высокая продуктовая близость; цель TOP-3 после проверки фактической позиции и CVR"
"натальная карта по месту рождения","Натальная карта","Построить или понять персональную карту рождения","10","Acquisition","Mixed","Target","Proxy","Semantic expansion from observed RuStore SERP натальная карта — 499 results; exact variant rank not measured","RuStore volume unavailable — proxy: observed RuStore cluster and competitor metadata; exact frequency unknown","6","7","10","9","8","9","68","82","B","TOP-10","full","Расширяет качественное ядро; покрывать кластером и естественной морфологией без дословного перечисления"
"точный расчет натальной карты","Натальная карта","Построить или понять персональную карту рождения","10","Acquisition","Mixed","Target","Proxy","Semantic expansion from observed RuStore SERP натальная карта — 499 results; exact variant rank not measured","RuStore volume unavailable — proxy: observed RuStore cluster and competitor metadata; exact frequency unknown","6","7","10","9","8","9","68","82","B","TOP-10","full","Расширяет качественное ядро; покрывать кластером и естественной морфологией без дословного перечисления"
"построить натальную карту","Натальная карта","Построить или понять персональную карту рождения","10","Acquisition","Mixed","Target","Proxy","Semantic expansion from observed RuStore SERP натальная карта — 499 results; exact variant rank not measured","RuStore volume unavailable — proxy: observed RuStore cluster and competitor metadata; exact frequency unknown","6","7","10","9","8","9","68","82","A","TOP-3","short/full","Высокая продуктовая близость; цель TOP-3 после проверки фактической позиции и CVR"
"составить натальную карту","Натальная карта","Построить или понять персональную карту рождения","10","Acquisition","Mixed","Target","Proxy","Semantic expansion from observed RuStore SERP натальная карта — 499 results; exact variant rank not measured","RuStore volume unavailable — proxy: observed RuStore cluster and competitor metadata; exact frequency unknown","6","7","10","9","8","9","68","82","B","TOP-10","full","Расширяет качественное ядро; покрывать кластером и естественной морфологией без дословного перечисления"
"узнать натальную карту","Натальная карта","Построить или понять персональную карту рождения","10","Acquisition","Mixed","Target","Proxy","Semantic expansion from observed RuStore SERP натальная карта — 499 results; exact variant rank not measured","RuStore volume unavailable — proxy: observed RuStore cluster and competitor metadata; exact frequency unknown","6","7","10","9","8","9","68","82","B","TOP-10","full","Расширяет качественное ядро; покрывать кластером и естественной морфологией без дословного перечисления"
"полный разбор натальной карты","Натальная карта","Построить или понять персональную карту рождения","10","Monetization","Premium","Target","Proxy","Semantic expansion from observed RuStore SERP натальная карта — 499 results; exact variant rank not measured","RuStore volume unavailable — proxy: observed RuStore cluster and competitor metadata; exact frequency unknown","6","7","10","9","8","9","68","82","A","TOP-3","short/full","Высокая продуктовая близость; цель TOP-3 после проверки фактической позиции и CVR"
"разбор натальной карты","Натальная карта","Построить или понять персональную карту рождения","10","Monetization","Premium","Target","Proxy","Semantic expansion from observed RuStore SERP натальная карта — 499 results; exact variant rank not measured","RuStore volume unavailable — proxy: observed RuStore cluster and competitor metadata; exact frequency unknown","6","7","10","9","8","9","68","82","A","TOP-3","short/full","Высокая продуктовая близость; цель TOP-3 после проверки фактической позиции и CVR"
"интерпретация натальной карты","Натальная карта","Построить или понять персональную карту рождения","10","Acquisition","Premium","Target","Proxy","Semantic expansion from observed RuStore SERP натальная карта — 499 results; exact variant rank not measured","RuStore volume unavailable — proxy: observed RuStore cluster and competitor metadata; exact frequency unknown","6","7","10","9","8","9","68","82","B","TOP-10","full","Расширяет качественное ядро; покрывать кластером и естественной морфологией без дословного перечисления"
"значение натальной карты","Натальная карта","Построить или понять персональную карту рождения","10","Acquisition","Premium","Target","Proxy","Semantic expansion from observed RuStore SERP натальная карта — 499 results; exact variant rank not measured","RuStore volume unavailable — proxy: observed RuStore cluster and competitor metadata; exact frequency unknown","6","7","10","9","8","9","68","82","B","TOP-10","full","Расширяет качественное ядро; покрывать кластером и естественной морфологией без дословного перечисления"
"натальный гороскоп","Натальная карта","Построить или понять персональную карту рождения","10","Acquisition","Mixed","Target","Proxy","Semantic expansion from observed RuStore SERP натальная карта — 499 results; exact variant rank not measured","RuStore volume unavailable — proxy: observed RuStore cluster and competitor metadata; exact frequency unknown","6","7","10","9","8","9","68","82","A","TOP-3","short/full","Высокая продуктовая близость; цель TOP-3 после проверки фактической позиции и CVR"
"натальный анализ","Натальная карта","Построить или понять персональную карту рождения","10","Monetization","Mixed","Target","Proxy","Semantic expansion from observed RuStore SERP натальная карта — 499 results; exact variant rank not measured","RuStore volume unavailable — proxy: observed RuStore cluster and competitor metadata; exact frequency unknown","6","7","10","9","8","9","68","82","B","TOP-10","full","Расширяет качественное ядро; покрывать кластером и естественной морфологией без дословного перечисления"
"космограмма рождения","Натальная карта","Построить или понять персональную карту рождения","10","Acquisition","Mixed","Target","Proxy","Semantic expansion from observed RuStore SERP натальная карта — 499 results; exact variant rank not measured","RuStore volume unavailable — proxy: observed RuStore cluster and competitor metadata; exact frequency unknown","6","7","10","9","8","9","68","82","B","TOP-10","full","Расширяет качественное ядро; покрывать кластером и естественной морфологией без дословного перечисления"
"звездная карта рождения","Натальная карта","Построить или понять персональную карту рождения","10","Acquisition","Mixed","Target","Proxy","Semantic expansion from observed RuStore SERP натальная карта — 499 results; exact variant rank not measured","RuStore volume unavailable — proxy: observed RuStore cluster and competitor metadata; exact frequency unknown","6","7","10","9","8","9","68","82","B","TOP-10","full","Расширяет качественное ядро; покрывать кластером и естественной морфологией без дословного перечисления"
"асцендент","Натальная карта","Построить или понять персональную карту рождения","10","Acquisition","Mixed","Target","Proxy","Semantic expansion from observed RuStore SERP натальная карта — 499 results; exact variant rank not measured","RuStore volume unavailable — proxy: observed RuStore cluster and competitor metadata; exact frequency unknown","6","7","10","9","8","9","68","82","A","TOP-3","short/full","Высокая продуктовая близость; цель TOP-3 после проверки фактической позиции и CVR"
"рассчитать асцендент","Натальная карта","Построить или понять персональную карту рождения","10","Acquisition","Mixed","Target","Proxy","Semantic expansion from observed RuStore SERP натальная карта — 499 results; exact variant rank not measured","RuStore volume unavailable — proxy: observed RuStore cluster and competitor metadata; exact frequency unknown","6","7","10","9","8","9","68","82","A","TOP-3","short/full","Высокая продуктовая близость; цель TOP-3 после проверки фактической позиции и CVR"
"асцендент по дате рождения","Натальная карта","Построить или понять персональную карту рождения","10","Acquisition","Mixed","Target","Proxy","Semantic expansion from observed RuStore SERP натальная карта — 499 results; exact variant rank not measured","RuStore volume unavailable — proxy: observed RuStore cluster and competitor metadata; exact frequency unknown","6","7","10","9","8","9","68","82","B","TOP-10","full","Расширяет качественное ядро; покрывать кластером и естественной морфологией без дословного перечисления"
"асцендент по времени рождения","Натальная карта","Построить или понять персональную карту рождения","10","Acquisition","Mixed","Target","Proxy","Semantic expansion from observed RuStore SERP натальная карта — 499 results; exact variant rank not measured","RuStore volume unavailable — proxy: observed RuStore cluster and competitor metadata; exact frequency unknown","6","7","10","9","8","9","68","82","B","TOP-10","full","Расширяет качественное ядро; покрывать кластером и естественной морфологией без дословного перечисления"
"какой у меня асцендент","Натальная карта","Построить или понять персональную карту рождения","10","Acquisition","Mixed","Target","Proxy","Semantic expansion from observed RuStore SERP натальная карта — 499 results; exact variant rank not measured","RuStore volume unavailable — proxy: observed RuStore cluster and competitor metadata; exact frequency unknown","6","7","10","9","8","9","68","82","B","TOP-10","full","Расширяет качественное ядро; покрывать кластером и естественной морфологией без дословного перечисления"
"восходящий знак","Натальная карта","Построить или понять персональную карту рождения","10","Acquisition","Mixed","Target","Proxy","Semantic expansion from observed RuStore SERP натальная карта — 499 results; exact variant rank not measured","RuStore volume unavailable — proxy: observed RuStore cluster and competitor metadata; exact frequency unknown","6","7","10","9","8","9","68","82","B","TOP-10","full","Расширяет качественное ядро; покрывать кластером и естественной морфологией без дословного перечисления"
"рассчитать восходящий знак","Натальная карта","Построить или понять персональную карту рождения","10","Acquisition","Mixed","Target","Proxy","Semantic expansion from observed RuStore SERP натальная карта — 499 results; exact variant rank not measured","RuStore volume unavailable — proxy: observed RuStore cluster and competitor metadata; exact frequency unknown","6","7","10","9","8","9","68","82","B","TOP-10","full","Расширяет качественное ядро; покрывать кластером и естественной морфологией без дословного перечисления"
"планеты в натальной карте","Натальная карта","Построить или понять персональную карту рождения","10","Acquisition","Mixed","Target","Proxy","Semantic expansion from observed RuStore SERP натальная карта — 499 results; exact variant rank not measured","RuStore volume unavailable — proxy: observed RuStore cluster and competitor metadata; exact frequency unknown","6","7","10","9","8","9","68","82","B","TOP-10","full","Расширяет качественное ядро; покрывать кластером и естественной морфологией без дословного перечисления"
"положения планет при рождении","Натальная карта","Построить или понять персональную карту рождения","10","Acquisition","Mixed","Target","Proxy","Semantic expansion from observed RuStore SERP натальная карта — 499 results; exact variant rank not measured","RuStore volume unavailable — proxy: observed RuStore cluster and competitor metadata; exact frequency unknown","6","7","10","9","8","9","68","82","B","TOP-10","full","Расширяет качественное ядро; покрывать кластером и естественной морфологией без дословного перечисления"
"дома в натальной карте","Натальная карта","Построить или понять персональную карту рождения","10","Acquisition","Mixed","Target","Proxy","Semantic expansion from observed RuStore SERP натальная карта — 499 results; exact variant rank not measured","RuStore volume unavailable — proxy: observed RuStore cluster and competitor metadata; exact frequency unknown","6","7","10","9","8","9","68","82","A","TOP-3","short/full","Высокая продуктовая близость; цель TOP-3 после проверки фактической позиции и CVR"
"значение домов в натальной карте","Натальная карта","Построить или понять персональную карту рождения","10","Acquisition","Premium","Target","Proxy","Semantic expansion from observed RuStore SERP натальная карта — 499 results; exact variant rank not measured","RuStore volume unavailable — proxy: observed RuStore cluster and competitor metadata; exact frequency unknown","6","7","10","9","8","9","68","82","B","TOP-10","full","Расширяет качественное ядро; покрывать кластером и естественной морфологией без дословного перечисления"
"аспекты в натальной карте","Натальная карта","Построить или понять персональную карту рождения","10","Acquisition","Mixed","Target","Proxy","Semantic expansion from observed RuStore SERP натальная карта — 499 results; exact variant rank not measured","RuStore volume unavailable — proxy: observed RuStore cluster and competitor metadata; exact frequency unknown","6","7","10","9","8","9","68","82","A","TOP-3","short/full","Высокая продуктовая близость; цель TOP-3 после проверки фактической позиции и CVR"
"расшифровка аспектов натальной карты","Натальная карта","Построить или понять персональную карту рождения","10","Monetization","Mixed","Target","Proxy","Semantic expansion from observed RuStore SERP натальная карта — 499 results; exact variant rank not measured","RuStore volume unavailable — proxy: observed RuStore cluster and competitor metadata; exact frequency unknown","6","7","10","9","8","9","68","82","B","TOP-10","full","Расширяет качественное ядро; покрывать кластером и естественной морфологией без дословного перечисления"
"солнце в натальной карте","Натальная карта","Построить или понять персональную карту рождения","10","Acquisition","Mixed","Target","Proxy","Semantic expansion from observed RuStore SERP натальная карта — 499 results; exact variant rank not measured","RuStore volume unavailable — proxy: observed RuStore cluster and competitor metadata; exact frequency unknown","6","7","10","9","8","9","68","82","B","TOP-10","full","Расширяет качественное ядро; покрывать кластером и естественной морфологией без дословного перечисления"
"луна в натальной карте","Натальная карта","Построить или понять персональную карту рождения","10","Retention","Mixed","Target","Proxy","Semantic expansion from observed RuStore SERP натальная карта — 499 results; exact variant rank not measured","RuStore volume unavailable — proxy: observed RuStore cluster and competitor metadata; exact frequency unknown","6","7","10","9","8","9","68","82","B","TOP-10","full","Расширяет качественное ядро; покрывать кластером и естественной морфологией без дословного перечисления"
"натальная карта личности","Натальная карта","Построить или понять персональную карту рождения","10","Acquisition","Mixed","Target","Proxy","Semantic expansion from observed RuStore SERP натальная карта — 499 results; exact variant rank not measured","RuStore volume unavailable — proxy: observed RuStore cluster and competitor metadata; exact frequency unknown","6","7","10","9","8","9","68","82","B","TOP-10","full","Расширяет качественное ядро; покрывать кластером и естественной морфологией без дословного перечисления"
"характер по натальной карте","Натальная карта","Построить или понять персональную карту рождения","10","Acquisition","Premium","Target","Proxy","Semantic expansion from observed RuStore SERP натальная карта — 499 results; exact variant rank not measured","RuStore volume unavailable — proxy: observed RuStore cluster and competitor metadata; exact frequency unknown","6","7","10","9","8","9","68","82","B","TOP-10","full","Расширяет качественное ядро; покрывать кластером и естественной морфологией без дословного перечисления"
"сильные стороны по натальной карте","Натальная карта","Построить или понять персональную карту рождения","10","Acquisition","Premium","Target","Proxy","Semantic expansion from observed RuStore SERP натальная карта — 499 results; exact variant rank not measured","RuStore volume unavailable — proxy: observed RuStore cluster and competitor metadata; exact frequency unknown","6","7","10","9","8","9","68","82","B","TOP-10","full","Расширяет качественное ядро; покрывать кластером и естественной морфологией без дословного перечисления"
"таланты по натальной карте","Натальная карта","Построить или понять персональную карту рождения","10","Monetization","Premium","Target","Proxy","Semantic expansion from observed RuStore SERP натальная карта — 499 results; exact variant rank not measured","RuStore volume unavailable — proxy: observed RuStore cluster and competitor metadata; exact frequency unknown","6","7","10","9","8","9","68","82","B","TOP-10","full","Расширяет качественное ядро; покрывать кластером и естественной морфологией без дословного перечисления"
"теневая сторона натальной карты","Натальная карта","Построить или понять персональную карту рождения","10","Acquisition","Premium","Target","Proxy","Semantic expansion from observed RuStore SERP натальная карта — 499 results; exact variant rank not measured","RuStore volume unavailable — proxy: observed RuStore cluster and competitor metadata; exact frequency unknown","6","7","10","9","8","9","68","82","B","TOP-10","full","Расширяет качественное ядро; покрывать кластером и естественной морфологией без дословного перечисления"
"отношения в натальной карте","Натальная карта","Построить или понять персональную карту рождения","10","Acquisition","Premium","Target","Proxy","Semantic expansion from observed RuStore SERP натальная карта — 499 results; exact variant rank not measured","RuStore volume unavailable — proxy: observed RuStore cluster and competitor metadata; exact frequency unknown","6","7","10","9","8","9","68","82","B","TOP-10","full","Расширяет качественное ядро; покрывать кластером и естественной морфологией без дословного перечисления"
"любовь в натальной карте","Натальная карта","Построить или понять персональную карту рождения","10","Acquisition","Premium","Target","Proxy","Semantic expansion from observed RuStore SERP натальная карта — 499 results; exact variant rank not measured","RuStore volume unavailable — proxy: observed RuStore cluster and competitor metadata; exact frequency unknown","6","7","10","9","8","9","68","82","B","TOP-10","full","Расширяет качественное ядро; покрывать кластером и естественной морфологией без дословного перечисления"
"карьера в натальной карте","Натальная карта","Построить или понять персональную карту рождения","10","Monetization","Premium","Target","Proxy","Semantic expansion from observed RuStore SERP натальная карта — 499 results; exact variant rank not measured","RuStore volume unavailable — proxy: observed RuStore cluster and competitor metadata; exact frequency unknown","6","7","10","9","8","9","68","82","B","TOP-10","full","Расширяет качественное ядро; покрывать кластером и естественной морфологией без дословного перечисления"
"деньги в натальной карте","Натальная карта","Построить или понять персональную карту рождения","10","Monetization","Premium","Target","Proxy","Semantic expansion from observed RuStore SERP натальная карта — 499 results; exact variant rank not measured","RuStore volume unavailable — proxy: observed RuStore cluster and competitor metadata; exact frequency unknown","6","7","10","9","8","9","68","82","B","TOP-10","full","Расширяет качественное ядро; покрывать кластером и естественной морфологией без дословного перечисления"
"семья в натальной карте","Натальная карта","Построить или понять персональную карту рождения","10","Monetization","Premium","Target","Proxy","Semantic expansion from observed RuStore SERP натальная карта — 499 results; exact variant rank not measured","RuStore volume unavailable — proxy: observed RuStore cluster and competitor metadata; exact frequency unknown","6","7","10","9","8","9","68","82","B","TOP-10","full","Расширяет качественное ядро; покрывать кластером и естественной морфологией без дословного перечисления"
"вопросы по натальной карте","Натальная карта","Построить или понять персональную карту рождения","10","Monetization","Premium","Target","Proxy","Semantic expansion from observed RuStore SERP натальная карта — 499 results; exact variant rank not measured","RuStore volume unavailable — proxy: observed RuStore cluster and competitor metadata; exact frequency unknown","6","7","10","9","8","9","68","82","B","TOP-10","full","Расширяет качественное ядро; покрывать кластером и естественной морфологией без дословного перечисления"
"натальная карта приложение","Натальная карта","Построить или понять персональную карту рождения","10","Acquisition","Mixed","Target","Proxy","Semantic expansion from observed RuStore SERP натальная карта — 499 results; exact variant rank not measured","RuStore volume unavailable — proxy: observed RuStore cluster and competitor metadata; exact frequency unknown","6","7","10","9","8","9","68","82","B","TOP-10","full","Расширяет качественное ядро; покрывать кластером и естественной морфологией без дословного перечисления"
"совместимость","Совместимость","Оценить отношения по знакам или двум картам","9","Monetization","Premium","Target","Proxy","Observed RuStore SERP; planned authenticated validation in ASOdesk Search Explorer https://hq.asodesk.com/stores-analytics/search-explorer?locale=ru","RuStore volume unavailable — proxy: RuStore SERP now; ASOdesk Daily Impressions and Difficulty pending login; no demo metrics used","6","7","9","9","8","8","66","77","A","TOP-3","short/full/visual","Высокая продуктовая близость; цель TOP-3 после проверки фактической позиции и CVR"
"совместимость знаков","Совместимость","Оценить отношения по знакам или двум картам","9","Monetization","Free","Target","Proxy","Semantic expansion from observed RuStore SERP совместимость по дате рождения — 500 results; exact variant rank not measured","RuStore volume unavailable — proxy: observed RuStore cluster and competitor metadata; exact frequency unknown","6","7","9","9","8","8","66","77","A","TOP-3","short/full/visual","Высокая продуктовая близость; цель TOP-3 после проверки фактической позиции и CVR"
"совместимость знаков зодиака","Совместимость","Оценить отношения по знакам или двум картам","10","Monetization","Free","Target","Proxy","Semantic expansion from observed RuStore SERP совместимость по дате рождения — 500 results; exact variant rank not measured","RuStore volume unavailable — proxy: observed RuStore cluster and competitor metadata; exact frequency unknown","8","8","10","9","7","9","69","84","S","TOP-1","short/full/visual","Стратегическая TOP-1 цель; сначала индексация и CVR затем рейтинг отзывы и install velocity; гарантии TOP-1 нет"
"совместимость по знаку зодиака","Совместимость","Оценить отношения по знакам или двум картам","9","Monetization","Free","Target","Evidence","RuStore SERP 2026-08-26: exact-title result appears in top 5","RuStore volume unavailable — proxy: exact SERP evidence and title saturation; result count is not search volume","6","7","9","9","8","8","66","77","B","TOP-10","full/visual","Расширяет качественное ядро; покрывать кластером и естественной морфологией без дословного перечисления"
"совместимость пары","Совместимость","Оценить отношения по знакам или двум картам","9","Monetization","Premium","Target","Proxy","Semantic expansion from observed RuStore SERP совместимость по дате рождения — 500 results; exact variant rank not measured","RuStore volume unavailable — proxy: observed RuStore cluster and competitor metadata; exact frequency unknown","6","7","9","9","8","8","66","77","A","TOP-3","short/full/visual","Высокая продуктовая близость; цель TOP-3 после проверки фактической позиции и CVR"
"совместимость мужчины и женщины","Совместимость","Оценить отношения по знакам или двум картам","9","Monetization","Premium","Target","Proxy","Semantic expansion from observed RuStore SERP совместимость по дате рождения — 500 results; exact variant rank not measured","RuStore volume unavailable — proxy: observed RuStore cluster and competitor metadata; exact frequency unknown","6","7","9","9","8","8","66","77","B","TOP-10","full/visual","Расширяет качественное ядро; покрывать кластером и естественной морфологией без дословного перечисления"
"любовная совместимость","Совместимость","Оценить отношения по знакам или двум картам","9","Monetization","Premium","Target","Proxy","Semantic expansion from observed RuStore SERP совместимость по дате рождения — 500 results; exact variant rank not measured","RuStore volume unavailable — proxy: observed RuStore cluster and competitor metadata; exact frequency unknown","6","7","9","9","8","8","66","77","A","TOP-3","short/full/visual","Высокая продуктовая близость; цель TOP-3 после проверки фактической позиции и CVR"
"совместимость в любви","Совместимость","Оценить отношения по знакам или двум картам","9","Monetization","Premium","Target","Proxy","Semantic expansion from observed RuStore SERP совместимость по дате рождения — 500 results; exact variant rank not measured","RuStore volume unavailable — proxy: observed RuStore cluster and competitor metadata; exact frequency unknown","6","7","9","9","8","8","66","77","B","TOP-10","full/visual","Расширяет качественное ядро; покрывать кластером и естественной морфологией без дословного перечисления"
"совместимость в отношениях","Совместимость","Оценить отношения по знакам или двум картам","9","Monetization","Premium","Target","Proxy","Semantic expansion from observed RuStore SERP совместимость по дате рождения — 500 results; exact variant rank not measured","RuStore volume unavailable — proxy: observed RuStore cluster and competitor metadata; exact frequency unknown","6","7","9","9","8","8","66","77","B","TOP-10","full/visual","Расширяет качественное ядро; покрывать кластером и естественной морфологией без дословного перечисления"
"совместимость партнеров","Совместимость","Оценить отношения по знакам или двум картам","9","Monetization","Premium","Target","Proxy","Semantic expansion from observed RuStore SERP совместимость по дате рождения — 500 results; exact variant rank not measured","RuStore volume unavailable — proxy: observed RuStore cluster and competitor metadata; exact frequency unknown","6","7","9","9","8","8","66","77","B","TOP-10","full/visual","Расширяет качественное ядро; покрывать кластером и естественной морфологией без дословного перечисления"
"совместимость по дате рождения","Совместимость","Оценить отношения по знакам или двум картам","10","Monetization","Premium","Target","Evidence","RuStore SERP 2026-08-26: 500 results; top results include exact date/zodiac compatibility phrasing","RuStore volume unavailable — proxy: exact SERP evidence and title saturation; result count is not search volume","8","8","10","10","9","10","69","89","S","TOP-1","short/full/visual","Стратегическая TOP-1 цель; сначала индексация и CVR затем рейтинг отзывы и install velocity; гарантии TOP-1 нет"
"совместимость пары по дате рождения","Совместимость","Оценить отношения по знакам или двум картам","9","Monetization","Premium","Target","Proxy","Semantic expansion from observed RuStore SERP совместимость по дате рождения — 500 results; exact variant rank not measured","RuStore volume unavailable — proxy: observed RuStore cluster and competitor metadata; exact frequency unknown","6","7","9","9","8","8","66","77","A","TOP-3","short/full/visual","Высокая продуктовая близость; цель TOP-3 после проверки фактической позиции и CVR"
"совместимость по двум датам рождения","Совместимость","Оценить отношения по знакам или двум картам","9","Monetization","Premium","Target","Proxy","Semantic expansion from observed RuStore SERP совместимость по дате рождения — 500 results; exact variant rank not measured","RuStore volume unavailable — proxy: observed RuStore cluster and competitor metadata; exact frequency unknown","6","7","9","9","8","8","66","77","A","TOP-3","short/full/visual","Высокая продуктовая близость; цель TOP-3 после проверки фактической позиции и CVR"
"совместимость натальных карт","Совместимость","Оценить отношения по знакам или двум картам","10","Monetization","Premium","Target","Proxy","Semantic expansion from observed RuStore SERP совместимость по дате рождения — 500 results; exact variant rank not measured","RuStore volume unavailable — proxy: observed RuStore cluster and competitor metadata; exact frequency unknown","6","7","9","10","10","9","70","85","S","TOP-1","short/full/visual","Стратегическая TOP-1 цель; сначала индексация и CVR затем рейтинг отзывы и install velocity; гарантии TOP-1 нет"
"совместимость по натальной карте","Совместимость","Оценить отношения по знакам или двум картам","9","Monetization","Premium","Target","Proxy","Semantic expansion from observed RuStore SERP совместимость по дате рождения — 500 results; exact variant rank not measured","RuStore volume unavailable — proxy: observed RuStore cluster and competitor metadata; exact frequency unknown","6","7","9","9","8","8","66","77","B","TOP-10","full/visual","Расширяет качественное ядро; покрывать кластером и естественной морфологией без дословного перечисления"
"натальная совместимость","Совместимость","Оценить отношения по знакам или двум картам","9","Monetization","Premium","Target","Proxy","Semantic expansion from observed RuStore SERP совместимость по дате рождения — 500 results; exact variant rank not measured","RuStore volume unavailable — proxy: observed RuStore cluster and competitor metadata; exact frequency unknown","6","7","9","9","8","8","66","77","A","TOP-3","short/full/visual","Высокая продуктовая близость; цель TOP-3 после проверки фактической позиции и CVR"
"синастрия","Совместимость","Оценить отношения по знакам или двум картам","9","Monetization","Premium","Target","Proxy","Semantic expansion from observed RuStore SERP совместимость по дате рождения — 500 results; exact variant rank not measured","RuStore volume unavailable — proxy: observed RuStore cluster and competitor metadata; exact frequency unknown","6","7","9","9","8","8","66","77","A","TOP-3","short/full/visual","Высокая продуктовая близость; цель TOP-3 после проверки фактической позиции и CVR"
"синастрия онлайн","Совместимость","Оценить отношения по знакам или двум картам","9","Monetization","Premium","Target","Proxy","Semantic expansion from observed RuStore SERP совместимость по дате рождения — 500 results; exact variant rank not measured","RuStore volume unavailable — proxy: observed RuStore cluster and competitor metadata; exact frequency unknown","6","7","9","9","8","8","66","77","B","TOP-10","full/visual","Расширяет качественное ядро; покрывать кластером и естественной морфологией без дословного перечисления"
"рассчитать синастрию","Совместимость","Оценить отношения по знакам или двум картам","9","Monetization","Premium","Target","Proxy","Semantic expansion from observed RuStore SERP совместимость по дате рождения — 500 results; exact variant rank not measured","RuStore volume unavailable — proxy: observed RuStore cluster and competitor metadata; exact frequency unknown","6","7","9","9","8","8","66","77","A","TOP-3","short/full/visual","Высокая продуктовая близость; цель TOP-3 после проверки фактической позиции и CVR"
"расчет совместимости","Совместимость","Оценить отношения по знакам или двум картам","9","Monetization","Premium","Target","Proxy","Semantic expansion from observed RuStore SERP совместимость по дате рождения — 500 results; exact variant rank not measured","RuStore volume unavailable — proxy: observed RuStore cluster and competitor metadata; exact frequency unknown","6","7","9","9","8","8","66","77","B","TOP-10","full/visual","Расширяет качественное ядро; покрывать кластером и естественной морфологией без дословного перечисления"
"проверить совместимость","Совместимость","Оценить отношения по знакам или двум картам","9","Monetization","Premium","Target","Proxy","Semantic expansion from observed RuStore SERP совместимость по дате рождения — 500 results; exact variant rank not measured","RuStore volume unavailable — proxy: observed RuStore cluster and competitor metadata; exact frequency unknown","6","7","9","9","8","8","66","77","A","TOP-3","short/full/visual","Высокая продуктовая близость; цель TOP-3 после проверки фактической позиции и CVR"
"узнать совместимость","Совместимость","Оценить отношения по знакам или двум картам","9","Monetization","Premium","Target","Proxy","Semantic expansion from observed RuStore SERP совместимость по дате рождения — 500 results; exact variant rank not measured","RuStore volume unavailable — proxy: observed RuStore cluster and competitor metadata; exact frequency unknown","6","7","9","9","8","8","66","77","B","TOP-10","full/visual","Расширяет качественное ядро; покрывать кластером и естественной морфологией без дословного перечисления"
"подходим ли мы друг другу","Совместимость","Оценить отношения по знакам или двум картам","9","Acquisition","Premium","Target","Proxy","Semantic expansion from observed RuStore SERP совместимость по дате рождения — 500 results; exact variant rank not measured","RuStore volume unavailable — proxy: observed RuStore cluster and competitor metadata; exact frequency unknown","6","7","9","9","8","8","66","77","B","TOP-10","full/visual","Расширяет качественное ядро; покрывать кластером и естественной морфологией без дословного перечисления"
"совместимы ли мы","Совместимость","Оценить отношения по знакам или двум картам","9","Monetization","Premium","Target","Proxy","Semantic expansion from observed RuStore SERP совместимость по дате рождения — 500 results; exact variant rank not measured","RuStore volume unavailable — proxy: observed RuStore cluster and competitor metadata; exact frequency unknown","6","7","9","9","8","8","66","77","B","TOP-10","full/visual","Расширяет качественное ядро; покрывать кластером и естественной морфологией без дословного перечисления"
"кто мне подходит по знаку зодиака","Совместимость","Оценить отношения по знакам или двум картам","9","Acquisition","Free","Target","Proxy","Semantic expansion from observed RuStore SERP совместимость по дате рождения — 500 results; exact variant rank not measured","RuStore volume unavailable — proxy: observed RuStore cluster and competitor metadata; exact frequency unknown","6","7","9","9","8","8","66","77","B","TOP-10","full/visual","Расширяет качественное ядро; покрывать кластером и естественной морфологией без дословного перечисления"
"идеальная пара по знаку зодиака","Совместимость","Оценить отношения по знакам или двум картам","9","Acquisition","Free","Target","Proxy","Semantic expansion from observed RuStore SERP совместимость по дате рождения — 500 results; exact variant rank not measured","RuStore volume unavailable — proxy: observed RuStore cluster and competitor metadata; exact frequency unknown","6","7","9","9","8","8","66","77","B","TOP-10","full/visual","Расширяет качественное ядро; покрывать кластером и естественной морфологией без дословного перечисления"
"совместимость по гороскопу","Совместимость","Оценить отношения по знакам или двум картам","9","Monetization","Free","Target","Proxy","Semantic expansion from observed RuStore SERP совместимость по дате рождения — 500 results; exact variant rank not measured","RuStore volume unavailable — proxy: observed RuStore cluster and competitor metadata; exact frequency unknown","6","7","9","9","8","8","66","77","B","TOP-10","full/visual","Расширяет качественное ядро; покрывать кластером и естественной морфологией без дословного перечисления"
"совместимость друзей","Совместимость","Оценить отношения по знакам или двум картам","9","Monetization","Premium","Target","Proxy","Semantic expansion from observed RuStore SERP совместимость по дате рождения — 500 results; exact variant rank not measured","RuStore volume unavailable — proxy: observed RuStore cluster and competitor metadata; exact frequency unknown","6","7","9","9","8","8","66","77","B","TOP-10","full/visual","Расширяет качественное ядро; покрывать кластером и естественной морфологией без дословного перечисления"
"совместимость в дружбе","Совместимость","Оценить отношения по знакам или двум картам","9","Monetization","Premium","Target","Proxy","Semantic expansion from observed RuStore SERP совместимость по дате рождения — 500 results; exact variant rank not measured","RuStore volume unavailable — proxy: observed RuStore cluster and competitor metadata; exact frequency unknown","6","7","9","9","8","8","66","77","B","TOP-10","full/visual","Расширяет качественное ядро; покрывать кластером и естественной морфологией без дословного перечисления"
"семейная совместимость","Совместимость","Оценить отношения по знакам или двум картам","9","Monetization","Premium","Target","Proxy","Semantic expansion from observed RuStore SERP совместимость по дате рождения — 500 results; exact variant rank not measured","RuStore volume unavailable — proxy: observed RuStore cluster and competitor metadata; exact frequency unknown","6","7","9","9","8","8","66","77","B","TOP-10","full/visual","Расширяет качественное ядро; покрывать кластером и естественной морфологией без дословного перечисления"
"совместимость в работе","Совместимость","Оценить отношения по знакам или двум картам","9","Monetization","Premium","Target","Proxy","Semantic expansion from observed RuStore SERP совместимость по дате рождения — 500 results; exact variant rank not measured","RuStore volume unavailable — proxy: observed RuStore cluster and competitor metadata; exact frequency unknown","6","7","9","9","8","8","66","77","B","TOP-10","full/visual","Расширяет качественное ядро; покрывать кластером и естественной морфологией без дословного перечисления"
"деловая совместимость","Совместимость","Оценить отношения по знакам или двум картам","9","Monetization","Premium","Target","Proxy","Semantic expansion from observed RuStore SERP совместимость по дате рождения — 500 results; exact variant rank not measured","RuStore volume unavailable — proxy: observed RuStore cluster and competitor metadata; exact frequency unknown","6","7","9","9","8","8","66","77","B","TOP-10","full/visual","Расширяет качественное ядро; покрывать кластером и естественной морфологией без дословного перечисления"
"совместимость мужа и жены","Совместимость","Оценить отношения по знакам или двум картам","9","Monetization","Premium","Target","Proxy","Semantic expansion from observed RuStore SERP совместимость по дате рождения — 500 results; exact variant rank not measured","RuStore volume unavailable — proxy: observed RuStore cluster and competitor metadata; exact frequency unknown","6","7","9","9","8","8","66","77","B","TOP-10","full/visual","Расширяет качественное ядро; покрывать кластером и естественной морфологией без дословного перечисления"
"совместимость парня и девушки","Совместимость","Оценить отношения по знакам или двум картам","9","Monetization","Premium","Target","Proxy","Semantic expansion from observed RuStore SERP совместимость по дате рождения — 500 results; exact variant rank not measured","RuStore volume unavailable — proxy: observed RuStore cluster and competitor metadata; exact frequency unknown","6","7","9","9","8","8","66","77","B","TOP-10","full/visual","Расширяет качественное ядро; покрывать кластером и естественной морфологией без дословного перечисления"
"совместимость двух людей","Совместимость","Оценить отношения по знакам или двум картам","9","Monetization","Premium","Target","Proxy","Semantic expansion from observed RuStore SERP совместимость по дате рождения — 500 results; exact variant rank not measured","RuStore volume unavailable — proxy: observed RuStore cluster and competitor metadata; exact frequency unknown","6","7","9","9","8","8","66","77","B","TOP-10","full/visual","Расширяет качественное ядро; покрывать кластером и естественной морфологией без дословного перечисления"
"анализ отношений по дате рождения","Совместимость","Оценить отношения по знакам или двум картам","9","Monetization","Premium","Target","Proxy","Semantic expansion from observed RuStore SERP совместимость по дате рождения — 500 results; exact variant rank not measured","RuStore volume unavailable — proxy: observed RuStore cluster and competitor metadata; exact frequency unknown","6","7","9","9","8","8","66","77","B","TOP-10","full/visual","Расширяет качественное ядро; покрывать кластером и естественной морфологией без дословного перечисления"
"астролог","ИИ и астрология","Получить персональный разбор или ответ от ИИ","8","Acquisition","Mixed","Target","Proxy","Semantic expansion from observed RuStore SERP ИИ астролог — 500 results; exact variant rank not measured","RuStore volume unavailable — proxy: observed RuStore cluster and competitor metadata; exact frequency unknown","5","7","8","8","8","7","58","69","B","TOP-10","full/visual","Расширяет качественное ядро; покрывать кластером и естественной морфологией без дословного перечисления"
"астролог онлайн","ИИ и астрология","Получить персональный разбор или ответ от ИИ","9","Acquisition","Mixed","Target","Proxy","Observed RuStore SERP; planned authenticated validation in ASOdesk Search Explorer https://hq.asodesk.com/stores-analytics/search-explorer?locale=ru","RuStore volume unavailable — proxy: RuStore SERP now; ASOdesk Daily Impressions and Difficulty pending login; no demo metrics used","6","7","8","8","8","7","61","73","A","TOP-3","full/visual","Высокая продуктовая близость; цель TOP-3 после проверки фактической позиции и CVR"
"личный астролог","ИИ и астрология","Получить персональный разбор или ответ от ИИ","9","Acquisition","Mixed","Target","Evidence","RuStore SERP 2026-08-26 natal cluster: Lunessa title contains личный астролог","RuStore volume unavailable — proxy: exact SERP evidence and title saturation; result count is not search volume","6","7","8","8","8","7","61","73","A","TOP-3","full/visual","Высокая продуктовая близость; цель TOP-3 после проверки фактической позиции и CVR"
"персональный астролог","ИИ и астрология","Получить персональный разбор или ответ от ИИ","8","Acquisition","Mixed","Target","Evidence","RuStore SERP 2026-08-26 AI cluster: Astrelle title contains персональный ИИ-астролог","RuStore volume unavailable — proxy: exact SERP evidence and title saturation; result count is not search volume","5","7","8","8","8","7","58","69","B","TOP-10","full/visual","Расширяет качественное ядро; покрывать кластером и естественной морфологией без дословного перечисления"
"ИИ астролог","ИИ и астрология","Получить персональный разбор или ответ от ИИ","8","Acquisition","Mixed","Target","Evidence","RuStore SERP 2026-08-26: 500 results; top results Arcai AI-Астролог Astrelle Neurodzen SoulMap","RuStore volume unavailable — proxy: exact SERP evidence and title saturation; result count is not search volume","7","8","9","8","9","8","58","76","S","TOP-1","full/visual","Стратегическая TOP-1 цель; сначала индексация и CVR затем рейтинг отзывы и install velocity; гарантии TOP-1 нет"
"AI астролог","ИИ и астрология","Получить персональный разбор или ответ от ИИ","8","Acquisition","Mixed","Target","Evidence","RuStore SERP 2026-08-26: Astrollo AI and AI-Астролог appear in top results","RuStore volume unavailable — proxy: exact SERP evidence and title saturation; result count is not search volume","5","7","8","8","8","7","58","69","B","TOP-10","full/visual","Расширяет качественное ядро; покрывать кластером и естественной морфологией без дословного перечисления"
"нейроастролог","ИИ и астрология","Получить персональный разбор или ответ от ИИ","8","Acquisition","Mixed","Target","Proxy","Semantic expansion from observed RuStore SERP ИИ астролог — 500 results; exact variant rank not measured","RuStore volume unavailable — proxy: observed RuStore cluster and competitor metadata; exact frequency unknown","5","7","8","8","8","7","58","69","B","TOP-10","full/visual","Расширяет качественное ядро; покрывать кластером и естественной морфологией без дословного перечисления"
"астрологический помощник","ИИ и астрология","Получить персональный разбор или ответ от ИИ","8","Acquisition","Mixed","Target","Proxy","Semantic expansion from observed RuStore SERP ИИ астролог — 500 results; exact variant rank not measured","RuStore volume unavailable — proxy: observed RuStore cluster and competitor metadata; exact frequency unknown","5","7","8","8","8","7","58","69","B","TOP-10","full/visual","Расширяет качественное ядро; покрывать кластером и естественной морфологией без дословного перечисления"
"астробот","ИИ и астрология","Получить персональный разбор или ответ от ИИ","8","Acquisition","Mixed","Target","Proxy","Semantic expansion from observed RuStore SERP ИИ астролог — 500 results; exact variant rank not measured","RuStore volume unavailable — proxy: observed RuStore cluster and competitor metadata; exact frequency unknown","5","7","8","8","8","7","58","69","B","TOP-10","full/visual","Расширяет качественное ядро; покрывать кластером и естественной морфологией без дословного перечисления"
"вопрос астрологу","ИИ и астрология","Получить персональный разбор или ответ от ИИ","9","Monetization","Premium","Target","Proxy","Semantic expansion from observed RuStore SERP ИИ астролог — 500 results; exact variant rank not measured","RuStore volume unavailable — proxy: observed RuStore cluster and competitor metadata; exact frequency unknown","6","7","8","8","8","7","61","73","A","TOP-3","full/visual","Высокая продуктовая близость; цель TOP-3 после проверки фактической позиции и CVR"
"задать вопрос астрологу","ИИ и астрология","Получить персональный разбор или ответ от ИИ","8","Monetization","Premium","Target","Proxy","Semantic expansion from observed RuStore SERP ИИ астролог — 500 results; exact variant rank not measured","RuStore volume unavailable — proxy: observed RuStore cluster and competitor metadata; exact frequency unknown","5","7","8","8","8","7","58","69","B","TOP-10","full/visual","Расширяет качественное ядро; покрывать кластером и естественной морфологией без дословного перечисления"
"консультация ИИ астролога","ИИ и астрология","Получить персональный разбор или ответ от ИИ","8","Monetization","Premium","Target","Proxy","Semantic expansion from observed RuStore SERP ИИ астролог — 500 results; exact variant rank not measured","RuStore volume unavailable — proxy: observed RuStore cluster and competitor metadata; exact frequency unknown","5","7","8","8","8","7","58","69","B","TOP-10","full/visual","Расширяет качественное ядро; покрывать кластером и естественной морфологией без дословного перечисления"
"разбор ИИ астрологом","ИИ и астрология","Получить персональный разбор или ответ от ИИ","8","Monetization","Premium","Target","Proxy","Semantic expansion from observed RuStore SERP ИИ астролог — 500 results; exact variant rank not measured","RuStore volume unavailable — proxy: observed RuStore cluster and competitor metadata; exact frequency unknown","5","7","8","8","8","7","58","69","B","TOP-10","full/visual","Расширяет качественное ядро; покрывать кластером и естественной морфологией без дословного перечисления"
"астрология","ИИ и астрология","Получить персональный разбор или ответ от ИИ","9","Acquisition","Mixed","Target","Proxy","Semantic expansion from observed RuStore SERP ИИ астролог — 500 results; exact variant rank not measured","RuStore volume unavailable — proxy: observed RuStore cluster and competitor metadata; exact frequency unknown","6","7","8","8","8","7","61","73","S","TOP-1","full","Стратегическая TOP-1 цель; сначала индексация и CVR затем рейтинг отзывы и install velocity; гарантии TOP-1 нет"
"астрология онлайн","ИИ и астрология","Получить персональный разбор или ответ от ИИ","8","Acquisition","Mixed","Target","Proxy","Semantic expansion from observed RuStore SERP ИИ астролог — 500 results; exact variant rank not measured","RuStore volume unavailable — proxy: observed RuStore cluster and competitor metadata; exact frequency unknown","5","7","8","8","8","7","58","69","B","TOP-10","full/visual","Расширяет качественное ядро; покрывать кластером и естественной морфологией без дословного перечисления"
"астрология приложение","ИИ и астрология","Получить персональный разбор или ответ от ИИ","8","Acquisition","Mixed","Target","Proxy","Semantic expansion from observed RuStore SERP ИИ астролог — 500 results; exact variant rank not measured","RuStore volume unavailable — proxy: observed RuStore cluster and competitor metadata; exact frequency unknown","5","7","8","8","8","7","58","69","B","TOP-10","full/visual","Расширяет качественное ядро; покрывать кластером и естественной морфологией без дословного перечисления"
"астрологическое приложение","ИИ и астрология","Получить персональный разбор или ответ от ИИ","8","Acquisition","Mixed","Target","Proxy","Semantic expansion from observed RuStore SERP ИИ астролог — 500 results; exact variant rank not measured","RuStore volume unavailable — proxy: observed RuStore cluster and competitor metadata; exact frequency unknown","5","7","8","8","8","7","58","69","B","TOP-10","full/visual","Расширяет качественное ядро; покрывать кластером и естественной морфологией без дословного перечисления"
"цифровой астролог","ИИ и астрология","Получить персональный разбор или ответ от ИИ","8","Acquisition","Mixed","Target","Proxy","Semantic expansion from observed RuStore SERP ИИ астролог — 500 results; exact variant rank not measured","RuStore volume unavailable — proxy: observed RuStore cluster and competitor metadata; exact frequency unknown","5","7","8","8","8","7","58","69","B","TOP-10","full/visual","Расширяет качественное ядро; покрывать кластером и естественной морфологией без дословного перечисления"
"прогноз ИИ","ИИ и астрология","Получить персональный разбор или ответ от ИИ","8","Acquisition","Mixed","Target","Proxy","Semantic expansion from observed RuStore SERP ИИ астролог — 500 results; exact variant rank not measured","RuStore volume unavailable — proxy: observed RuStore cluster and competitor metadata; exact frequency unknown","5","7","8","8","8","7","58","69","B","TOP-10","full/visual","Расширяет качественное ядро; покрывать кластером и естественной морфологией без дословного перечисления"
"ИИ гороскоп","ИИ и астрология","Получить персональный разбор или ответ от ИИ","8","Acquisition","Mixed","Target","Proxy","Semantic expansion from observed RuStore SERP ИИ астролог — 500 results; exact variant rank not measured","RuStore volume unavailable — proxy: observed RuStore cluster and competitor metadata; exact frequency unknown","5","7","8","8","8","7","58","69","B","TOP-10","full/visual","Расширяет качественное ядро; покрывать кластером и естественной морфологией без дословного перечисления"
"AI гороскоп","ИИ и астрология","Получить персональный разбор или ответ от ИИ","8","Acquisition","Mixed","Target","Proxy","Semantic expansion from observed RuStore SERP ИИ астролог — 500 results; exact variant rank not measured","RuStore volume unavailable — proxy: observed RuStore cluster and competitor metadata; exact frequency unknown","5","7","8","8","8","7","58","69","B","TOP-10","full/visual","Расширяет качественное ядро; покрывать кластером и естественной морфологией без дословного перечисления"
"ИИ натальная карта","ИИ и астрология","Получить персональный разбор или ответ от ИИ","8","Acquisition","Mixed","Target","Proxy","Semantic expansion from observed RuStore SERP ИИ астролог — 500 results; exact variant rank not measured","RuStore volume unavailable — proxy: observed RuStore cluster and competitor metadata; exact frequency unknown","5","7","8","8","8","7","58","69","B","TOP-10","full/visual","Расширяет качественное ядро; покрывать кластером и естественной морфологией без дословного перечисления"
"анализ натальной карты ИИ","ИИ и астрология","Получить персональный разбор или ответ от ИИ","9","Monetization","Premium","Target","Proxy","Semantic expansion from observed RuStore SERP ИИ астролог — 500 results; exact variant rank not measured","RuStore volume unavailable — proxy: observed RuStore cluster and competitor metadata; exact frequency unknown","6","7","8","8","8","7","61","73","A","TOP-3","full/visual","Высокая продуктовая близость; цель TOP-3 после проверки фактической позиции и CVR"
"персональная астрология","ИИ и астрология","Получить персональный разбор или ответ от ИИ","8","Acquisition","Mixed","Target","Proxy","Semantic expansion from observed RuStore SERP ИИ астролог — 500 results; exact variant rank not measured","RuStore volume unavailable — proxy: observed RuStore cluster and competitor metadata; exact frequency unknown","5","7","8","8","8","7","58","69","B","TOP-10","full/visual","Расширяет качественное ядро; покрывать кластером и естественной морфологией без дословного перечисления"
"что меня ждет сегодня","Пользовательские формулировки","Решить личный вопрос обычными словами","8","Retention","Mixed","Experiment","Hypothesis","Natural-language hypothesis; validate after ASOdesk login at https://hq.asodesk.com/stores-analytics/search-explorer?locale=ru","RuStore volume unavailable — proxy: ASOdesk query validation planned; Daily Impressions and Difficulty not accessed; no demo metrics used","3","4","5","7","6","5","61","58","C","TOP-10","conversion copy only if natural","Проверяемая формулировка пользователя; тестировать в креативе или описании без keyword stuffing"
"что меня ждет на этой неделе","Пользовательские формулировки","Решить личный вопрос обычными словами","8","Retention","Mixed","Experiment","Hypothesis","Natural-language intent hypothesis; exact RuStore rank and demand not measured","RuStore volume unavailable — proxy: natural-language hypothesis pending rank and demand validation","3","4","5","7","6","5","61","58","C","TOP-10","conversion copy only if natural","Проверяемая формулировка пользователя; тестировать в креативе или описании без keyword stuffing"
"что меня ждет в этом месяце","Пользовательские формулировки","Решить личный вопрос обычными словами","8","Retention","Mixed","Experiment","Hypothesis","Natural-language intent hypothesis; exact RuStore rank and demand not measured","RuStore volume unavailable — proxy: natural-language hypothesis pending rank and demand validation","3","4","5","7","6","5","61","58","C","TOP-10","conversion copy only if natural","Проверяемая формулировка пользователя; тестировать в креативе или описании без keyword stuffing"
"какой сегодня день по гороскопу","Пользовательские формулировки","Решить личный вопрос обычными словами","8","Retention","Mixed","Experiment","Hypothesis","Natural-language intent hypothesis; exact RuStore rank and demand not measured","RuStore volume unavailable — proxy: natural-language hypothesis pending rank and demand validation","3","4","5","7","6","5","61","58","C","TOP-10","conversion copy only if natural","Проверяемая формулировка пользователя; тестировать в креативе или описании без keyword stuffing"
"что говорит моя натальная карта","Пользовательские формулировки","Решить личный вопрос обычными словами","8","Acquisition","Premium","Experiment","Hypothesis","Natural-language intent hypothesis; exact RuStore rank and demand not measured","RuStore volume unavailable — proxy: natural-language hypothesis pending rank and demand validation","3","4","5","7","6","5","61","58","C","TOP-10","conversion copy only if natural","Проверяемая формулировка пользователя; тестировать в креативе или описании без keyword stuffing"
"узнать себя по дате рождения","Пользовательские формулировки","Решить личный вопрос обычными словами","8","Acquisition","Mixed","Experiment","Hypothesis","Natural-language intent hypothesis; exact RuStore rank and demand not measured","RuStore volume unavailable — proxy: natural-language hypothesis pending rank and demand validation","3","4","5","7","6","5","61","58","C","TOP-10","conversion copy only if natural","Проверяемая формулировка пользователя; тестировать в креативе или описании без keyword stuffing"
"характер по дате рождения","Пользовательские формулировки","Решить личный вопрос обычными словами","8","Acquisition","Premium","Experiment","Hypothesis","Natural-language intent hypothesis; exact RuStore rank and demand not measured","RuStore volume unavailable — proxy: natural-language hypothesis pending rank and demand validation","3","4","5","7","6","5","61","58","C","TOP-10","conversion copy only if natural","Проверяемая формулировка пользователя; тестировать в креативе или описании без keyword stuffing"
"личность по дате рождения","Пользовательские формулировки","Решить личный вопрос обычными словами","8","Acquisition","Premium","Experiment","Hypothesis","Natural-language intent hypothesis; exact RuStore rank and demand not measured","RuStore volume unavailable — proxy: natural-language hypothesis pending rank and demand validation","3","4","5","7","6","5","61","58","C","TOP-10","conversion copy only if natural","Проверяемая формулировка пользователя; тестировать в креативе или описании без keyword stuffing"
"сильные стороны по дате рождения","Пользовательские формулировки","Решить личный вопрос обычными словами","8","Acquisition","Mixed","Experiment","Hypothesis","Natural-language intent hypothesis; exact RuStore rank and demand not measured","RuStore volume unavailable — proxy: natural-language hypothesis pending rank and demand validation","3","4","5","7","6","5","61","58","C","TOP-10","conversion copy only if natural","Проверяемая формулировка пользователя; тестировать в креативе или описании без keyword stuffing"
"кто я по натальной карте","Пользовательские формулировки","Решить личный вопрос обычными словами","8","Acquisition","Premium","Experiment","Hypothesis","Natural-language intent hypothesis; exact RuStore rank and demand not measured","RuStore volume unavailable — proxy: natural-language hypothesis pending rank and demand validation","3","4","5","7","6","5","61","58","C","TOP-10","conversion copy only if natural","Проверяемая формулировка пользователя; тестировать в креативе или описании без keyword stuffing"
"почему я так реагирую","Пользовательские формулировки","Решить личный вопрос обычными словами","8","Acquisition","Mixed","Experiment","Hypothesis","Natural-language intent hypothesis; exact RuStore rank and demand not measured","RuStore volume unavailable — proxy: natural-language hypothesis pending rank and demand validation","3","4","5","7","6","5","61","58","C","TOP-10","conversion copy only if natural","Проверяемая формулировка пользователя; тестировать в креативе или описании без keyword stuffing"
"мои таланты по дате рождения","Пользовательские формулировки","Решить личный вопрос обычными словами","8","Monetization","Premium","Experiment","Hypothesis","Natural-language intent hypothesis; exact RuStore rank and demand not measured","RuStore volume unavailable — proxy: natural-language hypothesis pending rank and demand validation","3","4","5","7","6","5","61","58","C","TOP-10","conversion copy only if natural","Проверяемая формулировка пользователя; тестировать в креативе или описании без keyword stuffing"
"что мне подходит по натальной карте","Пользовательские формулировки","Решить личный вопрос обычными словами","8","Acquisition","Premium","Experiment","Hypothesis","Natural-language intent hypothesis; exact RuStore rank and demand not measured","RuStore volume unavailable — proxy: natural-language hypothesis pending rank and demand validation","3","4","5","7","6","5","61","58","C","TOP-10","conversion copy only if natural","Проверяемая формулировка пользователя; тестировать в креативе или описании без keyword stuffing"
"как понять натальную карту","Пользовательские формулировки","Решить личный вопрос обычными словами","8","Acquisition","Premium","Experiment","Hypothesis","Natural-language intent hypothesis; exact RuStore rank and demand not measured","RuStore volume unavailable — proxy: natural-language hypothesis pending rank and demand validation","3","4","5","7","6","5","61","58","C","TOP-10","conversion copy only if natural","Проверяемая формулировка пользователя; тестировать в креативе или описании без keyword stuffing"
"где построить натальную карту","Пользовательские формулировки","Решить личный вопрос обычными словами","8","Acquisition","Premium","Experiment","Hypothesis","Natural-language intent hypothesis; exact RuStore rank and demand not measured","RuStore volume unavailable — proxy: natural-language hypothesis pending rank and demand validation","3","4","5","7","6","5","61","58","C","TOP-10","conversion copy only if natural","Проверяемая формулировка пользователя; тестировать в креативе или описании без keyword stuffing"
"как рассчитать натальную карту","Пользовательские формулировки","Решить личный вопрос обычными словами","8","Acquisition","Premium","Experiment","Hypothesis","Natural-language intent hypothesis; exact RuStore rank and demand not measured","RuStore volume unavailable — proxy: natural-language hypothesis pending rank and demand validation","3","4","5","7","6","5","61","58","C","TOP-10","conversion copy only if natural","Проверяемая формулировка пользователя; тестировать в креативе или описании без keyword stuffing"
"мы подходим друг другу","Пользовательские формулировки","Решить личный вопрос обычными словами","8","Acquisition","Premium","Experiment","Hypothesis","Natural-language intent hypothesis; exact RuStore rank and demand not measured","RuStore volume unavailable — proxy: natural-language hypothesis pending rank and demand validation","3","4","5","7","6","5","61","58","C","TOP-10","conversion copy only if natural","Проверяемая формулировка пользователя; тестировать в креативе или описании без keyword stuffing"
"совместимость с партнером","Пользовательские формулировки","Решить личный вопрос обычными словами","8","Monetization","Premium","Experiment","Hypothesis","Natural-language intent hypothesis; exact RuStore rank and demand not measured","RuStore volume unavailable — proxy: natural-language hypothesis pending rank and demand validation","3","4","5","7","6","5","61","58","C","TOP-10","conversion copy only if natural","Проверяемая формулировка пользователя; тестировать в креативе или описании без keyword stuffing"
"прогноз лично для меня","Пользовательские формулировки","Решить личный вопрос обычными словами","8","Acquisition","Mixed","Experiment","Hypothesis","Natural-language intent hypothesis; exact RuStore rank and demand not measured","RuStore volume unavailable — proxy: natural-language hypothesis pending rank and demand validation","3","4","5","7","6","5","61","58","C","TOP-10","conversion copy only if natural","Проверяемая формулировка пользователя; тестировать в креативе или описании без keyword stuffing"
"гороскоп именно для меня","Пользовательские формулировки","Решить личный вопрос обычными словами","8","Acquisition","Mixed","Experiment","Hypothesis","Natural-language intent hypothesis; exact RuStore rank and demand not measured","RuStore volume unavailable — proxy: natural-language hypothesis pending rank and demand validation","3","4","5","7","6","5","61","58","C","TOP-10","conversion copy only if natural","Проверяемая формулировка пользователя; тестировать в креативе или описании без keyword stuffing"
"лунный календарь","Луна и ретрограды","Проверить астрологический календарный ориентир","6","Acquisition","Free","Target","Proxy","Semantic expansion from observed RuStore SERP observed competitor metadata in RuStore; exact variant rank not measured","RuStore volume unavailable — proxy: observed RuStore cluster and competitor metadata; exact frequency unknown","5","7","7","6","4","4","48","52","B","TOP-10","full only if surfaced in release","Расширяет качественное ядро; покрывать кластером и естественной морфологией без дословного перечисления"
"фазы луны","Луна и ретрограды","Проверить астрологический календарный ориентир","6","Acquisition","Free","Target","Proxy","Semantic expansion from observed RuStore SERP observed competitor metadata in RuStore; exact variant rank not measured","RuStore volume unavailable — proxy: observed RuStore cluster and competitor metadata; exact frequency unknown","5","7","7","6","4","4","48","52","B","TOP-10","full only if surfaced in release","Расширяет качественное ядро; покрывать кластером и естественной морфологией без дословного перечисления"
"луна сегодня","Луна и ретрограды","Проверить астрологический календарный ориентир","6","Retention","Free","Target","Proxy","Semantic expansion from observed RuStore SERP observed competitor metadata in RuStore; exact variant rank not measured","RuStore volume unavailable — proxy: observed RuStore cluster and competitor metadata; exact frequency unknown","5","7","7","6","4","4","48","52","B","TOP-10","full only if surfaced in release","Расширяет качественное ядро; покрывать кластером и естественной морфологией без дословного перечисления"
"ретроградный меркурий","Луна и ретрограды","Проверить астрологический календарный ориентир","6","Retention","Free","Target","Proxy","Semantic expansion from observed RuStore SERP observed competitor metadata in RuStore; exact variant rank not measured","RuStore volume unavailable — proxy: observed RuStore cluster and competitor metadata; exact frequency unknown","5","7","7","6","4","4","48","52","B","TOP-10","full only if surfaced in release","Расширяет качественное ядро; покрывать кластером и естественной морфологией без дословного перечисления"
"ретроградные планеты","Луна и ретрограды","Проверить астрологический календарный ориентир","6","Retention","Free","Target","Proxy","Semantic expansion from observed RuStore SERP observed competitor metadata in RuStore; exact variant rank not measured","RuStore volume unavailable — proxy: observed RuStore cluster and competitor metadata; exact frequency unknown","5","7","7","6","4","4","48","52","B","TOP-10","full only if surfaced in release","Расширяет качественное ядро; покрывать кластером и естественной морфологией без дословного перечисления"
"календарь ретроградов","Луна и ретрограды","Проверить астрологический календарный ориентир","6","Retention","Free","Target","Proxy","Semantic expansion from observed RuStore SERP observed competitor metadata in RuStore; exact variant rank not measured","RuStore volume unavailable — proxy: observed RuStore cluster and competitor metadata; exact frequency unknown","5","7","7","6","4","4","48","52","B","TOP-10","full only if surfaced in release","Расширяет качественное ядро; покрывать кластером и естественной морфологией без дословного перечисления"
"когда ретроградный меркурий","Луна и ретрограды","Проверить астрологический календарный ориентир","6","Retention","Free","Target","Proxy","Semantic expansion from observed RuStore SERP observed competitor metadata in RuStore; exact variant rank not measured","RuStore volume unavailable — proxy: observed RuStore cluster and competitor metadata; exact frequency unknown","5","7","7","6","4","4","48","52","B","TOP-10","full only if surfaced in release","Расширяет качественное ядро; покрывать кластером и естественной морфологией без дословного перечисления"
"астрологический календарь","Луна и ретрограды","Проверить астрологический календарный ориентир","6","Acquisition","Free","Target","Proxy","Semantic expansion from observed RuStore SERP observed competitor metadata in RuStore; exact variant rank not measured","RuStore volume unavailable — proxy: observed RuStore cluster and competitor metadata; exact frequency unknown","5","7","7","6","4","4","48","52","B","TOP-10","full only if surfaced in release","Расширяет качественное ядро; покрывать кластером и естественной морфологией без дословного перечисления"
"лунный день сегодня","Луна и ретрограды","Проверить астрологический календарный ориентир","6","Retention","Free","Target","Proxy","Semantic expansion from observed RuStore SERP observed competitor metadata in RuStore; exact variant rank not measured","RuStore volume unavailable — proxy: observed RuStore cluster and competitor metadata; exact frequency unknown","5","7","7","6","4","4","48","52","B","TOP-10","full only if surfaced in release","Расширяет качественное ядро; покрывать кластером и естественной морфологией без дословного перечисления"
"текущая фаза луны","Луна и ретрограды","Проверить астрологический календарный ориентир","6","Acquisition","Free","Target","Proxy","Semantic expansion from observed RuStore SERP observed competitor metadata in RuStore; exact variant rank not measured","RuStore volume unavailable — proxy: observed RuStore cluster and competitor metadata; exact frequency unknown","5","7","7","6","4","4","48","52","B","TOP-10","full only if surfaced in release","Расширяет качественное ядро; покрывать кластером и естественной морфологией без дословного перечисления"
"матрица судьбы","Отрицательная и смежная семантика","Ищет отсутствующую в MEOU функцию","0","Monitoring","Absent","Negative","Evidence","RuStore SERP 2026-08-26: 500 results with many exact-title matrix apps; MEOU feature absent","RuStore volume unavailable — proxy: exact SERP evidence and title saturation; result count is not search volume","8","8","6","1","0","1","0","25","NEGATIVE","Ignore","не использовать","Функции нет: только мониторинг смежного спроса; не обещать и не включать в metadata"
"рассчитать матрицу судьбы","Отрицательная и смежная семантика","Ищет отсутствующую в MEOU функцию","0","Monitoring","Absent","Negative","Hypothesis","Adjacent-demand monitoring term; exact RuStore rank and demand not measured","RuStore volume unavailable — proxy: natural-language hypothesis pending rank and demand validation","6","8","6","1","0","1","0","22","NEGATIVE","Ignore","не использовать","Функции нет: только мониторинг смежного спроса; не обещать и не включать в metadata"
"расчет матрицы судьбы","Отрицательная и смежная семантика","Ищет отсутствующую в MEOU функцию","0","Monitoring","Absent","Negative","Hypothesis","Adjacent-demand monitoring term; exact RuStore rank and demand not measured","RuStore volume unavailable — proxy: natural-language hypothesis pending rank and demand validation","6","8","6","1","0","1","0","22","NEGATIVE","Ignore","не использовать","Функции нет: только мониторинг смежного спроса; не обещать и не включать в metadata"
"матрица судьбы онлайн","Отрицательная и смежная семантика","Ищет отсутствующую в MEOU функцию","0","Monitoring","Absent","Negative","Proxy","RuStore adjacent SERPs show a mature competing cluster; exact query not checked unless separately noted","RuStore volume unavailable — proxy: observed RuStore cluster and competitor metadata; exact frequency unknown","8","8","6","1","0","1","0","25","NEGATIVE","Ignore","не использовать","Функции нет: только мониторинг смежного спроса; не обещать и не включать в metadata"
"матрица судьбы бесплатно","Отрицательная и смежная семантика","Ищет отсутствующую в MEOU функцию","0","Monitoring","Absent","Negative","Proxy","RuStore adjacent SERPs show a mature competing cluster; exact query not checked unless separately noted","RuStore volume unavailable — proxy: observed RuStore cluster and competitor metadata; exact frequency unknown","8","8","6","1","0","1","0","25","NEGATIVE","Ignore","не использовать","Функции нет: только мониторинг смежного спроса; не обещать и не включать в metadata"
"матрица судьбы по дате рождения","Отрицательная и смежная семантика","Ищет отсутствующую в MEOU функцию","0","Monitoring","Absent","Negative","Proxy","RuStore adjacent SERPs show a mature competing cluster; exact query not checked unless separately noted","RuStore volume unavailable — proxy: observed RuStore cluster and competitor metadata; exact frequency unknown","8","8","6","1","0","1","0","25","NEGATIVE","Ignore","не использовать","Функции нет: только мониторинг смежного спроса; не обещать и не включать в metadata"
"расшифровка матрицы судьбы","Отрицательная и смежная семантика","Ищет отсутствующую в MEOU функцию","0","Monitoring","Absent","Negative","Hypothesis","Adjacent-demand monitoring term; exact RuStore rank and demand not measured","RuStore volume unavailable — proxy: natural-language hypothesis pending rank and demand validation","6","8","6","1","0","1","0","22","NEGATIVE","Ignore","не использовать","Функции нет: только мониторинг смежного спроса; не обещать и не включать в metadata"
"совместимость по матрице судьбы","Отрицательная и смежная семантика","Ищет отсутствующую в MEOU функцию","0","Monitoring","Absent","Negative","Hypothesis","Adjacent-demand monitoring term; exact RuStore rank and demand not measured","RuStore volume unavailable — proxy: natural-language hypothesis pending rank and demand validation","6","8","6","1","0","1","0","22","NEGATIVE","Ignore","не использовать","Функции нет: только мониторинг смежного спроса; не обещать и не включать в metadata"
"предназначение по матрице судьбы","Отрицательная и смежная семантика","Ищет отсутствующую в MEOU функцию","0","Monitoring","Absent","Negative","Hypothesis","Adjacent-demand monitoring term; exact RuStore rank and demand not measured","RuStore volume unavailable — proxy: natural-language hypothesis pending rank and demand validation","6","8","6","1","0","1","0","22","NEGATIVE","Ignore","не использовать","Функции нет: только мониторинг смежного спроса; не обещать и не включать в metadata"
"код судьбы по дате рождения","Отрицательная и смежная семантика","Ищет отсутствующую в MEOU функцию","0","Monitoring","Absent","Negative","Hypothesis","Adjacent-demand monitoring term; exact RuStore rank and demand not measured","RuStore volume unavailable — proxy: natural-language hypothesis pending rank and demand validation","6","8","6","1","0","1","0","22","NEGATIVE","Ignore","не использовать","Функции нет: только мониторинг смежного спроса; не обещать и не включать в metadata"
"таро","Отрицательная и смежная семантика","Ищет отсутствующую в MEOU функцию","0","Monitoring","Absent","Negative","Evidence","RuStore SERP 2026-08-26 matrix and natal clusters: tarot appears in competitor titles; MEOU feature absent","RuStore volume unavailable — proxy: exact SERP evidence and title saturation; result count is not search volume","8","8","6","1","0","1","0","25","NEGATIVE","Ignore","не использовать","Функции нет: только мониторинг смежного спроса; не обещать и не включать в metadata"
"расклад таро","Отрицательная и смежная семантика","Ищет отсутствующую в MEOU функцию","0","Monitoring","Absent","Negative","Proxy","RuStore adjacent SERPs show a mature competing cluster; exact query not checked unless separately noted","RuStore volume unavailable — proxy: observed RuStore cluster and competitor metadata; exact frequency unknown","8","8","6","1","0","1","0","25","NEGATIVE","Ignore","не использовать","Функции нет: только мониторинг смежного спроса; не обещать и не включать в metadata"
"карты таро онлайн","Отрицательная и смежная семантика","Ищет отсутствующую в MEOU функцию","0","Monitoring","Absent","Negative","Proxy","RuStore adjacent SERPs show a mature competing cluster; exact query not checked unless separately noted","RuStore volume unavailable — proxy: observed RuStore cluster and competitor metadata; exact frequency unknown","8","8","6","1","0","1","0","25","NEGATIVE","Ignore","не использовать","Функции нет: только мониторинг смежного спроса; не обещать и не включать в metadata"
"таро на сегодня","Отрицательная и смежная семантика","Ищет отсутствующую в MEOU функцию","0","Monitoring","Absent","Negative","Proxy","RuStore adjacent SERPs show a mature competing cluster; exact query not checked unless separately noted","RuStore volume unavailable — proxy: observed RuStore cluster and competitor metadata; exact frequency unknown","8","8","6","1","0","1","0","25","NEGATIVE","Ignore","не использовать","Функции нет: только мониторинг смежного спроса; не обещать и не включать в metadata"
"таролог онлайн","Отрицательная и смежная семантика","Ищет отсутствующую в MEOU функцию","0","Monitoring","Absent","Negative","Proxy","RuStore adjacent SERPs show a mature competing cluster; exact query not checked unless separately noted","RuStore volume unavailable — proxy: observed RuStore cluster and competitor metadata; exact frequency unknown","8","8","6","1","0","1","0","25","NEGATIVE","Ignore","не использовать","Функции нет: только мониторинг смежного спроса; не обещать и не включать в metadata"
"нумерология","Отрицательная и смежная семантика","Ищет отсутствующую в MEOU функцию","0","Monitoring","Absent","Negative","Evidence","RuStore SERP 2026-08-26 compatibility and matrix clusters: numerology titles are present; MEOU feature absent","RuStore volume unavailable — proxy: exact SERP evidence and title saturation; result count is not search volume","7","8","6","1","0","1","0","24","NEGATIVE","Ignore","не использовать","Функции нет: только мониторинг смежного спроса; не обещать и не включать в metadata"
"нумерология по дате рождения","Отрицательная и смежная семантика","Ищет отсутствующую в MEOU функцию","0","Monitoring","Absent","Negative","Proxy","RuStore adjacent SERPs show a mature competing cluster; exact query not checked unless separately noted","RuStore volume unavailable — proxy: observed RuStore cluster and competitor metadata; exact frequency unknown","7","8","6","1","0","1","0","24","NEGATIVE","Ignore","не использовать","Функции нет: только мониторинг смежного спроса; не обещать и не включать в metadata"
"число судьбы","Отрицательная и смежная семантика","Ищет отсутствующую в MEOU функцию","0","Monitoring","Absent","Negative","Hypothesis","Adjacent-demand monitoring term; exact RuStore rank and demand not measured","RuStore volume unavailable — proxy: natural-language hypothesis pending rank and demand validation","6","8","6","1","0","1","0","22","NEGATIVE","Ignore","не использовать","Функции нет: только мониторинг смежного спроса; не обещать и не включать в metadata"
"психоматрица","Отрицательная и смежная семантика","Ищет отсутствующую в MEOU функцию","0","Monitoring","Absent","Negative","Hypothesis","Adjacent-demand monitoring term; exact RuStore rank and demand not measured","RuStore volume unavailable — proxy: natural-language hypothesis pending rank and demand validation","7","8","6","1","0","1","0","24","NEGATIVE","Ignore","не использовать","Функции нет: только мониторинг смежного спроса; не обещать и не включать в metadata"
"квадрат пифагора","Отрицательная и смежная семантика","Ищет отсутствующую в MEOU функцию","0","Monitoring","Absent","Negative","Hypothesis","Adjacent-demand monitoring term; exact RuStore rank and demand not measured","RuStore volume unavailable — proxy: natural-language hypothesis pending rank and demand validation","7","8","6","1","0","1","0","24","NEGATIVE","Ignore","не использовать","Функции нет: только мониторинг смежного спроса; не обещать и не включать в metadata"
"сонник","Отрицательная и смежная семантика","Ищет отсутствующую в MEOU функцию","0","Monitoring","Absent","Negative","Hypothesis","Adjacent-demand monitoring term; exact RuStore rank and demand not measured","RuStore volume unavailable — proxy: natural-language hypothesis pending rank and demand validation","6","8","6","1","0","1","0","22","NEGATIVE","Ignore","не использовать","Функции нет: только мониторинг смежного спроса; не обещать и не включать в metadata"
"толкование снов","Отрицательная и смежная семантика","Ищет отсутствующую в MEOU функцию","0","Monitoring","Absent","Negative","Hypothesis","Adjacent-demand monitoring term; exact RuStore rank and demand not measured","RuStore volume unavailable — proxy: natural-language hypothesis pending rank and demand validation","6","8","6","1","0","1","0","22","NEGATIVE","Ignore","не использовать","Функции нет: только мониторинг смежного спроса; не обещать и не включать в metadata"
"гадание онлайн","Отрицательная и смежная семантика","Ищет отсутствующую в MEOU функцию","0","Monitoring","Absent","Negative","Hypothesis","Adjacent-demand monitoring term; exact RuStore rank and demand not measured","RuStore volume unavailable — proxy: natural-language hypothesis pending rank and demand validation","6","8","6","1","0","1","0","22","NEGATIVE","Ignore","не использовать","Функции нет: только мониторинг смежного спроса; не обещать и не включать в metadata"
"гороскоп на завтра","Отрицательная и смежная семантика","Ищет отсутствующую в MEOU функцию","1","Monitoring","Absent","Negative","Hypothesis","Adjacent-demand monitoring term; exact RuStore rank and demand not measured","RuStore volume unavailable — proxy: natural-language hypothesis pending rank and demand validation","6","8","6","1","0","1","0","24","NEGATIVE","Ignore","не использовать","Функции нет: только мониторинг смежного спроса; не обещать и не включать в metadata"
"гороскоп на год","Отрицательная и смежная семантика","Ищет отсутствующую в MEOU функцию","1","Monitoring","Absent","Negative","Hypothesis","Adjacent-demand monitoring term; exact RuStore rank and demand not measured","RuStore volume unavailable — proxy: natural-language hypothesis pending rank and demand validation","6","8","6","1","0","1","0","24","NEGATIVE","Ignore","не использовать","Функции нет: только мониторинг смежного спроса; не обещать и не включать в metadata"
"детская натальная карта","Отрицательная и смежная семантика","Ищет отсутствующую в MEOU функцию","0","Monitoring","Absent","Negative","Hypothesis","Adjacent-demand monitoring term; exact RuStore rank and demand not measured","RuStore volume unavailable — proxy: natural-language hypothesis pending rank and demand validation","6","8","6","1","0","1","0","22","NEGATIVE","Ignore","не использовать","Функции нет: только мониторинг смежного спроса; не обещать и не включать в metadata"
"живой астролог онлайн","Отрицательная и смежная семантика","Ищет отсутствующую в MEOU функцию","0","Monitoring","Absent","Negative","Hypothesis","Adjacent-demand monitoring term; exact RuStore rank and demand not measured","RuStore volume unavailable — proxy: natural-language hypothesis pending rank and demand validation","6","8","6","1","0","1","0","22","NEGATIVE","Ignore","не использовать","Функции нет: только мониторинг смежного спроса; не обещать и не включать в metadata"
"консультация профессионального астролога","Отрицательная и смежная семантика","Ищет отсутствующую в MEOU функцию","0","Monitoring","Absent","Negative","Hypothesis","Adjacent-demand monitoring term; exact RuStore rank and demand not measured","RuStore volume unavailable — proxy: natural-language hypothesis pending rank and demand validation","6","8","6","1","0","1","0","22","NEGATIVE","Ignore","не использовать","Функции нет: только мониторинг смежного спроса; не обещать и не включать в metadata"
