raw_record_id,seed,base_keyword,operator_kind,result_rank,query,requests_last_30_days,region,region_id,device,language,collected_at,source_url,evidence_file,data_quality,notes
broad-1,гороскоп,гороскоп,broad,1,гороскоп,4376696,Россия,225,Смартфоны,ru,2026-07-29T18:50:56.118Z,https://wordstat.yandex.ru/?region=225&view=table&words=%D0%B3%D0%BE%D1%80%D0%BE%D1%81%D0%BA%D0%BE%D0%BF,evidence/wordstat/wordstat-live-raw.json,VALID_LIVE_WORDSTAT,"External Yandex demand proxy, not RuStore internal search volume."
broad-2,гороскоп,гороскоп,broad,2,гороскоп на сегодня,1242594,Россия,225,Смартфоны,ru,2026-07-29T18:50:56.118Z,https://wordstat.yandex.ru/?region=225&view=table&words=%D0%B3%D0%BE%D1%80%D0%BE%D1%81%D0%BA%D0%BE%D0%BF,evidence/wordstat/wordstat-live-raw.json,VALID_LIVE_WORDSTAT,"External Yandex demand proxy, not RuStore internal search volume."
broad-3,гороскоп,гороскоп,broad,3,гороскоп на 2026,715039,Россия,225,Смартфоны,ru,2026-07-29T18:50:56.118Z,https://wordstat.yandex.ru/?region=225&view=table&words=%D0%B3%D0%BE%D1%80%D0%BE%D1%81%D0%BA%D0%BE%D0%BF,evidence/wordstat/wordstat-live-raw.json,VALID_LIVE_WORDSTAT,"External Yandex demand proxy, not RuStore internal search volume."
broad-4,гороскоп,гороскоп,broad,4,гороскоп женщина,530747,Россия,225,Смартфоны,ru,2026-07-29T18:50:56.118Z,https://wordstat.yandex.ru/?region=225&view=table&words=%D0%B3%D0%BE%D1%80%D0%BE%D1%81%D0%BA%D0%BE%D0%BF,evidence/wordstat/wordstat-live-raw.json,VALID_LIVE_WORDSTAT,"External Yandex demand proxy, not RuStore internal search volume."
broad-5,гороскоп,гороскоп,broad,5,гороскоп на июль,525769,Россия,225,Смартфоны,ru,2026-07-29T18:50:56.118Z,https://wordstat.yandex.ru/?region=225&view=table&words=%D0%B3%D0%BE%D1%80%D0%BE%D1%81%D0%BA%D0%BE%D0%BF,evidence/wordstat/wordstat-live-raw.json,VALID_LIVE_WORDSTAT,"External Yandex demand proxy, not RuStore internal search volume."
broad-6,гороскоп,гороскоп,broad,6,гороскоп на июль 2026,374134,Россия,225,Смартфоны,ru,2026-07-29T18:50:56.118Z,https://wordstat.yandex.ru/?region=225&view=table&words=%D0%B3%D0%BE%D1%80%D0%BE%D1%81%D0%BA%D0%BE%D0%BF,evidence/wordstat/wordstat-live-raw.json,VALID_LIVE_WORDSTAT,"External Yandex demand proxy, not RuStore internal search volume."
broad-7,гороскоп,гороскоп,broad,7,гороскоп рак,304572,Россия,225,Смартфоны,ru,2026-07-29T18:50:56.118Z,https://wordstat.yandex.ru/?region=225&view=table&words=%D0%B3%D0%BE%D1%80%D0%BE%D1%81%D0%BA%D0%BE%D0%BF,evidence/wordstat/wordstat-live-raw.json,VALID_LIVE_WORDSTAT,"External Yandex demand proxy, not RuStore internal search volume."
broad-8,гороскоп,гороскоп,broad,8,гороскоп на завтра,297761,Россия,225,Смартфоны,ru,2026-07-29T18:50:56.118Z,https://wordstat.yandex.ru/?region=225&view=table&words=%D0%B3%D0%BE%D1%80%D0%BE%D1%81%D0%BA%D0%BE%D0%BF,evidence/wordstat/wordstat-live-raw.json,VALID_LIVE_WORDSTAT,"External Yandex demand proxy, not RuStore internal search volume."
broad-9,гороскоп,гороскоп,broad,9,гороскоп лев,285086,Россия,225,Смартфоны,ru,2026-07-29T18:50:56.118Z,https://wordstat.yandex.ru/?region=225&view=table&words=%D0%B3%D0%BE%D1%80%D0%BE%D1%81%D0%BA%D0%BE%D0%BF,evidence/wordstat/wordstat-live-raw.json,VALID_LIVE_WORDSTAT,"External Yandex demand proxy, not RuStore internal search volume."
broad-10,гороскоп,гороскоп,broad,10,гороскоп лев львов,284698,Россия,225,Смартфоны,ru,2026-07-29T18:50:56.118Z,https://wordstat.yandex.ru/?region=225&view=table&words=%D0%B3%D0%BE%D1%80%D0%BE%D1%81%D0%BA%D0%BE%D0%BF,evidence/wordstat/wordstat-live-raw.json,VALID_LIVE_WORDSTAT,"External Yandex demand proxy, not RuStore internal search volume."
broad-11,гороскоп,гороскоп,broad,11,гороскоп близнецы,251464,Россия,225,Смартфоны,ru,2026-07-29T18:50:56.118Z,https://wordstat.yandex.ru/?region=225&view=table&words=%D0%B3%D0%BE%D1%80%D0%BE%D1%81%D0%BA%D0%BE%D0%BF,evidence/wordstat/wordstat-live-raw.json,VALID_LIVE_WORDSTAT,"External Yandex demand proxy, not RuStore internal search volume."
broad-12,гороскоп,гороскоп,broad,12,гороскоп телец,238433,Россия,225,Смартфоны,ru,2026-07-29T18:50:56.118Z,https://wordstat.yandex.ru/?region=225&view=table&words=%D0%B3%D0%BE%D1%80%D0%BE%D1%81%D0%BA%D0%BE%D0%BF,evidence/wordstat/wordstat-live-raw.json,VALID_LIVE_WORDSTAT,"External Yandex demand proxy, not RuStore internal search volume."
broad-13,гороскоп,гороскоп,broad,13,гороскоп тельцам,238426,Россия,225,Смартфоны,ru,2026-07-29T18:50:56.118Z,https://wordstat.yandex.ru/?region=225&view=table&words=%D0%B3%D0%BE%D1%80%D0%BE%D1%81%D0%BA%D0%BE%D0%BF,evidence/wordstat/wordstat-live-raw.json,VALID_LIVE_WORDSTAT,"External Yandex demand proxy, not RuStore internal search volume."
broad-14,гороскоп,гороскоп,broad,14,гороскоп рыбы,235763,Россия,225,Смартфоны,ru,2026-07-29T18:50:56.118Z,https://wordstat.yandex.ru/?region=225&view=table&words=%D0%B3%D0%BE%D1%80%D0%BE%D1%81%D0%BA%D0%BE%D0%BF,evidence/wordstat/wordstat-live-raw.json,VALID_LIVE_WORDSTAT,"External Yandex demand proxy, not RuStore internal search volume."
broad-15,гороскоп,гороскоп,broad,15,гороскоп дева,234206,Россия,225,Смартфоны,ru,2026-07-29T18:50:56.118Z,https://wordstat.yandex.ru/?region=225&view=table&words=%D0%B3%D0%BE%D1%80%D0%BE%D1%81%D0%BA%D0%BE%D0%BF,evidence/wordstat/wordstat-live-raw.json,VALID_LIVE_WORDSTAT,"External Yandex demand proxy, not RuStore internal search volume."
broad-16,гороскоп,гороскоп,broad,16,гороскоп овен,230287,Россия,225,Смартфоны,ru,2026-07-29T18:50:56.118Z,https://wordstat.yandex.ru/?region=225&view=table&words=%D0%B3%D0%BE%D1%80%D0%BE%D1%81%D0%BA%D0%BE%D0%BF,evidence/wordstat/wordstat-live-raw.json,VALID_LIVE_WORDSTAT,"External Yandex demand proxy, not RuStore internal search volume."
broad-17,гороскоп,гороскоп,broad,17,гороскоп весы,225845,Россия,225,Смартфоны,ru,2026-07-29T18:50:56.118Z,https://wordstat.yandex.ru/?region=225&view=table&words=%D0%B3%D0%BE%D1%80%D0%BE%D1%81%D0%BA%D0%BE%D0%BF,evidence/wordstat/wordstat-live-raw.json,VALID_LIVE_WORDSTAT,"External Yandex demand proxy, not RuStore internal search volume."
broad-18,гороскоп,гороскоп,broad,18,гороскоп водолей,217854,Россия,225,Смартфоны,ru,2026-07-29T18:50:56.118Z,https://wordstat.yandex.ru/?region=225&view=table&words=%D0%B3%D0%BE%D1%80%D0%BE%D1%81%D0%BA%D0%BE%D0%BF,evidence/wordstat/wordstat-live-raw.json,VALID_LIVE_WORDSTAT,"External Yandex demand proxy, not RuStore internal search volume."
broad-19,гороскоп,гороскоп,broad,19,гороскоп скорпион,208731,Россия,225,Смартфоны,ru,2026-07-29T18:50:56.118Z,https://wordstat.yandex.ru/?region=225&view=table&words=%D0%B3%D0%BE%D1%80%D0%BE%D1%81%D0%BA%D0%BE%D0%BF,evidence/wordstat/wordstat-live-raw.json,VALID_LIVE_WORDSTAT,"External Yandex demand proxy, not RuStore internal search volume."
broad-20,гороскоп,гороскоп,broad,20,знаки гороскопа,204173,Россия,225,Смартфоны,ru,2026-07-29T18:50:56.118Z,https://wordstat.yandex.ru/?region=225&view=table&words=%D0%B3%D0%BE%D1%80%D0%BE%D1%81%D0%BA%D0%BE%D0%BF,evidence/wordstat/wordstat-live-raw.json,VALID_LIVE_WORDSTAT,"External Yandex demand proxy, not RuStore internal search volume."
broad-21,гороскоп,гороскоп,broad,21,гороскоп козерог,196602,Россия,225,Смартфоны,ru,2026-07-29T18:50:56.118Z,https://wordstat.yandex.ru/?region=225&view=table&words=%D0%B3%D0%BE%D1%80%D0%BE%D1%81%D0%BA%D0%BE%D0%BF,evidence/wordstat/wordstat-live-raw.json,VALID_LIVE_WORDSTAT,"External Yandex demand proxy, not RuStore internal search volume."
broad-22,гороскоп,гороскоп,broad,22,гороскоп стрелец,193925,Россия,225,Смартфоны,ru,2026-07-29T18:50:56.118Z,https://wordstat.yandex.ru/?region=225&view=table&words=%D0%B3%D0%BE%D1%80%D0%BE%D1%81%D0%BA%D0%BE%D0%BF,evidence/wordstat/wordstat-live-raw.json,VALID_LIVE_WORDSTAT,"External Yandex demand proxy, not RuStore internal search volume."
broad-23,гороскоп,гороскоп,broad,23,гороскоп на сегодня мужчина,192300,Россия,225,Смартфоны,ru,2026-07-29T18:50:56.118Z,https://wordstat.yandex.ru/?region=225&view=table&words=%D0%B3%D0%BE%D1%80%D0%BE%D1%81%D0%BA%D0%BE%D0%BF,evidence/wordstat/wordstat-live-raw.json,VALID_LIVE_WORDSTAT,"External Yandex demand proxy, not RuStore internal search volume."
broad-24,гороскоп,гороскоп,broad,24,гороскоп на сегодня женщина,176854,Россия,225,Смартфоны,ru,2026-07-29T18:50:56.118Z,https://wordstat.yandex.ru/?region=225&view=table&words=%D0%B3%D0%BE%D1%80%D0%BE%D1%81%D0%BA%D0%BE%D0%BF,evidence/wordstat/wordstat-live-raw.json,VALID_LIVE_WORDSTAT,"External Yandex demand proxy, not RuStore internal search volume."
broad-25,гороскоп,гороскоп,broad,25,гороскоп на 2026 женщина,174129,Россия,225,Смартфоны,ru,2026-07-29T18:50:56.118Z,https://wordstat.yandex.ru/?region=225&view=table&words=%D0%B3%D0%BE%D1%80%D0%BE%D1%81%D0%BA%D0%BE%D0%BF,evidence/wordstat/wordstat-live-raw.json,VALID_LIVE_WORDSTAT,"External Yandex demand proxy, not RuStore internal search volume."
broad-26,гороскоп,гороскоп,broad,26,гороскоп зодиака,168378,Россия,225,Смартфоны,ru,2026-07-29T18:50:56.118Z,https://wordstat.yandex.ru/?region=225&view=table&words=%D0%B3%D0%BE%D1%80%D0%BE%D1%81%D0%BA%D0%BE%D0%BF,evidence/wordstat/wordstat-live-raw.json,VALID_LIVE_WORDSTAT,"External Yandex demand proxy, not RuStore internal search volume."
broad-27,гороскоп,гороскоп,broad,27,гороскоп на 2026 год,164100,Россия,225,Смартфоны,ru,2026-07-29T18:50:56.118Z,https://wordstat.yandex.ru/?region=225&view=table&words=%D0%B3%D0%BE%D1%80%D0%BE%D1%81%D0%BA%D0%BE%D0%BF,evidence/wordstat/wordstat-live-raw.json,VALID_LIVE_WORDSTAT,"External Yandex demand proxy, not RuStore internal search volume."
broad-28,гороскоп,гороскоп,broad,28,гороскоп на август,147665,Россия,225,Смартфоны,ru,2026-07-29T18:50:56.118Z,https://wordstat.yandex.ru/?region=225&view=table&words=%D0%B3%D0%BE%D1%80%D0%BE%D1%81%D0%BA%D0%BE%D0%BF,evidence/wordstat/wordstat-live-raw.json,VALID_LIVE_WORDSTAT,"External Yandex demand proxy, not RuStore internal search volume."
broad-29,гороскоп,гороскоп,broad,29,гороскоп по знакам зодиака,141237,Россия,225,Смартфоны,ru,2026-07-29T18:50:56.118Z,https://wordstat.yandex.ru/?region=225&view=table&words=%D0%B3%D0%BE%D1%80%D0%BE%D1%81%D0%BA%D0%BE%D0%BF,evidence/wordstat/wordstat-live-raw.json,VALID_LIVE_WORDSTAT,"External Yandex demand proxy, not RuStore internal search volume."
broad-30,гороскоп,гороскоп,broad,30,гороскоп по годам,118790,Россия,225,Смартфоны,ru,2026-07-29T18:50:56.118Z,https://wordstat.yandex.ru/?region=225&view=table&words=%D0%B3%D0%BE%D1%80%D0%BE%D1%81%D0%BA%D0%BE%D0%BF,evidence/wordstat/wordstat-live-raw.json,VALID_LIVE_WORDSTAT,"External Yandex demand proxy, not RuStore internal search volume."
broad-31,гороскоп,гороскоп,broad,31,точный гороскоп,116488,Россия,225,Смартфоны,ru,2026-07-29T18:50:56.118Z,https://wordstat.yandex.ru/?region=225&view=table&words=%D0%B3%D0%BE%D1%80%D0%BE%D1%81%D0%BA%D0%BE%D0%BF,evidence/wordstat/wordstat-live-raw.json,VALID_LIVE_WORDSTAT,"External Yandex demand proxy, not RuStore internal search volume."
broad-32,гороскоп,гороскоп,broad,32,гороскоп на август 2026,115287,Россия,225,Смартфоны,ru,2026-07-29T18:50:56.118Z,https://wordstat.yandex.ru/?region=225&view=table&words=%D0%B3%D0%BE%D1%80%D0%BE%D1%81%D0%BA%D0%BE%D0%BF,evidence/wordstat/wordstat-live-raw.json,VALID_LIVE_WORDSTAT,"External Yandex demand proxy, not RuStore internal search volume."
broad-33,гороскоп,гороскоп,broad,33,канал гороскопы,113203,Россия,225,Смартфоны,ru,2026-07-29T18:50:56.118Z,https://wordstat.yandex.ru/?region=225&view=table&words=%D0%B3%D0%BE%D1%80%D0%BE%D1%81%D0%BA%D0%BE%D0%BF,evidence/wordstat/wordstat-live-raw.json,VALID_LIVE_WORDSTAT,"External Yandex demand proxy, not RuStore internal search volume."
broad-34,гороскоп,гороскоп,broad,34,гороскоп на июль женщина,98155,Россия,225,Смартфоны,ru,2026-07-29T18:50:56.118Z,https://wordstat.yandex.ru/?region=225&view=table&words=%D0%B3%D0%BE%D1%80%D0%BE%D1%81%D0%BA%D0%BE%D0%BF,evidence/wordstat/wordstat-live-raw.json,VALID_LIVE_WORDSTAT,"External Yandex demand proxy, not RuStore internal search volume."
broad-35,гороскоп,гороскоп,broad,35,гороскоп на сегодня близнецы,92907,Россия,225,Смартфоны,ru,2026-07-29T18:50:56.118Z,https://wordstat.yandex.ru/?region=225&view=table&words=%D0%B3%D0%BE%D1%80%D0%BE%D1%81%D0%BA%D0%BE%D0%BF,evidence/wordstat/wordstat-live-raw.json,VALID_LIVE_WORDSTAT,"External Yandex demand proxy, not RuStore internal search volume."
broad-36,гороскоп,гороскоп,broad,36,гороскоп первый,92906,Россия,225,Смартфоны,ru,2026-07-29T18:50:56.118Z,https://wordstat.yandex.ru/?region=225&view=table&words=%D0%B3%D0%BE%D1%80%D0%BE%D1%81%D0%BA%D0%BE%D0%BF,evidence/wordstat/wordstat-live-raw.json,VALID_LIVE_WORDSTAT,"External Yandex demand proxy, not RuStore internal search volume."
broad-37,гороскоп,гороскоп,broad,37,гороскоп на неделю,92184,Россия,225,Смартфоны,ru,2026-07-29T18:50:56.118Z,https://wordstat.yandex.ru/?region=225&view=table&words=%D0%B3%D0%BE%D1%80%D0%BE%D1%81%D0%BA%D0%BE%D0%BF,evidence/wordstat/wordstat-live-raw.json,VALID_LIVE_WORDSTAT,"External Yandex demand proxy, not RuStore internal search volume."
broad-38,гороскоп,гороскоп,broad,38,майл гороскоп,91923,Россия,225,Смартфоны,ru,2026-07-29T18:50:56.118Z,https://wordstat.yandex.ru/?region=225&view=table&words=%D0%B3%D0%BE%D1%80%D0%BE%D1%81%D0%BA%D0%BE%D0%BF,evidence/wordstat/wordstat-live-raw.json,VALID_LIVE_WORDSTAT,"External Yandex demand proxy, not RuStore internal search volume."
broad-39,гороскоп,гороскоп,broad,39,гороскоп на сегодня рак,91761,Россия,225,Смартфоны,ru,2026-07-29T18:50:56.118Z,https://wordstat.yandex.ru/?region=225&view=table&words=%D0%B3%D0%BE%D1%80%D0%BE%D1%81%D0%BA%D0%BE%D0%BF,evidence/wordstat/wordstat-live-raw.json,VALID_LIVE_WORDSTAT,"External Yandex demand proxy, not RuStore internal search volume."
broad-40,гороскоп,гороскоп,broad,40,гороскопы самый,87325,Россия,225,Смартфоны,ru,2026-07-29T18:50:56.118Z,https://wordstat.yandex.ru/?region=225&view=table&words=%D0%B3%D0%BE%D1%80%D0%BE%D1%81%D0%BA%D0%BE%D0%BF,evidence/wordstat/wordstat-live-raw.json,VALID_LIVE_WORDSTAT,"External Yandex demand proxy, not RuStore internal search volume."
broad-41,гороскоп,гороскоп,broad,41,гороскоп мужчина 2026,84309,Россия,225,Смартфоны,ru,2026-07-29T18:50:56.118Z,https://wordstat.yandex.ru/?region=225&view=table&words=%D0%B3%D0%BE%D1%80%D0%BE%D1%81%D0%BA%D0%BE%D0%BF,evidence/wordstat/wordstat-live-raw.json,VALID_LIVE_WORDSTAT,"External Yandex demand proxy, not RuStore internal search volume."
broad-42,гороскоп,гороскоп,broad,42,гороскоп на первом,84197,Россия,225,Смартфоны,ru,2026-07-29T18:50:56.118Z,https://wordstat.yandex.ru/?region=225&view=table&words=%D0%B3%D0%BE%D1%80%D0%BE%D1%81%D0%BA%D0%BE%D0%BF,evidence/wordstat/wordstat-live-raw.json,VALID_LIVE_WORDSTAT,"External Yandex demand proxy, not RuStore internal search volume."
broad-43,гороскоп,гороскоп,broad,43,гороскоп на сегодня лев,83389,Россия,225,Смартфоны,ru,2026-07-29T18:50:56.118Z,https://wordstat.yandex.ru/?region=225&view=table&words=%D0%B3%D0%BE%D1%80%D0%BE%D1%81%D0%BA%D0%BE%D0%BF,evidence/wordstat/wordstat-live-raw.json,VALID_LIVE_WORDSTAT,"External Yandex demand proxy, not RuStore internal search volume."
broad-44,гороскоп,гороскоп,broad,44,гороскоп на сегодня телец,82228,Россия,225,Смартфоны,ru,2026-07-29T18:50:56.118Z,https://wordstat.yandex.ru/?region=225&view=table&words=%D0%B3%D0%BE%D1%80%D0%BE%D1%81%D0%BA%D0%BE%D0%BF,evidence/wordstat/wordstat-live-raw.json,VALID_LIVE_WORDSTAT,"External Yandex demand proxy, not RuStore internal search volume."
broad-45,гороскоп,гороскоп,broad,45,гороскоп тельцам на сегодня,82228,Россия,225,Смартфоны,ru,2026-07-29T18:50:56.118Z,https://wordstat.yandex.ru/?region=225&view=table&words=%D0%B3%D0%BE%D1%80%D0%BE%D1%81%D0%BA%D0%BE%D0%BF,evidence/wordstat/wordstat-live-raw.json,VALID_LIVE_WORDSTAT,"External Yandex demand proxy, not RuStore internal search volume."
broad-46,гороскоп,гороскоп,broad,46,гороскоп на июль 2026 года,81430,Россия,225,Смартфоны,ru,2026-07-29T18:50:56.118Z,https://wordstat.yandex.ru/?region=225&view=table&words=%D0%B3%D0%BE%D1%80%D0%BE%D1%81%D0%BA%D0%BE%D0%BF,evidence/wordstat/wordstat-live-raw.json,VALID_LIVE_WORDSTAT,"External Yandex demand proxy, not RuStore internal search volume."
broad-47,гороскоп,гороскоп,broad,47,гороскоп канал сегодня,81370,Россия,225,Смартфоны,ru,2026-07-29T18:50:56.118Z,https://wordstat.yandex.ru/?region=225&view=table&words=%D0%B3%D0%BE%D1%80%D0%BE%D1%81%D0%BA%D0%BE%D0%BF,evidence/wordstat/wordstat-live-raw.json,VALID_LIVE_WORDSTAT,"External Yandex demand proxy, not RuStore internal search volume."
broad-48,гороскоп,гороскоп,broad,48,самый точный гороскоп,80583,Россия,225,Смартфоны,ru,2026-07-29T18:50:56.118Z,https://wordstat.yandex.ru/?region=225&view=table&words=%D0%B3%D0%BE%D1%80%D0%BE%D1%81%D0%BA%D0%BE%D0%BF,evidence/wordstat/wordstat-live-raw.json,VALID_LIVE_WORDSTAT,"External Yandex demand proxy, not RuStore internal search volume."
broad-49,гороскоп,гороскоп,broad,49,гороскоп на июль 2026 женщина,79297,Россия,225,Смартфоны,ru,2026-07-29T18:50:56.118Z,https://wordstat.yandex.ru/?region=225&view=table&words=%D0%B3%D0%BE%D1%80%D0%BE%D1%81%D0%BA%D0%BE%D0%BF,evidence/wordstat/wordstat-live-raw.json,VALID_LIVE_WORDSTAT,"External Yandex demand proxy, not RuStore internal search volume."
broad-50,гороскоп,гороскоп,broad,50,гороскоп добро,77684,Россия,225,Смартфоны,ru,2026-07-29T18:50:56.118Z,https://wordstat.yandex.ru/?region=225&view=table&words=%D0%B3%D0%BE%D1%80%D0%BE%D1%81%D0%BA%D0%BE%D0%BF,evidence/wordstat/wordstat-live-raw.json,VALID_LIVE_WORDSTAT,"External Yandex demand proxy, not RuStore internal search volume."
broad-51,гороскоп,гороскоп,broad,51,гороскоп доброе,77643,Россия,225,Смартфоны,ru,2026-07-29T18:50:56.118Z,https://wordstat.yandex.ru/?region=225&view=table&words=%D0%B3%D0%BE%D1%80%D0%BE%D1%81%D0%BA%D0%BE%D0%BF,evidence/wordstat/wordstat-live-raw.json,VALID_LIVE_WORDSTAT,"External Yandex demand proxy, not RuStore internal search volume."
broad-52,гороскоп,гороскоп,broad,52,гороскоп на сегодня овен,77222,Россия,225,Смартфоны,ru,2026-07-29T18:50:56.118Z,https://wordstat.yandex.ru/?region=225&view=table&words=%D0%B3%D0%BE%D1%80%D0%BE%D1%81%D0%BA%D0%BE%D0%BF,evidence/wordstat/wordstat-live-raw.json,VALID_LIVE_WORDSTAT,"External Yandex demand proxy, not RuStore internal search volume."
broad-53,гороскоп,гороскоп,broad,53,гороскоп перл,75024,Россия,225,Смартфоны,ru,2026-07-29T18:50:56.118Z,https://wordstat.yandex.ru/?region=225&view=table&words=%D0%B3%D0%BE%D1%80%D0%BE%D1%81%D0%BA%D0%BE%D0%BF,evidence/wordstat/wordstat-live-raw.json,VALID_LIVE_WORDSTAT,"External Yandex demand proxy, not RuStore internal search volume."
broad-54,гороскоп,гороскоп,broad,54,гороскоп на сегодня рыбы,74526,Россия,225,Смартфоны,ru,2026-07-29T18:50:56.118Z,https://wordstat.yandex.ru/?region=225&view=table&words=%D0%B3%D0%BE%D1%80%D0%BE%D1%81%D0%BA%D0%BE%D0%BF,evidence/wordstat/wordstat-live-raw.json,VALID_LIVE_WORDSTAT,"External Yandex demand proxy, not RuStore internal search volume."
broad-55,гороскоп,гороскоп,broad,55,любовный гороскоп,73689,Россия,225,Смартфоны,ru,2026-07-29T18:50:56.118Z,https://wordstat.yandex.ru/?region=225&view=table&words=%D0%B3%D0%BE%D1%80%D0%BE%D1%81%D0%BA%D0%BE%D0%BF,evidence/wordstat/wordstat-live-raw.json,VALID_LIVE_WORDSTAT,"External Yandex demand proxy, not RuStore internal search volume."
broad-56,гороскоп,гороскоп,broad,56,гороскоп на сегодня водолей,73569,Россия,225,Смартфоны,ru,2026-07-29T18:50:56.118Z,https://wordstat.yandex.ru/?region=225&view=table&words=%D0%B3%D0%BE%D1%80%D0%BE%D1%81%D0%BA%D0%BE%D0%BF,evidence/wordstat/wordstat-live-raw.json,VALID_LIVE_WORDSTAT,"External Yandex demand proxy, not RuStore internal search volume."
broad-57,гороскоп,гороскоп,broad,57,утро гороскоп,73549,Россия,225,Смартфоны,ru,2026-07-29T18:50:56.118Z,https://wordstat.yandex.ru/?region=225&view=table&words=%D0%B3%D0%BE%D1%80%D0%BE%D1%81%D0%BA%D0%BE%D0%BF,evidence/wordstat/wordstat-live-raw.json,VALID_LIVE_WORDSTAT,"External Yandex demand proxy, not RuStore internal search volume."
broad-58,гороскоп,гороскоп,broad,58,гороскоп первый канал,73336,Россия,225,Смартфоны,ru,2026-07-29T18:50:56.118Z,https://wordstat.yandex.ru/?region=225&view=table&words=%D0%B3%D0%BE%D1%80%D0%BE%D1%81%D0%BA%D0%BE%D0%BF,evidence/wordstat/wordstat-live-raw.json,VALID_LIVE_WORDSTAT,"External Yandex demand proxy, not RuStore internal search volume."
broad-59,гороскоп,гороскоп,broad,59,гороскоп на сегодня дева,73007,Россия,225,Смартфоны,ru,2026-07-29T18:50:56.118Z,https://wordstat.yandex.ru/?region=225&view=table&words=%D0%B3%D0%BE%D1%80%D0%BE%D1%81%D0%BA%D0%BE%D0%BF,evidence/wordstat/wordstat-live-raw.json,VALID_LIVE_WORDSTAT,"External Yandex demand proxy, not RuStore internal search volume."
broad-60,гороскоп,гороскоп,broad,60,точный гороскоп на сегодня,72969,Россия,225,Смартфоны,ru,2026-07-29T18:50:56.118Z,https://wordstat.yandex.ru/?region=225&view=table&words=%D0%B3%D0%BE%D1%80%D0%BE%D1%81%D0%BA%D0%BE%D0%BF,evidence/wordstat/wordstat-live-raw.json,VALID_LIVE_WORDSTAT,"External Yandex demand proxy, not RuStore internal search volume."
broad-61,гороскоп,гороскоп,broad,61,гороскоп рак 2026,72791,Россия,225,Смартфоны,ru,2026-07-29T18:50:56.118Z,https://wordstat.yandex.ru/?region=225&view=table&words=%D0%B3%D0%BE%D1%80%D0%BE%D1%81%D0%BA%D0%BE%D0%BF,evidence/wordstat/wordstat-live-raw.json,VALID_LIVE_WORDSTAT,"External Yandex demand proxy, not RuStore internal search volume."
broad-62,гороскоп,гороскоп,broad,62,гороскоп добро доброе утро,72356,Россия,225,Смартфоны,ru,2026-07-29T18:50:56.118Z,https://wordstat.yandex.ru/?region=225&view=table&words=%D0%B3%D0%BE%D1%80%D0%BE%D1%81%D0%BA%D0%BE%D0%BF,evidence/wordstat/wordstat-live-raw.json,VALID_LIVE_WORDSTAT,"External Yandex demand proxy, not RuStore internal search volume."
broad-63,гороскоп,гороскоп,broad,63,доброе утро гороскоп,72356,Россия,225,Смартфоны,ru,2026-07-29T18:50:56.118Z,https://wordstat.yandex.ru/?region=225&view=table&words=%D0%B3%D0%BE%D1%80%D0%BE%D1%81%D0%BA%D0%BE%D0%BF,evidence/wordstat/wordstat-live-raw.json,VALID_LIVE_WORDSTAT,"External Yandex demand proxy, not RuStore internal search volume."
broad-64,гороскоп,гороскоп,broad,64,гороскоп на сегодня весы,71143,Россия,225,Смартфоны,ru,2026-07-29T18:50:56.118Z,https://wordstat.yandex.ru/?region=225&view=table&words=%D0%B3%D0%BE%D1%80%D0%BE%D1%81%D0%BA%D0%BE%D0%BF,evidence/wordstat/wordstat-live-raw.json,VALID_LIVE_WORDSTAT,"External Yandex demand proxy, not RuStore internal search volume."
broad-65,гороскоп,гороскоп,broad,65,анжела гороскоп,69330,Россия,225,Смартфоны,ru,2026-07-29T18:50:56.118Z,https://wordstat.yandex.ru/?region=225&view=table&words=%D0%B3%D0%BE%D1%80%D0%BE%D1%81%D0%BA%D0%BE%D0%BF,evidence/wordstat/wordstat-live-raw.json,VALID_LIVE_WORDSTAT,"External Yandex demand proxy, not RuStore internal search volume."
broad-66,гороскоп,гороскоп,broad,66,гороскопы анжелы,69330,Россия,225,Смартфоны,ru,2026-07-29T18:50:56.118Z,https://wordstat.yandex.ru/?region=225&view=table&words=%D0%B3%D0%BE%D1%80%D0%BE%D1%81%D0%BA%D0%BE%D0%BF,evidence/wordstat/wordstat-live-raw.json,VALID_LIVE_WORDSTAT,"External Yandex demand proxy, not RuStore internal search volume."
broad-67,гороскоп,гороскоп,broad,67,гороскоп на сегодня скорпион,68243,Россия,225,Смартфоны,ru,2026-07-29T18:50:56.118Z,https://wordstat.yandex.ru/?region=225&view=table&words=%D0%B3%D0%BE%D1%80%D0%BE%D1%81%D0%BA%D0%BE%D0%BF,evidence/wordstat/wordstat-live-raw.json,VALID_LIVE_WORDSTAT,"External Yandex demand proxy, not RuStore internal search volume."
broad-68,гороскоп,гороскоп,broad,68,анжела перл гороскоп,66777,Россия,225,Смартфоны,ru,2026-07-29T18:50:56.118Z,https://wordstat.yandex.ru/?region=225&view=table&words=%D0%B3%D0%BE%D1%80%D0%BE%D1%81%D0%BA%D0%BE%D0%BF,evidence/wordstat/wordstat-live-raw.json,VALID_LIVE_WORDSTAT,"External Yandex demand proxy, not RuStore internal search volume."
broad-69,гороскоп,гороскоп,broad,69,гороскоп на первом на сегодня,66244,Россия,225,Смартфоны,ru,2026-07-29T18:50:56.118Z,https://wordstat.yandex.ru/?region=225&view=table&words=%D0%B3%D0%BE%D1%80%D0%BE%D1%81%D0%BA%D0%BE%D0%BF,evidence/wordstat/wordstat-live-raw.json,VALID_LIVE_WORDSTAT,"External Yandex demand proxy, not RuStore internal search volume."
broad-70,гороскоп,гороскоп,broad,70,гороскоп на сегодня первый,66244,Россия,225,Смартфоны,ru,2026-07-29T18:50:56.118Z,https://wordstat.yandex.ru/?region=225&view=table&words=%D0%B3%D0%BE%D1%80%D0%BE%D1%81%D0%BA%D0%BE%D0%BF,evidence/wordstat/wordstat-live-raw.json,VALID_LIVE_WORDSTAT,"External Yandex demand proxy, not RuStore internal search volume."
broad-71,гороскоп,гороскоп,broad,71,гороскоп на сегодня первый на первом,66244,Россия,225,Смартфоны,ru,2026-07-29T18:50:56.118Z,https://wordstat.yandex.ru/?region=225&view=table&words=%D0%B3%D0%BE%D1%80%D0%BE%D1%81%D0%BA%D0%BE%D0%BF,evidence/wordstat/wordstat-live-raw.json,VALID_LIVE_WORDSTAT,"External Yandex demand proxy, not RuStore internal search volume."
broad-72,гороскоп,гороскоп,broad,72,гороскоп на первом канале,66140,Россия,225,Смартфоны,ru,2026-07-29T18:50:56.118Z,https://wordstat.yandex.ru/?region=225&view=table&words=%D0%B3%D0%BE%D1%80%D0%BE%D1%81%D0%BA%D0%BE%D0%BF,evidence/wordstat/wordstat-live-raw.json,VALID_LIVE_WORDSTAT,"External Yandex demand proxy, not RuStore internal search volume."
broad-73,гороскоп,гороскоп,broad,73,первый канал на первом гороскоп,66140,Россия,225,Смартфоны,ru,2026-07-29T18:50:56.118Z,https://wordstat.yandex.ru/?region=225&view=table&words=%D0%B3%D0%BE%D1%80%D0%BE%D1%81%D0%BA%D0%BE%D0%BF,evidence/wordstat/wordstat-live-raw.json,VALID_LIVE_WORDSTAT,"External Yandex demand proxy, not RuStore internal search volume."
broad-74,гороскоп,гороскоп,broad,74,гороскоп на добром утро,65356,Россия,225,Смартфоны,ru,2026-07-29T18:50:56.118Z,https://wordstat.yandex.ru/?region=225&view=table&words=%D0%B3%D0%BE%D1%80%D0%BE%D1%81%D0%BA%D0%BE%D0%BF,evidence/wordstat/wordstat-live-raw.json,VALID_LIVE_WORDSTAT,"External Yandex demand proxy, not RuStore internal search volume."
broad-75,гороскоп,гороскоп,broad,75,гороскоп лев 2026,64705,Россия,225,Смартфоны,ru,2026-07-29T18:50:56.118Z,https://wordstat.yandex.ru/?region=225&view=table&words=%D0%B3%D0%BE%D1%80%D0%BE%D1%81%D0%BA%D0%BE%D0%BF,evidence/wordstat/wordstat-live-raw.json,VALID_LIVE_WORDSTAT,"External Yandex demand proxy, not RuStore internal search volume."
broad-76,гороскоп,гороскоп,broad,76,гороскоп на сегодня стрелец,64358,Россия,225,Смартфоны,ru,2026-07-29T18:50:56.118Z,https://wordstat.yandex.ru/?region=225&view=table&words=%D0%B3%D0%BE%D1%80%D0%BE%D1%81%D0%BA%D0%BE%D0%BF,evidence/wordstat/wordstat-live-raw.json,VALID_LIVE_WORDSTAT,"External Yandex demand proxy, not RuStore internal search volume."
broad-77,гороскоп,гороскоп,broad,77,гороскоп на сегодня козерог,62114,Россия,225,Смартфоны,ru,2026-07-29T18:50:56.118Z,https://wordstat.yandex.ru/?region=225&view=table&words=%D0%B3%D0%BE%D1%80%D0%BE%D1%81%D0%BA%D0%BE%D0%BF,evidence/wordstat/wordstat-live-raw.json,VALID_LIVE_WORDSTAT,"External Yandex demand proxy, not RuStore internal search volume."
broad-78,гороскоп,гороскоп,broad,78,гороскоп телец 2026,61065,Россия,225,Смартфоны,ru,2026-07-29T18:50:56.118Z,https://wordstat.yandex.ru/?region=225&view=table&words=%D0%B3%D0%BE%D1%80%D0%BE%D1%81%D0%BA%D0%BE%D0%BF,evidence/wordstat/wordstat-live-raw.json,VALID_LIVE_WORDSTAT,"External Yandex demand proxy, not RuStore internal search volume."
broad-79,гороскоп,гороскоп,broad,79,гороскоп тельцам 2026,61063,Россия,225,Смартфоны,ru,2026-07-29T18:50:56.118Z,https://wordstat.yandex.ru/?region=225&view=table&words=%D0%B3%D0%BE%D1%80%D0%BE%D1%81%D0%BA%D0%BE%D0%BF,evidence/wordstat/wordstat-live-raw.json,VALID_LIVE_WORDSTAT,"External Yandex demand proxy, not RuStore internal search volume."
broad-80,гороскоп,гороскоп,broad,80,гороскоп на сегодня 2026,60809,Россия,225,Смартфоны,ru,2026-07-29T18:50:56.118Z,https://wordstat.yandex.ru/?region=225&view=table&words=%D0%B3%D0%BE%D1%80%D0%BE%D1%81%D0%BA%D0%BE%D0%BF,evidence/wordstat/wordstat-live-raw.json,VALID_LIVE_WORDSTAT,"External Yandex demand proxy, not RuStore internal search volume."
broad-81,гороскоп,гороскоп,broad,81,гороскоп дева 2026,60417,Россия,225,Смартфоны,ru,2026-07-29T18:50:56.118Z,https://wordstat.yandex.ru/?region=225&view=table&words=%D0%B3%D0%BE%D1%80%D0%BE%D1%81%D0%BA%D0%BE%D0%BF,evidence/wordstat/wordstat-live-raw.json,VALID_LIVE_WORDSTAT,"External Yandex demand proxy, not RuStore internal search volume."
broad-82,гороскоп,гороскоп,broad,82,гороскоп овен 2026,59007,Россия,225,Смартфоны,ru,2026-07-29T18:50:56.118Z,https://wordstat.yandex.ru/?region=225&view=table&words=%D0%B3%D0%BE%D1%80%D0%BE%D1%81%D0%BA%D0%BE%D0%BF,evidence/wordstat/wordstat-live-raw.json,VALID_LIVE_WORDSTAT,"External Yandex demand proxy, not RuStore internal search volume."
broad-83,гороскоп,гороскоп,broad,83,гороскоп на сегодня доброе,58908,Россия,225,Смартфоны,ru,2026-07-29T18:50:56.118Z,https://wordstat.yandex.ru/?region=225&view=table&words=%D0%B3%D0%BE%D1%80%D0%BE%D1%81%D0%BA%D0%BE%D0%BF,evidence/wordstat/wordstat-live-raw.json,VALID_LIVE_WORDSTAT,"External Yandex demand proxy, not RuStore internal search volume."
broad-84,гороскоп,гороскоп,broad,84,гороскоп рыбы 2026,58639,Россия,225,Смартфоны,ru,2026-07-29T18:50:56.118Z,https://wordstat.yandex.ru/?region=225&view=table&words=%D0%B3%D0%BE%D1%80%D0%BE%D1%81%D0%BA%D0%BE%D0%BF,evidence/wordstat/wordstat-live-raw.json,VALID_LIVE_WORDSTAT,"External Yandex demand proxy, not RuStore internal search volume."
broad-85,гороскоп,гороскоп,broad,85,гороскоп весы 2026,58295,Россия,225,Смартфоны,ru,2026-07-29T18:50:56.118Z,https://wordstat.yandex.ru/?region=225&view=table&words=%D0%B3%D0%BE%D1%80%D0%BE%D1%81%D0%BA%D0%BE%D0%BF,evidence/wordstat/wordstat-live-raw.json,VALID_LIVE_WORDSTAT,"External Yandex demand proxy, not RuStore internal search volume."
broad-86,гороскоп,гороскоп,broad,86,гороскоп на канале доброе,57641,Россия,225,Смартфоны,ru,2026-07-29T18:50:56.118Z,https://wordstat.yandex.ru/?region=225&view=table&words=%D0%B3%D0%BE%D1%80%D0%BE%D1%81%D0%BA%D0%BE%D0%BF,evidence/wordstat/wordstat-live-raw.json,VALID_LIVE_WORDSTAT,"External Yandex demand proxy, not RuStore internal search volume."
broad-87,гороскоп,гороскоп,broad,87,канал доброе утро гороскоп,57075,Россия,225,Смартфоны,ru,2026-07-29T18:50:56.118Z,https://wordstat.yandex.ru/?region=225&view=table&words=%D0%B3%D0%BE%D1%80%D0%BE%D1%81%D0%BA%D0%BE%D0%BF,evidence/wordstat/wordstat-live-raw.json,VALID_LIVE_WORDSTAT,"External Yandex demand proxy, not RuStore internal search volume."
broad-88,гороскоп,гороскоп,broad,88,гороскоп водолей 2026,56708,Россия,225,Смартфоны,ru,2026-07-29T18:50:56.118Z,https://wordstat.yandex.ru/?region=225&view=table&words=%D0%B3%D0%BE%D1%80%D0%BE%D1%81%D0%BA%D0%BE%D0%BF,evidence/wordstat/wordstat-live-raw.json,VALID_LIVE_WORDSTAT,"External Yandex demand proxy, not RuStore internal search volume."
broad-89,гороскоп,гороскоп,broad,89,гороскоп на завтра женщина,56279,Россия,225,Смартфоны,ru,2026-07-29T18:50:56.118Z,https://wordstat.yandex.ru/?region=225&view=table&words=%D0%B3%D0%BE%D1%80%D0%BE%D1%81%D0%BA%D0%BE%D0%BF,evidence/wordstat/wordstat-live-raw.json,VALID_LIVE_WORDSTAT,"External Yandex demand proxy, not RuStore internal search volume."
broad-90,гороскоп,гороскоп,broad,90,утро сегодня гороскоп,55560,Россия,225,Смартфоны,ru,2026-07-29T18:50:56.118Z,https://wordstat.yandex.ru/?region=225&view=table&words=%D0%B3%D0%BE%D1%80%D0%BE%D1%81%D0%BA%D0%BE%D0%BF,evidence/wordstat/wordstat-live-raw.json,VALID_LIVE_WORDSTAT,"External Yandex demand proxy, not RuStore internal search volume."
broad-91,гороскоп,гороскоп,broad,91,гороскоп на первом канале на сегодня,55257,Россия,225,Смартфоны,ru,2026-07-29T18:50:56.118Z,https://wordstat.yandex.ru/?region=225&view=table&words=%D0%B3%D0%BE%D1%80%D0%BE%D1%81%D0%BA%D0%BE%D0%BF,evidence/wordstat/wordstat-live-raw.json,VALID_LIVE_WORDSTAT,"External Yandex demand proxy, not RuStore internal search volume."
broad-92,гороскоп,гороскоп,broad,92,гороскоп на сегодня первый канал,55257,Россия,225,Смартфоны,ru,2026-07-29T18:50:56.118Z,https://wordstat.yandex.ru/?region=225&view=table&words=%D0%B3%D0%BE%D1%80%D0%BE%D1%81%D0%BA%D0%BE%D0%BF,evidence/wordstat/wordstat-live-raw.json,VALID_LIVE_WORDSTAT,"External Yandex demand proxy, not RuStore internal search volume."
broad-93,гороскоп,гороскоп,broad,93,точный гороскоп мужчина,54720,Россия,225,Смартфоны,ru,2026-07-29T18:50:56.118Z,https://wordstat.yandex.ru/?region=225&view=table&words=%D0%B3%D0%BE%D1%80%D0%BE%D1%81%D0%BA%D0%BE%D0%BF,evidence/wordstat/wordstat-live-raw.json,VALID_LIVE_WORDSTAT,"External Yandex demand proxy, not RuStore internal search volume."
broad-94,гороскоп,гороскоп,broad,94,доброе утро гороскоп на сегодня,54556,Россия,225,Смартфоны,ru,2026-07-29T18:50:56.118Z,https://wordstat.yandex.ru/?region=225&view=table&words=%D0%B3%D0%BE%D1%80%D0%BE%D1%81%D0%BA%D0%BE%D0%BF,evidence/wordstat/wordstat-live-raw.json,VALID_LIVE_WORDSTAT,"External Yandex demand proxy, not RuStore internal search volume."
broad-95,гороскоп,гороскоп,broad,95,гороскоп бесплатно,54208,Россия,225,Смартфоны,ru,2026-07-29T18:50:56.118Z,https://wordstat.yandex.ru/?region=225&view=table&words=%D0%B3%D0%BE%D1%80%D0%BE%D1%81%D0%BA%D0%BE%D0%BF,evidence/wordstat/wordstat-live-raw.json,VALID_LIVE_WORDSTAT,"External Yandex demand proxy, not RuStore internal search volume."
broad-96,гороскоп,гороскоп,broad,96,гороскоп на сегодня самый,53900,Россия,225,Смартфоны,ru,2026-07-29T18:50:56.118Z,https://wordstat.yandex.ru/?region=225&view=table&words=%D0%B3%D0%BE%D1%80%D0%BE%D1%81%D0%BA%D0%BE%D0%BF,evidence/wordstat/wordstat-live-raw.json,VALID_LIVE_WORDSTAT,"External Yandex demand proxy, not RuStore internal search volume."
broad-97,гороскоп,гороскоп,broad,97,гороскоп козерог 2026,53633,Россия,225,Смартфоны,ru,2026-07-29T18:50:56.118Z,https://wordstat.yandex.ru/?region=225&view=table&words=%D0%B3%D0%BE%D1%80%D0%BE%D1%81%D0%BA%D0%BE%D0%BF,evidence/wordstat/wordstat-live-raw.json,VALID_LIVE_WORDSTAT,"External Yandex demand proxy, not RuStore internal search volume."
broad-98,гороскоп,гороскоп,broad,98,гороскоп на канале утро,53484,Россия,225,Смартфоны,ru,2026-07-29T18:50:56.118Z,https://wordstat.yandex.ru/?region=225&view=table&words=%D0%B3%D0%BE%D1%80%D0%BE%D1%81%D0%BA%D0%BE%D0%BF,evidence/wordstat/wordstat-live-raw.json,VALID_LIVE_WORDSTAT,"External Yandex demand proxy, not RuStore internal search volume."
broad-99,гороскоп,гороскоп,broad,99,самый точный гороскоп на сегодня,52061,Россия,225,Смартфоны,ru,2026-07-29T18:50:56.118Z,https://wordstat.yandex.ru/?region=225&view=table&words=%D0%B3%D0%BE%D1%80%D0%BE%D1%81%D0%BA%D0%BE%D0%BF,evidence/wordstat/wordstat-live-raw.json,VALID_LIVE_WORDSTAT,"External Yandex demand proxy, not RuStore internal search volume."
broad-100,гороскоп,гороскоп,broad,100,гороскоп на сегодня на канале доброе,50874,Россия,225,Смартфоны,ru,2026-07-29T18:50:56.118Z,https://wordstat.yandex.ru/?region=225&view=table&words=%D0%B3%D0%BE%D1%80%D0%BE%D1%81%D0%BA%D0%BE%D0%BF,evidence/wordstat/wordstat-live-raw.json,VALID_LIVE_WORDSTAT,"External Yandex demand proxy, not RuStore internal search volume."
broad-101,гороскоп,гороскоп,broad,101,гороскоп года женщина,50407,Россия,225,Смартфоны,ru,2026-07-29T18:50:56.118Z,https://wordstat.yandex.ru/?region=225&view=table&words=%D0%B3%D0%BE%D1%80%D0%BE%D1%81%D0%BA%D0%BE%D0%BF,evidence/wordstat/wordstat-live-raw.json,VALID_LIVE_WORDSTAT,"External Yandex demand proxy, not RuStore internal search volume."
broad-102,гороскоп,гороскоп,broad,102,перл гороскоп 2026,50307,Россия,225,Смартфоны,ru,2026-07-29T18:50:56.118Z,https://wordstat.yandex.ru/?region=225&view=table&words=%D0%B3%D0%BE%D1%80%D0%BE%D1%81%D0%BA%D0%BE%D0%BF,evidence/wordstat/wordstat-live-raw.json,VALID_LIVE_WORDSTAT,"External Yandex demand proxy, not RuStore internal search volume."
broad-103,гороскоп,гороскоп,broad,103,гороскоп рак женщина,50020,Россия,225,Смартфоны,ru,2026-07-29T18:50:56.118Z,https://wordstat.yandex.ru/?region=225&view=table&words=%D0%B3%D0%BE%D1%80%D0%BE%D1%81%D0%BA%D0%BE%D0%BF,evidence/wordstat/wordstat-live-raw.json,VALID_LIVE_WORDSTAT,"External Yandex demand proxy, not RuStore internal search volume."
broad-104,гороскоп,гороскоп,broad,104,гороскоп стрелец 2026,49884,Россия,225,Смартфоны,ru,2026-07-29T18:50:56.118Z,https://wordstat.yandex.ru/?region=225&view=table&words=%D0%B3%D0%BE%D1%80%D0%BE%D1%81%D0%BA%D0%BE%D0%BF,evidence/wordstat/wordstat-live-raw.json,VALID_LIVE_WORDSTAT,"External Yandex demand proxy, not RuStore internal search volume."
broad-105,гороскоп,гороскоп,broad,105,гороскоп на 2026 близнецы,49227,Россия,225,Смартфоны,ru,2026-07-29T18:50:56.118Z,https://wordstat.yandex.ru/?region=225&view=table&words=%D0%B3%D0%BE%D1%80%D0%BE%D1%81%D0%BA%D0%BE%D0%BF,evidence/wordstat/wordstat-live-raw.json,VALID_LIVE_WORDSTAT,"External Yandex demand proxy, not RuStore internal search volume."
broad-106,гороскоп,гороскоп,broad,106,гороскоп животных,49212,Россия,225,Смартфоны,ru,2026-07-29T18:50:56.118Z,https://wordstat.yandex.ru/?region=225&view=table&words=%D0%B3%D0%BE%D1%80%D0%BE%D1%81%D0%BA%D0%BE%D0%BF,evidence/wordstat/wordstat-live-raw.json,VALID_LIVE_WORDSTAT,"External Yandex demand proxy, not RuStore internal search volume."
broad-107,гороскоп,гороскоп,broad,107,гороскоп лев женщина,47905,Россия,225,Смартфоны,ru,2026-07-29T18:50:56.118Z,https://wordstat.yandex.ru/?region=225&view=table&words=%D0%B3%D0%BE%D1%80%D0%BE%D1%81%D0%BA%D0%BE%D0%BF,evidence/wordstat/wordstat-live-raw.json,VALID_LIVE_WORDSTAT,"External Yandex demand proxy, not RuStore internal search volume."
broad-108,гороскоп,гороскоп,broad,108,какие зодиак гороскопы,47073,Россия,225,Смартфоны,ru,2026-07-29T18:50:56.118Z,https://wordstat.yandex.ru/?region=225&view=table&words=%D0%B3%D0%BE%D1%80%D0%BE%D1%81%D0%BA%D0%BE%D0%BF,evidence/wordstat/wordstat-live-raw.json,VALID_LIVE_WORDSTAT,"External Yandex demand proxy, not RuStore internal search volume."
broad-109,гороскоп,гороскоп,broad,109,гороскоп 2026 анжела,47057,Россия,225,Смартфоны,ru,2026-07-29T18:50:56.118Z,https://wordstat.yandex.ru/?region=225&view=table&words=%D0%B3%D0%BE%D1%80%D0%BE%D1%81%D0%BA%D0%BE%D0%BF,evidence/wordstat/wordstat-live-raw.json,VALID_LIVE_WORDSTAT,"External Yandex demand proxy, not RuStore internal search volume."
broad-110,гороскоп,гороскоп,broad,110,гороскоп на сегодня канал доброе утро,46710,Россия,225,Смартфоны,ru,2026-07-29T18:50:56.118Z,https://wordstat.yandex.ru/?region=225&view=table&words=%D0%B3%D0%BE%D1%80%D0%BE%D1%81%D0%BA%D0%BE%D0%BF,evidence/wordstat/wordstat-live-raw.json,VALID_LIVE_WORDSTAT,"External Yandex demand proxy, not RuStore internal search volume."
broad-111,гороскоп,гороскоп,broad,111,анжела перл гороскоп 2026,45470,Россия,225,Смартфоны,ru,2026-07-29T18:50:56.118Z,https://wordstat.yandex.ru/?region=225&view=table&words=%D0%B3%D0%BE%D1%80%D0%BE%D1%81%D0%BA%D0%BE%D0%BF,evidence/wordstat/wordstat-live-raw.json,VALID_LIVE_WORDSTAT,"External Yandex demand proxy, not RuStore internal search volume."
broad-112,гороскоп,гороскоп,broad,112,гороскоп на первом добро,45362,Россия,225,Смартфоны,ru,2026-07-29T18:50:56.118Z,https://wordstat.yandex.ru/?region=225&view=table&words=%D0%B3%D0%BE%D1%80%D0%BE%D1%81%D0%BA%D0%BE%D0%BF,evidence/wordstat/wordstat-live-raw.json,VALID_LIVE_WORDSTAT,"External Yandex demand proxy, not RuStore internal search volume."
broad-113,гороскоп,гороскоп,broad,113,гороскоп на первом доброе,45357,Россия,225,Смартфоны,ru,2026-07-29T18:50:56.118Z,https://wordstat.yandex.ru/?region=225&view=table&words=%D0%B3%D0%BE%D1%80%D0%BE%D1%81%D0%BA%D0%BE%D0%BF,evidence/wordstat/wordstat-live-raw.json,VALID_LIVE_WORDSTAT,"External Yandex demand proxy, not RuStore internal search volume."
broad-114,гороскоп,гороскоп,broad,114,гороскоп овен женщина,44086,Россия,225,Смартфоны,ru,2026-07-29T18:50:56.118Z,https://wordstat.yandex.ru/?region=225&view=table&words=%D0%B3%D0%BE%D1%80%D0%BE%D1%81%D0%BA%D0%BE%D0%BF,evidence/wordstat/wordstat-live-raw.json,VALID_LIVE_WORDSTAT,"External Yandex demand proxy, not RuStore internal search volume."
broad-115,гороскоп,гороскоп,broad,115,гороскоп телец женщина,44022,Россия,225,Смартфоны,ru,2026-07-29T18:50:56.118Z,https://wordstat.yandex.ru/?region=225&view=table&words=%D0%B3%D0%BE%D1%80%D0%BE%D1%81%D0%BA%D0%BE%D0%BF,evidence/wordstat/wordstat-live-raw.json,VALID_LIVE_WORDSTAT,"External Yandex demand proxy, not RuStore internal search volume."
broad-116,гороскоп,гороскоп,broad,116,гороскоп тельцам женщинам,44015,Россия,225,Смартфоны,ru,2026-07-29T18:50:56.118Z,https://wordstat.yandex.ru/?region=225&view=table&words=%D0%B3%D0%BE%D1%80%D0%BE%D1%81%D0%BA%D0%BE%D0%BF,evidence/wordstat/wordstat-live-raw.json,VALID_LIVE_WORDSTAT,"External Yandex demand proxy, not RuStore internal search volume."
broad-117,гороскоп,гороскоп,broad,117,гороскоп скорпион на 2026,43987,Россия,225,Смартфоны,ru,2026-07-29T18:50:56.118Z,https://wordstat.yandex.ru/?region=225&view=table&words=%D0%B3%D0%BE%D1%80%D0%BE%D1%81%D0%BA%D0%BE%D0%BF,evidence/wordstat/wordstat-live-raw.json,VALID_LIVE_WORDSTAT,"External Yandex demand proxy, not RuStore internal search volume."
broad-118,гороскоп,гороскоп,broad,118,гороскоп ру,43751,Россия,225,Смартфоны,ru,2026-07-29T18:50:56.118Z,https://wordstat.yandex.ru/?region=225&view=table&words=%D0%B3%D0%BE%D1%80%D0%BE%D1%81%D0%BA%D0%BE%D0%BF,evidence/wordstat/wordstat-live-raw.json,VALID_LIVE_WORDSTAT,"External Yandex demand proxy, not RuStore internal search volume."
broad-119,гороскоп,гороскоп,broad,119,первый доброе утро гороскоп,43710,Россия,225,Смартфоны,ru,2026-07-29T18:50:56.118Z,https://wordstat.yandex.ru/?region=225&view=table&words=%D0%B3%D0%BE%D1%80%D0%BE%D1%81%D0%BA%D0%BE%D0%BF,evidence/wordstat/wordstat-live-raw.json,VALID_LIVE_WORDSTAT,"External Yandex demand proxy, not RuStore internal search volume."
broad-120,гороскоп,гороскоп,broad,120,гороскоп первый канал доброе,43055,Россия,225,Смартфоны,ru,2026-07-29T18:50:56.118Z,https://wordstat.yandex.ru/?region=225&view=table&words=%D0%B3%D0%BE%D1%80%D0%BE%D1%81%D0%BA%D0%BE%D0%BF,evidence/wordstat/wordstat-live-raw.json,VALID_LIVE_WORDSTAT,"External Yandex demand proxy, not RuStore internal search volume."
broad-121,гороскоп,гороскоп,broad,121,гороскоп женщины 2026 год,42477,Россия,225,Смартфоны,ru,2026-07-29T18:50:56.118Z,https://wordstat.yandex.ru/?region=225&view=table&words=%D0%B3%D0%BE%D1%80%D0%BE%D1%81%D0%BA%D0%BE%D0%BF,evidence/wordstat/wordstat-live-raw.json,VALID_LIVE_WORDSTAT,"External Yandex demand proxy, not RuStore internal search volume."
broad-122,гороскоп,гороскоп,broad,122,гороскоп по годам животные,42475,Россия,225,Смартфоны,ru,2026-07-29T18:50:56.118Z,https://wordstat.yandex.ru/?region=225&view=table&words=%D0%B3%D0%BE%D1%80%D0%BE%D1%81%D0%BA%D0%BE%D0%BF,evidence/wordstat/wordstat-live-raw.json,VALID_LIVE_WORDSTAT,"External Yandex demand proxy, not RuStore internal search volume."
broad-123,гороскоп,гороскоп,broad,123,гороскоп рак на июль,42433,Россия,225,Смартфоны,ru,2026-07-29T18:50:56.118Z,https://wordstat.yandex.ru/?region=225&view=table&words=%D0%B3%D0%BE%D1%80%D0%BE%D1%81%D0%BA%D0%BE%D0%BF,evidence/wordstat/wordstat-live-raw.json,VALID_LIVE_WORDSTAT,"External Yandex demand proxy, not RuStore internal search volume."
broad-124,гороскоп,гороскоп,broad,124,утро на первом гороскоп,42024,Россия,225,Смартфоны,ru,2026-07-29T18:50:56.118Z,https://wordstat.yandex.ru/?region=225&view=table&words=%D0%B3%D0%BE%D1%80%D0%BE%D1%81%D0%BA%D0%BE%D0%BF,evidence/wordstat/wordstat-live-raw.json,VALID_LIVE_WORDSTAT,"External Yandex demand proxy, not RuStore internal search volume."
broad-125,гороскоп,гороскоп,broad,125,гороскоп скорпион женщина,41790,Россия,225,Смартфоны,ru,2026-07-29T18:50:56.118Z,https://wordstat.yandex.ru/?region=225&view=table&words=%D0%B3%D0%BE%D1%80%D0%BE%D1%81%D0%BA%D0%BE%D0%BF,evidence/wordstat/wordstat-live-raw.json,VALID_LIVE_WORDSTAT,"External Yandex demand proxy, not RuStore internal search volume."
broad-126,гороскоп,гороскоп,broad,126,гороскоп на первом на добром утре,41788,Россия,225,Смартфоны,ru,2026-07-29T18:50:56.118Z,https://wordstat.yandex.ru/?region=225&view=table&words=%D0%B3%D0%BE%D1%80%D0%BE%D1%81%D0%BA%D0%BE%D0%BF,evidence/wordstat/wordstat-live-raw.json,VALID_LIVE_WORDSTAT,"External Yandex demand proxy, not RuStore internal search volume."
broad-127,гороскоп,гороскоп,broad,127,гороскоп доброе утро на первом,41783,Россия,225,Смартфоны,ru,2026-07-29T18:50:56.118Z,https://wordstat.yandex.ru/?region=225&view=table&words=%D0%B3%D0%BE%D1%80%D0%BE%D1%81%D0%BA%D0%BE%D0%BF,evidence/wordstat/wordstat-live-raw.json,VALID_LIVE_WORDSTAT,"External Yandex demand proxy, not RuStore internal search volume."
broad-128,гороскоп,гороскоп,broad,128,гороскоп близнецы женщина,41220,Россия,225,Смартфоны,ru,2026-07-29T18:50:56.118Z,https://wordstat.yandex.ru/?region=225&view=table&words=%D0%B3%D0%BE%D1%80%D0%BE%D1%81%D0%BA%D0%BE%D0%BF,evidence/wordstat/wordstat-live-raw.json,VALID_LIVE_WORDSTAT,"External Yandex demand proxy, not RuStore internal search volume."
broad-129,гороскоп,гороскоп,broad,129,гороскоп на первом канале доброе,41030,Россия,225,Смартфоны,ru,2026-07-29T18:50:56.118Z,https://wordstat.yandex.ru/?region=225&view=table&words=%D0%B3%D0%BE%D1%80%D0%BE%D1%81%D0%BA%D0%BE%D0%BF,evidence/wordstat/wordstat-live-raw.json,VALID_LIVE_WORDSTAT,"External Yandex demand proxy, not RuStore internal search volume."
broad-130,гороскоп,гороскоп,broad,130,гороскоп рак мужчина,40803,Россия,225,Смартфоны,ru,2026-07-29T18:50:56.118Z,https://wordstat.yandex.ru/?region=225&view=table&words=%D0%B3%D0%BE%D1%80%D0%BE%D1%81%D0%BA%D0%BE%D0%BF,evidence/wordstat/wordstat-live-raw.json,VALID_LIVE_WORDSTAT,"External Yandex demand proxy, not RuStore internal search volume."
broad-131,гороскоп,гороскоп,broad,131,самый точный гороскоп мужчина,40649,Россия,225,Смартфоны,ru,2026-07-29T18:50:56.118Z,https://wordstat.yandex.ru/?region=225&view=table&words=%D0%B3%D0%BE%D1%80%D0%BE%D1%81%D0%BA%D0%BE%D0%BF,evidence/wordstat/wordstat-live-raw.json,VALID_LIVE_WORDSTAT,"External Yandex demand proxy, not RuStore internal search volume."
broad-132,гороскоп,гороскоп,broad,132,гороскоп водолей женщина,40234,Россия,225,Смартфоны,ru,2026-07-29T18:50:56.118Z,https://wordstat.yandex.ru/?region=225&view=table&words=%D0%B3%D0%BE%D1%80%D0%BE%D1%81%D0%BA%D0%BE%D0%BF,evidence/wordstat/wordstat-live-raw.json,VALID_LIVE_WORDSTAT,"External Yandex demand proxy, not RuStore internal search volume."
broad-133,гороскоп,гороскоп,broad,133,гороскоп на июль мужчины,39980,Россия,225,Смартфоны,ru,2026-07-29T18:50:56.118Z,https://wordstat.yandex.ru/?region=225&view=table&words=%D0%B3%D0%BE%D1%80%D0%BE%D1%81%D0%BA%D0%BE%D0%BF,evidence/wordstat/wordstat-live-raw.json,VALID_LIVE_WORDSTAT,"External Yandex demand proxy, not RuStore internal search volume."
broad-134,гороскоп,гороскоп,broad,134,гороскоп на сегодня доброе первый,39966,Россия,225,Смартфоны,ru,2026-07-29T18:50:56.118Z,https://wordstat.yandex.ru/?region=225&view=table&words=%D0%B3%D0%BE%D1%80%D0%BE%D1%81%D0%BA%D0%BE%D0%BF,evidence/wordstat/wordstat-live-raw.json,VALID_LIVE_WORDSTAT,"External Yandex demand proxy, not RuStore internal search volume."
broad-135,гороскоп,гороскоп,broad,135,гороскоп стрелец женщина,39734,Россия,225,Смартфоны,ru,2026-07-29T18:50:56.118Z,https://wordstat.yandex.ru/?region=225&view=table&words=%D0%B3%D0%BE%D1%80%D0%BE%D1%81%D0%BA%D0%BE%D0%BF,evidence/wordstat/wordstat-live-raw.json,VALID_LIVE_WORDSTAT,"External Yandex demand proxy, not RuStore internal search volume."
broad-136,гороскоп,гороскоп,broad,136,гороскоп утро первого канала,39449,Россия,225,Смартфоны,ru,2026-07-29T18:50:56.118Z,https://wordstat.yandex.ru/?region=225&view=table&words=%D0%B3%D0%BE%D1%80%D0%BE%D1%81%D0%BA%D0%BE%D0%BF,evidence/wordstat/wordstat-live-raw.json,VALID_LIVE_WORDSTAT,"External Yandex demand proxy, not RuStore internal search volume."
broad-137,гороскоп,гороскоп,broad,137,первый канал утро гороскоп,39449,Россия,225,Смартфоны,ru,2026-07-29T18:50:56.118Z,https://wordstat.yandex.ru/?region=225&view=table&words=%D0%B3%D0%BE%D1%80%D0%BE%D1%81%D0%BA%D0%BE%D0%BF,evidence/wordstat/wordstat-live-raw.json,VALID_LIVE_WORDSTAT,"External Yandex demand proxy, not RuStore internal search volume."
broad-138,гороскоп,гороскоп,broad,138,добро утро первый канал гороскоп,39380,Россия,225,Смартфоны,ru,2026-07-29T18:50:56.118Z,https://wordstat.yandex.ru/?region=225&view=table&words=%D0%B3%D0%BE%D1%80%D0%BE%D1%81%D0%BA%D0%BE%D0%BF,evidence/wordstat/wordstat-live-raw.json,VALID_LIVE_WORDSTAT,"External Yandex demand proxy, not RuStore internal search volume."
broad-139,гороскоп,гороскоп,broad,139,гороскоп первый канал доброе утро,39375,Россия,225,Смартфоны,ru,2026-07-29T18:50:56.118Z,https://wordstat.yandex.ru/?region=225&view=table&words=%D0%B3%D0%BE%D1%80%D0%BE%D1%81%D0%BA%D0%BE%D0%BF,evidence/wordstat/wordstat-live-raw.json,VALID_LIVE_WORDSTAT,"External Yandex demand proxy, not RuStore internal search volume."
broad-140,гороскоп,гороскоп,broad,140,гороскоп козерог женщина,39335,Россия,225,Смартфоны,ru,2026-07-29T18:50:56.118Z,https://wordstat.yandex.ru/?region=225&view=table&words=%D0%B3%D0%BE%D1%80%D0%BE%D1%81%D0%BA%D0%BE%D0%BF,evidence/wordstat/wordstat-live-raw.json,VALID_LIVE_WORDSTAT,"External Yandex demand proxy, not RuStore internal search volume."
broad-141,гороскоп,гороскоп,broad,141,гороскоп рыбы женщина,38874,Россия,225,Смартфоны,ru,2026-07-29T18:50:56.118Z,https://wordstat.yandex.ru/?region=225&view=table&words=%D0%B3%D0%BE%D1%80%D0%BE%D1%81%D0%BA%D0%BE%D0%BF,evidence/wordstat/wordstat-live-raw.json,VALID_LIVE_WORDSTAT,"External Yandex demand proxy, not RuStore internal search volume."
broad-142,гороскоп,гороскоп,broad,142,камни по гороскопу,38647,Россия,225,Смартфоны,ru,2026-07-29T18:50:56.118Z,https://wordstat.yandex.ru/?region=225&view=table&words=%D0%B3%D0%BE%D1%80%D0%BE%D1%81%D0%BA%D0%BE%D0%BF,evidence/wordstat/wordstat-live-raw.json,VALID_LIVE_WORDSTAT,"External Yandex demand proxy, not RuStore internal search volume."
broad-143,гороскоп,гороскоп,broad,143,гороскоп на 1,38460,Россия,225,Смартфоны,ru,2026-07-29T18:50:56.118Z,https://wordstat.yandex.ru/?region=225&view=table&words=%D0%B3%D0%BE%D1%80%D0%BE%D1%81%D0%BA%D0%BE%D0%BF,evidence/wordstat/wordstat-live-raw.json,VALID_LIVE_WORDSTAT,"External Yandex demand proxy, not RuStore internal search volume."
broad-144,гороскоп,гороскоп,broad,144,гороскоп женщины самый,38377,Россия,225,Смартфоны,ru,2026-07-29T18:50:56.118Z,https://wordstat.yandex.ru/?region=225&view=table&words=%D0%B3%D0%BE%D1%80%D0%BE%D1%81%D0%BA%D0%BE%D0%BF,evidence/wordstat/wordstat-live-raw.json,VALID_LIVE_WORDSTAT,"External Yandex demand proxy, not RuStore internal search volume."
broad-145,гороскоп,гороскоп,broad,145,гороскоп дева женщина,38335,Россия,225,Смартфоны,ru,2026-07-29T18:50:56.118Z,https://wordstat.yandex.ru/?region=225&view=table&words=%D0%B3%D0%BE%D1%80%D0%BE%D1%81%D0%BA%D0%BE%D0%BF,evidence/wordstat/wordstat-live-raw.json,VALID_LIVE_WORDSTAT,"External Yandex demand proxy, not RuStore internal search volume."
broad-146,гороскоп,гороскоп,broad,146,гороскоп весы женщина,38143,Россия,225,Смартфоны,ru,2026-07-29T18:50:56.118Z,https://wordstat.yandex.ru/?region=225&view=table&words=%D0%B3%D0%BE%D1%80%D0%BE%D1%81%D0%BA%D0%BE%D0%BF,evidence/wordstat/wordstat-live-raw.json,VALID_LIVE_WORDSTAT,"External Yandex demand proxy, not RuStore internal search volume."
broad-147,гороскоп,гороскоп,broad,147,гороскоп по датам,38078,Россия,225,Смартфоны,ru,2026-07-29T18:50:56.118Z,https://wordstat.yandex.ru/?region=225&view=table&words=%D0%B3%D0%BE%D1%80%D0%BE%D1%81%D0%BA%D0%BE%D0%BF,evidence/wordstat/wordstat-live-raw.json,VALID_LIVE_WORDSTAT,"External Yandex demand proxy, not RuStore internal search volume."
broad-148,гороскоп,гороскоп,broad,148,гороскоп по рождению,37803,Россия,225,Смартфоны,ru,2026-07-29T18:50:56.118Z,https://wordstat.yandex.ru/?region=225&view=table&words=%D0%B3%D0%BE%D1%80%D0%BE%D1%81%D0%BA%D0%BE%D0%BF,evidence/wordstat/wordstat-live-raw.json,VALID_LIVE_WORDSTAT,"External Yandex demand proxy, not RuStore internal search volume."
broad-149,гороскоп,гороскоп,broad,149,гороскоп на сегодня мужчины точный,37621,Россия,225,Смартфоны,ru,2026-07-29T18:50:56.118Z,https://wordstat.yandex.ru/?region=225&view=table&words=%D0%B3%D0%BE%D1%80%D0%BE%D1%81%D0%BA%D0%BE%D0%BF,evidence/wordstat/wordstat-live-raw.json,VALID_LIVE_WORDSTAT,"External Yandex demand proxy, not RuStore internal search volume."
broad-150,гороскоп,гороскоп,broad,150,гороскоп на первом канале доброе утро,37523,Россия,225,Смартфоны,ru,2026-07-29T18:50:56.118Z,https://wordstat.yandex.ru/?region=225&view=table&words=%D0%B3%D0%BE%D1%80%D0%BE%D1%81%D0%BA%D0%BE%D0%BF,evidence/wordstat/wordstat-live-raw.json,VALID_LIVE_WORDSTAT,"External Yandex demand proxy, not RuStore internal search volume."
broad-151,гороскоп,гороскоп,broad,151,гороскоп майл ру,37372,Россия,225,Смартфоны,ru,2026-07-29T18:50:56.118Z,https://wordstat.yandex.ru/?region=225&view=table&words=%D0%B3%D0%BE%D1%80%D0%BE%D1%81%D0%BA%D0%BE%D0%BF,evidence/wordstat/wordstat-live-raw.json,VALID_LIVE_WORDSTAT,"External Yandex demand proxy, not RuStore internal search volume."
broad-152,гороскоп,гороскоп,broad,152,гороскоп дева мужчина,37256,Россия,225,Смартфоны,ru,2026-07-29T18:50:56.118Z,https://wordstat.yandex.ru/?region=225&view=table&words=%D0%B3%D0%BE%D1%80%D0%BE%D1%81%D0%BA%D0%BE%D0%BF,evidence/wordstat/wordstat-live-raw.json,VALID_LIVE_WORDSTAT,"External Yandex demand proxy, not RuStore internal search volume."
broad-153,гороскоп,гороскоп,broad,153,гороскоп глоба,37209,Россия,225,Смартфоны,ru,2026-07-29T18:50:56.118Z,https://wordstat.yandex.ru/?region=225&view=table&words=%D0%B3%D0%BE%D1%80%D0%BE%D1%81%D0%BA%D0%BE%D0%BF,evidence/wordstat/wordstat-live-raw.json,VALID_LIVE_WORDSTAT,"External Yandex demand proxy, not RuStore internal search volume."
broad-154,гороскоп,гороскоп,broad,154,гороскоп львов мужчин,37104,Россия,225,Смартфоны,ru,2026-07-29T18:50:56.118Z,https://wordstat.yandex.ru/?region=225&view=table&words=%D0%B3%D0%BE%D1%80%D0%BE%D1%81%D0%BA%D0%BE%D0%BF,evidence/wordstat/wordstat-live-raw.json,VALID_LIVE_WORDSTAT,"External Yandex demand proxy, not RuStore internal search volume."
broad-155,гороскоп,гороскоп,broad,155,первый канал гороскоп на сегодня доброе,36778,Россия,225,Смартфоны,ru,2026-07-29T18:50:56.118Z,https://wordstat.yandex.ru/?region=225&view=table&words=%D0%B3%D0%BE%D1%80%D0%BE%D1%81%D0%BA%D0%BE%D0%BF,evidence/wordstat/wordstat-live-raw.json,VALID_LIVE_WORDSTAT,"External Yandex demand proxy, not RuStore internal search volume."
broad-156,гороскоп,гороскоп,broad,156,гороскоп лев мужчина,36651,Россия,225,Смартфоны,ru,2026-07-29T18:50:56.118Z,https://wordstat.yandex.ru/?region=225&view=table&words=%D0%B3%D0%BE%D1%80%D0%BE%D1%81%D0%BA%D0%BE%D0%BF,evidence/wordstat/wordstat-live-raw.json,VALID_LIVE_WORDSTAT,"External Yandex demand proxy, not RuStore internal search volume."
broad-157,гороскоп,гороскоп,broad,157,утро гороскоп на сегодня первый,36615,Россия,225,Смартфоны,ru,2026-07-29T18:50:56.118Z,https://wordstat.yandex.ru/?region=225&view=table&words=%D0%B3%D0%BE%D1%80%D0%BE%D1%81%D0%BA%D0%BE%D0%BF,evidence/wordstat/wordstat-live-raw.json,VALID_LIVE_WORDSTAT,"External Yandex demand proxy, not RuStore internal search volume."
broad-158,гороскоп,гороскоп,broad,158,утро на первом гороскоп на сегодня,36615,Россия,225,Смартфоны,ru,2026-07-29T18:50:56.118Z,https://wordstat.yandex.ru/?region=225&view=table&words=%D0%B3%D0%BE%D1%80%D0%BE%D1%81%D0%BA%D0%BE%D0%BF,evidence/wordstat/wordstat-live-raw.json,VALID_LIVE_WORDSTAT,"External Yandex demand proxy, not RuStore internal search volume."
broad-159,гороскоп,гороскоп,broad,159,гороскоп на добром утре на первом сегодня,36525,Россия,225,Смартфоны,ru,2026-07-29T18:50:56.118Z,https://wordstat.yandex.ru/?region=225&view=table&words=%D0%B3%D0%BE%D1%80%D0%BE%D1%81%D0%BA%D0%BE%D0%BF,evidence/wordstat/wordstat-live-raw.json,VALID_LIVE_WORDSTAT,"External Yandex demand proxy, not RuStore internal search volume."
broad-160,гороскоп,гороскоп,broad,160,гороскоп доброе утро на первом сегодня,36520,Россия,225,Смартфоны,ru,2026-07-29T18:50:56.118Z,https://wordstat.yandex.ru/?region=225&view=table&words=%D0%B3%D0%BE%D1%80%D0%BE%D1%81%D0%BA%D0%BE%D0%BF,evidence/wordstat/wordstat-live-raw.json,VALID_LIVE_WORDSTAT,"External Yandex demand proxy, not RuStore internal search volume."
broad-161,гороскоп,гороскоп,broad,161,гороскоп на сегодня доброе утро первый,36520,Россия,225,Смартфоны,ru,2026-07-29T18:50:56.118Z,https://wordstat.yandex.ru/?region=225&view=table&words=%D0%B3%D0%BE%D1%80%D0%BE%D1%81%D0%BA%D0%BE%D0%BF,evidence/wordstat/wordstat-live-raw.json,VALID_LIVE_WORDSTAT,"External Yandex demand proxy, not RuStore internal search volume."
broad-162,гороскоп,гороскоп,broad,162,гороскоп женщина самый точный,36326,Россия,225,Смартфоны,ru,2026-07-29T18:50:56.118Z,https://wordstat.yandex.ru/?region=225&view=table&words=%D0%B3%D0%BE%D1%80%D0%BE%D1%81%D0%BA%D0%BE%D0%BF,evidence/wordstat/wordstat-live-raw.json,VALID_LIVE_WORDSTAT,"External Yandex demand proxy, not RuStore internal search volume."
broad-163,гороскоп,гороскоп,broad,163,июль гороскоп знак,36107,Россия,225,Смартфоны,ru,2026-07-29T18:50:56.118Z,https://wordstat.yandex.ru/?region=225&view=table&words=%D0%B3%D0%BE%D1%80%D0%BE%D1%81%D0%BA%D0%BE%D0%BF,evidence/wordstat/wordstat-live-raw.json,VALID_LIVE_WORDSTAT,"External Yandex demand proxy, not RuStore internal search volume."
broad-164,гороскоп,гороскоп,broad,164,гороскоп на июль близнецы,35841,Россия,225,Смартфоны,ru,2026-07-29T18:50:56.118Z,https://wordstat.yandex.ru/?region=225&view=table&words=%D0%B3%D0%BE%D1%80%D0%BE%D1%81%D0%BA%D0%BE%D0%BF,evidence/wordstat/wordstat-live-raw.json,VALID_LIVE_WORDSTAT,"External Yandex demand proxy, not RuStore internal search volume."
broad-165,гороскоп,гороскоп,broad,165,гороскоп на 26,35459,Россия,225,Смартфоны,ru,2026-07-29T18:50:56.118Z,https://wordstat.yandex.ru/?region=225&view=table&words=%D0%B3%D0%BE%D1%80%D0%BE%D1%81%D0%BA%D0%BE%D0%BF,evidence/wordstat/wordstat-live-raw.json,VALID_LIVE_WORDSTAT,"External Yandex demand proxy, not RuStore internal search volume."
broad-166,гороскоп,гороскоп,broad,166,гороскоп на июль рыбы,35441,Россия,225,Смартфоны,ru,2026-07-29T18:50:56.118Z,https://wordstat.yandex.ru/?region=225&view=table&words=%D0%B3%D0%BE%D1%80%D0%BE%D1%81%D0%BA%D0%BE%D0%BF,evidence/wordstat/wordstat-live-raw.json,VALID_LIVE_WORDSTAT,"External Yandex demand proxy, not RuStore internal search volume."
broad-167,гороскоп,гороскоп,broad,167,гороскоп июль перл,35117,Россия,225,Смартфоны,ru,2026-07-29T18:50:56.118Z,https://wordstat.yandex.ru/?region=225&view=table&words=%D0%B3%D0%BE%D1%80%D0%BE%D1%81%D0%BA%D0%BE%D0%BF,evidence/wordstat/wordstat-live-raw.json,VALID_LIVE_WORDSTAT,"External Yandex demand proxy, not RuStore internal search volume."
broad-168,гороскоп,гороскоп,broad,168,гороскоп овен мужчина,35022,Россия,225,Смартфоны,ru,2026-07-29T18:50:56.118Z,https://wordstat.yandex.ru/?region=225&view=table&words=%D0%B3%D0%BE%D1%80%D0%BE%D1%81%D0%BA%D0%BE%D0%BF,evidence/wordstat/wordstat-live-raw.json,VALID_LIVE_WORDSTAT,"External Yandex demand proxy, not RuStore internal search volume."
broad-169,гороскоп,гороскоп,broad,169,гороскоп таро,34961,Россия,225,Смартфоны,ru,2026-07-29T18:50:56.118Z,https://wordstat.yandex.ru/?region=225&view=table&words=%D0%B3%D0%BE%D1%80%D0%BE%D1%81%D0%BA%D0%BE%D0%BF,evidence/wordstat/wordstat-live-raw.json,VALID_LIVE_WORDSTAT,"External Yandex demand proxy, not RuStore internal search volume."
broad-170,гороскоп,гороскоп,broad,170,гороскоп лев на июль,34952,Россия,225,Смартфоны,ru,2026-07-29T18:50:56.118Z,https://wordstat.yandex.ru/?region=225&view=table&words=%D0%B3%D0%BE%D1%80%D0%BE%D1%81%D0%BA%D0%BE%D0%BF,evidence/wordstat/wordstat-live-raw.json,VALID_LIVE_WORDSTAT,"External Yandex demand proxy, not RuStore internal search volume."
broad-171,гороскоп,гороскоп,broad,171,гороскоп 1 канал,34454,Россия,225,Смартфоны,ru,2026-07-29T18:50:56.118Z,https://wordstat.yandex.ru/?region=225&view=table&words=%D0%B3%D0%BE%D1%80%D0%BE%D1%81%D0%BA%D0%BE%D0%BF,evidence/wordstat/wordstat-live-raw.json,VALID_LIVE_WORDSTAT,"External Yandex demand proxy, not RuStore internal search volume."
broad-172,гороскоп,гороскоп,broad,172,гороскоп телец на июль,34409,Россия,225,Смартфоны,ru,2026-07-29T18:50:56.118Z,https://wordstat.yandex.ru/?region=225&view=table&words=%D0%B3%D0%BE%D1%80%D0%BE%D1%81%D0%BA%D0%BE%D0%BF,evidence/wordstat/wordstat-live-raw.json,VALID_LIVE_WORDSTAT,"External Yandex demand proxy, not RuStore internal search volume."
broad-173,гороскоп,гороскоп,broad,173,гороскоп тельцам на июль,34409,Россия,225,Смартфоны,ru,2026-07-29T18:50:56.118Z,https://wordstat.yandex.ru/?region=225&view=table&words=%D0%B3%D0%BE%D1%80%D0%BE%D1%81%D0%BA%D0%BE%D0%BF,evidence/wordstat/wordstat-live-raw.json,VALID_LIVE_WORDSTAT,"External Yandex demand proxy, not RuStore internal search volume."
broad-174,гороскоп,гороскоп,broad,174,гороскоп на июль овен,34392,Россия,225,Смартфоны,ru,2026-07-29T18:50:56.118Z,https://wordstat.yandex.ru/?region=225&view=table&words=%D0%B3%D0%BE%D1%80%D0%BE%D1%81%D0%BA%D0%BE%D0%BF,evidence/wordstat/wordstat-live-raw.json,VALID_LIVE_WORDSTAT,"External Yandex demand proxy, not RuStore internal search volume."
broad-175,гороскоп,гороскоп,broad,175,какой год по гороскопу,34104,Россия,225,Смартфоны,ru,2026-07-29T18:50:56.118Z,https://wordstat.yandex.ru/?region=225&view=table&words=%D0%B3%D0%BE%D1%80%D0%BE%D1%81%D0%BA%D0%BE%D0%BF,evidence/wordstat/wordstat-live-raw.json,VALID_LIVE_WORDSTAT,"External Yandex demand proxy, not RuStore internal search volume."
broad-176,гороскоп,гороскоп,broad,176,гороскоп первый канал сегодня утром,33847,Россия,225,Смартфоны,ru,2026-07-29T18:50:56.118Z,https://wordstat.yandex.ru/?region=225&view=table&words=%D0%B3%D0%BE%D1%80%D0%BE%D1%81%D0%BA%D0%BE%D0%BF,evidence/wordstat/wordstat-live-raw.json,VALID_LIVE_WORDSTAT,"External Yandex demand proxy, not RuStore internal search volume."
broad-177,гороскоп,гороскоп,broad,177,гороскоп мужчинам тельцам,33840,Россия,225,Смартфоны,ru,2026-07-29T18:50:56.118Z,https://wordstat.yandex.ru/?region=225&view=table&words=%D0%B3%D0%BE%D1%80%D0%BE%D1%81%D0%BA%D0%BE%D0%BF,evidence/wordstat/wordstat-live-raw.json,VALID_LIVE_WORDSTAT,"External Yandex demand proxy, not RuStore internal search volume."
broad-178,гороскоп,гороскоп,broad,178,гороскоп телец мужчина,33840,Россия,225,Смартфоны,ru,2026-07-29T18:50:56.118Z,https://wordstat.yandex.ru/?region=225&view=table&words=%D0%B3%D0%BE%D1%80%D0%BE%D1%81%D0%BA%D0%BE%D0%BF,evidence/wordstat/wordstat-live-raw.json,VALID_LIVE_WORDSTAT,"External Yandex demand proxy, not RuStore internal search volume."
broad-179,гороскоп,гороскоп,broad,179,гороскоп лев июль 2026,33431,Россия,225,Смартфоны,ru,2026-07-29T18:50:56.118Z,https://wordstat.yandex.ru/?region=225&view=table&words=%D0%B3%D0%BE%D1%80%D0%BE%D1%81%D0%BA%D0%BE%D0%BF,evidence/wordstat/wordstat-live-raw.json,VALID_LIVE_WORDSTAT,"External Yandex demand proxy, not RuStore internal search volume."
broad-180,гороскоп,гороскоп,broad,180,утро на первом канале сегодня гороскоп,33410,Россия,225,Смартфоны,ru,2026-07-29T18:50:56.118Z,https://wordstat.yandex.ru/?region=225&view=table&words=%D0%B3%D0%BE%D1%80%D0%BE%D1%81%D0%BA%D0%BE%D0%BF,evidence/wordstat/wordstat-live-raw.json,VALID_LIVE_WORDSTAT,"External Yandex demand proxy, not RuStore internal search volume."
broad-181,гороскоп,гороскоп,broad,181,гороскоп на июль дева,33407,Россия,225,Смартфоны,ru,2026-07-29T18:50:56.118Z,https://wordstat.yandex.ru/?region=225&view=table&words=%D0%B3%D0%BE%D1%80%D0%BE%D1%81%D0%BA%D0%BE%D0%BF,evidence/wordstat/wordstat-live-raw.json,VALID_LIVE_WORDSTAT,"External Yandex demand proxy, not RuStore internal search volume."
broad-182,гороскоп,гороскоп,broad,182,гороскоп первого канала доброе утро на сегодня,33392,Россия,225,Смартфоны,ru,2026-07-29T18:50:56.118Z,https://wordstat.yandex.ru/?region=225&view=table&words=%D0%B3%D0%BE%D1%80%D0%BE%D1%81%D0%BA%D0%BE%D0%BF,evidence/wordstat/wordstat-live-raw.json,VALID_LIVE_WORDSTAT,"External Yandex demand proxy, not RuStore internal search volume."
broad-183,гороскоп,гороскоп,broad,183,доброе утро гороскоп на сегодня первый канал,33392,Россия,225,Смартфоны,ru,2026-07-29T18:50:56.118Z,https://wordstat.yandex.ru/?region=225&view=table&words=%D0%B3%D0%BE%D1%80%D0%BE%D1%81%D0%BA%D0%BE%D0%BF,evidence/wordstat/wordstat-live-raw.json,VALID_LIVE_WORDSTAT,"External Yandex demand proxy, not RuStore internal search volume."
broad-184,гороскоп,гороскоп,broad,184,точные гороскопы бесплатно,32699,Россия,225,Смартфоны,ru,2026-07-29T18:50:56.118Z,https://wordstat.yandex.ru/?region=225&view=table&words=%D0%B3%D0%BE%D1%80%D0%BE%D1%81%D0%BA%D0%BE%D0%BF,evidence/wordstat/wordstat-live-raw.json,VALID_LIVE_WORDSTAT,"External Yandex demand proxy, not RuStore internal search volume."
broad-185,гороскоп,гороскоп,broad,185,гороскоп на июль весы,32538,Россия,225,Смартфоны,ru,2026-07-29T18:50:56.118Z,https://wordstat.yandex.ru/?region=225&view=table&words=%D0%B3%D0%BE%D1%80%D0%BE%D1%81%D0%BA%D0%BE%D0%BF,evidence/wordstat/wordstat-live-raw.json,VALID_LIVE_WORDSTAT,"External Yandex demand proxy, not RuStore internal search volume."
broad-186,гороскоп,гороскоп,broad,186,гороскоп июль анжела,32442,Россия,225,Смартфоны,ru,2026-07-29T18:50:56.118Z,https://wordstat.yandex.ru/?region=225&view=table&words=%D0%B3%D0%BE%D1%80%D0%BE%D1%81%D0%BA%D0%BE%D0%BF,evidence/wordstat/wordstat-live-raw.json,VALID_LIVE_WORDSTAT,"External Yandex demand proxy, not RuStore internal search volume."
broad-187,гороскоп,гороскоп,broad,187,гороскоп на июль водолей,32385,Россия,225,Смартфоны,ru,2026-07-29T18:50:56.118Z,https://wordstat.yandex.ru/?region=225&view=table&words=%D0%B3%D0%BE%D1%80%D0%BE%D1%81%D0%BA%D0%BE%D0%BF,evidence/wordstat/wordstat-live-raw.json,VALID_LIVE_WORDSTAT,"External Yandex demand proxy, not RuStore internal search volume."
broad-188,гороскоп,гороскоп,broad,188,гороскоп близнецы мужчина,31975,Россия,225,Смартфоны,ru,2026-07-29T18:50:56.118Z,https://wordstat.yandex.ru/?region=225&view=table&words=%D0%B3%D0%BE%D1%80%D0%BE%D1%81%D0%BA%D0%BE%D0%BF,evidence/wordstat/wordstat-live-raw.json,VALID_LIVE_WORDSTAT,"External Yandex demand proxy, not RuStore internal search volume."
broad-189,гороскоп,гороскоп,broad,189,гороскоп дева июль 2026,31800,Россия,225,Смартфоны,ru,2026-07-29T18:50:56.118Z,https://wordstat.yandex.ru/?region=225&view=table&words=%D0%B3%D0%BE%D1%80%D0%BE%D1%81%D0%BA%D0%BE%D0%BF,evidence/wordstat/wordstat-live-raw.json,VALID_LIVE_WORDSTAT,"External Yandex demand proxy, not RuStore internal search volume."
broad-190,гороскоп,гороскоп,broad,190,июль гороскоп знак зодиака,31604,Россия,225,Смартфоны,ru,2026-07-29T18:50:56.118Z,https://wordstat.yandex.ru/?region=225&view=table&words=%D0%B3%D0%BE%D1%80%D0%BE%D1%81%D0%BA%D0%BE%D0%BF,evidence/wordstat/wordstat-live-raw.json,VALID_LIVE_WORDSTAT,"External Yandex demand proxy, not RuStore internal search volume."
broad-191,гороскоп,гороскоп,broad,191,бесплатный гороскоп на сегодня,31434,Россия,225,Смартфоны,ru,2026-07-29T18:50:56.118Z,https://wordstat.yandex.ru/?region=225&view=table&words=%D0%B3%D0%BE%D1%80%D0%BE%D1%81%D0%BA%D0%BE%D0%BF,evidence/wordstat/wordstat-live-raw.json,VALID_LIVE_WORDSTAT,"External Yandex demand proxy, not RuStore internal search volume."
broad-192,гороскоп,гороскоп,broad,192,гороскоп на июль скорпион,31296,Россия,225,Смартфоны,ru,2026-07-29T18:50:56.118Z,https://wordstat.yandex.ru/?region=225&view=table&words=%D0%B3%D0%BE%D1%80%D0%BE%D1%81%D0%BA%D0%BE%D0%BF,evidence/wordstat/wordstat-live-raw.json,VALID_LIVE_WORDSTAT,"External Yandex demand proxy, not RuStore internal search volume."
broad-193,гороскоп,гороскоп,broad,193,точный гороскоп на сегодня женщина,31280,Россия,225,Смартфоны,ru,2026-07-29T18:50:56.118Z,https://wordstat.yandex.ru/?region=225&view=table&words=%D0%B3%D0%BE%D1%80%D0%BE%D1%81%D0%BA%D0%BE%D0%BF,evidence/wordstat/wordstat-live-raw.json,VALID_LIVE_WORDSTAT,"External Yandex demand proxy, not RuStore internal search volume."
broad-194,гороскоп,гороскоп,broad,194,гороскоп водолей мужчина,30776,Россия,225,Смартфоны,ru,2026-07-29T18:50:56.118Z,https://wordstat.yandex.ru/?region=225&view=table&words=%D0%B3%D0%BE%D1%80%D0%BE%D1%81%D0%BA%D0%BE%D0%BF,evidence/wordstat/wordstat-live-raw.json,VALID_LIVE_WORDSTAT,"External Yandex demand proxy, not RuStore internal search volume."
broad-195,гороскоп,гороскоп,broad,195,гороскоп мужчина год,30728,Россия,225,Смартфоны,ru,2026-07-29T18:50:56.118Z,https://wordstat.yandex.ru/?region=225&view=table&words=%D0%B3%D0%BE%D1%80%D0%BE%D1%81%D0%BA%D0%BE%D0%BF,evidence/wordstat/wordstat-live-raw.json,VALID_LIVE_WORDSTAT,"External Yandex demand proxy, not RuStore internal search volume."
broad-196,гороскоп,гороскоп,broad,196,гороскоп на июль козерог,30276,Россия,225,Смартфоны,ru,2026-07-29T18:50:56.118Z,https://wordstat.yandex.ru/?region=225&view=table&words=%D0%B3%D0%BE%D1%80%D0%BE%D1%81%D0%BA%D0%BE%D0%BF,evidence/wordstat/wordstat-live-raw.json,VALID_LIVE_WORDSTAT,"External Yandex demand proxy, not RuStore internal search volume."
broad-197,гороскоп,гороскоп,broad,197,гороскоп весы мужчина,30224,Россия,225,Смартфоны,ru,2026-07-29T18:50:56.118Z,https://wordstat.yandex.ru/?region=225&view=table&words=%D0%B3%D0%BE%D1%80%D0%BE%D1%81%D0%BA%D0%BE%D0%BF,evidence/wordstat/wordstat-live-raw.json,VALID_LIVE_WORDSTAT,"External Yandex demand proxy, not RuStore internal search volume."
broad-198,гороскоп,гороскоп,broad,198,гороскоп на июнь 2026,30043,Россия,225,Смартфоны,ru,2026-07-29T18:50:56.118Z,https://wordstat.yandex.ru/?region=225&view=table&words=%D0%B3%D0%BE%D1%80%D0%BE%D1%81%D0%BA%D0%BE%D0%BF,evidence/wordstat/wordstat-live-raw.json,VALID_LIVE_WORDSTAT,"External Yandex demand proxy, not RuStore internal search volume."
broad-199,гороскоп,гороскоп,broad,199,гороскоп май,30033,Россия,225,Смартфоны,ru,2026-07-29T18:50:56.118Z,https://wordstat.yandex.ru/?region=225&view=table&words=%D0%B3%D0%BE%D1%80%D0%BE%D1%81%D0%BA%D0%BE%D0%BF,evidence/wordstat/wordstat-live-raw.json,VALID_LIVE_WORDSTAT,"External Yandex demand proxy, not RuStore internal search volume."
broad-200,гороскоп,гороскоп,broad,200,гороскоп на июль 2026 мужчина,29959,Россия,225,Смартфоны,ru,2026-07-29T18:50:56.118Z,https://wordstat.yandex.ru/?region=225&view=table&words=%D0%B3%D0%BE%D1%80%D0%BE%D1%81%D0%BA%D0%BE%D0%BF,evidence/wordstat/wordstat-live-raw.json,VALID_LIVE_WORDSTAT,"External Yandex demand proxy, not RuStore internal search volume."
broad-201,натальная карта,натальная карта,broad,1,натальная карта,665857,Россия,225,Смартфоны,ru,2026-07-29T18:50:57.081Z,https://wordstat.yandex.ru/?region=225&view=table&words=%D0%BD%D0%B0%D1%82%D0%B0%D0%BB%D1%8C%D0%BD%D0%B0%D1%8F%20%D0%BA%D0%B0%D1%80%D1%82%D0%B0,evidence/wordstat/wordstat-live-raw.json,VALID_LIVE_WORDSTAT,"External Yandex demand proxy, not RuStore internal search volume."
broad-202,натальная карта,натальная карта,broad,2,натальная карта онлайн,138423,Россия,225,Смартфоны,ru,2026-07-29T18:50:57.081Z,https://wordstat.yandex.ru/?region=225&view=table&words=%D0%BD%D0%B0%D1%82%D0%B0%D0%BB%D1%8C%D0%BD%D0%B0%D1%8F%20%D0%BA%D0%B0%D1%80%D1%82%D0%B0,evidence/wordstat/wordstat-live-raw.json,VALID_LIVE_WORDSTAT,"External Yandex demand proxy, not RuStore internal search volume."
broad-203,натальная карта,натальная карта,broad,3,натальная карта рассчитать,61853,Россия,225,Смартфоны,ru,2026-07-29T18:50:57.081Z,https://wordstat.yandex.ru/?region=225&view=table&words=%D0%BD%D0%B0%D1%82%D0%B0%D0%BB%D1%8C%D0%BD%D0%B0%D1%8F%20%D0%BA%D0%B0%D1%80%D1%82%D0%B0,evidence/wordstat/wordstat-live-raw.json,VALID_LIVE_WORDSTAT,"External Yandex demand proxy, not RuStore internal search volume."
broad-204,натальная карта,натальная карта,broad,4,натальная карта бесплатно,57976,Россия,225,Смартфоны,ru,2026-07-29T18:50:57.081Z,https://wordstat.yandex.ru/?region=225&view=table&words=%D0%BD%D0%B0%D1%82%D0%B0%D0%BB%D1%8C%D0%BD%D0%B0%D1%8F%20%D0%BA%D0%B0%D1%80%D1%82%D0%B0,evidence/wordstat/wordstat-live-raw.json,VALID_LIVE_WORDSTAT,"External Yandex demand proxy, not RuStore internal search volume."
broad-205,натальная карта,натальная карта,broad,5,натальная карта онлайн бесплатно,37705,Россия,225,Смартфоны,ru,2026-07-29T18:50:57.081Z,https://wordstat.yandex.ru/?region=225&view=table&words=%D0%BD%D0%B0%D1%82%D0%B0%D0%BB%D1%8C%D0%BD%D0%B0%D1%8F%20%D0%BA%D0%B0%D1%80%D1%82%D0%B0,evidence/wordstat/wordstat-live-raw.json,VALID_LIVE_WORDSTAT,"External Yandex demand proxy, not RuStore internal search volume."
broad-206,натальная карта,натальная карта,broad,6,шоу натальная карта,33930,Россия,225,Смартфоны,ru,2026-07-29T18:50:57.081Z,https://wordstat.yandex.ru/?region=225&view=table&words=%D0%BD%D0%B0%D1%82%D0%B0%D0%BB%D1%8C%D0%BD%D0%B0%D1%8F%20%D0%BA%D0%B0%D1%80%D1%82%D0%B0,evidence/wordstat/wordstat-live-raw.json,VALID_LIVE_WORDSTAT,"External Yandex demand proxy, not RuStore internal search volume."
broad-207,натальная карта,натальная карта,broad,7,натальная карта с расшифровкой,19867,Россия,225,Смартфоны,ru,2026-07-29T18:50:57.081Z,https://wordstat.yandex.ru/?region=225&view=table&words=%D0%BD%D0%B0%D1%82%D0%B0%D0%BB%D1%8C%D0%BD%D0%B0%D1%8F%20%D0%BA%D0%B0%D1%80%D1%82%D0%B0,evidence/wordstat/wordstat-live-raw.json,VALID_LIVE_WORDSTAT,"External Yandex demand proxy, not RuStore internal search volume."
broad-208,натальная карта,натальная карта,broad,8,дома в натальной карте,19011,Россия,225,Смартфоны,ru,2026-07-29T18:50:57.081Z,https://wordstat.yandex.ru/?region=225&view=table&words=%D0%BD%D0%B0%D1%82%D0%B0%D0%BB%D1%8C%D0%BD%D0%B0%D1%8F%20%D0%BA%D0%B0%D1%80%D1%82%D0%B0,evidence/wordstat/wordstat-live-raw.json,VALID_LIVE_WORDSTAT,"External Yandex demand proxy, not RuStore internal search volume."
broad-209,натальная карта,натальная карта,broad,9,смотреть натальная карта,18881,Россия,225,Смартфоны,ru,2026-07-29T18:50:57.081Z,https://wordstat.yandex.ru/?region=225&view=table&words=%D0%BD%D0%B0%D1%82%D0%B0%D0%BB%D1%8C%D0%BD%D0%B0%D1%8F%20%D0%BA%D0%B0%D1%80%D1%82%D0%B0,evidence/wordstat/wordstat-live-raw.json,VALID_LIVE_WORDSTAT,"External Yandex demand proxy, not RuStore internal search volume."
broad-210,натальная карта,натальная карта,broad,10,натальная карта рождения,17189,Россия,225,Смартфоны,ru,2026-07-29T18:50:57.081Z,https://wordstat.yandex.ru/?region=225&view=table&words=%D0%BD%D0%B0%D1%82%D0%B0%D0%BB%D1%8C%D0%BD%D0%B0%D1%8F%20%D0%BA%D0%B0%D1%80%D1%82%D0%B0,evidence/wordstat/wordstat-live-raw.json,VALID_LIVE_WORDSTAT,"External Yandex demand proxy, not RuStore internal search volume."
broad-211,натальная карта,натальная карта,broad,11,натальная карта с расшифровкой бесплатно,16959,Россия,225,Смартфоны,ru,2026-07-29T18:50:57.081Z,https://wordstat.yandex.ru/?region=225&view=table&words=%D0%BD%D0%B0%D1%82%D0%B0%D0%BB%D1%8C%D0%BD%D0%B0%D1%8F%20%D0%BA%D0%B0%D1%80%D1%82%D0%B0,evidence/wordstat/wordstat-live-raw.json,VALID_LIVE_WORDSTAT,"External Yandex demand proxy, not RuStore internal search volume."
broad-212,натальная карта,натальная карта,broad,12,натальная карта по дате,16138,Россия,225,Смартфоны,ru,2026-07-29T18:50:57.081Z,https://wordstat.yandex.ru/?region=225&view=table&words=%D0%BD%D0%B0%D1%82%D0%B0%D0%BB%D1%8C%D0%BD%D0%B0%D1%8F%20%D0%BA%D0%B0%D1%80%D1%82%D0%B0,evidence/wordstat/wordstat-live-raw.json,VALID_LIVE_WORDSTAT,"External Yandex demand proxy, not RuStore internal search volume."
broad-213,натальная карта,натальная карта,broad,13,рассчитать натальную карту онлайн,14867,Россия,225,Смартфоны,ru,2026-07-29T18:50:57.081Z,https://wordstat.yandex.ru/?region=225&view=table&words=%D0%BD%D0%B0%D1%82%D0%B0%D0%BB%D1%8C%D0%BD%D0%B0%D1%8F%20%D0%BA%D0%B0%D1%80%D1%82%D0%B0,evidence/wordstat/wordstat-live-raw.json,VALID_LIVE_WORDSTAT,"External Yandex demand proxy, not RuStore internal search volume."
broad-214,натальная карта,натальная карта,broad,14,натальная карта совместимость,14641,Россия,225,Смартфоны,ru,2026-07-29T18:50:57.081Z,https://wordstat.yandex.ru/?region=225&view=table&words=%D0%BD%D0%B0%D1%82%D0%B0%D0%BB%D1%8C%D0%BD%D0%B0%D1%8F%20%D0%BA%D0%B0%D1%80%D1%82%D0%B0,evidence/wordstat/wordstat-live-raw.json,VALID_LIVE_WORDSTAT,"External Yandex demand proxy, not RuStore internal search volume."
broad-215,натальная карта,натальная карта,broad,15,натальная карта по дате рождения,14090,Россия,225,Смартфоны,ru,2026-07-29T18:50:57.081Z,https://wordstat.yandex.ru/?region=225&view=table&words=%D0%BD%D0%B0%D1%82%D0%B0%D0%BB%D1%8C%D0%BD%D0%B0%D1%8F%20%D0%BA%D0%B0%D1%80%D1%82%D0%B0,evidence/wordstat/wordstat-live-raw.json,VALID_LIVE_WORDSTAT,"External Yandex demand proxy, not RuStore internal search volume."
broad-216,натальная карта,натальная карта,broad,16,геокульт натальная карта,13734,Россия,225,Смартфоны,ru,2026-07-29T18:50:57.081Z,https://wordstat.yandex.ru/?region=225&view=table&words=%D0%BD%D0%B0%D1%82%D0%B0%D0%BB%D1%8C%D0%BD%D0%B0%D1%8F%20%D0%BA%D0%B0%D1%80%D1%82%D0%B0,evidence/wordstat/wordstat-live-raw.json,VALID_LIVE_WORDSTAT,"External Yandex demand proxy, not RuStore internal search volume."
broad-217,натальная карта,натальная карта,broad,17,натальная карта онлайн с расшифровкой,13425,Россия,225,Смартфоны,ru,2026-07-29T18:50:57.081Z,https://wordstat.yandex.ru/?region=225&view=table&words=%D0%BD%D0%B0%D1%82%D0%B0%D0%BB%D1%8C%D0%BD%D0%B0%D1%8F%20%D0%BA%D0%B0%D1%80%D1%82%D0%B0,evidence/wordstat/wordstat-live-raw.json,VALID_LIVE_WORDSTAT,"External Yandex demand proxy, not RuStore internal search volume."
broad-218,натальная карта,натальная карта,broad,18,натальная карта рассчитать бесплатно,13400,Россия,225,Смартфоны,ru,2026-07-29T18:50:57.081Z,https://wordstat.yandex.ru/?region=225&view=table&words=%D0%BD%D0%B0%D1%82%D0%B0%D0%BB%D1%8C%D0%BD%D0%B0%D1%8F%20%D0%BA%D0%B0%D1%80%D1%82%D0%B0,evidence/wordstat/wordstat-live-raw.json,VALID_LIVE_WORDSTAT,"External Yandex demand proxy, not RuStore internal search volume."
broad-219,натальная карта,натальная карта,broad,19,натальная карта онлайн бесплатно с расшифровкой,12483,Россия,225,Смартфоны,ru,2026-07-29T18:50:57.081Z,https://wordstat.yandex.ru/?region=225&view=table&words=%D0%BD%D0%B0%D1%82%D0%B0%D0%BB%D1%8C%D0%BD%D0%B0%D1%8F%20%D0%BA%D0%B0%D1%80%D1%82%D0%B0,evidence/wordstat/wordstat-live-raw.json,VALID_LIVE_WORDSTAT,"External Yandex demand proxy, not RuStore internal search volume."
broad-220,натальная карта,натальная карта,broad,20,расчет натальной карты,12362,Россия,225,Смартфоны,ru,2026-07-29T18:50:57.081Z,https://wordstat.yandex.ru/?region=225&view=table&words=%D0%BD%D0%B0%D1%82%D0%B0%D0%BB%D1%8C%D0%BD%D0%B0%D1%8F%20%D0%BA%D0%B0%D1%80%D1%82%D0%B0,evidence/wordstat/wordstat-live-raw.json,VALID_LIVE_WORDSTAT,"External Yandex demand proxy, not RuStore internal search volume."
broad-221,натальная карта,натальная карта,broad,21,натальная карта женщины,12214,Россия,225,Смартфоны,ru,2026-07-29T18:50:57.081Z,https://wordstat.yandex.ru/?region=225&view=table&words=%D0%BD%D0%B0%D1%82%D0%B0%D0%BB%D1%8C%D0%BD%D0%B0%D1%8F%20%D0%BA%D0%B0%D1%80%D1%82%D0%B0,evidence/wordstat/wordstat-live-raw.json,VALID_LIVE_WORDSTAT,"External Yandex demand proxy, not RuStore internal search volume."
broad-222,натальная карта,натальная карта,broad,22,натальная карта сотис,10532,Россия,225,Смартфоны,ru,2026-07-29T18:50:57.081Z,https://wordstat.yandex.ru/?region=225&view=table&words=%D0%BD%D0%B0%D1%82%D0%B0%D0%BB%D1%8C%D0%BD%D0%B0%D1%8F%20%D0%BA%D0%B0%D1%80%D1%82%D0%B0,evidence/wordstat/wordstat-live-raw.json,VALID_LIVE_WORDSTAT,"External Yandex demand proxy, not RuStore internal search volume."
broad-223,натальная карта,натальная карта,broad,23,натальная карта по дате бесплатно,9699,Россия,225,Смартфоны,ru,2026-07-29T18:50:57.081Z,https://wordstat.yandex.ru/?region=225&view=table&words=%D0%BD%D0%B0%D1%82%D0%B0%D0%BB%D1%8C%D0%BD%D0%B0%D1%8F%20%D0%BA%D0%B0%D1%80%D1%82%D0%B0,evidence/wordstat/wordstat-live-raw.json,VALID_LIVE_WORDSTAT,"External Yandex demand proxy, not RuStore internal search volume."
broad-224,натальная карта,натальная карта,broad,24,сотис онлайн натальная карта,8683,Россия,225,Смартфоны,ru,2026-07-29T18:50:57.081Z,https://wordstat.yandex.ru/?region=225&view=table&words=%D0%BD%D0%B0%D1%82%D0%B0%D0%BB%D1%8C%D0%BD%D0%B0%D1%8F%20%D0%BA%D0%B0%D1%80%D1%82%D0%B0,evidence/wordstat/wordstat-live-raw.json,VALID_LIVE_WORDSTAT,"External Yandex demand proxy, not RuStore internal search volume."
broad-225,натальная карта,натальная карта,broad,25,натальная карта с расшифровкой по дате,8605,Россия,225,Смартфоны,ru,2026-07-29T18:50:57.081Z,https://wordstat.yandex.ru/?region=225&view=table&words=%D0%BD%D0%B0%D1%82%D0%B0%D0%BB%D1%8C%D0%BD%D0%B0%D1%8F%20%D0%BA%D0%B0%D1%80%D1%82%D0%B0,evidence/wordstat/wordstat-live-raw.json,VALID_LIVE_WORDSTAT,"External Yandex demand proxy, not RuStore internal search volume."
broad-226,натальная карта,натальная карта,broad,26,натальная карта рождения бесплатно,8330,Россия,225,Смартфоны,ru,2026-07-29T18:50:57.081Z,https://wordstat.yandex.ru/?region=225&view=table&words=%D0%BD%D0%B0%D1%82%D0%B0%D0%BB%D1%8C%D0%BD%D0%B0%D1%8F%20%D0%BA%D0%B0%D1%80%D1%82%D0%B0,evidence/wordstat/wordstat-live-raw.json,VALID_LIVE_WORDSTAT,"External Yandex demand proxy, not RuStore internal search volume."
broad-227,натальная карта,натальная карта,broad,27,натальная карта по дате рождения бесплатно,8153,Россия,225,Смартфоны,ru,2026-07-29T18:50:57.081Z,https://wordstat.yandex.ru/?region=225&view=table&words=%D0%BD%D0%B0%D1%82%D0%B0%D0%BB%D1%8C%D0%BD%D0%B0%D1%8F%20%D0%BA%D0%B0%D1%80%D1%82%D0%B0,evidence/wordstat/wordstat-live-raw.json,VALID_LIVE_WORDSTAT,"External Yandex demand proxy, not RuStore internal search volume."
broad-228,натальная карта,натальная карта,broad,28,натальная карта бесплатно с расшифровкой по дате,8115,Россия,225,Смартфоны,ru,2026-07-29T18:50:57.081Z,https://wordstat.yandex.ru/?region=225&view=table&words=%D0%BD%D0%B0%D1%82%D0%B0%D0%BB%D1%8C%D0%BD%D0%B0%D1%8F%20%D0%BA%D0%B0%D1%80%D1%82%D0%B0,evidence/wordstat/wordstat-live-raw.json,VALID_LIVE_WORDSTAT,"External Yandex demand proxy, not RuStore internal search volume."
broad-229,натальная карта,натальная карта,broad,29,построить натальную карту,7568,Россия,225,Смартфоны,ru,2026-07-29T18:50:57.081Z,https://wordstat.yandex.ru/?region=225&view=table&words=%D0%BD%D0%B0%D1%82%D0%B0%D0%BB%D1%8C%D0%BD%D0%B0%D1%8F%20%D0%BA%D0%B0%D1%80%D1%82%D0%B0,evidence/wordstat/wordstat-live-raw.json,VALID_LIVE_WORDSTAT,"External Yandex demand proxy, not RuStore internal search volume."
broad-230,натальная карта,натальная карта,broad,30,расшифровка натальной карты рождения,7216,Россия,225,Смартфоны,ru,2026-07-29T18:50:57.081Z,https://wordstat.yandex.ru/?region=225&view=table&words=%D0%BD%D0%B0%D1%82%D0%B0%D0%BB%D1%8C%D0%BD%D0%B0%D1%8F%20%D0%BA%D0%B0%D1%80%D1%82%D0%B0,evidence/wordstat/wordstat-live-raw.json,VALID_LIVE_WORDSTAT,"External Yandex demand proxy, not RuStore internal search volume."
broad-231,натальная карта,натальная карта,broad,31,натальная карта с расшифровкой по дате рождения,7116,Россия,225,Смартфоны,ru,2026-07-29T18:50:57.081Z,https://wordstat.yandex.ru/?region=225&view=table&words=%D0%BD%D0%B0%D1%82%D0%B0%D0%BB%D1%8C%D0%BD%D0%B0%D1%8F%20%D0%BA%D0%B0%D1%80%D1%82%D0%B0,evidence/wordstat/wordstat-live-raw.json,VALID_LIVE_WORDSTAT,"External Yandex demand proxy, not RuStore internal search volume."
broad-232,натальная карта,натальная карта,broad,32,натальная карта по дате онлайн,6866,Россия,225,Смартфоны,ru,2026-07-29T18:50:57.081Z,https://wordstat.yandex.ru/?region=225&view=table&words=%D0%BD%D0%B0%D1%82%D0%B0%D0%BB%D1%8C%D0%BD%D0%B0%D1%8F%20%D0%BA%D0%B0%D1%80%D1%82%D0%B0,evidence/wordstat/wordstat-live-raw.json,VALID_LIVE_WORDSTAT,"External Yandex demand proxy, not RuStore internal search volume."
broad-233,натальная карта,натальная карта,broad,33,составляющие натальной карты,6709,Россия,225,Смартфоны,ru,2026-07-29T18:50:57.081Z,https://wordstat.yandex.ru/?region=225&view=table&words=%D0%BD%D0%B0%D1%82%D0%B0%D0%BB%D1%8C%D0%BD%D0%B0%D1%8F%20%D0%BA%D0%B0%D1%80%D1%82%D0%B0,evidence/wordstat/wordstat-live-raw.json,VALID_LIVE_WORDSTAT,"External Yandex demand proxy, not RuStore internal search volume."
broad-234,натальная карта,натальная карта,broad,34,составить натальную карту,6708,Россия,225,Смартфоны,ru,2026-07-29T18:50:57.081Z,https://wordstat.yandex.ru/?region=225&view=table&words=%D0%BD%D0%B0%D1%82%D0%B0%D0%BB%D1%8C%D0%BD%D0%B0%D1%8F%20%D0%BA%D0%B0%D1%80%D1%82%D0%B0,evidence/wordstat/wordstat-live-raw.json,VALID_LIVE_WORDSTAT,"External Yandex demand proxy, not RuStore internal search volume."
broad-235,натальная карта,натальная карта,broad,35,натальная карта рождения с расшифровкой бесплатно,6670,Россия,225,Смартфоны,ru,2026-07-29T18:50:57.081Z,https://wordstat.yandex.ru/?region=225&view=table&words=%D0%BD%D0%B0%D1%82%D0%B0%D0%BB%D1%8C%D0%BD%D0%B0%D1%8F%20%D0%BA%D0%B0%D1%80%D1%82%D0%B0,evidence/wordstat/wordstat-live-raw.json,VALID_LIVE_WORDSTAT,"External Yandex demand proxy, not RuStore internal search volume."
broad-236,натальная карта,натальная карта,broad,36,расшифровка натальной карты бесплатно по дате рождения,6658,Россия,225,Смартфоны,ru,2026-07-29T18:50:57.081Z,https://wordstat.yandex.ru/?region=225&view=table&words=%D0%BD%D0%B0%D1%82%D0%B0%D0%BB%D1%8C%D0%BD%D0%B0%D1%8F%20%D0%BA%D0%B0%D1%80%D1%82%D0%B0,evidence/wordstat/wordstat-live-raw.json,VALID_LIVE_WORDSTAT,"External Yandex demand proxy, not RuStore internal search volume."
broad-237,натальная карта,натальная карта,broad,37,рассчитать натальную карту онлайн бесплатно,6593,Россия,225,Смартфоны,ru,2026-07-29T18:50:57.081Z,https://wordstat.yandex.ru/?region=225&view=table&words=%D0%BD%D0%B0%D1%82%D0%B0%D0%BB%D1%8C%D0%BD%D0%B0%D1%8F%20%D0%BA%D0%B0%D1%80%D1%82%D0%B0,evidence/wordstat/wordstat-live-raw.json,VALID_LIVE_WORDSTAT,"External Yandex demand proxy, not RuStore internal search volume."
broad-238,натальная карта,натальная карта,broad,38,натальная карта по дате онлайн бесплатно,6508,Россия,225,Смартфоны,ru,2026-07-29T18:50:57.081Z,https://wordstat.yandex.ru/?region=225&view=table&words=%D0%BD%D0%B0%D1%82%D0%B0%D0%BB%D1%8C%D0%BD%D0%B0%D1%8F%20%D0%BA%D0%B0%D1%80%D1%82%D0%B0,evidence/wordstat/wordstat-live-raw.json,VALID_LIVE_WORDSTAT,"External Yandex demand proxy, not RuStore internal search volume."
broad-239,натальная карта,натальная карта,broad,39,луна в натальной карте,6219,Россия,225,Смартфоны,ru,2026-07-29T18:50:57.081Z,https://wordstat.yandex.ru/?region=225&view=table&words=%D0%BD%D0%B0%D1%82%D0%B0%D0%BB%D1%8C%D0%BD%D0%B0%D1%8F%20%D0%BA%D0%B0%D1%80%D1%82%D0%B0,evidence/wordstat/wordstat-live-raw.json,VALID_LIVE_WORDSTAT,"External Yandex demand proxy, not RuStore internal search volume."
broad-240,натальная карта,натальная карта,broad,40,натальная карта иванченко,6120,Россия,225,Смартфоны,ru,2026-07-29T18:50:57.081Z,https://wordstat.yandex.ru/?region=225&view=table&words=%D0%BD%D0%B0%D1%82%D0%B0%D0%BB%D1%8C%D0%BD%D0%B0%D1%8F%20%D0%BA%D0%B0%D1%80%D1%82%D0%B0,evidence/wordstat/wordstat-live-raw.json,VALID_LIVE_WORDSTAT,"External Yandex demand proxy, not RuStore internal search volume."
broad-241,натальная карта,натальная карта,broad,41,олеся натальная карта,5967,Россия,225,Смартфоны,ru,2026-07-29T18:50:57.081Z,https://wordstat.yandex.ru/?region=225&view=table&words=%D0%BD%D0%B0%D1%82%D0%B0%D0%BB%D1%8C%D0%BD%D0%B0%D1%8F%20%D0%BA%D0%B0%D1%80%D1%82%D0%B0,evidence/wordstat/wordstat-live-raw.json,VALID_LIVE_WORDSTAT,"External Yandex demand proxy, not RuStore internal search volume."
broad-242,натальная карта,натальная карта,broad,42,натальная карта рождения онлайн,5906,Россия,225,Смартфоны,ru,2026-07-29T18:50:57.081Z,https://wordstat.yandex.ru/?region=225&view=table&words=%D0%BD%D0%B0%D1%82%D0%B0%D0%BB%D1%8C%D0%BD%D0%B0%D1%8F%20%D0%BA%D0%B0%D1%80%D1%82%D0%B0,evidence/wordstat/wordstat-live-raw.json,VALID_LIVE_WORDSTAT,"External Yandex demand proxy, not RuStore internal search volume."
broad-243,натальная карта,натальная карта,broad,43,натальная карта смотреть онлайн,5872,Россия,225,Смартфоны,ru,2026-07-29T18:50:57.081Z,https://wordstat.yandex.ru/?region=225&view=table&words=%D0%BD%D0%B0%D1%82%D0%B0%D0%BB%D1%8C%D0%BD%D0%B0%D1%8F%20%D0%BA%D0%B0%D1%80%D1%82%D0%B0,evidence/wordstat/wordstat-live-raw.json,VALID_LIVE_WORDSTAT,"External Yandex demand proxy, not RuStore internal search volume."
broad-244,натальная карта,натальная карта,broad,44,венера в натальной карте,5783,Россия,225,Смартфоны,ru,2026-07-29T18:50:57.081Z,https://wordstat.yandex.ru/?region=225&view=table&words=%D0%BD%D0%B0%D1%82%D0%B0%D0%BB%D1%8C%D0%BD%D0%B0%D1%8F%20%D0%BA%D0%B0%D1%80%D1%82%D0%B0,evidence/wordstat/wordstat-live-raw.json,VALID_LIVE_WORDSTAT,"External Yandex demand proxy, not RuStore internal search volume."
broad-245,натальная карта,натальная карта,broad,45,натальная карта мужчины,5675,Россия,225,Смартфоны,ru,2026-07-29T18:50:57.081Z,https://wordstat.yandex.ru/?region=225&view=table&words=%D0%BD%D0%B0%D1%82%D0%B0%D0%BB%D1%8C%D0%BD%D0%B0%D1%8F%20%D0%BA%D0%B0%D1%80%D1%82%D0%B0,evidence/wordstat/wordstat-live-raw.json,VALID_LIVE_WORDSTAT,"External Yandex demand proxy, not RuStore internal search volume."
broad-246,натальная карта,натальная карта,broad,46,натальная карта по дате рождения онлайн,5587,Россия,225,Смартфоны,ru,2026-07-29T18:50:57.081Z,https://wordstat.yandex.ru/?region=225&view=table&words=%D0%BD%D0%B0%D1%82%D0%B0%D0%BB%D1%8C%D0%BD%D0%B0%D1%8F%20%D0%BA%D0%B0%D1%80%D1%82%D0%B0,evidence/wordstat/wordstat-live-raw.json,VALID_LIVE_WORDSTAT,"External Yandex demand proxy, not RuStore internal search volume."
broad-247,натальная карта,натальная карта,broad,47,натальная карта смотреть шоу,5530,Россия,225,Смартфоны,ru,2026-07-29T18:50:57.081Z,https://wordstat.yandex.ru/?region=225&view=table&words=%D0%BD%D0%B0%D1%82%D0%B0%D0%BB%D1%8C%D0%BD%D0%B0%D1%8F%20%D0%BA%D0%B0%D1%80%D1%82%D0%B0,evidence/wordstat/wordstat-live-raw.json,VALID_LIVE_WORDSTAT,"External Yandex demand proxy, not RuStore internal search volume."
broad-248,натальная карта,натальная карта,broad,48,натальная карта рождения онлайн бесплатно,5335,Россия,225,Смартфоны,ru,2026-07-29T18:50:57.081Z,https://wordstat.yandex.ru/?region=225&view=table&words=%D0%BD%D0%B0%D1%82%D0%B0%D0%BB%D1%8C%D0%BD%D0%B0%D1%8F%20%D0%BA%D0%B0%D1%80%D1%82%D0%B0,evidence/wordstat/wordstat-live-raw.json,VALID_LIVE_WORDSTAT,"External Yandex demand proxy, not RuStore internal search volume."
broad-249,натальная карта,натальная карта,broad,49,натальная карта онлайн бесплатно по дате рождения,5243,Россия,225,Смартфоны,ru,2026-07-29T18:50:57.081Z,https://wordstat.yandex.ru/?region=225&view=table&words=%D0%BD%D0%B0%D1%82%D0%B0%D0%BB%D1%8C%D0%BD%D0%B0%D1%8F%20%D0%BA%D0%B0%D1%80%D1%82%D0%B0,evidence/wordstat/wordstat-live-raw.json,VALID_LIVE_WORDSTAT,"External Yandex demand proxy, not RuStore internal search volume."
broad-250,натальная карта,натальная карта,broad,50,натальная карта суть,5132,Россия,225,Смартфоны,ru,2026-07-29T18:50:57.081Z,https://wordstat.yandex.ru/?region=225&view=table&words=%D0%BD%D0%B0%D1%82%D0%B0%D0%BB%D1%8C%D0%BD%D0%B0%D1%8F%20%D0%BA%D0%B0%D1%80%D1%82%D0%B0,evidence/wordstat/wordstat-live-raw.json,VALID_LIVE_WORDSTAT,"External Yandex demand proxy, not RuStore internal search volume."
broad-251,натальная карта,натальная карта,broad,51,рассчитать натальную карту с расшифровкой,4897,Россия,225,Смартфоны,ru,2026-07-29T18:50:57.081Z,https://wordstat.yandex.ru/?region=225&view=table&words=%D0%BD%D0%B0%D1%82%D0%B0%D0%BB%D1%8C%D0%BD%D0%B0%D1%8F%20%D0%BA%D0%B0%D1%80%D1%82%D0%B0,evidence/wordstat/wordstat-live-raw.json,VALID_LIVE_WORDSTAT,"External Yandex demand proxy, not RuStore internal search volume."
broad-252,натальная карта,натальная карта,broad,52,планеты в натальной карте,4545,Россия,225,Смартфоны,ru,2026-07-29T18:50:57.081Z,https://wordstat.yandex.ru/?region=225&view=table&words=%D0%BD%D0%B0%D1%82%D0%B0%D0%BB%D1%8C%D0%BD%D0%B0%D1%8F%20%D0%BA%D0%B0%D1%80%D1%82%D0%B0,evidence/wordstat/wordstat-live-raw.json,VALID_LIVE_WORDSTAT,"External Yandex demand proxy, not RuStore internal search volume."
broad-253,натальная карта,натальная карта,broad,53,натальная карта рассчитать бесплатно с расшифровкой,4419,Россия,225,Смартфоны,ru,2026-07-29T18:50:57.081Z,https://wordstat.yandex.ru/?region=225&view=table&words=%D0%BD%D0%B0%D1%82%D0%B0%D0%BB%D1%8C%D0%BD%D0%B0%D1%8F%20%D0%BA%D0%B0%D1%80%D1%82%D0%B0,evidence/wordstat/wordstat-live-raw.json,VALID_LIVE_WORDSTAT,"External Yandex demand proxy, not RuStore internal search volume."
broad-254,натальная карта,натальная карта,broad,54,марс в натальной карте,4409,Россия,225,Смартфоны,ru,2026-07-29T18:50:57.081Z,https://wordstat.yandex.ru/?region=225&view=table&words=%D0%BD%D0%B0%D1%82%D0%B0%D0%BB%D1%8C%D0%BD%D0%B0%D1%8F%20%D0%BA%D0%B0%D1%80%D1%82%D0%B0,evidence/wordstat/wordstat-live-raw.json,VALID_LIVE_WORDSTAT,"External Yandex demand proxy, not RuStore internal search volume."
broad-255,натальная карта,натальная карта,broad,55,солнце в натальной карте,4377,Россия,225,Смартфоны,ru,2026-07-29T18:50:57.081Z,https://wordstat.yandex.ru/?region=225&view=table&words=%D0%BD%D0%B0%D1%82%D0%B0%D0%BB%D1%8C%D0%BD%D0%B0%D1%8F%20%D0%BA%D0%B0%D1%80%D1%82%D0%B0,evidence/wordstat/wordstat-live-raw.json,VALID_LIVE_WORDSTAT,"External Yandex demand proxy, not RuStore internal search volume."
broad-256,натальная карта,натальная карта,broad,56,натальная карта где,4141,Россия,225,Смартфоны,ru,2026-07-29T18:50:57.081Z,https://wordstat.yandex.ru/?region=225&view=table&words=%D0%BD%D0%B0%D1%82%D0%B0%D0%BB%D1%8C%D0%BD%D0%B0%D1%8F%20%D0%BA%D0%B0%D1%80%D1%82%D0%B0,evidence/wordstat/wordstat-live-raw.json,VALID_LIVE_WORDSTAT,"External Yandex demand proxy, not RuStore internal search volume."
broad-257,натальная карта,натальная карта,broad,57,натальная карта время,3869,Россия,225,Смартфоны,ru,2026-07-29T18:50:57.081Z,https://wordstat.yandex.ru/?region=225&view=table&words=%D0%BD%D0%B0%D1%82%D0%B0%D0%BB%D1%8C%D0%BD%D0%B0%D1%8F%20%D0%BA%D0%B0%D1%80%D1%82%D0%B0,evidence/wordstat/wordstat-live-raw.json,VALID_LIVE_WORDSTAT,"External Yandex demand proxy, not RuStore internal search volume."
broad-258,натальная карта,натальная карта,broad,58,натальная карта сафонов,3854,Россия,225,Смартфоны,ru,2026-07-29T18:50:57.081Z,https://wordstat.yandex.ru/?region=225&view=table&words=%D0%BD%D0%B0%D1%82%D0%B0%D0%BB%D1%8C%D0%BD%D0%B0%D1%8F%20%D0%BA%D0%B0%D1%80%D1%82%D0%B0,evidence/wordstat/wordstat-live-raw.json,VALID_LIVE_WORDSTAT,"External Yandex demand proxy, not RuStore internal search volume."
broad-259,натальная карта,натальная карта,broad,59,натальная карта транзиты,3827,Россия,225,Смартфоны,ru,2026-07-29T18:50:57.081Z,https://wordstat.yandex.ru/?region=225&view=table&words=%D0%BD%D0%B0%D1%82%D0%B0%D0%BB%D1%8C%D0%BD%D0%B0%D1%8F%20%D0%BA%D0%B0%D1%80%D1%82%D0%B0,evidence/wordstat/wordstat-live-raw.json,VALID_LIVE_WORDSTAT,"External Yandex demand proxy, not RuStore internal search volume."
broad-260,натальная карта,натальная карта,broad,60,натальная карта асцендент,3744,Россия,225,Смартфоны,ru,2026-07-29T18:50:57.081Z,https://wordstat.yandex.ru/?region=225&view=table&words=%D0%BD%D0%B0%D1%82%D0%B0%D0%BB%D1%8C%D0%BD%D0%B0%D1%8F%20%D0%BA%D0%B0%D1%80%D1%82%D0%B0,evidence/wordstat/wordstat-live-raw.json,VALID_LIVE_WORDSTAT,"External Yandex demand proxy, not RuStore internal search volume."
broad-261,натальная карта,натальная карта,broad,61,натальная карта ru,3626,Россия,225,Смартфоны,ru,2026-07-29T18:50:57.081Z,https://wordstat.yandex.ru/?region=225&view=table&words=%D0%BD%D0%B0%D1%82%D0%B0%D0%BB%D1%8C%D0%BD%D0%B0%D1%8F%20%D0%BA%D0%B0%D1%80%D1%82%D0%B0,evidence/wordstat/wordstat-live-raw.json,VALID_LIVE_WORDSTAT,"External Yandex demand proxy, not RuStore internal search volume."
broad-262,натальная карта,натальная карта,broad,62,рассчитать натальную карту по дате,3579,Россия,225,Смартфоны,ru,2026-07-29T18:50:57.081Z,https://wordstat.yandex.ru/?region=225&view=table&words=%D0%BD%D0%B0%D1%82%D0%B0%D0%BB%D1%8C%D0%BD%D0%B0%D1%8F%20%D0%BA%D0%B0%D1%80%D1%82%D0%B0,evidence/wordstat/wordstat-live-raw.json,VALID_LIVE_WORDSTAT,"External Yandex demand proxy, not RuStore internal search volume."
broad-263,натальная карта,натальная карта,broad,63,лилит в натальной карте,3579,Россия,225,Смартфоны,ru,2026-07-29T18:50:57.081Z,https://wordstat.yandex.ru/?region=225&view=table&words=%D0%BD%D0%B0%D1%82%D0%B0%D0%BB%D1%8C%D0%BD%D0%B0%D1%8F%20%D0%BA%D0%B0%D1%80%D1%82%D0%B0,evidence/wordstat/wordstat-live-raw.json,VALID_LIVE_WORDSTAT,"External Yandex demand proxy, not RuStore internal search volume."
broad-264,натальная карта,натальная карта,broad,64,сатурн в натальной карте,3545,Россия,225,Смартфоны,ru,2026-07-29T18:50:57.081Z,https://wordstat.yandex.ru/?region=225&view=table&words=%D0%BD%D0%B0%D1%82%D0%B0%D0%BB%D1%8C%D0%BD%D0%B0%D1%8F%20%D0%BA%D0%B0%D1%80%D1%82%D0%B0,evidence/wordstat/wordstat-live-raw.json,VALID_LIVE_WORDSTAT,"External Yandex demand proxy, not RuStore internal search volume."
broad-265,натальная карта,натальная карта,broad,65,разбор натальной карты,3499,Россия,225,Смартфоны,ru,2026-07-29T18:50:57.081Z,https://wordstat.yandex.ru/?region=225&view=table&words=%D0%BD%D0%B0%D1%82%D0%B0%D0%BB%D1%8C%D0%BD%D0%B0%D1%8F%20%D0%BA%D0%B0%D1%80%D1%82%D0%B0,evidence/wordstat/wordstat-live-raw.json,VALID_LIVE_WORDSTAT,"External Yandex demand proxy, not RuStore internal search volume."
broad-266,натальная карта,натальная карта,broad,66,расчет натальной карты онлайн,3475,Россия,225,Смартфоны,ru,2026-07-29T18:50:57.081Z,https://wordstat.yandex.ru/?region=225&view=table&words=%D0%BD%D0%B0%D1%82%D0%B0%D0%BB%D1%8C%D0%BD%D0%B0%D1%8F%20%D0%BA%D0%B0%D1%80%D1%82%D0%B0,evidence/wordstat/wordstat-live-raw.json,VALID_LIVE_WORDSTAT,"External Yandex demand proxy, not RuStore internal search volume."
broad-267,натальная карта,натальная карта,broad,67,натальная карта джйотиш,3472,Россия,225,Смартфоны,ru,2026-07-29T18:50:57.081Z,https://wordstat.yandex.ru/?region=225&view=table&words=%D0%BD%D0%B0%D1%82%D0%B0%D0%BB%D1%8C%D0%BD%D0%B0%D1%8F%20%D0%BA%D0%B0%D1%80%D1%82%D0%B0,evidence/wordstat/wordstat-live-raw.json,VALID_LIVE_WORDSTAT,"External Yandex demand proxy, not RuStore internal search volume."
broad-268,натальная карта,натальная карта,broad,68,рассчитать натальную карту рождения,3466,Россия,225,Смартфоны,ru,2026-07-29T18:50:57.081Z,https://wordstat.yandex.ru/?region=225&view=table&words=%D0%BD%D0%B0%D1%82%D0%B0%D0%BB%D1%8C%D0%BD%D0%B0%D1%8F%20%D0%BA%D0%B0%D1%80%D1%82%D0%B0,evidence/wordstat/wordstat-live-raw.json,VALID_LIVE_WORDSTAT,"External Yandex demand proxy, not RuStore internal search volume."
broad-269,натальная карта,натальная карта,broad,69,натальная карта ведущие,3434,Россия,225,Смартфоны,ru,2026-07-29T18:50:57.081Z,https://wordstat.yandex.ru/?region=225&view=table&words=%D0%BD%D0%B0%D1%82%D0%B0%D0%BB%D1%8C%D0%BD%D0%B0%D1%8F%20%D0%BA%D0%B0%D1%80%D1%82%D0%B0,evidence/wordstat/wordstat-live-raw.json,VALID_LIVE_WORDSTAT,"External Yandex demand proxy, not RuStore internal search volume."
broad-270,натальная карта,натальная карта,broad,70,юпитер в натальной карте,3413,Россия,225,Смартфоны,ru,2026-07-29T18:50:57.081Z,https://wordstat.yandex.ru/?region=225&view=table&words=%D0%BD%D0%B0%D1%82%D0%B0%D0%BB%D1%8C%D0%BD%D0%B0%D1%8F%20%D0%BA%D0%B0%D1%80%D1%82%D0%B0,evidence/wordstat/wordstat-live-raw.json,VALID_LIVE_WORDSTAT,"External Yandex demand proxy, not RuStore internal search volume."
broad-271,натальная карта,натальная карта,broad,71,натальная карта лунник,3412,Россия,225,Смартфоны,ru,2026-07-29T18:50:57.081Z,https://wordstat.yandex.ru/?region=225&view=table&words=%D0%BD%D0%B0%D1%82%D0%B0%D0%BB%D1%8C%D0%BD%D0%B0%D1%8F%20%D0%BA%D0%B0%D1%80%D1%82%D0%B0,evidence/wordstat/wordstat-live-raw.json,VALID_LIVE_WORDSTAT,"External Yandex demand proxy, not RuStore internal search volume."
broad-272,натальная карта,натальная карта,broad,72,натальная карта рф,3399,Россия,225,Смартфоны,ru,2026-07-29T18:50:57.081Z,https://wordstat.yandex.ru/?region=225&view=table&words=%D0%BD%D0%B0%D1%82%D0%B0%D0%BB%D1%8C%D0%BD%D0%B0%D1%8F%20%D0%BA%D0%B0%D1%80%D1%82%D0%B0,evidence/wordstat/wordstat-live-raw.json,VALID_LIVE_WORDSTAT,"External Yandex demand proxy, not RuStore internal search volume."
broad-273,натальная карта,натальная карта,broad,73,что значит натальная карта,3357,Россия,225,Смартфоны,ru,2026-07-29T18:50:57.081Z,https://wordstat.yandex.ru/?region=225&view=table&words=%D0%BD%D0%B0%D1%82%D0%B0%D0%BB%D1%8C%D0%BD%D0%B0%D1%8F%20%D0%BA%D0%B0%D1%80%D1%82%D0%B0,evidence/wordstat/wordstat-live-raw.json,VALID_LIVE_WORDSTAT,"External Yandex demand proxy, not RuStore internal search volume."
broad-274,натальная карта,натальная карта,broad,74,что за что отвечает в натальной карте,3351,Россия,225,Смартфоны,ru,2026-07-29T18:50:57.081Z,https://wordstat.yandex.ru/?region=225&view=table&words=%D0%BD%D0%B0%D1%82%D0%B0%D0%BB%D1%8C%D0%BD%D0%B0%D1%8F%20%D0%BA%D0%B0%D1%80%D1%82%D0%B0,evidence/wordstat/wordstat-live-raw.json,VALID_LIVE_WORDSTAT,"External Yandex demand proxy, not RuStore internal search volume."
broad-275,натальная карта,натальная карта,broad,75,соединение в натальной карте,3271,Россия,225,Смартфоны,ru,2026-07-29T18:50:57.081Z,https://wordstat.yandex.ru/?region=225&view=table&words=%D0%BD%D0%B0%D1%82%D0%B0%D0%BB%D1%8C%D0%BD%D0%B0%D1%8F%20%D0%BA%D0%B0%D1%80%D1%82%D0%B0,evidence/wordstat/wordstat-live-raw.json,VALID_LIVE_WORDSTAT,"External Yandex demand proxy, not RuStore internal search volume."
broad-276,натальная карта,натальная карта,broad,76,натальная карта журавлев,3219,Россия,225,Смартфоны,ru,2026-07-29T18:50:57.081Z,https://wordstat.yandex.ru/?region=225&view=table&words=%D0%BD%D0%B0%D1%82%D0%B0%D0%BB%D1%8C%D0%BD%D0%B0%D1%8F%20%D0%BA%D0%B0%D1%80%D1%82%D0%B0,evidence/wordstat/wordstat-live-raw.json,VALID_LIVE_WORDSTAT,"External Yandex demand proxy, not RuStore internal search volume."
broad-277,натальная карта,натальная карта,broad,77,рассчитать натальную карту по дате рождения,3179,Россия,225,Смартфоны,ru,2026-07-29T18:50:57.081Z,https://wordstat.yandex.ru/?region=225&view=table&words=%D0%BD%D0%B0%D1%82%D0%B0%D0%BB%D1%8C%D0%BD%D0%B0%D1%8F%20%D0%BA%D0%B0%D1%80%D1%82%D0%B0,evidence/wordstat/wordstat-live-raw.json,VALID_LIVE_WORDSTAT,"External Yandex demand proxy, not RuStore internal search volume."
broad-278,натальная карта,натальная карта,broad,78,плутон в натальной карте,3132,Россия,225,Смартфоны,ru,2026-07-29T18:50:57.081Z,https://wordstat.yandex.ru/?region=225&view=table&words=%D0%BD%D0%B0%D1%82%D0%B0%D0%BB%D1%8C%D0%BD%D0%B0%D1%8F%20%D0%BA%D0%B0%D1%80%D1%82%D0%B0,evidence/wordstat/wordstat-live-raw.json,VALID_LIVE_WORDSTAT,"External Yandex demand proxy, not RuStore internal search volume."
broad-279,натальная карта,натальная карта,broad,79,вк натальная карта,3111,Россия,225,Смартфоны,ru,2026-07-29T18:50:57.081Z,https://wordstat.yandex.ru/?region=225&view=table&words=%D0%BD%D0%B0%D1%82%D0%B0%D0%BB%D1%8C%D0%BD%D0%B0%D1%8F%20%D0%BA%D0%B0%D1%80%D1%82%D0%B0,evidence/wordstat/wordstat-live-raw.json,VALID_LIVE_WORDSTAT,"External Yandex demand proxy, not RuStore internal search volume."
broad-280,натальная карта,натальная карта,broad,80,натальная карта смотреть бесплатно,3062,Россия,225,Смартфоны,ru,2026-07-29T18:50:57.081Z,https://wordstat.yandex.ru/?region=225&view=table&words=%D0%BD%D0%B0%D1%82%D0%B0%D0%BB%D1%8C%D0%BD%D0%B0%D1%8F%20%D0%BA%D0%B0%D1%80%D1%82%D0%B0,evidence/wordstat/wordstat-live-raw.json,VALID_LIVE_WORDSTAT,"External Yandex demand proxy, not RuStore internal search volume."
broad-281,натальная карта,натальная карта,broad,81,астрология натальная карта,3008,Россия,225,Смартфоны,ru,2026-07-29T18:50:57.081Z,https://wordstat.yandex.ru/?region=225&view=table&words=%D0%BD%D0%B0%D1%82%D0%B0%D0%BB%D1%8C%D0%BD%D0%B0%D1%8F%20%D0%BA%D0%B0%D1%80%D1%82%D0%B0,evidence/wordstat/wordstat-live-raw.json,VALID_LIVE_WORDSTAT,"External Yandex demand proxy, not RuStore internal search volume."
broad-282,натальная карта,натальная карта,broad,82,рассчитать натальную карту онлайн с расшифровкой,2997,Россия,225,Смартфоны,ru,2026-07-29T18:50:57.081Z,https://wordstat.yandex.ru/?region=225&view=table&words=%D0%BD%D0%B0%D1%82%D0%B0%D0%BB%D1%8C%D0%BD%D0%B0%D1%8F%20%D0%BA%D0%B0%D1%80%D1%82%D0%B0,evidence/wordstat/wordstat-live-raw.json,VALID_LIVE_WORDSTAT,"External Yandex demand proxy, not RuStore internal search volume."
broad-283,натальная карта,натальная карта,broad,83,натальная карта 7,2905,Россия,225,Смартфоны,ru,2026-07-29T18:50:57.081Z,https://wordstat.yandex.ru/?region=225&view=table&words=%D0%BD%D0%B0%D1%82%D0%B0%D0%BB%D1%8C%D0%BD%D0%B0%D1%8F%20%D0%BA%D0%B0%D1%80%D1%82%D0%B0,evidence/wordstat/wordstat-live-raw.json,VALID_LIVE_WORDSTAT,"External Yandex demand proxy, not RuStore internal search volume."
broad-284,натальная карта,натальная карта,broad,84,астро онлайн натальная карта,2884,Россия,225,Смартфоны,ru,2026-07-29T18:50:57.081Z,https://wordstat.yandex.ru/?region=225&view=table&words=%D0%BD%D0%B0%D1%82%D0%B0%D0%BB%D1%8C%D0%BD%D0%B0%D1%8F%20%D0%BA%D0%B0%D1%80%D1%82%D0%B0,evidence/wordstat/wordstat-live-raw.json,VALID_LIVE_WORDSTAT,"External Yandex demand proxy, not RuStore internal search volume."
broad-285,натальная карта,натальная карта,broad,85,лунник рф натальная карта,2804,Россия,225,Смартфоны,ru,2026-07-29T18:50:57.081Z,https://wordstat.yandex.ru/?region=225&view=table&words=%D0%BD%D0%B0%D1%82%D0%B0%D0%BB%D1%8C%D0%BD%D0%B0%D1%8F%20%D0%BA%D0%B0%D1%80%D1%82%D0%B0,evidence/wordstat/wordstat-live-raw.json,VALID_LIVE_WORDSTAT,"External Yandex demand proxy, not RuStore internal search volume."
broad-286,натальная карта,натальная карта,broad,86,рассчитать натальную карту с расшифровкой онлайн бесплатно,2774,Россия,225,Смартфоны,ru,2026-07-29T18:50:57.081Z,https://wordstat.yandex.ru/?region=225&view=table&words=%D0%BD%D0%B0%D1%82%D0%B0%D0%BB%D1%8C%D0%BD%D0%B0%D1%8F%20%D0%BA%D0%B0%D1%80%D1%82%D0%B0,evidence/wordstat/wordstat-live-raw.json,VALID_LIVE_WORDSTAT,"External Yandex demand proxy, not RuStore internal search volume."
broad-287,натальная карта,натальная карта,broad,87,натальная карта краснодар,2771,Россия,225,Смартфоны,ru,2026-07-29T18:50:57.081Z,https://wordstat.yandex.ru/?region=225&view=table&words=%D0%BD%D0%B0%D1%82%D0%B0%D0%BB%D1%8C%D0%BD%D0%B0%D1%8F%20%D0%BA%D0%B0%D1%80%D1%82%D0%B0,evidence/wordstat/wordstat-live-raw.json,VALID_LIVE_WORDSTAT,"External Yandex demand proxy, not RuStore internal search volume."
broad-288,натальная карта,натальная карта,broad,88,натальная карта рассчитать бесплатно по дате,2747,Россия,225,Смартфоны,ru,2026-07-29T18:50:57.081Z,https://wordstat.yandex.ru/?region=225&view=table&words=%D0%BD%D0%B0%D1%82%D0%B0%D0%BB%D1%8C%D0%BD%D0%B0%D1%8F%20%D0%BA%D0%B0%D1%80%D1%82%D0%B0,evidence/wordstat/wordstat-live-raw.json,VALID_LIVE_WORDSTAT,"External Yandex demand proxy, not RuStore internal search volume."
broad-289,натальная карта,натальная карта,broad,89,натальная карта смотреть онлайн бесплатно,2683,Россия,225,Смартфоны,ru,2026-07-29T18:50:57.081Z,https://wordstat.yandex.ru/?region=225&view=table&words=%D0%BD%D0%B0%D1%82%D0%B0%D0%BB%D1%8C%D0%BD%D0%B0%D1%8F%20%D0%BA%D0%B0%D1%80%D1%82%D0%B0,evidence/wordstat/wordstat-live-raw.json,VALID_LIVE_WORDSTAT,"External Yandex demand proxy, not RuStore internal search volume."
broad-290,натальная карта,натальная карта,broad,90,натальная карта astro,2669,Россия,225,Смартфоны,ru,2026-07-29T18:50:57.081Z,https://wordstat.yandex.ru/?region=225&view=table&words=%D0%BD%D0%B0%D1%82%D0%B0%D0%BB%D1%8C%D0%BD%D0%B0%D1%8F%20%D0%BA%D0%B0%D1%80%D1%82%D0%B0,evidence/wordstat/wordstat-live-raw.json,VALID_LIVE_WORDSTAT,"External Yandex demand proxy, not RuStore internal search volume."
broad-291,натальная карта,натальная карта,broad,91,посмотреть натальную карту,2632,Россия,225,Смартфоны,ru,2026-07-29T18:50:57.081Z,https://wordstat.yandex.ru/?region=225&view=table&words=%D0%BD%D0%B0%D1%82%D0%B0%D0%BB%D1%8C%D0%BD%D0%B0%D1%8F%20%D0%BA%D0%B0%D1%80%D1%82%D0%B0,evidence/wordstat/wordstat-live-raw.json,VALID_LIVE_WORDSTAT,"External Yandex demand proxy, not RuStore internal search volume."
broad-292,натальная карта,натальная карта,broad,92,натальную карту online,2629,Россия,225,Смартфоны,ru,2026-07-29T18:50:57.081Z,https://wordstat.yandex.ru/?region=225&view=table&words=%D0%BD%D0%B0%D1%82%D0%B0%D0%BB%D1%8C%D0%BD%D0%B0%D1%8F%20%D0%BA%D0%B0%D1%80%D1%82%D0%B0,evidence/wordstat/wordstat-live-raw.json,VALID_LIVE_WORDSTAT,"External Yandex demand proxy, not RuStore internal search volume."
broad-293,натальная карта,натальная карта,broad,93,натальная карта ли,2618,Россия,225,Смартфоны,ru,2026-07-29T18:50:57.081Z,https://wordstat.yandex.ru/?region=225&view=table&words=%D0%BD%D0%B0%D1%82%D0%B0%D0%BB%D1%8C%D0%BD%D0%B0%D1%8F%20%D0%BA%D0%B0%D1%80%D1%82%D0%B0,evidence/wordstat/wordstat-live-raw.json,VALID_LIVE_WORDSTAT,"External Yandex demand proxy, not RuStore internal search volume."
broad-294,натальная карта,натальная карта,broad,94,построить натальную карту онлайн,2567,Россия,225,Смартфоны,ru,2026-07-29T18:50:57.081Z,https://wordstat.yandex.ru/?region=225&view=table&words=%D0%BD%D0%B0%D1%82%D0%B0%D0%BB%D1%8C%D0%BD%D0%B0%D1%8F%20%D0%BA%D0%B0%D1%80%D1%82%D0%B0,evidence/wordstat/wordstat-live-raw.json,VALID_LIVE_WORDSTAT,"External Yandex demand proxy, not RuStore internal search volume."
broad-295,натальная карта,натальная карта,broad,95,натальная карта лебедев,2540,Россия,225,Смартфоны,ru,2026-07-29T18:50:57.081Z,https://wordstat.yandex.ru/?region=225&view=table&words=%D0%BD%D0%B0%D1%82%D0%B0%D0%BB%D1%8C%D0%BD%D0%B0%D1%8F%20%D0%BA%D0%B0%D1%80%D1%82%D0%B0,evidence/wordstat/wordstat-live-raw.json,VALID_LIVE_WORDSTAT,"External Yandex demand proxy, not RuStore internal search volume."
broad-296,натальная карта,натальная карта,broad,96,квадрат в натальной карте,2478,Россия,225,Смартфоны,ru,2026-07-29T18:50:57.081Z,https://wordstat.yandex.ru/?region=225&view=table&words=%D0%BD%D0%B0%D1%82%D0%B0%D0%BB%D1%8C%D0%BD%D0%B0%D1%8F%20%D0%BA%D0%B0%D1%80%D1%82%D0%B0,evidence/wordstat/wordstat-live-raw.json,VALID_LIVE_WORDSTAT,"External Yandex demand proxy, not RuStore internal search volume."
broad-297,натальная карта,натальная карта,broad,97,сделать натальную карту,2474,Россия,225,Смартфоны,ru,2026-07-29T18:50:57.081Z,https://wordstat.yandex.ru/?region=225&view=table&words=%D0%BD%D0%B0%D1%82%D0%B0%D0%BB%D1%8C%D0%BD%D0%B0%D1%8F%20%D0%BA%D0%B0%D1%80%D1%82%D0%B0,evidence/wordstat/wordstat-live-raw.json,VALID_LIVE_WORDSTAT,"External Yandex demand proxy, not RuStore internal search volume."
broad-298,натальная карта,натальная карта,broad,98,натальная карта по рождению рассчитать бесплатно,2439,Россия,225,Смартфоны,ru,2026-07-29T18:50:57.081Z,https://wordstat.yandex.ru/?region=225&view=table&words=%D0%BD%D0%B0%D1%82%D0%B0%D0%BB%D1%8C%D0%BD%D0%B0%D1%8F%20%D0%BA%D0%B0%D1%80%D1%82%D0%B0,evidence/wordstat/wordstat-live-raw.json,VALID_LIVE_WORDSTAT,"External Yandex demand proxy, not RuStore internal search volume."
broad-299,натальная карта,натальная карта,broad,99,натальная карта онлайн шоу,2435,Россия,225,Смартфоны,ru,2026-07-29T18:50:57.081Z,https://wordstat.yandex.ru/?region=225&view=table&words=%D0%BD%D0%B0%D1%82%D0%B0%D0%BB%D1%8C%D0%BD%D0%B0%D1%8F%20%D0%BA%D0%B0%D1%80%D1%82%D0%B0,evidence/wordstat/wordstat-live-raw.json,VALID_LIVE_WORDSTAT,"External Yandex demand proxy, not RuStore internal search volume."
broad-300,натальная карта,натальная карта,broad,100,натальная карта видео,2434,Россия,225,Смартфоны,ru,2026-07-29T18:50:57.081Z,https://wordstat.yandex.ru/?region=225&view=table&words=%D0%BD%D0%B0%D1%82%D0%B0%D0%BB%D1%8C%D0%BD%D0%B0%D1%8F%20%D0%BA%D0%B0%D1%80%D1%82%D0%B0,evidence/wordstat/wordstat-live-raw.json,VALID_LIVE_WORDSTAT,"External Yandex demand proxy, not RuStore internal search volume."
broad-301,натальная карта,натальная карта,broad,101,натальная карта рассчитать по дате рождения бесплатно,2434,Россия,225,Смартфоны,ru,2026-07-29T18:50:57.081Z,https://wordstat.yandex.ru/?region=225&view=table&words=%D0%BD%D0%B0%D1%82%D0%B0%D0%BB%D1%8C%D0%BD%D0%B0%D1%8F%20%D0%BA%D0%B0%D1%80%D1%82%D0%B0,evidence/wordstat/wordstat-live-raw.json,VALID_LIVE_WORDSTAT,"External Yandex demand proxy, not RuStore internal search volume."
broad-302,натальная карта,натальная карта,broad,102,натальная карта мусагалиев,2430,Россия,225,Смартфоны,ru,2026-07-29T18:50:57.081Z,https://wordstat.yandex.ru/?region=225&view=table&words=%D0%BD%D0%B0%D1%82%D0%B0%D0%BB%D1%8C%D0%BD%D0%B0%D1%8F%20%D0%BA%D0%B0%D1%80%D1%82%D0%B0,evidence/wordstat/wordstat-live-raw.json,VALID_LIVE_WORDSTAT,"External Yandex demand proxy, not RuStore internal search volume."
broad-303,натальная карта,натальная карта,broad,103,знаки в натальной карте,2428,Россия,225,Смартфоны,ru,2026-07-29T18:50:57.081Z,https://wordstat.yandex.ru/?region=225&view=table&words=%D0%BD%D0%B0%D1%82%D0%B0%D0%BB%D1%8C%D0%BD%D0%B0%D1%8F%20%D0%BA%D0%B0%D1%80%D1%82%D0%B0,evidence/wordstat/wordstat-live-raw.json,VALID_LIVE_WORDSTAT,"External Yandex demand proxy, not RuStore internal search volume."
broad-304,натальная карта,натальная карта,broad,104,geocult натальная карта,2406,Россия,225,Смартфоны,ru,2026-07-29T18:50:57.081Z,https://wordstat.yandex.ru/?region=225&view=table&words=%D0%BD%D0%B0%D1%82%D0%B0%D0%BB%D1%8C%D0%BD%D0%B0%D1%8F%20%D0%BA%D0%B0%D1%80%D1%82%D0%B0,evidence/wordstat/wordstat-live-raw.json,VALID_LIVE_WORDSTAT,"External Yandex demand proxy, not RuStore internal search volume."
broad-305,натальная карта,натальная карта,broad,105,7 дом в натальной карте,2398,Россия,225,Смартфоны,ru,2026-07-29T18:50:57.081Z,https://wordstat.yandex.ru/?region=225&view=table&words=%D0%BD%D0%B0%D1%82%D0%B0%D0%BB%D1%8C%D0%BD%D0%B0%D1%8F%20%D0%BA%D0%B0%D1%80%D1%82%D0%B0,evidence/wordstat/wordstat-live-raw.json,VALID_LIVE_WORDSTAT,"External Yandex demand proxy, not RuStore internal search volume."
broad-306,натальная карта,натальная карта,broad,106,натальная карта 2026,2396,Россия,225,Смартфоны,ru,2026-07-29T18:50:57.081Z,https://wordstat.yandex.ru/?region=225&view=table&words=%D0%BD%D0%B0%D1%82%D0%B0%D0%BB%D1%8C%D0%BD%D0%B0%D1%8F%20%D0%BA%D0%B0%D1%80%D1%82%D0%B0,evidence/wordstat/wordstat-live-raw.json,VALID_LIVE_WORDSTAT,"External Yandex demand proxy, not RuStore internal search volume."
broad-307,натальная карта,натальная карта,broad,107,меркурий в натальной карте,2377,Россия,225,Смартфоны,ru,2026-07-29T18:50:57.081Z,https://wordstat.yandex.ru/?region=225&view=table&words=%D0%BD%D0%B0%D1%82%D0%B0%D0%BB%D1%8C%D0%BD%D0%B0%D1%8F%20%D0%BA%D0%B0%D1%80%D1%82%D0%B0,evidence/wordstat/wordstat-live-raw.json,VALID_LIVE_WORDSTAT,"External Yandex demand proxy, not RuStore internal search volume."
broad-308,натальная карта,натальная карта,broad,108,ведическая натальная карта,2377,Россия,225,Смартфоны,ru,2026-07-29T18:50:57.081Z,https://wordstat.yandex.ru/?region=225&view=table&words=%D0%BD%D0%B0%D1%82%D0%B0%D0%BB%D1%8C%D0%BD%D0%B0%D1%8F%20%D0%BA%D0%B0%D1%80%D1%82%D0%B0,evidence/wordstat/wordstat-live-raw.json,VALID_LIVE_WORDSTAT,"External Yandex demand proxy, not RuStore internal search volume."
broad-309,натальная карта,натальная карта,broad,109,натальная карта билеты,2356,Россия,225,Смартфоны,ru,2026-07-29T18:50:57.081Z,https://wordstat.yandex.ru/?region=225&view=table&words=%D0%BD%D0%B0%D1%82%D0%B0%D0%BB%D1%8C%D0%BD%D0%B0%D1%8F%20%D0%BA%D0%B0%D1%80%D1%82%D0%B0,evidence/wordstat/wordstat-live-raw.json,VALID_LIVE_WORDSTAT,"External Yandex demand proxy, not RuStore internal search volume."
broad-310,натальная карта,натальная карта,broad,110,натальная карта с лазаревым,2345,Россия,225,Смартфоны,ru,2026-07-29T18:50:57.081Z,https://wordstat.yandex.ru/?region=225&view=table&words=%D0%BD%D0%B0%D1%82%D0%B0%D0%BB%D1%8C%D0%BD%D0%B0%D1%8F%20%D0%BA%D0%B0%D1%80%D1%82%D0%B0,evidence/wordstat/wordstat-live-raw.json,VALID_LIVE_WORDSTAT,"External Yandex demand proxy, not RuStore internal search volume."
broad-311,натальная карта,натальная карта,broad,111,скорпионы в натальной карте,2319,Россия,225,Смартфоны,ru,2026-07-29T18:50:57.081Z,https://wordstat.yandex.ru/?region=225&view=table&words=%D0%BD%D0%B0%D1%82%D0%B0%D0%BB%D1%8C%D0%BD%D0%B0%D1%8F%20%D0%BA%D0%B0%D1%80%D1%82%D0%B0,evidence/wordstat/wordstat-live-raw.json,VALID_LIVE_WORDSTAT,"External Yandex demand proxy, not RuStore internal search volume."
broad-312,натальная карта,натальная карта,broad,112,натальная карта стрелец,2279,Россия,225,Смартфоны,ru,2026-07-29T18:50:57.081Z,https://wordstat.yandex.ru/?region=225&view=table&words=%D0%BD%D0%B0%D1%82%D0%B0%D0%BB%D1%8C%D0%BD%D0%B0%D1%8F%20%D0%BA%D0%B0%D1%80%D1%82%D0%B0,evidence/wordstat/wordstat-live-raw.json,VALID_LIVE_WORDSTAT,"External Yandex demand proxy, not RuStore internal search volume."
broad-313,натальная карта,натальная карта,broad,113,натальная карта львов,2259,Россия,225,Смартфоны,ru,2026-07-29T18:50:57.081Z,https://wordstat.yandex.ru/?region=225&view=table&words=%D0%BD%D0%B0%D1%82%D0%B0%D0%BB%D1%8C%D0%BD%D0%B0%D1%8F%20%D0%BA%D0%B0%D1%80%D1%82%D0%B0,evidence/wordstat/wordstat-live-raw.json,VALID_LIVE_WORDSTAT,"External Yandex demand proxy, not RuStore internal search volume."
broad-314,натальная карта,натальная карта,broad,114,натальная карта лев,2245,Россия,225,Смартфоны,ru,2026-07-29T18:50:57.081Z,https://wordstat.yandex.ru/?region=225&view=table&words=%D0%BD%D0%B0%D1%82%D0%B0%D0%BB%D1%8C%D0%BD%D0%B0%D1%8F%20%D0%BA%D0%B0%D1%80%D1%82%D0%B0,evidence/wordstat/wordstat-live-raw.json,VALID_LIVE_WORDSTAT,"External Yandex demand proxy, not RuStore internal search volume."
broad-315,натальная карта,натальная карта,broad,115,натальная карта расчет бесплатно,2197,Россия,225,Смартфоны,ru,2026-07-29T18:50:57.081Z,https://wordstat.yandex.ru/?region=225&view=table&words=%D0%BD%D0%B0%D1%82%D0%B0%D0%BB%D1%8C%D0%BD%D0%B0%D1%8F%20%D0%BA%D0%B0%D1%80%D1%82%D0%B0,evidence/wordstat/wordstat-live-raw.json,VALID_LIVE_WORDSTAT,"External Yandex demand proxy, not RuStore internal search volume."
broad-316,натальная карта,натальная карта,broad,116,натальная карта sotis,2188,Россия,225,Смартфоны,ru,2026-07-29T18:50:57.081Z,https://wordstat.yandex.ru/?region=225&view=table&words=%D0%BD%D0%B0%D1%82%D0%B0%D0%BB%D1%8C%D0%BD%D0%B0%D1%8F%20%D0%BA%D0%B0%D1%80%D1%82%D0%B0,evidence/wordstat/wordstat-live-raw.json,VALID_LIVE_WORDSTAT,"External Yandex demand proxy, not RuStore internal search volume."
broad-317,натальная карта,натальная карта,broad,117,построить натальную карту бесплатно,2184,Россия,225,Смартфоны,ru,2026-07-29T18:50:57.081Z,https://wordstat.yandex.ru/?region=225&view=table&words=%D0%BD%D0%B0%D1%82%D0%B0%D0%BB%D1%8C%D0%BD%D0%B0%D1%8F%20%D0%BA%D0%B0%D1%80%D1%82%D0%B0,evidence/wordstat/wordstat-live-raw.json,VALID_LIVE_WORDSTAT,"External Yandex demand proxy, not RuStore internal search volume."
broad-318,натальная карта,натальная карта,broad,118,натальная карта 10,2177,Россия,225,Смартфоны,ru,2026-07-29T18:50:57.081Z,https://wordstat.yandex.ru/?region=225&view=table&words=%D0%BD%D0%B0%D1%82%D0%B0%D0%BB%D1%8C%D0%BD%D0%B0%D1%8F%20%D0%BA%D0%B0%D1%80%D1%82%D0%B0,evidence/wordstat/wordstat-live-raw.json,VALID_LIVE_WORDSTAT,"External Yandex demand proxy, not RuStore internal search volume."
broad-319,натальная карта,натальная карта,broad,119,узлы в натальной карте,2142,Россия,225,Смартфоны,ru,2026-07-29T18:50:57.081Z,https://wordstat.yandex.ru/?region=225&view=table&words=%D0%BD%D0%B0%D1%82%D0%B0%D0%BB%D1%8C%D0%BD%D0%B0%D1%8F%20%D0%BA%D0%B0%D1%80%D1%82%D0%B0,evidence/wordstat/wordstat-live-raw.json,VALID_LIVE_WORDSTAT,"External Yandex demand proxy, not RuStore internal search volume."
broad-320,натальная карта,натальная карта,broad,120,натальная карта 12,2120,Россия,225,Смартфоны,ru,2026-07-29T18:50:57.081Z,https://wordstat.yandex.ru/?region=225&view=table&words=%D0%BD%D0%B0%D1%82%D0%B0%D0%BB%D1%8C%D0%BD%D0%B0%D1%8F%20%D0%BA%D0%B0%D1%80%D1%82%D0%B0,evidence/wordstat/wordstat-live-raw.json,VALID_LIVE_WORDSTAT,"External Yandex demand proxy, not RuStore internal search volume."
broad-321,натальная карта,натальная карта,broad,121,натальная карта гости,2102,Россия,225,Смартфоны,ru,2026-07-29T18:50:57.081Z,https://wordstat.yandex.ru/?region=225&view=table&words=%D0%BD%D0%B0%D1%82%D0%B0%D0%BB%D1%8C%D0%BD%D0%B0%D1%8F%20%D0%BA%D0%B0%D1%80%D1%82%D0%B0,evidence/wordstat/wordstat-live-raw.json,VALID_LIVE_WORDSTAT,"External Yandex demand proxy, not RuStore internal search volume."
broad-322,натальная карта,натальная карта,broad,122,натальная карта лучшее,2084,Россия,225,Смартфоны,ru,2026-07-29T18:50:57.081Z,https://wordstat.yandex.ru/?region=225&view=table&words=%D0%BD%D0%B0%D1%82%D0%B0%D0%BB%D1%8C%D0%BD%D0%B0%D1%8F%20%D0%BA%D0%B0%D1%80%D1%82%D0%B0,evidence/wordstat/wordstat-live-raw.json,VALID_LIVE_WORDSTAT,"External Yandex demand proxy, not RuStore internal search volume."
broad-323,натальная карта,натальная карта,broad,123,натальная карта рак,2071,Россия,225,Смартфоны,ru,2026-07-29T18:50:57.081Z,https://wordstat.yandex.ru/?region=225&view=table&words=%D0%BD%D0%B0%D1%82%D0%B0%D0%BB%D1%8C%D0%BD%D0%B0%D1%8F%20%D0%BA%D0%B0%D1%80%D1%82%D0%B0,evidence/wordstat/wordstat-live-raw.json,VALID_LIVE_WORDSTAT,"External Yandex demand proxy, not RuStore internal search volume."
broad-324,натальная карта,натальная карта,broad,124,натальная карта весы,2067,Россия,225,Смартфоны,ru,2026-07-29T18:50:57.081Z,https://wordstat.yandex.ru/?region=225&view=table&words=%D0%BD%D0%B0%D1%82%D0%B0%D0%BB%D1%8C%D0%BD%D0%B0%D1%8F%20%D0%BA%D0%B0%D1%80%D1%82%D0%B0,evidence/wordstat/wordstat-live-raw.json,VALID_LIVE_WORDSTAT,"External Yandex demand proxy, not RuStore internal search volume."
broad-325,натальная карта,натальная карта,broad,125,натальная карта шоу смотреть онлайн,2053,Россия,225,Смартфоны,ru,2026-07-29T18:50:57.081Z,https://wordstat.yandex.ru/?region=225&view=table&words=%D0%BD%D0%B0%D1%82%D0%B0%D0%BB%D1%8C%D0%BD%D0%B0%D1%8F%20%D0%BA%D0%B0%D1%80%D1%82%D0%B0,evidence/wordstat/wordstat-live-raw.json,VALID_LIVE_WORDSTAT,"External Yandex demand proxy, not RuStore internal search volume."
broad-326,натальная карта,натальная карта,broad,126,натальная карта джабраилова,2044,Россия,225,Смартфоны,ru,2026-07-29T18:50:57.081Z,https://wordstat.yandex.ru/?region=225&view=table&words=%D0%BD%D0%B0%D1%82%D0%B0%D0%BB%D1%8C%D0%BD%D0%B0%D1%8F%20%D0%BA%D0%B0%D1%80%D1%82%D0%B0,evidence/wordstat/wordstat-live-raw.json,VALID_LIVE_WORDSTAT,"External Yandex demand proxy, not RuStore internal search volume."
broad-327,натальная карта,натальная карта,broad,127,составить натальную карту бесплатно,2041,Россия,225,Смартфоны,ru,2026-07-29T18:50:57.081Z,https://wordstat.yandex.ru/?region=225&view=table&words=%D0%BD%D0%B0%D1%82%D0%B0%D0%BB%D1%8C%D0%BD%D0%B0%D1%8F%20%D0%BA%D0%B0%D1%80%D1%82%D0%B0,evidence/wordstat/wordstat-live-raw.json,VALID_LIVE_WORDSTAT,"External Yandex demand proxy, not RuStore internal search volume."
broad-328,натальная карта,натальная карта,broad,128,натальная карта водолея,2011,Россия,225,Смартфоны,ru,2026-07-29T18:50:57.081Z,https://wordstat.yandex.ru/?region=225&view=table&words=%D0%BD%D0%B0%D1%82%D0%B0%D0%BB%D1%8C%D0%BD%D0%B0%D1%8F%20%D0%BA%D0%B0%D1%80%D1%82%D0%B0,evidence/wordstat/wordstat-live-raw.json,VALID_LIVE_WORDSTAT,"External Yandex demand proxy, not RuStore internal search volume."
broad-329,натальная карта,натальная карта,broad,129,натальная карта рыбы,1998,Россия,225,Смартфоны,ru,2026-07-29T18:50:57.081Z,https://wordstat.yandex.ru/?region=225&view=table&words=%D0%BD%D0%B0%D1%82%D0%B0%D0%BB%D1%8C%D0%BD%D0%B0%D1%8F%20%D0%BA%D0%B0%D1%80%D1%82%D0%B0,evidence/wordstat/wordstat-live-raw.json,VALID_LIVE_WORDSTAT,"External Yandex demand proxy, not RuStore internal search volume."
broad-330,натальная карта,натальная карта,broad,130,натальная карта азамата мусагалиева,1993,Россия,225,Смартфоны,ru,2026-07-29T18:50:57.081Z,https://wordstat.yandex.ru/?region=225&view=table&words=%D0%BD%D0%B0%D1%82%D0%B0%D0%BB%D1%8C%D0%BD%D0%B0%D1%8F%20%D0%BA%D0%B0%D1%80%D1%82%D0%B0,evidence/wordstat/wordstat-live-raw.json,VALID_LIVE_WORDSTAT,"External Yandex demand proxy, not RuStore internal search volume."
broad-331,натальная карта,натальная карта,broad,131,уран в натальной карте,1987,Россия,225,Смартфоны,ru,2026-07-29T18:50:57.081Z,https://wordstat.yandex.ru/?region=225&view=table&words=%D0%BD%D0%B0%D1%82%D0%B0%D0%BB%D1%8C%D0%BD%D0%B0%D1%8F%20%D0%BA%D0%B0%D1%80%D1%82%D0%B0,evidence/wordstat/wordstat-live-raw.json,VALID_LIVE_WORDSTAT,"External Yandex demand proxy, not RuStore internal search volume."
broad-332,натальная карта,натальная карта,broad,132,8 в натальной карте,1960,Россия,225,Смартфоны,ru,2026-07-29T18:50:57.081Z,https://wordstat.yandex.ru/?region=225&view=table&words=%D0%BD%D0%B0%D1%82%D0%B0%D0%BB%D1%8C%D0%BD%D0%B0%D1%8F%20%D0%BA%D0%B0%D1%80%D1%82%D0%B0,evidence/wordstat/wordstat-live-raw.json,VALID_LIVE_WORDSTAT,"External Yandex demand proxy, not RuStore internal search volume."
broad-333,натальная карта,натальная карта,broad,133,sotis online натальная карта,1959,Россия,225,Смартфоны,ru,2026-07-29T18:50:57.081Z,https://wordstat.yandex.ru/?region=225&view=table&words=%D0%BD%D0%B0%D1%82%D0%B0%D0%BB%D1%8C%D0%BD%D0%B0%D1%8F%20%D0%BA%D0%B0%D1%80%D1%82%D0%B0,evidence/wordstat/wordstat-live-raw.json,VALID_LIVE_WORDSTAT,"External Yandex demand proxy, not RuStore internal search volume."
broad-334,натальная карта,натальная карта,broad,134,когда выйдет натальная карта,1948,Россия,225,Смартфоны,ru,2026-07-29T18:50:57.081Z,https://wordstat.yandex.ru/?region=225&view=table&words=%D0%BD%D0%B0%D1%82%D0%B0%D0%BB%D1%8C%D0%BD%D0%B0%D1%8F%20%D0%BA%D0%B0%D1%80%D1%82%D0%B0,evidence/wordstat/wordstat-live-raw.json,VALID_LIVE_WORDSTAT,"External Yandex demand proxy, not RuStore internal search volume."
broad-335,натальная карта,натальная карта,broad,135,джойтиш натальная карта,1922,Россия,225,Смартфоны,ru,2026-07-29T18:50:57.081Z,https://wordstat.yandex.ru/?region=225&view=table&words=%D0%BD%D0%B0%D1%82%D0%B0%D0%BB%D1%8C%D0%BD%D0%B0%D1%8F%20%D0%BA%D0%B0%D1%80%D1%82%D0%B0,evidence/wordstat/wordstat-live-raw.json,VALID_LIVE_WORDSTAT,"External Yandex demand proxy, not RuStore internal search volume."
broad-336,натальная карта,натальная карта,broad,136,нептун в натальной карте,1917,Россия,225,Смартфоны,ru,2026-07-29T18:50:57.081Z,https://wordstat.yandex.ru/?region=225&view=table&words=%D0%BD%D0%B0%D1%82%D0%B0%D0%BB%D1%8C%D0%BD%D0%B0%D1%8F%20%D0%BA%D0%B0%D1%80%D1%82%D0%B0,evidence/wordstat/wordstat-live-raw.json,VALID_LIVE_WORDSTAT,"External Yandex demand proxy, not RuStore internal search volume."
broad-337,натальная карта,натальная карта,broad,137,натальная карта ретроградный,1907,Россия,225,Смартфоны,ru,2026-07-29T18:50:57.081Z,https://wordstat.yandex.ru/?region=225&view=table&words=%D0%BD%D0%B0%D1%82%D0%B0%D0%BB%D1%8C%D0%BD%D0%B0%D1%8F%20%D0%BA%D0%B0%D1%80%D1%82%D0%B0,evidence/wordstat/wordstat-live-raw.json,VALID_LIVE_WORDSTAT,"External Yandex demand proxy, not RuStore internal search volume."
broad-338,натальная карта,натальная карта,broad,138,геокульт натальная карта рассчитать,1902,Россия,225,Смартфоны,ru,2026-07-29T18:50:57.081Z,https://wordstat.yandex.ru/?region=225&view=table&words=%D0%BD%D0%B0%D1%82%D0%B0%D0%BB%D1%8C%D0%BD%D0%B0%D1%8F%20%D0%BA%D0%B0%D1%80%D1%82%D0%B0,evidence/wordstat/wordstat-live-raw.json,VALID_LIVE_WORDSTAT,"External Yandex demand proxy, not RuStore internal search volume."
broad-339,натальная карта,натальная карта,broad,139,натальная карта какой дом,1880,Россия,225,Смартфоны,ru,2026-07-29T18:50:57.081Z,https://wordstat.yandex.ru/?region=225&view=table&words=%D0%BD%D0%B0%D1%82%D0%B0%D0%BB%D1%8C%D0%BD%D0%B0%D1%8F%20%D0%BA%D0%B0%D1%80%D1%82%D0%B0,evidence/wordstat/wordstat-live-raw.json,VALID_LIVE_WORDSTAT,"External Yandex demand proxy, not RuStore internal search volume."
broad-340,натальная карта,натальная карта,broad,140,5 натальная карта,1852,Россия,225,Смартфоны,ru,2026-07-29T18:50:57.081Z,https://wordstat.yandex.ru/?region=225&view=table&words=%D0%BD%D0%B0%D1%82%D0%B0%D0%BB%D1%8C%D0%BD%D0%B0%D1%8F%20%D0%BA%D0%B0%D1%80%D1%82%D0%B0,evidence/wordstat/wordstat-live-raw.json,VALID_LIVE_WORDSTAT,"External Yandex demand proxy, not RuStore internal search volume."
broad-341,натальная карта,натальная карта,broad,141,натальная карта дева,1846,Россия,225,Смартфоны,ru,2026-07-29T18:50:57.081Z,https://wordstat.yandex.ru/?region=225&view=table&words=%D0%BD%D0%B0%D1%82%D0%B0%D0%BB%D1%8C%D0%BD%D0%B0%D1%8F%20%D0%BA%D0%B0%D1%80%D1%82%D0%B0,evidence/wordstat/wordstat-live-raw.json,VALID_LIVE_WORDSTAT,"External Yandex demand proxy, not RuStore internal search volume."
broad-342,натальная карта,натальная карта,broad,142,натальная карта 2,1838,Россия,225,Смартфоны,ru,2026-07-29T18:50:57.081Z,https://wordstat.yandex.ru/?region=225&view=table&words=%D0%BD%D0%B0%D1%82%D0%B0%D0%BB%D1%8C%D0%BD%D0%B0%D1%8F%20%D0%BA%D0%B0%D1%80%D1%82%D0%B0,evidence/wordstat/wordstat-live-raw.json,VALID_LIVE_WORDSTAT,"External Yandex demand proxy, not RuStore internal search volume."
broad-343,натальная карта,натальная карта,broad,143,за что отвечают дома в натальной карте,1808,Россия,225,Смартфоны,ru,2026-07-29T18:50:57.081Z,https://wordstat.yandex.ru/?region=225&view=table&words=%D0%BD%D0%B0%D1%82%D0%B0%D0%BB%D1%8C%D0%BD%D0%B0%D1%8F%20%D0%BA%D0%B0%D1%80%D1%82%D0%B0,evidence/wordstat/wordstat-live-raw.json,VALID_LIVE_WORDSTAT,"External Yandex demand proxy, not RuStore internal search volume."
broad-344,натальная карта,натальная карта,broad,144,аспекты в натальной карте,1807,Россия,225,Смартфоны,ru,2026-07-29T18:50:57.081Z,https://wordstat.yandex.ru/?region=225&view=table&words=%D0%BD%D0%B0%D1%82%D0%B0%D0%BB%D1%8C%D0%BD%D0%B0%D1%8F%20%D0%BA%D0%B0%D1%80%D1%82%D0%B0,evidence/wordstat/wordstat-live-raw.json,VALID_LIVE_WORDSTAT,"External Yandex demand proxy, not RuStore internal search volume."
broad-345,натальная карта,натальная карта,broad,145,натальная карта com,1802,Россия,225,Смартфоны,ru,2026-07-29T18:50:57.081Z,https://wordstat.yandex.ru/?region=225&view=table&words=%D0%BD%D0%B0%D1%82%D0%B0%D0%BB%D1%8C%D0%BD%D0%B0%D1%8F%20%D0%BA%D0%B0%D1%80%D1%82%D0%B0,evidence/wordstat/wordstat-live-raw.json,VALID_LIVE_WORDSTAT,"External Yandex demand proxy, not RuStore internal search volume."
broad-346,натальная карта,натальная карта,broad,146,бурунов натальная карта,1794,Россия,225,Смартфоны,ru,2026-07-29T18:50:57.081Z,https://wordstat.yandex.ru/?region=225&view=table&words=%D0%BD%D0%B0%D1%82%D0%B0%D0%BB%D1%8C%D0%BD%D0%B0%D1%8F%20%D0%BA%D0%B0%D1%80%D1%82%D0%B0,evidence/wordstat/wordstat-live-raw.json,VALID_LIVE_WORDSTAT,"External Yandex demand proxy, not RuStore internal search volume."
broad-347,натальная карта,натальная карта,broad,147,натальная карта бурунова,1793,Россия,225,Смартфоны,ru,2026-07-29T18:50:57.081Z,https://wordstat.yandex.ru/?region=225&view=table&words=%D0%BD%D0%B0%D1%82%D0%B0%D0%BB%D1%8C%D0%BD%D0%B0%D1%8F%20%D0%BA%D0%B0%D1%80%D1%82%D0%B0,evidence/wordstat/wordstat-live-raw.json,VALID_LIVE_WORDSTAT,"External Yandex demand proxy, not RuStore internal search volume."
broad-348,натальная карта,натальная карта,broad,148,8 дом в натальной карте,1788,Россия,225,Смартфоны,ru,2026-07-29T18:50:57.081Z,https://wordstat.yandex.ru/?region=225&view=table&words=%D0%BD%D0%B0%D1%82%D0%B0%D0%BB%D1%8C%D0%BD%D0%B0%D1%8F%20%D0%BA%D0%B0%D1%80%D1%82%D0%B0,evidence/wordstat/wordstat-live-raw.json,VALID_LIVE_WORDSTAT,"External Yandex demand proxy, not RuStore internal search volume."
broad-349,натальная карта,натальная карта,broad,149,натальная карта с азаматом,1785,Россия,225,Смартфоны,ru,2026-07-29T18:50:57.081Z,https://wordstat.yandex.ru/?region=225&view=table&words=%D0%BD%D0%B0%D1%82%D0%B0%D0%BB%D1%8C%D0%BD%D0%B0%D1%8F%20%D0%BA%D0%B0%D1%80%D1%82%D0%B0,evidence/wordstat/wordstat-live-raw.json,VALID_LIVE_WORDSTAT,"External Yandex demand proxy, not RuStore internal search volume."
broad-350,натальная карта,натальная карта,broad,150,1 натальная карта,1781,Россия,225,Смартфоны,ru,2026-07-29T18:50:57.081Z,https://wordstat.yandex.ru/?region=225&view=table&words=%D0%BD%D0%B0%D1%82%D0%B0%D0%BB%D1%8C%D0%BD%D0%B0%D1%8F%20%D0%BA%D0%B0%D1%80%D1%82%D0%B0,evidence/wordstat/wordstat-live-raw.json,VALID_LIVE_WORDSTAT,"External Yandex demand proxy, not RuStore internal search volume."
broad-351,натальная карта,натальная карта,broad,151,натальная карта на год,1765,Россия,225,Смартфоны,ru,2026-07-29T18:50:57.081Z,https://wordstat.yandex.ru/?region=225&view=table&words=%D0%BD%D0%B0%D1%82%D0%B0%D0%BB%D1%8C%D0%BD%D0%B0%D1%8F%20%D0%BA%D0%B0%D1%80%D1%82%D0%B0,evidence/wordstat/wordstat-live-raw.json,VALID_LIVE_WORDSTAT,"External Yandex demand proxy, not RuStore internal search volume."
broad-352,натальная карта,натальная карта,broad,152,натальная карта ребенка,1739,Россия,225,Смартфоны,ru,2026-07-29T18:50:57.081Z,https://wordstat.yandex.ru/?region=225&view=table&words=%D0%BD%D0%B0%D1%82%D0%B0%D0%BB%D1%8C%D0%BD%D0%B0%D1%8F%20%D0%BA%D0%B0%D1%80%D1%82%D0%B0,evidence/wordstat/wordstat-live-raw.json,VALID_LIVE_WORDSTAT,"External Yandex demand proxy, not RuStore internal search volume."
broad-353,натальная карта,натальная карта,broad,153,натальная карта овен,1727,Россия,225,Смартфоны,ru,2026-07-29T18:50:57.081Z,https://wordstat.yandex.ru/?region=225&view=table&words=%D0%BD%D0%B0%D1%82%D0%B0%D0%BB%D1%8C%D0%BD%D0%B0%D1%8F%20%D0%BA%D0%B0%D1%80%D1%82%D0%B0,evidence/wordstat/wordstat-live-raw.json,VALID_LIVE_WORDSTAT,"External Yandex demand proxy, not RuStore internal search volume."
broad-354,натальная карта,натальная карта,broad,154,гороскоп натальная карта,1707,Россия,225,Смартфоны,ru,2026-07-29T18:50:57.081Z,https://wordstat.yandex.ru/?region=225&view=table&words=%D0%BD%D0%B0%D1%82%D0%B0%D0%BB%D1%8C%D0%BD%D0%B0%D1%8F%20%D0%BA%D0%B0%D1%80%D1%82%D0%B0,evidence/wordstat/wordstat-live-raw.json,VALID_LIVE_WORDSTAT,"External Yandex demand proxy, not RuStore internal search volume."
broad-355,натальная карта,натальная карта,broad,155,составить натальную карту онлайн,1677,Россия,225,Смартфоны,ru,2026-07-29T18:50:57.081Z,https://wordstat.yandex.ru/?region=225&view=table&words=%D0%BD%D0%B0%D1%82%D0%B0%D0%BB%D1%8C%D0%BD%D0%B0%D1%8F%20%D0%BA%D0%B0%D1%80%D1%82%D0%B0,evidence/wordstat/wordstat-live-raw.json,VALID_LIVE_WORDSTAT,"External Yandex demand proxy, not RuStore internal search volume."
broad-356,натальная карта,натальная карта,broad,156,натальная карта соляр,1670,Россия,225,Смартфоны,ru,2026-07-29T18:50:57.081Z,https://wordstat.yandex.ru/?region=225&view=table&words=%D0%BD%D0%B0%D1%82%D0%B0%D0%BB%D1%8C%D0%BD%D0%B0%D1%8F%20%D0%BA%D0%B0%D1%80%D1%82%D0%B0,evidence/wordstat/wordstat-live-raw.json,VALID_LIVE_WORDSTAT,"External Yandex demand proxy, not RuStore internal search volume."
broad-357,натальная карта,натальная карта,broad,157,полная натальная карта,1654,Россия,225,Смартфоны,ru,2026-07-29T18:50:57.081Z,https://wordstat.yandex.ru/?region=225&view=table&words=%D0%BD%D0%B0%D1%82%D0%B0%D0%BB%D1%8C%D0%BD%D0%B0%D1%8F%20%D0%BA%D0%B0%D1%80%D1%82%D0%B0,evidence/wordstat/wordstat-live-raw.json,VALID_LIVE_WORDSTAT,"External Yandex demand proxy, not RuStore internal search volume."
broad-358,натальная карта,натальная карта,broad,158,натальная карта синастрия,1646,Россия,225,Смартфоны,ru,2026-07-29T18:50:57.081Z,https://wordstat.yandex.ru/?region=225&view=table&words=%D0%BD%D0%B0%D1%82%D0%B0%D0%BB%D1%8C%D0%BD%D0%B0%D1%8F%20%D0%BA%D0%B0%D1%80%D1%82%D0%B0,evidence/wordstat/wordstat-live-raw.json,VALID_LIVE_WORDSTAT,"External Yandex demand proxy, not RuStore internal search volume."
broad-359,натальная карта,натальная карта,broad,159,венера в натальной карте женщины,1638,Россия,225,Смартфоны,ru,2026-07-29T18:50:57.081Z,https://wordstat.yandex.ru/?region=225&view=table&words=%D0%BD%D0%B0%D1%82%D0%B0%D0%BB%D1%8C%D0%BD%D0%B0%D1%8F%20%D0%BA%D0%B0%D1%80%D1%82%D0%B0,evidence/wordstat/wordstat-live-raw.json,VALID_LIVE_WORDSTAT,"External Yandex demand proxy, not RuStore internal search volume."
broad-360,натальная карта,натальная карта,broad,160,натальная карта 4,1636,Россия,225,Смартфоны,ru,2026-07-29T18:50:57.081Z,https://wordstat.yandex.ru/?region=225&view=table&words=%D0%BD%D0%B0%D1%82%D0%B0%D0%BB%D1%8C%D0%BD%D0%B0%D1%8F%20%D0%BA%D0%B0%D1%80%D1%82%D0%B0,evidence/wordstat/wordstat-live-raw.json,VALID_LIVE_WORDSTAT,"External Yandex demand proxy, not RuStore internal search volume."
broad-361,натальная карта,натальная карта,broad,161,оппозиция в натальной карте,1626,Россия,225,Смартфоны,ru,2026-07-29T18:50:57.081Z,https://wordstat.yandex.ru/?region=225&view=table&words=%D0%BD%D0%B0%D1%82%D0%B0%D0%BB%D1%8C%D0%BD%D0%B0%D1%8F%20%D0%BA%D0%B0%D1%80%D1%82%D0%B0,evidence/wordstat/wordstat-live-raw.json,VALID_LIVE_WORDSTAT,"External Yandex demand proxy, not RuStore internal search volume."
broad-362,натальная карта,натальная карта,broad,162,натальная карта сайт,1614,Россия,225,Смартфоны,ru,2026-07-29T18:50:57.081Z,https://wordstat.yandex.ru/?region=225&view=table&words=%D0%BD%D0%B0%D1%82%D0%B0%D0%BB%D1%8C%D0%BD%D0%B0%D1%8F%20%D0%BA%D0%B0%D1%80%D1%82%D0%B0,evidence/wordstat/wordstat-live-raw.json,VALID_LIVE_WORDSTAT,"External Yandex demand proxy, not RuStore internal search volume."
broad-363,натальная карта,натальная карта,broad,163,натальная карта джабраилов,1599,Россия,225,Смартфоны,ru,2026-07-29T18:50:57.081Z,https://wordstat.yandex.ru/?region=225&view=table&words=%D0%BD%D0%B0%D1%82%D0%B0%D0%BB%D1%8C%D0%BD%D0%B0%D1%8F%20%D0%BA%D0%B0%D1%80%D1%82%D0%B0,evidence/wordstat/wordstat-live-raw.json,VALID_LIVE_WORDSTAT,"External Yandex demand proxy, not RuStore internal search volume."
broad-364,натальная карта,натальная карта,broad,164,натальная карта online ru,1595,Россия,225,Смартфоны,ru,2026-07-29T18:50:57.081Z,https://wordstat.yandex.ru/?region=225&view=table&words=%D0%BD%D0%B0%D1%82%D0%B0%D0%BB%D1%8C%D0%BD%D0%B0%D1%8F%20%D0%BA%D0%B0%D1%80%D1%82%D0%B0,evidence/wordstat/wordstat-live-raw.json,VALID_LIVE_WORDSTAT,"External Yandex demand proxy, not RuStore internal search volume."
broad-365,натальная карта,натальная карта,broad,165,натальная карта бузову,1585,Россия,225,Смартфоны,ru,2026-07-29T18:50:57.081Z,https://wordstat.yandex.ru/?region=225&view=table&words=%D0%BD%D0%B0%D1%82%D0%B0%D0%BB%D1%8C%D0%BD%D0%B0%D1%8F%20%D0%BA%D0%B0%D1%80%D1%82%D0%B0,evidence/wordstat/wordstat-live-raw.json,VALID_LIVE_WORDSTAT,"External Yandex demand proxy, not RuStore internal search volume."
broad-366,натальная карта,натальная карта,broad,166,рассчитать натальную карту онлайн по дате,1578,Россия,225,Смартфоны,ru,2026-07-29T18:50:57.081Z,https://wordstat.yandex.ru/?region=225&view=table&words=%D0%BD%D0%B0%D1%82%D0%B0%D0%BB%D1%8C%D0%BD%D0%B0%D1%8F%20%D0%BA%D0%B0%D1%80%D1%82%D0%B0,evidence/wordstat/wordstat-live-raw.json,VALID_LIVE_WORDSTAT,"External Yandex demand proxy, not RuStore internal search volume."
broad-367,натальная карта,натальная карта,broad,167,натальная карта матвей,1572,Россия,225,Смартфоны,ru,2026-07-29T18:50:57.081Z,https://wordstat.yandex.ru/?region=225&view=table&words=%D0%BD%D0%B0%D1%82%D0%B0%D0%BB%D1%8C%D0%BD%D0%B0%D1%8F%20%D0%BA%D0%B0%D1%80%D1%82%D0%B0,evidence/wordstat/wordstat-live-raw.json,VALID_LIVE_WORDSTAT,"External Yandex demand proxy, not RuStore internal search volume."
broad-368,натальная карта,натальная карта,broad,168,натальная карта шоу бесплатно,1552,Россия,225,Смартфоны,ru,2026-07-29T18:50:57.081Z,https://wordstat.yandex.ru/?region=225&view=table&words=%D0%BD%D0%B0%D1%82%D0%B0%D0%BB%D1%8C%D0%BD%D0%B0%D1%8F%20%D0%BA%D0%B0%D1%80%D1%82%D0%B0,evidence/wordstat/wordstat-live-raw.json,VALID_LIVE_WORDSTAT,"External Yandex demand proxy, not RuStore internal search volume."
broad-369,натальная карта,натальная карта,broad,169,козерог натальная карта,1550,Россия,225,Смартфоны,ru,2026-07-29T18:50:57.081Z,https://wordstat.yandex.ru/?region=225&view=table&words=%D0%BD%D0%B0%D1%82%D0%B0%D0%BB%D1%8C%D0%BD%D0%B0%D1%8F%20%D0%BA%D0%B0%D1%80%D1%82%D0%B0,evidence/wordstat/wordstat-live-raw.json,VALID_LIVE_WORDSTAT,"External Yandex demand proxy, not RuStore internal search volume."
broad-370,натальная карта,натальная карта,broad,170,натальная карта ру,1537,Россия,225,Смартфоны,ru,2026-07-29T18:50:57.081Z,https://wordstat.yandex.ru/?region=225&view=table&words=%D0%BD%D0%B0%D1%82%D0%B0%D0%BB%D1%8C%D0%BD%D0%B0%D1%8F%20%D0%BA%D0%B0%D1%80%D1%82%D0%B0,evidence/wordstat/wordstat-live-raw.json,VALID_LIVE_WORDSTAT,"External Yandex demand proxy, not RuStore internal search volume."
broad-371,натальная карта,натальная карта,broad,171,12 дом в натальной карте,1532,Россия,225,Смартфоны,ru,2026-07-29T18:50:57.081Z,https://wordstat.yandex.ru/?region=225&view=table&words=%D0%BD%D0%B0%D1%82%D0%B0%D0%BB%D1%8C%D0%BD%D0%B0%D1%8F%20%D0%BA%D0%B0%D1%80%D1%82%D0%B0,evidence/wordstat/wordstat-live-raw.json,VALID_LIVE_WORDSTAT,"External Yandex demand proxy, not RuStore internal search volume."
broad-372,натальная карта,натальная карта,broad,172,натальная карта определить,1522,Россия,225,Смартфоны,ru,2026-07-29T18:50:57.081Z,https://wordstat.yandex.ru/?region=225&view=table&words=%D0%BD%D0%B0%D1%82%D0%B0%D0%BB%D1%8C%D0%BD%D0%B0%D1%8F%20%D0%BA%D0%B0%D1%80%D1%82%D0%B0,evidence/wordstat/wordstat-live-raw.json,VALID_LIVE_WORDSTAT,"External Yandex demand proxy, not RuStore internal search volume."
broad-373,натальная карта,натальная карта,broad,173,что означает натальная карта,1510,Россия,225,Смартфоны,ru,2026-07-29T18:50:57.081Z,https://wordstat.yandex.ru/?region=225&view=table&words=%D0%BD%D0%B0%D1%82%D0%B0%D0%BB%D1%8C%D0%BD%D0%B0%D1%8F%20%D0%BA%D0%B0%D1%80%D1%82%D0%B0,evidence/wordstat/wordstat-live-raw.json,VALID_LIVE_WORDSTAT,"External Yandex demand proxy, not RuStore internal search volume."
broad-374,натальная карта,натальная карта,broad,174,натальная карта без,1490,Россия,225,Смартфоны,ru,2026-07-29T18:50:57.081Z,https://wordstat.yandex.ru/?region=225&view=table&words=%D0%BD%D0%B0%D1%82%D0%B0%D0%BB%D1%8C%D0%BD%D0%B0%D1%8F%20%D0%BA%D0%B0%D1%80%D1%82%D0%B0,evidence/wordstat/wordstat-live-raw.json,VALID_LIVE_WORDSTAT,"External Yandex demand proxy, not RuStore internal search volume."
broad-375,натальная карта,натальная карта,broad,175,натальная карта шоу смотреть бесплатно,1478,Россия,225,Смартфоны,ru,2026-07-29T18:50:57.081Z,https://wordstat.yandex.ru/?region=225&view=table&words=%D0%BD%D0%B0%D1%82%D0%B0%D0%BB%D1%8C%D0%BD%D0%B0%D1%8F%20%D0%BA%D0%B0%D1%80%D1%82%D0%B0,evidence/wordstat/wordstat-live-raw.json,VALID_LIVE_WORDSTAT,"External Yandex demand proxy, not RuStore internal search volume."
broad-376,натальная карта,натальная карта,broad,176,натальная карта 6,1478,Россия,225,Смартфоны,ru,2026-07-29T18:50:57.081Z,https://wordstat.yandex.ru/?region=225&view=table&words=%D0%BD%D0%B0%D1%82%D0%B0%D0%BB%D1%8C%D0%BD%D0%B0%D1%8F%20%D0%BA%D0%B0%D1%80%D1%82%D0%B0,evidence/wordstat/wordstat-live-raw.json,VALID_LIVE_WORDSTAT,"External Yandex demand proxy, not RuStore internal search volume."
broad-377,натальная карта,натальная карта,broad,177,натальная карта 11,1477,Россия,225,Смартфоны,ru,2026-07-29T18:50:57.081Z,https://wordstat.yandex.ru/?region=225&view=table&words=%D0%BD%D0%B0%D1%82%D0%B0%D0%BB%D1%8C%D0%BD%D0%B0%D1%8F%20%D0%BA%D0%B0%D1%80%D1%82%D0%B0,evidence/wordstat/wordstat-live-raw.json,VALID_LIVE_WORDSTAT,"External Yandex demand proxy, not RuStore internal search volume."
broad-378,натальная карта,натальная карта,broad,178,рассчитать натальную карту рождения онлайн,1467,Россия,225,Смартфоны,ru,2026-07-29T18:50:57.081Z,https://wordstat.yandex.ru/?region=225&view=table&words=%D0%BD%D0%B0%D1%82%D0%B0%D0%BB%D1%8C%D0%BD%D0%B0%D1%8F%20%D0%BA%D0%B0%D1%80%D1%82%D0%B0,evidence/wordstat/wordstat-live-raw.json,VALID_LIVE_WORDSTAT,"External Yandex demand proxy, not RuStore internal search volume."
broad-379,натальная карта,натальная карта,broad,179,геокульт натальная карта онлайн,1463,Россия,225,Смартфоны,ru,2026-07-29T18:50:57.081Z,https://wordstat.yandex.ru/?region=225&view=table&words=%D0%BD%D0%B0%D1%82%D0%B0%D0%BB%D1%8C%D0%BD%D0%B0%D1%8F%20%D0%BA%D0%B0%D1%80%D1%82%D0%B0,evidence/wordstat/wordstat-live-raw.json,VALID_LIVE_WORDSTAT,"External Yandex demand proxy, not RuStore internal search volume."
broad-380,натальная карта,натальная карта,broad,180,натальная карта телец,1457,Россия,225,Смартфоны,ru,2026-07-29T18:50:57.081Z,https://wordstat.yandex.ru/?region=225&view=table&words=%D0%BD%D0%B0%D1%82%D0%B0%D0%BB%D1%8C%D0%BD%D0%B0%D1%8F%20%D0%BA%D0%B0%D1%80%D1%82%D0%B0,evidence/wordstat/wordstat-live-raw.json,VALID_LIVE_WORDSTAT,"External Yandex demand proxy, not RuStore internal search volume."
broad-381,натальная карта,натальная карта,broad,181,натальная карта надя,1457,Россия,225,Смартфоны,ru,2026-07-29T18:50:57.081Z,https://wordstat.yandex.ru/?region=225&view=table&words=%D0%BD%D0%B0%D1%82%D0%B0%D0%BB%D1%8C%D0%BD%D0%B0%D1%8F%20%D0%BA%D0%B0%D1%80%D1%82%D0%B0,evidence/wordstat/wordstat-live-raw.json,VALID_LIVE_WORDSTAT,"External Yandex demand proxy, not RuStore internal search volume."
broad-382,натальная карта,натальная карта,broad,182,луна в натальной карте женщины,1456,Россия,225,Смартфоны,ru,2026-07-29T18:50:57.081Z,https://wordstat.yandex.ru/?region=225&view=table&words=%D0%BD%D0%B0%D1%82%D0%B0%D0%BB%D1%8C%D0%BD%D0%B0%D1%8F%20%D0%BA%D0%B0%D1%80%D1%82%D0%B0,evidence/wordstat/wordstat-live-raw.json,VALID_LIVE_WORDSTAT,"External Yandex demand proxy, not RuStore internal search volume."
broad-383,натальная карта,натальная карта,broad,183,матвей сафонов натальная карта,1448,Россия,225,Смартфоны,ru,2026-07-29T18:50:57.081Z,https://wordstat.yandex.ru/?region=225&view=table&words=%D0%BD%D0%B0%D1%82%D0%B0%D0%BB%D1%8C%D0%BD%D0%B0%D1%8F%20%D0%BA%D0%B0%D1%80%D1%82%D0%B0,evidence/wordstat/wordstat-live-raw.json,VALID_LIVE_WORDSTAT,"External Yandex demand proxy, not RuStore internal search volume."
broad-384,натальная карта,натальная карта,broad,184,натальная карта по дате рождения рассчитать онлайн,1445,Россия,225,Смартфоны,ru,2026-07-29T18:50:57.081Z,https://wordstat.yandex.ru/?region=225&view=table&words=%D0%BD%D0%B0%D1%82%D0%B0%D0%BB%D1%8C%D0%BD%D0%B0%D1%8F%20%D0%BA%D0%B0%D1%80%D1%82%D0%B0,evidence/wordstat/wordstat-live-raw.json,VALID_LIVE_WORDSTAT,"External Yandex demand proxy, not RuStore internal search volume."
broad-385,натальная карта,натальная карта,broad,185,сколько натальных карт,1440,Россия,225,Смартфоны,ru,2026-07-29T18:50:57.081Z,https://wordstat.yandex.ru/?region=225&view=table&words=%D0%BD%D0%B0%D1%82%D0%B0%D0%BB%D1%8C%D0%BD%D0%B0%D1%8F%20%D0%BA%D0%B0%D1%80%D1%82%D0%B0,evidence/wordstat/wordstat-live-raw.json,VALID_LIVE_WORDSTAT,"External Yandex demand proxy, not RuStore internal search volume."
broad-386,натальная карта,натальная карта,broad,186,натальная карта по времени рождения,1433,Россия,225,Смартфоны,ru,2026-07-29T18:50:57.081Z,https://wordstat.yandex.ru/?region=225&view=table&words=%D0%BD%D0%B0%D1%82%D0%B0%D0%BB%D1%8C%D0%BD%D0%B0%D1%8F%20%D0%BA%D0%B0%D1%80%D1%82%D0%B0,evidence/wordstat/wordstat-live-raw.json,VALID_LIVE_WORDSTAT,"External Yandex demand proxy, not RuStore internal search volume."
broad-387,натальная карта,натальная карта,broad,187,натальная карта онлайн бесплатно шоу,1425,Россия,225,Смартфоны,ru,2026-07-29T18:50:57.081Z,https://wordstat.yandex.ru/?region=225&view=table&words=%D0%BD%D0%B0%D1%82%D0%B0%D0%BB%D1%8C%D0%BD%D0%B0%D1%8F%20%D0%BA%D0%B0%D1%80%D1%82%D0%B0,evidence/wordstat/wordstat-live-raw.json,VALID_LIVE_WORDSTAT,"External Yandex demand proxy, not RuStore internal search volume."
broad-388,натальная карта,натальная карта,broad,188,натальная карта дзюба,1421,Россия,225,Смартфоны,ru,2026-07-29T18:50:57.081Z,https://wordstat.yandex.ru/?region=225&view=table&words=%D0%BD%D0%B0%D1%82%D0%B0%D0%BB%D1%8C%D0%BD%D0%B0%D1%8F%20%D0%BA%D0%B0%D1%80%D1%82%D0%B0,evidence/wordstat/wordstat-live-raw.json,VALID_LIVE_WORDSTAT,"External Yandex demand proxy, not RuStore internal search volume."
broad-389,натальная карта,натальная карта,broad,189,натальная карта 9,1402,Россия,225,Смартфоны,ru,2026-07-29T18:50:57.081Z,https://wordstat.yandex.ru/?region=225&view=table&words=%D0%BD%D0%B0%D1%82%D0%B0%D0%BB%D1%8C%D0%BD%D0%B0%D1%8F%20%D0%BA%D0%B0%D1%80%D1%82%D0%B0,evidence/wordstat/wordstat-live-raw.json,VALID_LIVE_WORDSTAT,"External Yandex demand proxy, not RuStore internal search volume."
broad-390,натальная карта,натальная карта,broad,190,управитель в натальной карте,1395,Россия,225,Смартфоны,ru,2026-07-29T18:50:57.081Z,https://wordstat.yandex.ru/?region=225&view=table&words=%D0%BD%D0%B0%D1%82%D0%B0%D0%BB%D1%8C%D0%BD%D0%B0%D1%8F%20%D0%BA%D0%B0%D1%80%D1%82%D0%B0,evidence/wordstat/wordstat-live-raw.json,VALID_LIVE_WORDSTAT,"External Yandex demand proxy, not RuStore internal search volume."
broad-391,натальная карта,натальная карта,broad,191,натальная карта шоу смотреть онлайн бесплатно,1369,Россия,225,Смартфоны,ru,2026-07-29T18:50:57.081Z,https://wordstat.yandex.ru/?region=225&view=table&words=%D0%BD%D0%B0%D1%82%D0%B0%D0%BB%D1%8C%D0%BD%D0%B0%D1%8F%20%D0%BA%D0%B0%D1%80%D1%82%D0%B0,evidence/wordstat/wordstat-live-raw.json,VALID_LIVE_WORDSTAT,"External Yandex demand proxy, not RuStore internal search volume."
broad-392,натальная карта,натальная карта,broad,192,10 дом в натальной карте,1366,Россия,225,Смартфоны,ru,2026-07-29T18:50:57.081Z,https://wordstat.yandex.ru/?region=225&view=table&words=%D0%BD%D0%B0%D1%82%D0%B0%D0%BB%D1%8C%D0%BD%D0%B0%D1%8F%20%D0%BA%D0%B0%D1%80%D1%82%D0%B0,evidence/wordstat/wordstat-live-raw.json,VALID_LIVE_WORDSTAT,"External Yandex demand proxy, not RuStore internal search volume."
broad-393,натальная карта,натальная карта,broad,193,натальная карта 3,1360,Россия,225,Смартфоны,ru,2026-07-29T18:50:57.081Z,https://wordstat.yandex.ru/?region=225&view=table&words=%D0%BD%D0%B0%D1%82%D0%B0%D0%BB%D1%8C%D0%BD%D0%B0%D1%8F%20%D0%BA%D0%B0%D1%80%D1%82%D0%B0,evidence/wordstat/wordstat-live-raw.json,VALID_LIVE_WORDSTAT,"External Yandex demand proxy, not RuStore internal search volume."
broad-394,натальная карта,натальная карта,broad,194,как понять натальную карту,1360,Россия,225,Смартфоны,ru,2026-07-29T18:50:57.081Z,https://wordstat.yandex.ru/?region=225&view=table&words=%D0%BD%D0%B0%D1%82%D0%B0%D0%BB%D1%8C%D0%BD%D0%B0%D1%8F%20%D0%BA%D0%B0%D1%80%D1%82%D0%B0,evidence/wordstat/wordstat-live-raw.json,VALID_LIVE_WORDSTAT,"External Yandex demand proxy, not RuStore internal search volume."
broad-395,натальная карта,натальная карта,broad,195,натальная карта рассчитать совместимость,1356,Россия,225,Смартфоны,ru,2026-07-29T18:50:57.081Z,https://wordstat.yandex.ru/?region=225&view=table&words=%D0%BD%D0%B0%D1%82%D0%B0%D0%BB%D1%8C%D0%BD%D0%B0%D1%8F%20%D0%BA%D0%B0%D1%80%D1%82%D0%B0,evidence/wordstat/wordstat-live-raw.json,VALID_LIVE_WORDSTAT,"External Yandex demand proxy, not RuStore internal search volume."
broad-396,натальная карта,натальная карта,broad,196,astro com натальная карта,1355,Россия,225,Смартфоны,ru,2026-07-29T18:50:57.081Z,https://wordstat.yandex.ru/?region=225&view=table&words=%D0%BD%D0%B0%D1%82%D0%B0%D0%BB%D1%8C%D0%BD%D0%B0%D1%8F%20%D0%BA%D0%B0%D1%80%D1%82%D0%B0,evidence/wordstat/wordstat-live-raw.json,VALID_LIVE_WORDSTAT,"External Yandex demand proxy, not RuStore internal search volume."
broad-397,натальная карта,натальная карта,broad,197,5 дом в натальной карте,1331,Россия,225,Смартфоны,ru,2026-07-29T18:50:57.081Z,https://wordstat.yandex.ru/?region=225&view=table&words=%D0%BD%D0%B0%D1%82%D0%B0%D0%BB%D1%8C%D0%BD%D0%B0%D1%8F%20%D0%BA%D0%B0%D1%80%D1%82%D0%B0,evidence/wordstat/wordstat-live-raw.json,VALID_LIVE_WORDSTAT,"External Yandex demand proxy, not RuStore internal search volume."
broad-398,натальная карта,натальная карта,broad,198,натальная карта партнеров,1327,Россия,225,Смартфоны,ru,2026-07-29T18:50:57.081Z,https://wordstat.yandex.ru/?region=225&view=table&words=%D0%BD%D0%B0%D1%82%D0%B0%D0%BB%D1%8C%D0%BD%D0%B0%D1%8F%20%D0%BA%D0%B0%D1%80%D1%82%D0%B0,evidence/wordstat/wordstat-live-raw.json,VALID_LIVE_WORDSTAT,"External Yandex demand proxy, not RuStore internal search volume."
broad-399,натальная карта,натальная карта,broad,199,натальная карта жизни,1322,Россия,225,Смартфоны,ru,2026-07-29T18:50:57.081Z,https://wordstat.yandex.ru/?region=225&view=table&words=%D0%BD%D0%B0%D1%82%D0%B0%D0%BB%D1%8C%D0%BD%D0%B0%D1%8F%20%D0%BA%D0%B0%D1%80%D1%82%D0%B0,evidence/wordstat/wordstat-live-raw.json,VALID_LIVE_WORDSTAT,"External Yandex demand proxy, not RuStore internal search volume."
broad-400,натальная карта,натальная карта,broad,200,натальная карта журавлев иванченко,1321,Россия,225,Смартфоны,ru,2026-07-29T18:50:57.081Z,https://wordstat.yandex.ru/?region=225&view=table&words=%D0%BD%D0%B0%D1%82%D0%B0%D0%BB%D1%8C%D0%BD%D0%B0%D1%8F%20%D0%BA%D0%B0%D1%80%D1%82%D0%B0,evidence/wordstat/wordstat-live-raw.json,VALID_LIVE_WORDSTAT,"External Yandex demand proxy, not RuStore internal search volume."
broad-401,совместимость знаков зодиака,совместимость знаков зодиака,broad,1,совместимость знаков зодиака,90220,Россия,225,Смартфоны,ru,2026-07-29T18:50:58.010Z,https://wordstat.yandex.ru/?region=225&view=table&words=%D1%81%D0%BE%D0%B2%D0%BC%D0%B5%D1%81%D1%82%D0%B8%D0%BC%D0%BE%D1%81%D1%82%D1%8C%20%D0%B7%D0%BD%D0%B0%D0%BA%D0%BE%D0%B2%20%D0%B7%D0%BE%D0%B4%D0%B8%D0%B0%D0%BA%D0%B0,evidence/wordstat/wordstat-live-raw.json,VALID_LIVE_WORDSTAT,"External Yandex demand proxy, not RuStore internal search volume."
broad-402,совместимость знаков зодиака,совместимость знаков зодиака,broad,2,совместимость знаков зодиака мужчин,22974,Россия,225,Смартфоны,ru,2026-07-29T18:50:58.010Z,https://wordstat.yandex.ru/?region=225&view=table&words=%D1%81%D0%BE%D0%B2%D0%BC%D0%B5%D1%81%D1%82%D0%B8%D0%BC%D0%BE%D1%81%D1%82%D1%8C%20%D0%B7%D0%BD%D0%B0%D0%BA%D0%BE%D0%B2%20%D0%B7%D0%BE%D0%B4%D0%B8%D0%B0%D0%BA%D0%B0,evidence/wordstat/wordstat-live-raw.json,VALID_LIVE_WORDSTAT,"External Yandex demand proxy, not RuStore internal search volume."
broad-403,совместимость знаков зодиака,совместимость знаков зодиака,broad,3,совместимость знаков зодиака женщина и женщина,16438,Россия,225,Смартфоны,ru,2026-07-29T18:50:58.010Z,https://wordstat.yandex.ru/?region=225&view=table&words=%D1%81%D0%BE%D0%B2%D0%BC%D0%B5%D1%81%D1%82%D0%B8%D0%BC%D0%BE%D1%81%D1%82%D1%8C%20%D0%B7%D0%BD%D0%B0%D0%BA%D0%BE%D0%B2%20%D0%B7%D0%BE%D0%B4%D0%B8%D0%B0%D0%BA%D0%B0,evidence/wordstat/wordstat-live-raw.json,VALID_LIVE_WORDSTAT,"External Yandex demand proxy, not RuStore internal search volume."
broad-404,совместимость знаков зодиака,совместимость знаков зодиака,broad,4,совместимость знаков зодиака мужчин и женщин,15724,Россия,225,Смартфоны,ru,2026-07-29T18:50:58.010Z,https://wordstat.yandex.ru/?region=225&view=table&words=%D1%81%D0%BE%D0%B2%D0%BC%D0%B5%D1%81%D1%82%D0%B8%D0%BC%D0%BE%D1%81%D1%82%D1%8C%20%D0%B7%D0%BD%D0%B0%D0%BA%D0%BE%D0%B2%20%D0%B7%D0%BE%D0%B4%D0%B8%D0%B0%D0%BA%D0%B0,evidence/wordstat/wordstat-live-raw.json,VALID_LIVE_WORDSTAT,"External Yandex demand proxy, not RuStore internal search volume."
broad-405,совместимость знаков зодиака,совместимость знаков зодиака,broad,5,совместимость знаков зодиака львов,8258,Россия,225,Смартфоны,ru,2026-07-29T18:50:58.010Z,https://wordstat.yandex.ru/?region=225&view=table&words=%D1%81%D0%BE%D0%B2%D0%BC%D0%B5%D1%81%D1%82%D0%B8%D0%BC%D0%BE%D1%81%D1%82%D1%8C%20%D0%B7%D0%BD%D0%B0%D0%BA%D0%BE%D0%B2%20%D0%B7%D0%BE%D0%B4%D0%B8%D0%B0%D0%BA%D0%B0,evidence/wordstat/wordstat-live-raw.json,VALID_LIVE_WORDSTAT,"External Yandex demand proxy, not RuStore internal search volume."
broad-406,совместимость знаков зодиака,совместимость знаков зодиака,broad,6,совместимость знаков зодиака лев,8220,Россия,225,Смартфоны,ru,2026-07-29T18:50:58.010Z,https://wordstat.yandex.ru/?region=225&view=table&words=%D1%81%D0%BE%D0%B2%D0%BC%D0%B5%D1%81%D1%82%D0%B8%D0%BC%D0%BE%D1%81%D1%82%D1%8C%20%D0%B7%D0%BD%D0%B0%D0%BA%D0%BE%D0%B2%20%D0%B7%D0%BE%D0%B4%D0%B8%D0%B0%D0%BA%D0%B0,evidence/wordstat/wordstat-live-raw.json,VALID_LIVE_WORDSTAT,"External Yandex demand proxy, not RuStore internal search volume."
broad-407,совместимость знаков зодиака,совместимость знаков зодиака,broad,7,совместимость знаков зодиака рак,7443,Россия,225,Смартфоны,ru,2026-07-29T18:50:58.010Z,https://wordstat.yandex.ru/?region=225&view=table&words=%D1%81%D0%BE%D0%B2%D0%BC%D0%B5%D1%81%D1%82%D0%B8%D0%BC%D0%BE%D1%81%D1%82%D1%8C%20%D0%B7%D0%BD%D0%B0%D0%BA%D0%BE%D0%B2%20%D0%B7%D0%BE%D0%B4%D0%B8%D0%B0%D0%BA%D0%B0,evidence/wordstat/wordstat-live-raw.json,VALID_LIVE_WORDSTAT,"External Yandex demand proxy, not RuStore internal search volume."
broad-408,совместимость знаков зодиака,совместимость знаков зодиака,broad,8,совместимость знаков зодиака в любви,6408,Россия,225,Смартфоны,ru,2026-07-29T18:50:58.010Z,https://wordstat.yandex.ru/?region=225&view=table&words=%D1%81%D0%BE%D0%B2%D0%BC%D0%B5%D1%81%D1%82%D0%B8%D0%BC%D0%BE%D1%81%D1%82%D1%8C%20%D0%B7%D0%BD%D0%B0%D0%BA%D0%BE%D0%B2%20%D0%B7%D0%BE%D0%B4%D0%B8%D0%B0%D0%BA%D0%B0,evidence/wordstat/wordstat-live-raw.json,VALID_LIVE_WORDSTAT,"External Yandex demand proxy, not RuStore internal search volume."
broad-409,совместимость знаков зодиака,совместимость знаков зодиака,broad,9,совместимость знаков зодиака дева,6307,Россия,225,Смартфоны,ru,2026-07-29T18:50:58.010Z,https://wordstat.yandex.ru/?region=225&view=table&words=%D1%81%D0%BE%D0%B2%D0%BC%D0%B5%D1%81%D1%82%D0%B8%D0%BC%D0%BE%D1%81%D1%82%D1%8C%20%D0%B7%D0%BD%D0%B0%D0%BA%D0%BE%D0%B2%20%D0%B7%D0%BE%D0%B4%D0%B8%D0%B0%D0%BA%D0%B0,evidence/wordstat/wordstat-live-raw.json,VALID_LIVE_WORDSTAT,"External Yandex demand proxy, not RuStore internal search volume."
broad-410,совместимость знаков зодиака,совместимость знаков зодиака,broad,10,совместимость знаков зодиака скорпион,6147,Россия,225,Смартфоны,ru,2026-07-29T18:50:58.010Z,https://wordstat.yandex.ru/?region=225&view=table&words=%D1%81%D0%BE%D0%B2%D0%BC%D0%B5%D1%81%D1%82%D0%B8%D0%BC%D0%BE%D1%81%D1%82%D1%8C%20%D0%B7%D0%BD%D0%B0%D0%BA%D0%BE%D0%B2%20%D0%B7%D0%BE%D0%B4%D0%B8%D0%B0%D0%BA%D0%B0,evidence/wordstat/wordstat-live-raw.json,VALID_LIVE_WORDSTAT,"External Yandex demand proxy, not RuStore internal search volume."
broad-411,совместимость знаков зодиака,совместимость знаков зодиака,broad,11,совместимость знаков зодиака водолей,6081,Россия,225,Смартфоны,ru,2026-07-29T18:50:58.010Z,https://wordstat.yandex.ru/?region=225&view=table&words=%D1%81%D0%BE%D0%B2%D0%BC%D0%B5%D1%81%D1%82%D0%B8%D0%BC%D0%BE%D1%81%D1%82%D1%8C%20%D0%B7%D0%BD%D0%B0%D0%BA%D0%BE%D0%B2%20%D0%B7%D0%BE%D0%B4%D0%B8%D0%B0%D0%BA%D0%B0,evidence/wordstat/wordstat-live-raw.json,VALID_LIVE_WORDSTAT,"External Yandex demand proxy, not RuStore internal search volume."
broad-412,совместимость знаков зодиака,совместимость знаков зодиака,broad,12,совместимость знаков зодиака весы,5923,Россия,225,Смартфоны,ru,2026-07-29T18:50:58.010Z,https://wordstat.yandex.ru/?region=225&view=table&words=%D1%81%D0%BE%D0%B2%D0%BC%D0%B5%D1%81%D1%82%D0%B8%D0%BC%D0%BE%D1%81%D1%82%D1%8C%20%D0%B7%D0%BD%D0%B0%D0%BA%D0%BE%D0%B2%20%D0%B7%D0%BE%D0%B4%D0%B8%D0%B0%D0%BA%D0%B0,evidence/wordstat/wordstat-live-raw.json,VALID_LIVE_WORDSTAT,"External Yandex demand proxy, not RuStore internal search volume."
broad-413,совместимость знаков зодиака,совместимость знаков зодиака,broad,13,совместимость знаков зодиака рыбы,5818,Россия,225,Смартфоны,ru,2026-07-29T18:50:58.010Z,https://wordstat.yandex.ru/?region=225&view=table&words=%D1%81%D0%BE%D0%B2%D0%BC%D0%B5%D1%81%D1%82%D0%B8%D0%BC%D0%BE%D1%81%D1%82%D1%8C%20%D0%B7%D0%BD%D0%B0%D0%BA%D0%BE%D0%B2%20%D0%B7%D0%BE%D0%B4%D0%B8%D0%B0%D0%BA%D0%B0,evidence/wordstat/wordstat-live-raw.json,VALID_LIVE_WORDSTAT,"External Yandex demand proxy, not RuStore internal search volume."
broad-414,совместимость знаков зодиака,совместимость знаков зодиака,broad,14,совместимость знаков зодиака близнецы,5540,Россия,225,Смартфоны,ru,2026-07-29T18:50:58.010Z,https://wordstat.yandex.ru/?region=225&view=table&words=%D1%81%D0%BE%D0%B2%D0%BC%D0%B5%D1%81%D1%82%D0%B8%D0%BC%D0%BE%D1%81%D1%82%D1%8C%20%D0%B7%D0%BD%D0%B0%D0%BA%D0%BE%D0%B2%20%D0%B7%D0%BE%D0%B4%D0%B8%D0%B0%D0%BA%D0%B0,evidence/wordstat/wordstat-live-raw.json,VALID_LIVE_WORDSTAT,"External Yandex demand proxy, not RuStore internal search volume."
broad-415,совместимость знаков зодиака,совместимость знаков зодиака,broad,15,совместимость знаков зодиака стрелец,5478,Россия,225,Смартфоны,ru,2026-07-29T18:50:58.010Z,https://wordstat.yandex.ru/?region=225&view=table&words=%D1%81%D0%BE%D0%B2%D0%BC%D0%B5%D1%81%D1%82%D0%B8%D0%BC%D0%BE%D1%81%D1%82%D1%8C%20%D0%B7%D0%BD%D0%B0%D0%BA%D0%BE%D0%B2%20%D0%B7%D0%BE%D0%B4%D0%B8%D0%B0%D0%BA%D0%B0,evidence/wordstat/wordstat-live-raw.json,VALID_LIVE_WORDSTAT,"External Yandex demand proxy, not RuStore internal search volume."
broad-416,совместимость знаков зодиака,совместимость знаков зодиака,broad,16,совместимость знаков зодиака овен,5070,Россия,225,Смартфоны,ru,2026-07-29T18:50:58.010Z,https://wordstat.yandex.ru/?region=225&view=table&words=%D1%81%D0%BE%D0%B2%D0%BC%D0%B5%D1%81%D1%82%D0%B8%D0%BC%D0%BE%D1%81%D1%82%D1%8C%20%D0%B7%D0%BD%D0%B0%D0%BA%D0%BE%D0%B2%20%D0%B7%D0%BE%D0%B4%D0%B8%D0%B0%D0%BA%D0%B0,evidence/wordstat/wordstat-live-raw.json,VALID_LIVE_WORDSTAT,"External Yandex demand proxy, not RuStore internal search volume."
broad-417,совместимость знаков зодиака,совместимость знаков зодиака,broad,17,совместимость знаков зодиака козерог,5050,Россия,225,Смартфоны,ru,2026-07-29T18:50:58.010Z,https://wordstat.yandex.ru/?region=225&view=table&words=%D1%81%D0%BE%D0%B2%D0%BC%D0%B5%D1%81%D1%82%D0%B8%D0%BC%D0%BE%D1%81%D1%82%D1%8C%20%D0%B7%D0%BD%D0%B0%D0%BA%D0%BE%D0%B2%20%D0%B7%D0%BE%D0%B4%D0%B8%D0%B0%D0%BA%D0%B0,evidence/wordstat/wordstat-live-raw.json,VALID_LIVE_WORDSTAT,"External Yandex demand proxy, not RuStore internal search volume."
broad-418,совместимость знаков зодиака,совместимость знаков зодиака,broad,18,знак зодиака совместимость с другими знаками,5031,Россия,225,Смартфоны,ru,2026-07-29T18:50:58.010Z,https://wordstat.yandex.ru/?region=225&view=table&words=%D1%81%D0%BE%D0%B2%D0%BC%D0%B5%D1%81%D1%82%D0%B8%D0%BC%D0%BE%D1%81%D1%82%D1%8C%20%D0%B7%D0%BD%D0%B0%D0%BA%D0%BE%D0%B2%20%D0%B7%D0%BE%D0%B4%D0%B8%D0%B0%D0%BA%D0%B0,evidence/wordstat/wordstat-live-raw.json,VALID_LIVE_WORDSTAT,"External Yandex demand proxy, not RuStore internal search volume."
broad-419,совместимость знаков зодиака,совместимость знаков зодиака,broad,19,совместимость знаков зодиака телец,4874,Россия,225,Смартфоны,ru,2026-07-29T18:50:58.010Z,https://wordstat.yandex.ru/?region=225&view=table&words=%D1%81%D0%BE%D0%B2%D0%BC%D0%B5%D1%81%D1%82%D0%B8%D0%BC%D0%BE%D1%81%D1%82%D1%8C%20%D0%B7%D0%BD%D0%B0%D0%BA%D0%BE%D0%B2%20%D0%B7%D0%BE%D0%B4%D0%B8%D0%B0%D0%BA%D0%B0,evidence/wordstat/wordstat-live-raw.json,VALID_LIVE_WORDSTAT,"External Yandex demand proxy, not RuStore internal search volume."
broad-420,совместимость знаков зодиака,совместимость знаков зодиака,broad,20,совместимость знаков зодиака по гороскопу,4066,Россия,225,Смартфоны,ru,2026-07-29T18:50:58.010Z,https://wordstat.yandex.ru/?region=225&view=table&words=%D1%81%D0%BE%D0%B2%D0%BC%D0%B5%D1%81%D1%82%D0%B8%D0%BC%D0%BE%D1%81%D1%82%D1%8C%20%D0%B7%D0%BD%D0%B0%D0%BA%D0%BE%D0%B2%20%D0%B7%D0%BE%D0%B4%D0%B8%D0%B0%D0%BA%D0%B0,evidence/wordstat/wordstat-live-raw.json,VALID_LIVE_WORDSTAT,"External Yandex demand proxy, not RuStore internal search volume."
broad-421,совместимость знаков зодиака,совместимость знаков зодиака,broad,21,совместимость знаки зодиаку характеристика,2930,Россия,225,Смартфоны,ru,2026-07-29T18:50:58.010Z,https://wordstat.yandex.ru/?region=225&view=table&words=%D1%81%D0%BE%D0%B2%D0%BC%D0%B5%D1%81%D1%82%D0%B8%D0%BC%D0%BE%D1%81%D1%82%D1%8C%20%D0%B7%D0%BD%D0%B0%D0%BA%D0%BE%D0%B2%20%D0%B7%D0%BE%D0%B4%D0%B8%D0%B0%D0%BA%D0%B0,evidence/wordstat/wordstat-live-raw.json,VALID_LIVE_WORDSTAT,"External Yandex demand proxy, not RuStore internal search volume."
broad-422,совместимость знаков зодиака,совместимость знаков зодиака,broad,22,совместимость знаков зодиака в любви мужчина,2801,Россия,225,Смартфоны,ru,2026-07-29T18:50:58.010Z,https://wordstat.yandex.ru/?region=225&view=table&words=%D1%81%D0%BE%D0%B2%D0%BC%D0%B5%D1%81%D1%82%D0%B8%D0%BC%D0%BE%D1%81%D1%82%D1%8C%20%D0%B7%D0%BD%D0%B0%D0%BA%D0%BE%D0%B2%20%D0%B7%D0%BE%D0%B4%D0%B8%D0%B0%D0%BA%D0%B0,evidence/wordstat/wordstat-live-raw.json,VALID_LIVE_WORDSTAT,"External Yandex demand proxy, not RuStore internal search volume."
broad-423,совместимость знаков зодиака,совместимость знаков зодиака,broad,23,гороскоп совместимости знаков зодиака мужчина,2795,Россия,225,Смартфоны,ru,2026-07-29T18:50:58.010Z,https://wordstat.yandex.ru/?region=225&view=table&words=%D1%81%D0%BE%D0%B2%D0%BC%D0%B5%D1%81%D1%82%D0%B8%D0%BC%D0%BE%D1%81%D1%82%D1%8C%20%D0%B7%D0%BD%D0%B0%D0%BA%D0%BE%D0%B2%20%D0%B7%D0%BE%D0%B4%D0%B8%D0%B0%D0%BA%D0%B0,evidence/wordstat/wordstat-live-raw.json,VALID_LIVE_WORDSTAT,"External Yandex demand proxy, not RuStore internal search volume."
broad-424,совместимость знаков зодиака,совместимость знаков зодиака,broad,24,гороскоп совместимости знаков зодиака женщин,2792,Россия,225,Смартфоны,ru,2026-07-29T18:50:58.010Z,https://wordstat.yandex.ru/?region=225&view=table&words=%D1%81%D0%BE%D0%B2%D0%BC%D0%B5%D1%81%D1%82%D0%B8%D0%BC%D0%BE%D1%81%D1%82%D1%8C%20%D0%B7%D0%BD%D0%B0%D0%BA%D0%BE%D0%B2%20%D0%B7%D0%BE%D0%B4%D0%B8%D0%B0%D0%BA%D0%B0,evidence/wordstat/wordstat-live-raw.json,VALID_LIVE_WORDSTAT,"External Yandex demand proxy, not RuStore internal search volume."
broad-425,совместимость знаков зодиака,совместимость знаков зодиака,broad,25,гороскоп совместимость знаков зодиака мужчина женщина,2704,Россия,225,Смартфоны,ru,2026-07-29T18:50:58.010Z,https://wordstat.yandex.ru/?region=225&view=table&words=%D1%81%D0%BE%D0%B2%D0%BC%D0%B5%D1%81%D1%82%D0%B8%D0%BC%D0%BE%D1%81%D1%82%D1%8C%20%D0%B7%D0%BD%D0%B0%D0%BA%D0%BE%D0%B2%20%D0%B7%D0%BE%D0%B4%D0%B8%D0%B0%D0%BA%D0%B0,evidence/wordstat/wordstat-live-raw.json,VALID_LIVE_WORDSTAT,"External Yandex demand proxy, not RuStore internal search volume."
broad-426,совместимость знаков зодиака,совместимость знаков зодиака,broad,26,совместимость знаков зодиака в любви женщины,2661,Россия,225,Смартфоны,ru,2026-07-29T18:50:58.010Z,https://wordstat.yandex.ru/?region=225&view=table&words=%D1%81%D0%BE%D0%B2%D0%BC%D0%B5%D1%81%D1%82%D0%B8%D0%BC%D0%BE%D1%81%D1%82%D1%8C%20%D0%B7%D0%BD%D0%B0%D0%BA%D0%BE%D0%B2%20%D0%B7%D0%BE%D0%B4%D0%B8%D0%B0%D0%BA%D0%B0,evidence/wordstat/wordstat-live-raw.json,VALID_LIVE_WORDSTAT,"External Yandex demand proxy, not RuStore internal search volume."
broad-427,совместимость знаков зодиака,совместимость знаков зодиака,broad,27,знаки зодиака совместимость в отношениях,2571,Россия,225,Смартфоны,ru,2026-07-29T18:50:58.010Z,https://wordstat.yandex.ru/?region=225&view=table&words=%D1%81%D0%BE%D0%B2%D0%BC%D0%B5%D1%81%D1%82%D0%B8%D0%BC%D0%BE%D1%81%D1%82%D1%8C%20%D0%B7%D0%BD%D0%B0%D0%BA%D0%BE%D0%B2%20%D0%B7%D0%BE%D0%B4%D0%B8%D0%B0%D0%BA%D0%B0,evidence/wordstat/wordstat-live-raw.json,VALID_LIVE_WORDSTAT,"External Yandex demand proxy, not RuStore internal search volume."
broad-428,совместимость знаков зодиака,совместимость знаков зодиака,broad,28,совместимость знаков зодиака лев мужчина,2526,Россия,225,Смартфоны,ru,2026-07-29T18:50:58.010Z,https://wordstat.yandex.ru/?region=225&view=table&words=%D1%81%D0%BE%D0%B2%D0%BC%D0%B5%D1%81%D1%82%D0%B8%D0%BC%D0%BE%D1%81%D1%82%D1%8C%20%D0%B7%D0%BD%D0%B0%D0%BA%D0%BE%D0%B2%20%D0%B7%D0%BE%D0%B4%D0%B8%D0%B0%D0%BA%D0%B0,evidence/wordstat/wordstat-live-raw.json,VALID_LIVE_WORDSTAT,"External Yandex demand proxy, not RuStore internal search volume."
broad-429,совместимость знаков зодиака,совместимость знаков зодиака,broad,29,совместимость знаков зодиака по дате,2493,Россия,225,Смартфоны,ru,2026-07-29T18:50:58.010Z,https://wordstat.yandex.ru/?region=225&view=table&words=%D1%81%D0%BE%D0%B2%D0%BC%D0%B5%D1%81%D1%82%D0%B8%D0%BC%D0%BE%D1%81%D1%82%D1%8C%20%D0%B7%D0%BD%D0%B0%D0%BA%D0%BE%D0%B2%20%D0%B7%D0%BE%D0%B4%D0%B8%D0%B0%D0%BA%D0%B0,evidence/wordstat/wordstat-live-raw.json,VALID_LIVE_WORDSTAT,"External Yandex demand proxy, not RuStore internal search volume."
broad-430,совместимость знаков зодиака,совместимость знаков зодиака,broad,30,совместимость знаков зодиака рак мужчина,2489,Россия,225,Смартфоны,ru,2026-07-29T18:50:58.010Z,https://wordstat.yandex.ru/?region=225&view=table&words=%D1%81%D0%BE%D0%B2%D0%BC%D0%B5%D1%81%D1%82%D0%B8%D0%BC%D0%BE%D1%81%D1%82%D1%8C%20%D0%B7%D0%BD%D0%B0%D0%BA%D0%BE%D0%B2%20%D0%B7%D0%BE%D0%B4%D0%B8%D0%B0%D0%BA%D0%B0,evidence/wordstat/wordstat-live-raw.json,VALID_LIVE_WORDSTAT,"External Yandex demand proxy, not RuStore internal search volume."
broad-431,совместимость знаков зодиака,совместимость знаков зодиака,broad,31,совместимость знаков зодиака в браке,2454,Россия,225,Смартфоны,ru,2026-07-29T18:50:58.010Z,https://wordstat.yandex.ru/?region=225&view=table&words=%D1%81%D0%BE%D0%B2%D0%BC%D0%B5%D1%81%D1%82%D0%B8%D0%BC%D0%BE%D1%81%D1%82%D1%8C%20%D0%B7%D0%BD%D0%B0%D0%BA%D0%BE%D0%B2%20%D0%B7%D0%BE%D0%B4%D0%B8%D0%B0%D0%BA%D0%B0,evidence/wordstat/wordstat-live-raw.json,VALID_LIVE_WORDSTAT,"External Yandex demand proxy, not RuStore internal search volume."
broad-432,совместимость знаков зодиака,совместимость знаков зодиака,broad,32,совместимость знаков зодиака рождения,2400,Россия,225,Смартфоны,ru,2026-07-29T18:50:58.010Z,https://wordstat.yandex.ru/?region=225&view=table&words=%D1%81%D0%BE%D0%B2%D0%BC%D0%B5%D1%81%D1%82%D0%B8%D0%BC%D0%BE%D1%81%D1%82%D1%8C%20%D0%B7%D0%BD%D0%B0%D0%BA%D0%BE%D0%B2%20%D0%B7%D0%BE%D0%B4%D0%B8%D0%B0%D0%BA%D0%B0,evidence/wordstat/wordstat-live-raw.json,VALID_LIVE_WORDSTAT,"External Yandex demand proxy, not RuStore internal search volume."
broad-433,совместимость знаков зодиака,совместимость знаков зодиака,broad,33,совместимость знаков зодиака рак женщина,2313,Россия,225,Смартфоны,ru,2026-07-29T18:50:58.010Z,https://wordstat.yandex.ru/?region=225&view=table&words=%D1%81%D0%BE%D0%B2%D0%BC%D0%B5%D1%81%D1%82%D0%B8%D0%BC%D0%BE%D1%81%D1%82%D1%8C%20%D0%B7%D0%BD%D0%B0%D0%BA%D0%BE%D0%B2%20%D0%B7%D0%BE%D0%B4%D0%B8%D0%B0%D0%BA%D0%B0,evidence/wordstat/wordstat-live-raw.json,VALID_LIVE_WORDSTAT,"External Yandex demand proxy, not RuStore internal search volume."
broad-434,совместимость знаков зодиака,совместимость знаков зодиака,broad,34,совместимость знаков зодиака в любви и браке,2254,Россия,225,Смартфоны,ru,2026-07-29T18:50:58.010Z,https://wordstat.yandex.ru/?region=225&view=table&words=%D1%81%D0%BE%D0%B2%D0%BC%D0%B5%D1%81%D1%82%D0%B8%D0%BC%D0%BE%D1%81%D1%82%D1%8C%20%D0%B7%D0%BD%D0%B0%D0%BA%D0%BE%D0%B2%20%D0%B7%D0%BE%D0%B4%D0%B8%D0%B0%D0%BA%D0%B0,evidence/wordstat/wordstat-live-raw.json,VALID_LIVE_WORDSTAT,"External Yandex demand proxy, not RuStore internal search volume."
broad-435,совместимость знаков зодиака,совместимость знаков зодиака,broad,35,совместимость знаков зодиака лев женщина,2224,Россия,225,Смартфоны,ru,2026-07-29T18:50:58.010Z,https://wordstat.yandex.ru/?region=225&view=table&words=%D1%81%D0%BE%D0%B2%D0%BC%D0%B5%D1%81%D1%82%D0%B8%D0%BC%D0%BE%D1%81%D1%82%D1%8C%20%D0%B7%D0%BD%D0%B0%D0%BA%D0%BE%D0%B2%20%D0%B7%D0%BE%D0%B4%D0%B8%D0%B0%D0%BA%D0%B0,evidence/wordstat/wordstat-live-raw.json,VALID_LIVE_WORDSTAT,"External Yandex demand proxy, not RuStore internal search volume."
broad-436,совместимость знаков зодиака,совместимость знаков зодиака,broad,36,совместимость знаков зодиака рыбы мужчина,2220,Россия,225,Смартфоны,ru,2026-07-29T18:50:58.010Z,https://wordstat.yandex.ru/?region=225&view=table&words=%D1%81%D0%BE%D0%B2%D0%BC%D0%B5%D1%81%D1%82%D0%B8%D0%BC%D0%BE%D1%81%D1%82%D1%8C%20%D0%B7%D0%BD%D0%B0%D0%BA%D0%BE%D0%B2%20%D0%B7%D0%BE%D0%B4%D0%B8%D0%B0%D0%BA%D0%B0,evidence/wordstat/wordstat-live-raw.json,VALID_LIVE_WORDSTAT,"External Yandex demand proxy, not RuStore internal search volume."
broad-437,совместимость знаков зодиака,совместимость знаков зодиака,broad,37,дева знак зодиака мужчина совместимость,2213,Россия,225,Смартфоны,ru,2026-07-29T18:50:58.010Z,https://wordstat.yandex.ru/?region=225&view=table&words=%D1%81%D0%BE%D0%B2%D0%BC%D0%B5%D1%81%D1%82%D0%B8%D0%BC%D0%BE%D1%81%D1%82%D1%8C%20%D0%B7%D0%BD%D0%B0%D0%BA%D0%BE%D0%B2%20%D0%B7%D0%BE%D0%B4%D0%B8%D0%B0%D0%BA%D0%B0,evidence/wordstat/wordstat-live-raw.json,VALID_LIVE_WORDSTAT,"External Yandex demand proxy, not RuStore internal search volume."
broad-438,совместимость знаков зодиака,совместимость знаков зодиака,broad,38,совместимость знаков зодиака скорпион мужчина,2164,Россия,225,Смартфоны,ru,2026-07-29T18:50:58.010Z,https://wordstat.yandex.ru/?region=225&view=table&words=%D1%81%D0%BE%D0%B2%D0%BC%D0%B5%D1%81%D1%82%D0%B8%D0%BC%D0%BE%D1%81%D1%82%D1%8C%20%D0%B7%D0%BD%D0%B0%D0%BA%D0%BE%D0%B2%20%D0%B7%D0%BE%D0%B4%D0%B8%D0%B0%D0%BA%D0%B0,evidence/wordstat/wordstat-live-raw.json,VALID_LIVE_WORDSTAT,"External Yandex demand proxy, not RuStore internal search volume."
broad-439,совместимость знаков зодиака,совместимость знаков зодиака,broad,39,совместимость знаков зодиака по дате рождения,2106,Россия,225,Смартфоны,ru,2026-07-29T18:50:58.010Z,https://wordstat.yandex.ru/?region=225&view=table&words=%D1%81%D0%BE%D0%B2%D0%BC%D0%B5%D1%81%D1%82%D0%B8%D0%BC%D0%BE%D1%81%D1%82%D1%8C%20%D0%B7%D0%BD%D0%B0%D0%BA%D0%BE%D0%B2%20%D0%B7%D0%BE%D0%B4%D0%B8%D0%B0%D0%BA%D0%B0,evidence/wordstat/wordstat-live-raw.json,VALID_LIVE_WORDSTAT,"External Yandex demand proxy, not RuStore internal search volume."
broad-440,совместимость знаков зодиака,совместимость знаков зодиака,broad,40,совместимость знаков зодиака рыбы женщина,2086,Россия,225,Смартфоны,ru,2026-07-29T18:50:58.010Z,https://wordstat.yandex.ru/?region=225&view=table&words=%D1%81%D0%BE%D0%B2%D0%BC%D0%B5%D1%81%D1%82%D0%B8%D0%BC%D0%BE%D1%81%D1%82%D1%8C%20%D0%B7%D0%BD%D0%B0%D0%BA%D0%BE%D0%B2%20%D0%B7%D0%BE%D0%B4%D0%B8%D0%B0%D0%BA%D0%B0,evidence/wordstat/wordstat-live-raw.json,VALID_LIVE_WORDSTAT,"External Yandex demand proxy, not RuStore internal search volume."
broad-441,совместимость знаков зодиака,совместимость знаков зодиака,broad,41,совместимость знаков зодиак девушек,2075,Россия,225,Смартфоны,ru,2026-07-29T18:50:58.010Z,https://wordstat.yandex.ru/?region=225&view=table&words=%D1%81%D0%BE%D0%B2%D0%BC%D0%B5%D1%81%D1%82%D0%B8%D0%BC%D0%BE%D1%81%D1%82%D1%8C%20%D0%B7%D0%BD%D0%B0%D0%BA%D0%BE%D0%B2%20%D0%B7%D0%BE%D0%B4%D0%B8%D0%B0%D0%BA%D0%B0,evidence/wordstat/wordstat-live-raw.json,VALID_LIVE_WORDSTAT,"External Yandex demand proxy, not RuStore internal search volume."
broad-442,совместимость знаков зодиака,совместимость знаков зодиака,broad,42,совместимость знаков зодиака скорпион женщина,2045,Россия,225,Смартфоны,ru,2026-07-29T18:50:58.010Z,https://wordstat.yandex.ru/?region=225&view=table&words=%D1%81%D0%BE%D0%B2%D0%BC%D0%B5%D1%81%D1%82%D0%B8%D0%BC%D0%BE%D1%81%D1%82%D1%8C%20%D0%B7%D0%BD%D0%B0%D0%BA%D0%BE%D0%B2%20%D0%B7%D0%BE%D0%B4%D0%B8%D0%B0%D0%BA%D0%B0,evidence/wordstat/wordstat-live-raw.json,VALID_LIVE_WORDSTAT,"External Yandex demand proxy, not RuStore internal search volume."
broad-443,совместимость знаков зодиака,совместимость знаков зодиака,broad,43,совместимость знаков зодиака мужчин близнецов,2027,Россия,225,Смартфоны,ru,2026-07-29T18:50:58.010Z,https://wordstat.yandex.ru/?region=225&view=table&words=%D1%81%D0%BE%D0%B2%D0%BC%D0%B5%D1%81%D1%82%D0%B8%D0%BC%D0%BE%D1%81%D1%82%D1%8C%20%D0%B7%D0%BD%D0%B0%D0%BA%D0%BE%D0%B2%20%D0%B7%D0%BE%D0%B4%D0%B8%D0%B0%D0%BA%D0%B0,evidence/wordstat/wordstat-live-raw.json,VALID_LIVE_WORDSTAT,"External Yandex demand proxy, not RuStore internal search volume."
broad-444,совместимость знаков зодиака,совместимость знаков зодиака,broad,44,совместимость знаков зодиака весы мужчина,2020,Россия,225,Смартфоны,ru,2026-07-29T18:50:58.010Z,https://wordstat.yandex.ru/?region=225&view=table&words=%D1%81%D0%BE%D0%B2%D0%BC%D0%B5%D1%81%D1%82%D0%B8%D0%BC%D0%BE%D1%81%D1%82%D1%8C%20%D0%B7%D0%BD%D0%B0%D0%BA%D0%BE%D0%B2%20%D0%B7%D0%BE%D0%B4%D0%B8%D0%B0%D0%BA%D0%B0,evidence/wordstat/wordstat-live-raw.json,VALID_LIVE_WORDSTAT,"External Yandex demand proxy, not RuStore internal search volume."
broad-445,совместимость знаков зодиака,совместимость знаков зодиака,broad,45,характеристика знаков зодиака мужчин совместимость,2014,Россия,225,Смартфоны,ru,2026-07-29T18:50:58.010Z,https://wordstat.yandex.ru/?region=225&view=table&words=%D1%81%D0%BE%D0%B2%D0%BC%D0%B5%D1%81%D1%82%D0%B8%D0%BC%D0%BE%D1%81%D1%82%D1%8C%20%D0%B7%D0%BD%D0%B0%D0%BA%D0%BE%D0%B2%20%D0%B7%D0%BE%D0%B4%D0%B8%D0%B0%D0%BA%D0%B0,evidence/wordstat/wordstat-live-raw.json,VALID_LIVE_WORDSTAT,"External Yandex demand proxy, not RuStore internal search volume."
broad-446,совместимость знаков зодиака,совместимость знаков зодиака,broad,46,совместимость знаков зодиака водолей мужчина,2006,Россия,225,Смартфоны,ru,2026-07-29T18:50:58.010Z,https://wordstat.yandex.ru/?region=225&view=table&words=%D1%81%D0%BE%D0%B2%D0%BC%D0%B5%D1%81%D1%82%D0%B8%D0%BC%D0%BE%D1%81%D1%82%D1%8C%20%D0%B7%D0%BD%D0%B0%D0%BA%D0%BE%D0%B2%20%D0%B7%D0%BE%D0%B4%D0%B8%D0%B0%D0%BA%D0%B0,evidence/wordstat/wordstat-live-raw.json,VALID_LIVE_WORDSTAT,"External Yandex demand proxy, not RuStore internal search volume."
broad-447,совместимость знаков зодиака,совместимость знаков зодиака,broad,47,совместимость знаков зодиака овен мужчина,1996,Россия,225,Смартфоны,ru,2026-07-29T18:50:58.010Z,https://wordstat.yandex.ru/?region=225&view=table&words=%D1%81%D0%BE%D0%B2%D0%BC%D0%B5%D1%81%D1%82%D0%B8%D0%BC%D0%BE%D1%81%D1%82%D1%8C%20%D0%B7%D0%BD%D0%B0%D0%BA%D0%BE%D0%B2%20%D0%B7%D0%BE%D0%B4%D0%B8%D0%B0%D0%BA%D0%B0,evidence/wordstat/wordstat-live-raw.json,VALID_LIVE_WORDSTAT,"External Yandex demand proxy, not RuStore internal search volume."
broad-448,совместимость знаков зодиака,совместимость знаков зодиака,broad,48,совместимость знаков зодиака овен женщина,1959,Россия,225,Смартфоны,ru,2026-07-29T18:50:58.010Z,https://wordstat.yandex.ru/?region=225&view=table&words=%D1%81%D0%BE%D0%B2%D0%BC%D0%B5%D1%81%D1%82%D0%B8%D0%BC%D0%BE%D1%81%D1%82%D1%8C%20%D0%B7%D0%BD%D0%B0%D0%BA%D0%BE%D0%B2%20%D0%B7%D0%BE%D0%B4%D0%B8%D0%B0%D0%BA%D0%B0,evidence/wordstat/wordstat-live-raw.json,VALID_LIVE_WORDSTAT,"External Yandex demand proxy, not RuStore internal search volume."
broad-449,совместимость знаков зодиака,совместимость знаков зодиака,broad,49,совместимость знаков зодиака женщина водолей,1944,Россия,225,Смартфоны,ru,2026-07-29T18:50:58.010Z,https://wordstat.yandex.ru/?region=225&view=table&words=%D1%81%D0%BE%D0%B2%D0%BC%D0%B5%D1%81%D1%82%D0%B8%D0%BC%D0%BE%D1%81%D1%82%D1%8C%20%D0%B7%D0%BD%D0%B0%D0%BA%D0%BE%D0%B2%20%D0%B7%D0%BE%D0%B4%D0%B8%D0%B0%D0%BA%D0%B0,evidence/wordstat/wordstat-live-raw.json,VALID_LIVE_WORDSTAT,"External Yandex demand proxy, not RuStore internal search volume."
broad-450,совместимость знаков зодиака,совместимость знаков зодиака,broad,50,совместимость знака зодиака стрельца мужчина,1939,Россия,225,Смартфоны,ru,2026-07-29T18:50:58.010Z,https://wordstat.yandex.ru/?region=225&view=table&words=%D1%81%D0%BE%D0%B2%D0%BC%D0%B5%D1%81%D1%82%D0%B8%D0%BC%D0%BE%D1%81%D1%82%D1%8C%20%D0%B7%D0%BD%D0%B0%D0%BA%D0%BE%D0%B2%20%D0%B7%D0%BE%D0%B4%D0%B8%D0%B0%D0%BA%D0%B0,evidence/wordstat/wordstat-live-raw.json,VALID_LIVE_WORDSTAT,"External Yandex demand proxy, not RuStore internal search volume."
broad-451,совместимость знаков зодиака,совместимость знаков зодиака,broad,51,совместимость знаков зодиака телец мужчина,1939,Россия,225,Смартфоны,ru,2026-07-29T18:50:58.010Z,https://wordstat.yandex.ru/?region=225&view=table&words=%D1%81%D0%BE%D0%B2%D0%BC%D0%B5%D1%81%D1%82%D0%B8%D0%BC%D0%BE%D1%81%D1%82%D1%8C%20%D0%B7%D0%BD%D0%B0%D0%BA%D0%BE%D0%B2%20%D0%B7%D0%BE%D0%B4%D0%B8%D0%B0%D0%BA%D0%B0,evidence/wordstat/wordstat-live-raw.json,VALID_LIVE_WORDSTAT,"External Yandex demand proxy, not RuStore internal search volume."
broad-452,совместимость знаков зодиака,совместимость знаков зодиака,broad,52,совместимость знаков зодиака козерог мужчина,1926,Россия,225,Смартфоны,ru,2026-07-29T18:50:58.010Z,https://wordstat.yandex.ru/?region=225&view=table&words=%D1%81%D0%BE%D0%B2%D0%BC%D0%B5%D1%81%D1%82%D0%B8%D0%BC%D0%BE%D1%81%D1%82%D1%8C%20%D0%B7%D0%BD%D0%B0%D0%BA%D0%BE%D0%B2%20%D0%B7%D0%BE%D0%B4%D0%B8%D0%B0%D0%BA%D0%B0,evidence/wordstat/wordstat-live-raw.json,VALID_LIVE_WORDSTAT,"External Yandex demand proxy, not RuStore internal search volume."
broad-453,совместимость знаков зодиака,совместимость знаков зодиака,broad,53,совместимость знаков зодиака дева женщина,1915,Россия,225,Смартфоны,ru,2026-07-29T18:50:58.010Z,https://wordstat.yandex.ru/?region=225&view=table&words=%D1%81%D0%BE%D0%B2%D0%BC%D0%B5%D1%81%D1%82%D0%B8%D0%BC%D0%BE%D1%81%D1%82%D1%8C%20%D0%B7%D0%BD%D0%B0%D0%BA%D0%BE%D0%B2%20%D0%B7%D0%BE%D0%B4%D0%B8%D0%B0%D0%BA%D0%B0,evidence/wordstat/wordstat-live-raw.json,VALID_LIVE_WORDSTAT,"External Yandex demand proxy, not RuStore internal search volume."
broad-454,совместимость знаков зодиака,совместимость знаков зодиака,broad,54,совместимость знаков зодиака близнецы женщина,1913,Россия,225,Смартфоны,ru,2026-07-29T18:50:58.010Z,https://wordstat.yandex.ru/?region=225&view=table&words=%D1%81%D0%BE%D0%B2%D0%BC%D0%B5%D1%81%D1%82%D0%B8%D0%BC%D0%BE%D1%81%D1%82%D1%8C%20%D0%B7%D0%BD%D0%B0%D0%BA%D0%BE%D0%B2%20%D0%B7%D0%BE%D0%B4%D0%B8%D0%B0%D0%BA%D0%B0,evidence/wordstat/wordstat-live-raw.json,VALID_LIVE_WORDSTAT,"External Yandex demand proxy, not RuStore internal search volume."
broad-455,совместимость знаков зодиака,совместимость знаков зодиака,broad,55,совместимость знаков зодиака весы женщина,1880,Россия,225,Смартфоны,ru,2026-07-29T18:50:58.010Z,https://wordstat.yandex.ru/?region=225&view=table&words=%D1%81%D0%BE%D0%B2%D0%BC%D0%B5%D1%81%D1%82%D0%B8%D0%BC%D0%BE%D1%81%D1%82%D1%8C%20%D0%B7%D0%BD%D0%B0%D0%BA%D0%BE%D0%B2%20%D0%B7%D0%BE%D0%B4%D0%B8%D0%B0%D0%BA%D0%B0,evidence/wordstat/wordstat-live-raw.json,VALID_LIVE_WORDSTAT,"External Yandex demand proxy, not RuStore internal search volume."
broad-456,совместимость знаков зодиака,совместимость знаков зодиака,broad,56,совместимость между знаками зодиака,1843,Россия,225,Смартфоны,ru,2026-07-29T18:50:58.010Z,https://wordstat.yandex.ru/?region=225&view=table&words=%D1%81%D0%BE%D0%B2%D0%BC%D0%B5%D1%81%D1%82%D0%B8%D0%BC%D0%BE%D1%81%D1%82%D1%8C%20%D0%B7%D0%BD%D0%B0%D0%BA%D0%BE%D0%B2%20%D0%B7%D0%BE%D0%B4%D0%B8%D0%B0%D0%BA%D0%B0,evidence/wordstat/wordstat-live-raw.json,VALID_LIVE_WORDSTAT,"External Yandex demand proxy, not RuStore internal search volume."
broad-457,совместимость знаков зодиака,совместимость знаков зодиака,broad,57,совместимость знаков зодиака козерог женщина,1835,Россия,225,Смартфоны,ru,2026-07-29T18:50:58.010Z,https://wordstat.yandex.ru/?region=225&view=table&words=%D1%81%D0%BE%D0%B2%D0%BC%D0%B5%D1%81%D1%82%D0%B8%D0%BC%D0%BE%D1%81%D1%82%D1%8C%20%D0%B7%D0%BD%D0%B0%D0%BA%D0%BE%D0%B2%20%D0%B7%D0%BE%D0%B4%D0%B8%D0%B0%D0%BA%D0%B0,evidence/wordstat/wordstat-live-raw.json,VALID_LIVE_WORDSTAT,"External Yandex demand proxy, not RuStore internal search volume."
broad-458,совместимость знаков зодиака,совместимость знаков зодиака,broad,58,совместимость знаков зодиака телец женщина,1822,Россия,225,Смартфоны,ru,2026-07-29T18:50:58.010Z,https://wordstat.yandex.ru/?region=225&view=table&words=%D1%81%D0%BE%D0%B2%D0%BC%D0%B5%D1%81%D1%82%D0%B8%D0%BC%D0%BE%D1%81%D1%82%D1%8C%20%D0%B7%D0%BD%D0%B0%D0%BA%D0%BE%D0%B2%20%D0%B7%D0%BE%D0%B4%D0%B8%D0%B0%D0%BA%D0%B0,evidence/wordstat/wordstat-live-raw.json,VALID_LIVE_WORDSTAT,"External Yandex demand proxy, not RuStore internal search volume."
broad-459,совместимость знаков зодиака,совместимость знаков зодиака,broad,59,совместимость знаков зодиака стрелец женщина,1792,Россия,225,Смартфоны,ru,2026-07-29T18:50:58.010Z,https://wordstat.yandex.ru/?region=225&view=table&words=%D1%81%D0%BE%D0%B2%D0%BC%D0%B5%D1%81%D1%82%D0%B8%D0%BC%D0%BE%D1%81%D1%82%D1%8C%20%D0%B7%D0%BD%D0%B0%D0%BA%D0%BE%D0%B2%20%D0%B7%D0%BE%D0%B4%D0%B8%D0%B0%D0%BA%D0%B0,evidence/wordstat/wordstat-live-raw.json,VALID_LIVE_WORDSTAT,"External Yandex demand proxy, not RuStore internal search volume."
broad-460,совместимость знаков зодиака,совместимость знаков зодиака,broad,60,совместимость знаков зодиака между женщинами,1712,Россия,225,Смартфоны,ru,2026-07-29T18:50:58.010Z,https://wordstat.yandex.ru/?region=225&view=table&words=%D1%81%D0%BE%D0%B2%D0%BC%D0%B5%D1%81%D1%82%D0%B8%D0%BC%D0%BE%D1%81%D1%82%D1%8C%20%D0%B7%D0%BD%D0%B0%D0%BA%D0%BE%D0%B2%20%D0%B7%D0%BE%D0%B4%D0%B8%D0%B0%D0%BA%D0%B0,evidence/wordstat/wordstat-live-raw.json,VALID_LIVE_WORDSTAT,"External Yandex demand proxy, not RuStore internal search volume."
broad-461,совместимость знаков зодиака,совместимость знаков зодиака,broad,61,совместимость по знаку зодиака между мужчиной,1676,Россия,225,Смартфоны,ru,2026-07-29T18:50:58.010Z,https://wordstat.yandex.ru/?region=225&view=table&words=%D1%81%D0%BE%D0%B2%D0%BC%D0%B5%D1%81%D1%82%D0%B8%D0%BC%D0%BE%D1%81%D1%82%D1%8C%20%D0%B7%D0%BD%D0%B0%D0%BA%D0%BE%D0%B2%20%D0%B7%D0%BE%D0%B4%D0%B8%D0%B0%D0%BA%D0%B0,evidence/wordstat/wordstat-live-raw.json,VALID_LIVE_WORDSTAT,"External Yandex demand proxy, not RuStore internal search volume."
broad-462,совместимость знаков зодиака,совместимость знаков зодиака,broad,62,совместимость знаков зодиака рак мужчина и женщина,1535,Россия,225,Смартфоны,ru,2026-07-29T18:50:58.010Z,https://wordstat.yandex.ru/?region=225&view=table&words=%D1%81%D0%BE%D0%B2%D0%BC%D0%B5%D1%81%D1%82%D0%B8%D0%BC%D0%BE%D1%81%D1%82%D1%8C%20%D0%B7%D0%BD%D0%B0%D0%BA%D0%BE%D0%B2%20%D0%B7%D0%BE%D0%B4%D0%B8%D0%B0%D0%BA%D0%B0,evidence/wordstat/wordstat-live-raw.json,VALID_LIVE_WORDSTAT,"External Yandex demand proxy, not RuStore internal search volume."
broad-463,совместимость знаков зодиака,совместимость знаков зодиака,broad,63,совместимость знаков зодиака бесплатно,1448,Россия,225,Смартфоны,ru,2026-07-29T18:50:58.010Z,https://wordstat.yandex.ru/?region=225&view=table&words=%D1%81%D0%BE%D0%B2%D0%BC%D0%B5%D1%81%D1%82%D0%B8%D0%BC%D0%BE%D1%81%D1%82%D1%8C%20%D0%B7%D0%BD%D0%B0%D0%BA%D0%BE%D0%B2%20%D0%B7%D0%BE%D0%B4%D0%B8%D0%B0%D0%BA%D0%B0,evidence/wordstat/wordstat-live-raw.json,VALID_LIVE_WORDSTAT,"External Yandex demand proxy, not RuStore internal search volume."
broad-464,совместимость знаков зодиака,совместимость знаков зодиака,broad,64,совместимость знаков зодиака лев женщина и мужчина,1446,Россия,225,Смартфоны,ru,2026-07-29T18:50:58.010Z,https://wordstat.yandex.ru/?region=225&view=table&words=%D1%81%D0%BE%D0%B2%D0%BC%D0%B5%D1%81%D1%82%D0%B8%D0%BC%D0%BE%D1%81%D1%82%D1%8C%20%D0%B7%D0%BD%D0%B0%D0%BA%D0%BE%D0%B2%20%D0%B7%D0%BE%D0%B4%D0%B8%D0%B0%D0%BA%D0%B0,evidence/wordstat/wordstat-live-raw.json,VALID_LIVE_WORDSTAT,"External Yandex demand proxy, not RuStore internal search volume."
broad-465,совместимость знаков зодиака,совместимость знаков зодиака,broad,65,совместимость знаков зодиака рыбы мужчина и женщина,1395,Россия,225,Смартфоны,ru,2026-07-29T18:50:58.010Z,https://wordstat.yandex.ru/?region=225&view=table&words=%D1%81%D0%BE%D0%B2%D0%BC%D0%B5%D1%81%D1%82%D0%B8%D0%BC%D0%BE%D1%81%D1%82%D1%8C%20%D0%B7%D0%BD%D0%B0%D0%BA%D0%BE%D0%B2%20%D0%B7%D0%BE%D0%B4%D0%B8%D0%B0%D0%BA%D0%B0,evidence/wordstat/wordstat-live-raw.json,VALID_LIVE_WORDSTAT,"External Yandex demand proxy, not RuStore internal search volume."
broad-466,совместимость знаков зодиака,совместимость знаков зодиака,broad,66,совместимость знаков зодиака женщины близнецы и мужчина,1381,Россия,225,Смартфоны,ru,2026-07-29T18:50:58.010Z,https://wordstat.yandex.ru/?region=225&view=table&words=%D1%81%D0%BE%D0%B2%D0%BC%D0%B5%D1%81%D1%82%D0%B8%D0%BC%D0%BE%D1%81%D1%82%D1%8C%20%D0%B7%D0%BD%D0%B0%D0%BA%D0%BE%D0%B2%20%D0%B7%D0%BE%D0%B4%D0%B8%D0%B0%D0%BA%D0%B0,evidence/wordstat/wordstat-live-raw.json,VALID_LIVE_WORDSTAT,"External Yandex demand proxy, not RuStore internal search volume."
broad-467,совместимость знаков зодиака,совместимость знаков зодиака,broad,67,совместимость знаков зодиака мужчин и женщин скорпион,1360,Россия,225,Смартфоны,ru,2026-07-29T18:50:58.010Z,https://wordstat.yandex.ru/?region=225&view=table&words=%D1%81%D0%BE%D0%B2%D0%BC%D0%B5%D1%81%D1%82%D0%B8%D0%BC%D0%BE%D1%81%D1%82%D1%8C%20%D0%B7%D0%BD%D0%B0%D0%BA%D0%BE%D0%B2%20%D0%B7%D0%BE%D0%B4%D0%B8%D0%B0%D0%BA%D0%B0,evidence/wordstat/wordstat-live-raw.json,VALID_LIVE_WORDSTAT,"External Yandex demand proxy, not RuStore internal search volume."
broad-468,совместимость знаков зодиака,совместимость знаков зодиака,broad,68,знаки зодиака совместимость в браке женщина,1335,Россия,225,Смартфоны,ru,2026-07-29T18:50:58.010Z,https://wordstat.yandex.ru/?region=225&view=table&words=%D1%81%D0%BE%D0%B2%D0%BC%D0%B5%D1%81%D1%82%D0%B8%D0%BC%D0%BE%D1%81%D1%82%D1%8C%20%D0%B7%D0%BD%D0%B0%D0%BA%D0%BE%D0%B2%20%D0%B7%D0%BE%D0%B4%D0%B8%D0%B0%D0%BA%D0%B0,evidence/wordstat/wordstat-live-raw.json,VALID_LIVE_WORDSTAT,"External Yandex demand proxy, not RuStore internal search volume."
broad-469,совместимость знаков зодиака,совместимость знаков зодиака,broad,69,совместимость знаков зодиака в процентах,1324,Россия,225,Смартфоны,ru,2026-07-29T18:50:58.010Z,https://wordstat.yandex.ru/?region=225&view=table&words=%D1%81%D0%BE%D0%B2%D0%BC%D0%B5%D1%81%D1%82%D0%B8%D0%BC%D0%BE%D1%81%D1%82%D1%8C%20%D0%B7%D0%BD%D0%B0%D0%BA%D0%BE%D0%B2%20%D0%B7%D0%BE%D0%B4%D0%B8%D0%B0%D0%BA%D0%B0,evidence/wordstat/wordstat-live-raw.json,VALID_LIVE_WORDSTAT,"External Yandex demand proxy, not RuStore internal search volume."
broad-470,совместимость знаков зодиака,совместимость знаков зодиака,broad,70,совместимость со знаками зодиака,1255,Россия,225,Смартфоны,ru,2026-07-29T18:50:58.010Z,https://wordstat.yandex.ru/?region=225&view=table&words=%D1%81%D0%BE%D0%B2%D0%BC%D0%B5%D1%81%D1%82%D0%B8%D0%BC%D0%BE%D1%81%D1%82%D1%8C%20%D0%B7%D0%BD%D0%B0%D0%BA%D0%BE%D0%B2%20%D0%B7%D0%BE%D0%B4%D0%B8%D0%B0%D0%BA%D0%B0,evidence/wordstat/wordstat-live-raw.json,VALID_LIVE_WORDSTAT,"External Yandex demand proxy, not RuStore internal search volume."
broad-471,совместимость знаков зодиака,совместимость знаков зодиака,broad,71,совместимость знаков зодиака водолей мужчина и женщина,1254,Россия,225,Смартфоны,ru,2026-07-29T18:50:58.010Z,https://wordstat.yandex.ru/?region=225&view=table&words=%D1%81%D0%BE%D0%B2%D0%BC%D0%B5%D1%81%D1%82%D0%B8%D0%BC%D0%BE%D1%81%D1%82%D1%8C%20%D0%B7%D0%BD%D0%B0%D0%BA%D0%BE%D0%B2%20%D0%B7%D0%BE%D0%B4%D0%B8%D0%B0%D0%BA%D0%B0,evidence/wordstat/wordstat-live-raw.json,VALID_LIVE_WORDSTAT,"External Yandex demand proxy, not RuStore internal search volume."
broad-472,совместимость знаков зодиака,совместимость знаков зодиака,broad,72,совместимость знаков зодиака мужчин и женщин овен,1217,Россия,225,Смартфоны,ru,2026-07-29T18:50:58.010Z,https://wordstat.yandex.ru/?region=225&view=table&words=%D1%81%D0%BE%D0%B2%D0%BC%D0%B5%D1%81%D1%82%D0%B8%D0%BC%D0%BE%D1%81%D1%82%D1%8C%20%D0%B7%D0%BD%D0%B0%D0%BA%D0%BE%D0%B2%20%D0%B7%D0%BE%D0%B4%D0%B8%D0%B0%D0%BA%D0%B0,evidence/wordstat/wordstat-live-raw.json,VALID_LIVE_WORDSTAT,"External Yandex demand proxy, not RuStore internal search volume."
broad-473,совместимость знаков зодиака,совместимость знаков зодиака,broad,73,совместимость знаков зодиака мужчин и женщин козерог,1215,Россия,225,Смартфоны,ru,2026-07-29T18:50:58.010Z,https://wordstat.yandex.ru/?region=225&view=table&words=%D1%81%D0%BE%D0%B2%D0%BC%D0%B5%D1%81%D1%82%D0%B8%D0%BC%D0%BE%D1%81%D1%82%D1%8C%20%D0%B7%D0%BD%D0%B0%D0%BA%D0%BE%D0%B2%20%D0%B7%D0%BE%D0%B4%D0%B8%D0%B0%D0%BA%D0%B0,evidence/wordstat/wordstat-live-raw.json,VALID_LIVE_WORDSTAT,"External Yandex demand proxy, not RuStore internal search volume."
broad-474,совместимость знаков зодиака,совместимость знаков зодиака,broad,74,совместимость знаков зодиака мужчин и женщин весы,1180,Россия,225,Смартфоны,ru,2026-07-29T18:50:58.010Z,https://wordstat.yandex.ru/?region=225&view=table&words=%D1%81%D0%BE%D0%B2%D0%BC%D0%B5%D1%81%D1%82%D0%B8%D0%BC%D0%BE%D1%81%D1%82%D1%8C%20%D0%B7%D0%BD%D0%B0%D0%BA%D0%BE%D0%B2%20%D0%B7%D0%BE%D0%B4%D0%B8%D0%B0%D0%BA%D0%B0,evidence/wordstat/wordstat-live-raw.json,VALID_LIVE_WORDSTAT,"External Yandex demand proxy, not RuStore internal search volume."
broad-475,совместимость знаков зодиака,совместимость знаков зодиака,broad,75,совместимость знаков зодиака мужчин и женщин стрелец,1118,Россия,225,Смартфоны,ru,2026-07-29T18:50:58.010Z,https://wordstat.yandex.ru/?region=225&view=table&words=%D1%81%D0%BE%D0%B2%D0%BC%D0%B5%D1%81%D1%82%D0%B8%D0%BC%D0%BE%D1%81%D1%82%D1%8C%20%D0%B7%D0%BD%D0%B0%D0%BA%D0%BE%D0%B2%20%D0%B7%D0%BE%D0%B4%D0%B8%D0%B0%D0%BA%D0%B0,evidence/wordstat/wordstat-live-raw.json,VALID_LIVE_WORDSTAT,"External Yandex demand proxy, not RuStore internal search volume."
broad-476,совместимость знаков зодиака,совместимость знаков зодиака,broad,76,лучшая совместимость знаков зодиака,1061,Россия,225,Смартфоны,ru,2026-07-29T18:50:58.010Z,https://wordstat.yandex.ru/?region=225&view=table&words=%D1%81%D0%BE%D0%B2%D0%BC%D0%B5%D1%81%D1%82%D0%B8%D0%BC%D0%BE%D1%81%D1%82%D1%8C%20%D0%B7%D0%BD%D0%B0%D0%BA%D0%BE%D0%B2%20%D0%B7%D0%BE%D0%B4%D0%B8%D0%B0%D0%BA%D0%B0,evidence/wordstat/wordstat-live-raw.json,VALID_LIVE_WORDSTAT,"External Yandex demand proxy, not RuStore internal search volume."
broad-477,совместимость знаков зодиака,совместимость знаков зодиака,broad,77,таблица совместимости знаков зодиака,1052,Россия,225,Смартфоны,ru,2026-07-29T18:50:58.010Z,https://wordstat.yandex.ru/?region=225&view=table&words=%D1%81%D0%BE%D0%B2%D0%BC%D0%B5%D1%81%D1%82%D0%B8%D0%BC%D0%BE%D1%81%D1%82%D1%8C%20%D0%B7%D0%BD%D0%B0%D0%BA%D0%BE%D0%B2%20%D0%B7%D0%BE%D0%B4%D0%B8%D0%B0%D0%BA%D0%B0,evidence/wordstat/wordstat-live-raw.json,VALID_LIVE_WORDSTAT,"External Yandex demand proxy, not RuStore internal search volume."
broad-478,совместимость знаков зодиака,совместимость знаков зодиака,broad,78,совместимость мужчины с другими знаками зодиака,929,Россия,225,Смартфоны,ru,2026-07-29T18:50:58.010Z,https://wordstat.yandex.ru/?region=225&view=table&words=%D1%81%D0%BE%D0%B2%D0%BC%D0%B5%D1%81%D1%82%D0%B8%D0%BC%D0%BE%D1%81%D1%82%D1%8C%20%D0%B7%D0%BD%D0%B0%D0%BA%D0%BE%D0%B2%20%D0%B7%D0%BE%D0%B4%D0%B8%D0%B0%D0%BA%D0%B0,evidence/wordstat/wordstat-live-raw.json,VALID_LIVE_WORDSTAT,"External Yandex demand proxy, not RuStore internal search volume."
broad-479,совместимость знаков зодиака,совместимость знаков зодиака,broad,79,гороскоп совместимости по знакам зодиака в любви,783,Россия,225,Смартфоны,ru,2026-07-29T18:50:58.010Z,https://wordstat.yandex.ru/?region=225&view=table&words=%D1%81%D0%BE%D0%B2%D0%BC%D0%B5%D1%81%D1%82%D0%B8%D0%BC%D0%BE%D1%81%D1%82%D1%8C%20%D0%B7%D0%BD%D0%B0%D0%BA%D0%BE%D0%B2%20%D0%B7%D0%BE%D0%B4%D0%B8%D0%B0%D0%BA%D0%B0,evidence/wordstat/wordstat-live-raw.json,VALID_LIVE_WORDSTAT,"External Yandex demand proxy, not RuStore internal search volume."
broad-480,совместимость знаков зодиака,совместимость знаков зодиака,broad,80,знаки зодиака совместимость в любви и отношениях,723,Россия,225,Смартфоны,ru,2026-07-29T18:50:58.010Z,https://wordstat.yandex.ru/?region=225&view=table&words=%D1%81%D0%BE%D0%B2%D0%BC%D0%B5%D1%81%D1%82%D0%B8%D0%BC%D0%BE%D1%81%D1%82%D1%8C%20%D0%B7%D0%BD%D0%B0%D0%BA%D0%BE%D0%B2%20%D0%B7%D0%BE%D0%B4%D0%B8%D0%B0%D0%BA%D0%B0,evidence/wordstat/wordstat-live-raw.json,VALID_LIVE_WORDSTAT,"External Yandex demand proxy, not RuStore internal search volume."
broad-481,совместимость знаков зодиака,совместимость знаков зодиака,broad,81,совместимость знаков зодиака в любви лев,685,Россия,225,Смартфоны,ru,2026-07-29T18:50:58.010Z,https://wordstat.yandex.ru/?region=225&view=table&words=%D1%81%D0%BE%D0%B2%D0%BC%D0%B5%D1%81%D1%82%D0%B8%D0%BC%D0%BE%D1%81%D1%82%D1%8C%20%D0%B7%D0%BD%D0%B0%D0%BA%D0%BE%D0%B2%20%D0%B7%D0%BE%D0%B4%D0%B8%D0%B0%D0%BA%D0%B0,evidence/wordstat/wordstat-live-raw.json,VALID_LIVE_WORDSTAT,"External Yandex demand proxy, not RuStore internal search volume."
broad-482,совместимость знаков зодиака,совместимость знаков зодиака,broad,82,совместимость знаков зодиака в любви львов,685,Россия,225,Смартфоны,ru,2026-07-29T18:50:58.010Z,https://wordstat.yandex.ru/?region=225&view=table&words=%D1%81%D0%BE%D0%B2%D0%BC%D0%B5%D1%81%D1%82%D0%B8%D0%BC%D0%BE%D1%81%D1%82%D1%8C%20%D0%B7%D0%BD%D0%B0%D0%BA%D0%BE%D0%B2%20%D0%B7%D0%BE%D0%B4%D0%B8%D0%B0%D0%BA%D0%B0,evidence/wordstat/wordstat-live-raw.json,VALID_LIVE_WORDSTAT,"External Yandex demand proxy, not RuStore internal search volume."
broad-483,совместимость знаков зодиака,совместимость знаков зодиака,broad,83,совместимость знаков зодиака лев и водолей,684,Россия,225,Смартфоны,ru,2026-07-29T18:50:58.010Z,https://wordstat.yandex.ru/?region=225&view=table&words=%D1%81%D0%BE%D0%B2%D0%BC%D0%B5%D1%81%D1%82%D0%B8%D0%BC%D0%BE%D1%81%D1%82%D1%8C%20%D0%B7%D0%BD%D0%B0%D0%BA%D0%BE%D0%B2%20%D0%B7%D0%BE%D0%B4%D0%B8%D0%B0%D0%BA%D0%B0,evidence/wordstat/wordstat-live-raw.json,VALID_LIVE_WORDSTAT,"External Yandex demand proxy, not RuStore internal search volume."
broad-484,совместимость знаков зодиака,совместимость знаков зодиака,broad,84,совместимости знаков зодиаков любовь рак,678,Россия,225,Смартфоны,ru,2026-07-29T18:50:58.010Z,https://wordstat.yandex.ru/?region=225&view=table&words=%D1%81%D0%BE%D0%B2%D0%BC%D0%B5%D1%81%D1%82%D0%B8%D0%BC%D0%BE%D1%81%D1%82%D1%8C%20%D0%B7%D0%BD%D0%B0%D0%BA%D0%BE%D0%B2%20%D0%B7%D0%BE%D0%B4%D0%B8%D0%B0%D0%BA%D0%B0,evidence/wordstat/wordstat-live-raw.json,VALID_LIVE_WORDSTAT,"External Yandex demand proxy, not RuStore internal search volume."
broad-485,совместимость знаков зодиака,совместимость знаков зодиака,broad,85,совместимость знаков зодиака лев и рак,675,Россия,225,Смартфоны,ru,2026-07-29T18:50:58.010Z,https://wordstat.yandex.ru/?region=225&view=table&words=%D1%81%D0%BE%D0%B2%D0%BC%D0%B5%D1%81%D1%82%D0%B8%D0%BC%D0%BE%D1%81%D1%82%D1%8C%20%D0%B7%D0%BD%D0%B0%D0%BA%D0%BE%D0%B2%20%D0%B7%D0%BE%D0%B4%D0%B8%D0%B0%D0%BA%D0%B0,evidence/wordstat/wordstat-live-raw.json,VALID_LIVE_WORDSTAT,"External Yandex demand proxy, not RuStore internal search volume."
broad-486,совместимость знаков зодиака,совместимость знаков зодиака,broad,86,зодиак совместимость знаков парень,647,Россия,225,Смартфоны,ru,2026-07-29T18:50:58.010Z,https://wordstat.yandex.ru/?region=225&view=table&words=%D1%81%D0%BE%D0%B2%D0%BC%D0%B5%D1%81%D1%82%D0%B8%D0%BC%D0%BE%D1%81%D1%82%D1%8C%20%D0%B7%D0%BD%D0%B0%D0%BA%D0%BE%D0%B2%20%D0%B7%D0%BE%D0%B4%D0%B8%D0%B0%D0%BA%D0%B0,evidence/wordstat/wordstat-live-raw.json,VALID_LIVE_WORDSTAT,"External Yandex demand proxy, not RuStore internal search volume."
broad-487,совместимость знаков зодиака,совместимость знаков зодиака,broad,87,совместимость знаков зодиака водолей и дева,640,Россия,225,Смартфоны,ru,2026-07-29T18:50:58.010Z,https://wordstat.yandex.ru/?region=225&view=table&words=%D1%81%D0%BE%D0%B2%D0%BC%D0%B5%D1%81%D1%82%D0%B8%D0%BC%D0%BE%D1%81%D1%82%D1%8C%20%D0%B7%D0%BD%D0%B0%D0%BA%D0%BE%D0%B2%20%D0%B7%D0%BE%D0%B4%D0%B8%D0%B0%D0%BA%D0%B0,evidence/wordstat/wordstat-live-raw.json,VALID_LIVE_WORDSTAT,"External Yandex demand proxy, not RuStore internal search volume."
broad-488,совместимость знаков зодиака,совместимость знаков зодиака,broad,88,совместимость с тельцами знаки зодиака,613,Россия,225,Смартфоны,ru,2026-07-29T18:50:58.010Z,https://wordstat.yandex.ru/?region=225&view=table&words=%D1%81%D0%BE%D0%B2%D0%BC%D0%B5%D1%81%D1%82%D0%B8%D0%BC%D0%BE%D1%81%D1%82%D1%8C%20%D0%B7%D0%BD%D0%B0%D0%BA%D0%BE%D0%B2%20%D0%B7%D0%BE%D0%B4%D0%B8%D0%B0%D0%BA%D0%B0,evidence/wordstat/wordstat-live-raw.json,VALID_LIVE_WORDSTAT,"External Yandex demand proxy, not RuStore internal search volume."
broad-489,совместимость знаков зодиака,совместимость знаков зодиака,broad,89,совместимость знаков зодиака тельцов с тельцами,612,Россия,225,Смартфоны,ru,2026-07-29T18:50:58.010Z,https://wordstat.yandex.ru/?region=225&view=table&words=%D1%81%D0%BE%D0%B2%D0%BC%D0%B5%D1%81%D1%82%D0%B8%D0%BC%D0%BE%D1%81%D1%82%D1%8C%20%D0%B7%D0%BD%D0%B0%D0%BA%D0%BE%D0%B2%20%D0%B7%D0%BE%D0%B4%D0%B8%D0%B0%D0%BA%D0%B0,evidence/wordstat/wordstat-live-raw.json,VALID_LIVE_WORDSTAT,"External Yandex demand proxy, not RuStore internal search volume."
broad-490,совместимость знаков зодиака,совместимость знаков зодиака,broad,90,знаки зодиака совместимость в отношениях лев,605,Россия,225,Смартфоны,ru,2026-07-29T18:50:58.010Z,https://wordstat.yandex.ru/?region=225&view=table&words=%D1%81%D0%BE%D0%B2%D0%BC%D0%B5%D1%81%D1%82%D0%B8%D0%BC%D0%BE%D1%81%D1%82%D1%8C%20%D0%B7%D0%BD%D0%B0%D0%BA%D0%BE%D0%B2%20%D0%B7%D0%BE%D0%B4%D0%B8%D0%B0%D0%BA%D0%B0,evidence/wordstat/wordstat-live-raw.json,VALID_LIVE_WORDSTAT,"External Yandex demand proxy, not RuStore internal search volume."
broad-491,совместимость знаков зодиака,совместимость знаков зодиака,broad,91,совместимость знаков зодиака рак и стрелец,589,Россия,225,Смартфоны,ru,2026-07-29T18:50:58.010Z,https://wordstat.yandex.ru/?region=225&view=table&words=%D1%81%D0%BE%D0%B2%D0%BC%D0%B5%D1%81%D1%82%D0%B8%D0%BC%D0%BE%D1%81%D1%82%D1%8C%20%D0%B7%D0%BD%D0%B0%D0%BA%D0%BE%D0%B2%20%D0%B7%D0%BE%D0%B4%D0%B8%D0%B0%D0%BA%D0%B0,evidence/wordstat/wordstat-live-raw.json,VALID_LIVE_WORDSTAT,"External Yandex demand proxy, not RuStore internal search volume."
broad-492,совместимость знаков зодиака,совместимость знаков зодиака,broad,92,совместимость знаков зодиака лев и стрелец,587,Россия,225,Смартфоны,ru,2026-07-29T18:50:58.010Z,https://wordstat.yandex.ru/?region=225&view=table&words=%D1%81%D0%BE%D0%B2%D0%BC%D0%B5%D1%81%D1%82%D0%B8%D0%BC%D0%BE%D1%81%D1%82%D1%8C%20%D0%B7%D0%BD%D0%B0%D0%BA%D0%BE%D0%B2%20%D0%B7%D0%BE%D0%B4%D0%B8%D0%B0%D0%BA%D0%B0,evidence/wordstat/wordstat-live-raw.json,VALID_LIVE_WORDSTAT,"External Yandex demand proxy, not RuStore internal search volume."
broad-493,совместимость знаков зодиака,совместимость знаков зодиака,broad,93,совместимость знаков зодиака по годам,583,Россия,225,Смартфоны,ru,2026-07-29T18:50:58.010Z,https://wordstat.yandex.ru/?region=225&view=table&words=%D1%81%D0%BE%D0%B2%D0%BC%D0%B5%D1%81%D1%82%D0%B8%D0%BC%D0%BE%D1%81%D1%82%D1%8C%20%D0%B7%D0%BD%D0%B0%D0%BA%D0%BE%D0%B2%20%D0%B7%D0%BE%D0%B4%D0%B8%D0%B0%D0%BA%D0%B0,evidence/wordstat/wordstat-live-raw.json,VALID_LIVE_WORDSTAT,"External Yandex demand proxy, not RuStore internal search volume."
broad-494,совместимость знаков зодиака,совместимость знаков зодиака,broad,94,совместимость знаков зодиака лев и скорпион,574,Россия,225,Смартфоны,ru,2026-07-29T18:50:58.010Z,https://wordstat.yandex.ru/?region=225&view=table&words=%D1%81%D0%BE%D0%B2%D0%BC%D0%B5%D1%81%D1%82%D0%B8%D0%BC%D0%BE%D1%81%D1%82%D1%8C%20%D0%B7%D0%BD%D0%B0%D0%BA%D0%BE%D0%B2%20%D0%B7%D0%BE%D0%B4%D0%B8%D0%B0%D0%BA%D0%B0,evidence/wordstat/wordstat-live-raw.json,VALID_LIVE_WORDSTAT,"External Yandex demand proxy, not RuStore internal search volume."
broad-495,совместимость знаков зодиака,совместимость знаков зодиака,broad,95,совместимость знаков зодиака в дружбе,566,Россия,225,Смартфоны,ru,2026-07-29T18:50:58.010Z,https://wordstat.yandex.ru/?region=225&view=table&words=%D1%81%D0%BE%D0%B2%D0%BC%D0%B5%D1%81%D1%82%D0%B8%D0%BC%D0%BE%D1%81%D1%82%D1%8C%20%D0%B7%D0%BD%D0%B0%D0%BA%D0%BE%D0%B2%20%D0%B7%D0%BE%D0%B4%D0%B8%D0%B0%D0%BA%D0%B0,evidence/wordstat/wordstat-live-raw.json,VALID_LIVE_WORDSTAT,"External Yandex demand proxy, not RuStore internal search volume."
broad-496,совместимость знаков зодиака,совместимость знаков зодиака,broad,96,совместимость знаков зодиака весов и львов,551,Россия,225,Смартфоны,ru,2026-07-29T18:50:58.010Z,https://wordstat.yandex.ru/?region=225&view=table&words=%D1%81%D0%BE%D0%B2%D0%BC%D0%B5%D1%81%D1%82%D0%B8%D0%BC%D0%BE%D1%81%D1%82%D1%8C%20%D0%B7%D0%BD%D0%B0%D0%BA%D0%BE%D0%B2%20%D0%B7%D0%BE%D0%B4%D0%B8%D0%B0%D0%BA%D0%B0,evidence/wordstat/wordstat-live-raw.json,VALID_LIVE_WORDSTAT,"External Yandex demand proxy, not RuStore internal search volume."
broad-497,совместимость знаков зодиака,совместимость знаков зодиака,broad,97,совместимость знаков зодиака лев и весы,549,Россия,225,Смартфоны,ru,2026-07-29T18:50:58.010Z,https://wordstat.yandex.ru/?region=225&view=table&words=%D1%81%D0%BE%D0%B2%D0%BC%D0%B5%D1%81%D1%82%D0%B8%D0%BC%D0%BE%D1%81%D1%82%D1%8C%20%D0%B7%D0%BD%D0%B0%D0%BA%D0%BE%D0%B2%20%D0%B7%D0%BE%D0%B4%D0%B8%D0%B0%D0%BA%D0%B0,evidence/wordstat/wordstat-live-raw.json,VALID_LIVE_WORDSTAT,"External Yandex demand proxy, not RuStore internal search volume."
broad-498,совместимость знаков зодиака,совместимость знаков зодиака,broad,98,совместимость знаков зодиака лев и близнецы,548,Россия,225,Смартфоны,ru,2026-07-29T18:50:58.010Z,https://wordstat.yandex.ru/?region=225&view=table&words=%D1%81%D0%BE%D0%B2%D0%BC%D0%B5%D1%81%D1%82%D0%B8%D0%BC%D0%BE%D1%81%D1%82%D1%8C%20%D0%B7%D0%BD%D0%B0%D0%BA%D0%BE%D0%B2%20%D0%B7%D0%BE%D0%B4%D0%B8%D0%B0%D0%BA%D0%B0,evidence/wordstat/wordstat-live-raw.json,VALID_LIVE_WORDSTAT,"External Yandex demand proxy, not RuStore internal search volume."
broad-499,совместимость знаков зодиака,совместимость знаков зодиака,broad,99,дева знак зодиака совместимость в любви,545,Россия,225,Смартфоны,ru,2026-07-29T18:50:58.010Z,https://wordstat.yandex.ru/?region=225&view=table&words=%D1%81%D0%BE%D0%B2%D0%BC%D0%B5%D1%81%D1%82%D0%B8%D0%BC%D0%BE%D1%81%D1%82%D1%8C%20%D0%B7%D0%BD%D0%B0%D0%BA%D0%BE%D0%B2%20%D0%B7%D0%BE%D0%B4%D0%B8%D0%B0%D0%BA%D0%B0,evidence/wordstat/wordstat-live-raw.json,VALID_LIVE_WORDSTAT,"External Yandex demand proxy, not RuStore internal search volume."
broad-500,совместимость знаков зодиака,совместимость знаков зодиака,broad,100,совместимость знака весы зодиака в любви,538,Россия,225,Смартфоны,ru,2026-07-29T18:50:58.010Z,https://wordstat.yandex.ru/?region=225&view=table&words=%D1%81%D0%BE%D0%B2%D0%BC%D0%B5%D1%81%D1%82%D0%B8%D0%BC%D0%BE%D1%81%D1%82%D1%8C%20%D0%B7%D0%BD%D0%B0%D0%BA%D0%BE%D0%B2%20%D0%B7%D0%BE%D0%B4%D0%B8%D0%B0%D0%BA%D0%B0,evidence/wordstat/wordstat-live-raw.json,VALID_LIVE_WORDSTAT,"External Yandex demand proxy, not RuStore internal search volume."
broad-501,совместимость знаков зодиака,совместимость знаков зодиака,broad,101,совместимость знаков зодиака рак и дева,532,Россия,225,Смартфоны,ru,2026-07-29T18:50:58.010Z,https://wordstat.yandex.ru/?region=225&view=table&words=%D1%81%D0%BE%D0%B2%D0%BC%D0%B5%D1%81%D1%82%D0%B8%D0%BC%D0%BE%D1%81%D1%82%D1%8C%20%D0%B7%D0%BD%D0%B0%D0%BA%D0%BE%D0%B2%20%D0%B7%D0%BE%D0%B4%D0%B8%D0%B0%D0%BA%D0%B0,evidence/wordstat/wordstat-live-raw.json,VALID_LIVE_WORDSTAT,"External Yandex demand proxy, not RuStore internal search volume."
broad-502,совместимость знаков зодиака,совместимость знаков зодиака,broad,102,совместимость знаков зодиака близнецы и рак,515,Россия,225,Смартфоны,ru,2026-07-29T18:50:58.010Z,https://wordstat.yandex.ru/?region=225&view=table&words=%D1%81%D0%BE%D0%B2%D0%BC%D0%B5%D1%81%D1%82%D0%B8%D0%BC%D0%BE%D1%81%D1%82%D1%8C%20%D0%B7%D0%BD%D0%B0%D0%BA%D0%BE%D0%B2%20%D0%B7%D0%BE%D0%B4%D0%B8%D0%B0%D0%BA%D0%B0,evidence/wordstat/wordstat-live-raw.json,VALID_LIVE_WORDSTAT,"External Yandex demand proxy, not RuStore internal search volume."
broad-503,совместимость знаков зодиака,совместимость знаков зодиака,broad,103,гороскоп совместимости знаков зодиака в браке,508,Россия,225,Смартфоны,ru,2026-07-29T18:50:58.010Z,https://wordstat.yandex.ru/?region=225&view=table&words=%D1%81%D0%BE%D0%B2%D0%BC%D0%B5%D1%81%D1%82%D0%B8%D0%BC%D0%BE%D1%81%D1%82%D1%8C%20%D0%B7%D0%BD%D0%B0%D0%BA%D0%BE%D0%B2%20%D0%B7%D0%BE%D0%B4%D0%B8%D0%B0%D0%BA%D0%B0,evidence/wordstat/wordstat-live-raw.json,VALID_LIVE_WORDSTAT,"External Yandex demand proxy, not RuStore internal search volume."
broad-504,совместимость знаков зодиака,совместимость знаков зодиака,broad,104,знаки зодиака совместимость в любви стрелец,506,Россия,225,Смартфоны,ru,2026-07-29T18:50:58.010Z,https://wordstat.yandex.ru/?region=225&view=table&words=%D1%81%D0%BE%D0%B2%D0%BC%D0%B5%D1%81%D1%82%D0%B8%D0%BC%D0%BE%D1%81%D1%82%D1%8C%20%D0%B7%D0%BD%D0%B0%D0%BA%D0%BE%D0%B2%20%D0%B7%D0%BE%D0%B4%D0%B8%D0%B0%D0%BA%D0%B0,evidence/wordstat/wordstat-live-raw.json,VALID_LIVE_WORDSTAT,"External Yandex demand proxy, not RuStore internal search volume."
broad-505,совместимость знаков зодиака,совместимость знаков зодиака,broad,105,совместимость знаков зодиака скорпион и водолей,505,Россия,225,Смартфоны,ru,2026-07-29T18:50:58.010Z,https://wordstat.yandex.ru/?region=225&view=table&words=%D1%81%D0%BE%D0%B2%D0%BC%D0%B5%D1%81%D1%82%D0%B8%D0%BC%D0%BE%D1%81%D1%82%D1%8C%20%D0%B7%D0%BD%D0%B0%D0%BA%D0%BE%D0%B2%20%D0%B7%D0%BE%D0%B4%D0%B8%D0%B0%D0%BA%D0%B0,evidence/wordstat/wordstat-live-raw.json,VALID_LIVE_WORDSTAT,"External Yandex demand proxy, not RuStore internal search volume."
broad-506,совместимость знаков зодиака,совместимость знаков зодиака,broad,106,совместимости знаков зодиаков любовь козерог,503,Россия,225,Смартфоны,ru,2026-07-29T18:50:58.010Z,https://wordstat.yandex.ru/?region=225&view=table&words=%D1%81%D0%BE%D0%B2%D0%BC%D0%B5%D1%81%D1%82%D0%B8%D0%BC%D0%BE%D1%81%D1%82%D1%8C%20%D0%B7%D0%BD%D0%B0%D0%BA%D0%BE%D0%B2%20%D0%B7%D0%BE%D0%B4%D0%B8%D0%B0%D0%BA%D0%B0,evidence/wordstat/wordstat-live-raw.json,VALID_LIVE_WORDSTAT,"External Yandex demand proxy, not RuStore internal search volume."
broad-507,совместимость знаков зодиака,совместимость знаков зодиака,broad,107,совместимость знаков зодиака рак и весы,502,Россия,225,Смартфоны,ru,2026-07-29T18:50:58.010Z,https://wordstat.yandex.ru/?region=225&view=table&words=%D1%81%D0%BE%D0%B2%D0%BC%D0%B5%D1%81%D1%82%D0%B8%D0%BC%D0%BE%D1%81%D1%82%D1%8C%20%D0%B7%D0%BD%D0%B0%D0%BA%D0%BE%D0%B2%20%D0%B7%D0%BE%D0%B4%D0%B8%D0%B0%D0%BA%D0%B0,evidence/wordstat/wordstat-live-raw.json,VALID_LIVE_WORDSTAT,"External Yandex demand proxy, not RuStore internal search volume."
broad-508,совместимость знаков зодиака,совместимость знаков зодиака,broad,108,любовь между знаками зодиака совместимость,496,Россия,225,Смартфоны,ru,2026-07-29T18:50:58.010Z,https://wordstat.yandex.ru/?region=225&view=table&words=%D1%81%D0%BE%D0%B2%D0%BC%D0%B5%D1%81%D1%82%D0%B8%D0%BC%D0%BE%D1%81%D1%82%D1%8C%20%D0%B7%D0%BD%D0%B0%D0%BA%D0%BE%D0%B2%20%D0%B7%D0%BE%D0%B4%D0%B8%D0%B0%D0%BA%D0%B0,evidence/wordstat/wordstat-live-raw.json,VALID_LIVE_WORDSTAT,"External Yandex demand proxy, not RuStore internal search volume."
broad-509,совместимость знаков зодиака,совместимость знаков зодиака,broad,109,рак совместимость с другими знаками зодиака,494,Россия,225,Смартфоны,ru,2026-07-29T18:50:58.010Z,https://wordstat.yandex.ru/?region=225&view=table&words=%D1%81%D0%BE%D0%B2%D0%BC%D0%B5%D1%81%D1%82%D0%B8%D0%BC%D0%BE%D1%81%D1%82%D1%8C%20%D0%B7%D0%BD%D0%B0%D0%BA%D0%BE%D0%B2%20%D0%B7%D0%BE%D0%B4%D0%B8%D0%B0%D0%BA%D0%B0,evidence/wordstat/wordstat-live-raw.json,VALID_LIVE_WORDSTAT,"External Yandex demand proxy, not RuStore internal search volume."
broad-510,совместимость знаков зодиака,совместимость знаков зодиака,broad,110,какая совместимость у знаков зодиака,487,Россия,225,Смартфоны,ru,2026-07-29T18:50:58.010Z,https://wordstat.yandex.ru/?region=225&view=table&words=%D1%81%D0%BE%D0%B2%D0%BC%D0%B5%D1%81%D1%82%D0%B8%D0%BC%D0%BE%D1%81%D1%82%D1%8C%20%D0%B7%D0%BD%D0%B0%D0%BA%D0%BE%D0%B2%20%D0%B7%D0%BE%D0%B4%D0%B8%D0%B0%D0%BA%D0%B0,evidence/wordstat/wordstat-live-raw.json,VALID_LIVE_WORDSTAT,"External Yandex demand proxy, not RuStore internal search volume."
broad-511,совместимость знаков зодиака,совместимость знаков зодиака,broad,111,совместимость знаков зодиака мужчин и женщин бесплатно,487,Россия,225,Смартфоны,ru,2026-07-29T18:50:58.010Z,https://wordstat.yandex.ru/?region=225&view=table&words=%D1%81%D0%BE%D0%B2%D0%BC%D0%B5%D1%81%D1%82%D0%B8%D0%BC%D0%BE%D1%81%D1%82%D1%8C%20%D0%B7%D0%BD%D0%B0%D0%BA%D0%BE%D0%B2%20%D0%B7%D0%BE%D0%B4%D0%B8%D0%B0%D0%BA%D0%B0,evidence/wordstat/wordstat-live-raw.json,VALID_LIVE_WORDSTAT,"External Yandex demand proxy, not RuStore internal search volume."
broad-512,совместимость знаков зодиака,совместимость знаков зодиака,broad,112,совместимость знаков зодиака рак и рыба,471,Россия,225,Смартфоны,ru,2026-07-29T18:50:58.010Z,https://wordstat.yandex.ru/?region=225&view=table&words=%D1%81%D0%BE%D0%B2%D0%BC%D0%B5%D1%81%D1%82%D0%B8%D0%BC%D0%BE%D1%81%D1%82%D1%8C%20%D0%B7%D0%BD%D0%B0%D0%BA%D0%BE%D0%B2%20%D0%B7%D0%BE%D0%B4%D0%B8%D0%B0%D0%BA%D0%B0,evidence/wordstat/wordstat-live-raw.json,VALID_LIVE_WORDSTAT,"External Yandex demand proxy, not RuStore internal search volume."
broad-513,совместимость знаков зодиака,совместимость знаков зодиака,broad,113,совместимость имен и знаков зодиака,470,Россия,225,Смартфоны,ru,2026-07-29T18:50:58.010Z,https://wordstat.yandex.ru/?region=225&view=table&words=%D1%81%D0%BE%D0%B2%D0%BC%D0%B5%D1%81%D1%82%D0%B8%D0%BC%D0%BE%D1%81%D1%82%D1%8C%20%D0%B7%D0%BD%D0%B0%D0%BA%D0%BE%D0%B2%20%D0%B7%D0%BE%D0%B4%D0%B8%D0%B0%D0%BA%D0%B0,evidence/wordstat/wordstat-live-raw.json,VALID_LIVE_WORDSTAT,"External Yandex demand proxy, not RuStore internal search volume."
broad-514,совместимость знаков зодиака,совместимость знаков зодиака,broad,114,стрелец совместимость с другими знаками зодиака,469,Россия,225,Смартфоны,ru,2026-07-29T18:50:58.010Z,https://wordstat.yandex.ru/?region=225&view=table&words=%D1%81%D0%BE%D0%B2%D0%BC%D0%B5%D1%81%D1%82%D0%B8%D0%BC%D0%BE%D1%81%D1%82%D1%8C%20%D0%B7%D0%BD%D0%B0%D0%BA%D0%BE%D0%B2%20%D0%B7%D0%BE%D0%B4%D0%B8%D0%B0%D0%BA%D0%B0,evidence/wordstat/wordstat-live-raw.json,VALID_LIVE_WORDSTAT,"External Yandex demand proxy, not RuStore internal search volume."
broad-515,совместимость знаков зодиака,совместимость знаков зодиака,broad,115,совместимость знаков зодиака лев и дева,467,Россия,225,Смартфоны,ru,2026-07-29T18:50:58.010Z,https://wordstat.yandex.ru/?region=225&view=table&words=%D1%81%D0%BE%D0%B2%D0%BC%D0%B5%D1%81%D1%82%D0%B8%D0%BC%D0%BE%D1%81%D1%82%D1%8C%20%D0%B7%D0%BD%D0%B0%D0%BA%D0%BE%D0%B2%20%D0%B7%D0%BE%D0%B4%D0%B8%D0%B0%D0%BA%D0%B0,evidence/wordstat/wordstat-live-raw.json,VALID_LIVE_WORDSTAT,"External Yandex demand proxy, not RuStore internal search volume."
broad-516,совместимость знаков зодиака,совместимость знаков зодиака,broad,116,совместимости знаков зодиаков любовь близнецы близнецы,466,Россия,225,Смартфоны,ru,2026-07-29T18:50:58.010Z,https://wordstat.yandex.ru/?region=225&view=table&words=%D1%81%D0%BE%D0%B2%D0%BC%D0%B5%D1%81%D1%82%D0%B8%D0%BC%D0%BE%D1%81%D1%82%D1%8C%20%D0%B7%D0%BD%D0%B0%D0%BA%D0%BE%D0%B2%20%D0%B7%D0%BE%D0%B4%D0%B8%D0%B0%D0%BA%D0%B0,evidence/wordstat/wordstat-live-raw.json,VALID_LIVE_WORDSTAT,"External Yandex demand proxy, not RuStore internal search volume."
broad-517,совместимость знаков зодиака,совместимость знаков зодиака,broad,117,дева совместимость с другими знаками зодиака,465,Россия,225,Смартфоны,ru,2026-07-29T18:50:58.010Z,https://wordstat.yandex.ru/?region=225&view=table&words=%D1%81%D0%BE%D0%B2%D0%BC%D0%B5%D1%81%D1%82%D0%B8%D0%BC%D0%BE%D1%81%D1%82%D1%8C%20%D0%B7%D0%BD%D0%B0%D0%BA%D0%BE%D0%B2%20%D0%B7%D0%BE%D0%B4%D0%B8%D0%B0%D0%BA%D0%B0,evidence/wordstat/wordstat-live-raw.json,VALID_LIVE_WORDSTAT,"External Yandex demand proxy, not RuStore internal search volume."
broad-518,совместимость знаков зодиака,совместимость знаков зодиака,broad,118,совместимость знаков зодиака рыб и львов,463,Россия,225,Смартфоны,ru,2026-07-29T18:50:58.010Z,https://wordstat.yandex.ru/?region=225&view=table&words=%D1%81%D0%BE%D0%B2%D0%BC%D0%B5%D1%81%D1%82%D0%B8%D0%BC%D0%BE%D1%81%D1%82%D1%8C%20%D0%B7%D0%BD%D0%B0%D0%BA%D0%BE%D0%B2%20%D0%B7%D0%BE%D0%B4%D0%B8%D0%B0%D0%BA%D0%B0,evidence/wordstat/wordstat-live-raw.json,VALID_LIVE_WORDSTAT,"External Yandex demand proxy, not RuStore internal search volume."
broad-519,совместимость знаков зодиака,совместимость знаков зодиака,broad,119,совместимость знаков зодиака лев и рыбы,462,Россия,225,Смартфоны,ru,2026-07-29T18:50:58.010Z,https://wordstat.yandex.ru/?region=225&view=table&words=%D1%81%D0%BE%D0%B2%D0%BC%D0%B5%D1%81%D1%82%D0%B8%D0%BC%D0%BE%D1%81%D1%82%D1%8C%20%D0%B7%D0%BD%D0%B0%D0%BA%D0%BE%D0%B2%20%D0%B7%D0%BE%D0%B4%D0%B8%D0%B0%D0%BA%D0%B0,evidence/wordstat/wordstat-live-raw.json,VALID_LIVE_WORDSTAT,"External Yandex demand proxy, not RuStore internal search volume."
broad-520,совместимость знаков зодиака,совместимость знаков зодиака,broad,120,совместимость знаков зодиака дева и скорпион,462,Россия,225,Смартфоны,ru,2026-07-29T18:50:58.010Z,https://wordstat.yandex.ru/?region=225&view=table&words=%D1%81%D0%BE%D0%B2%D0%BC%D0%B5%D1%81%D1%82%D0%B8%D0%BC%D0%BE%D1%81%D1%82%D1%8C%20%D0%B7%D0%BD%D0%B0%D0%BA%D0%BE%D0%B2%20%D0%B7%D0%BE%D0%B4%D0%B8%D0%B0%D0%BA%D0%B0,evidence/wordstat/wordstat-live-raw.json,VALID_LIVE_WORDSTAT,"External Yandex demand proxy, not RuStore internal search volume."
broad-521,совместимость знаков зодиака,совместимость знаков зодиака,broad,121,совместимость знаков зодиака лев и козерог,456,Россия,225,Смартфоны,ru,2026-07-29T18:50:58.010Z,https://wordstat.yandex.ru/?region=225&view=table&words=%D1%81%D0%BE%D0%B2%D0%BC%D0%B5%D1%81%D1%82%D0%B8%D0%BC%D0%BE%D1%81%D1%82%D1%8C%20%D0%B7%D0%BD%D0%B0%D0%BA%D0%BE%D0%B2%20%D0%B7%D0%BE%D0%B4%D0%B8%D0%B0%D0%BA%D0%B0,evidence/wordstat/wordstat-live-raw.json,VALID_LIVE_WORDSTAT,"External Yandex demand proxy, not RuStore internal search volume."
broad-522,совместимость знаков зодиака,совместимость знаков зодиака,broad,122,совместимость знаков зодиака в любви скорпионы,452,Россия,225,Смартфоны,ru,2026-07-29T18:50:58.010Z,https://wordstat.yandex.ru/?region=225&view=table&words=%D1%81%D0%BE%D0%B2%D0%BC%D0%B5%D1%81%D1%82%D0%B8%D0%BC%D0%BE%D1%81%D1%82%D1%8C%20%D0%B7%D0%BD%D0%B0%D0%BA%D0%BE%D0%B2%20%D0%B7%D0%BE%D0%B4%D0%B8%D0%B0%D0%BA%D0%B0,evidence/wordstat/wordstat-live-raw.json,VALID_LIVE_WORDSTAT,"External Yandex demand proxy, not RuStore internal search volume."
broad-523,совместимость знаков зодиака,совместимость знаков зодиака,broad,123,знаки зодиака совместимость в любви водолей,443,Россия,225,Смартфоны,ru,2026-07-29T18:50:58.010Z,https://wordstat.yandex.ru/?region=225&view=table&words=%D1%81%D0%BE%D0%B2%D0%BC%D0%B5%D1%81%D1%82%D0%B8%D0%BC%D0%BE%D1%81%D1%82%D1%8C%20%D0%B7%D0%BD%D0%B0%D0%BA%D0%BE%D0%B2%20%D0%B7%D0%BE%D0%B4%D0%B8%D0%B0%D0%BA%D0%B0,evidence/wordstat/wordstat-live-raw.json,VALID_LIVE_WORDSTAT,"External Yandex demand proxy, not RuStore internal search volume."
broad-524,совместимость знаков зодиака,совместимость знаков зодиака,broad,124,июль знак зодиака совместимость,441,Россия,225,Смартфоны,ru,2026-07-29T18:50:58.010Z,https://wordstat.yandex.ru/?region=225&view=table&words=%D1%81%D0%BE%D0%B2%D0%BC%D0%B5%D1%81%D1%82%D0%B8%D0%BC%D0%BE%D1%81%D1%82%D1%8C%20%D0%B7%D0%BD%D0%B0%D0%BA%D0%BE%D0%B2%20%D0%B7%D0%BE%D0%B4%D0%B8%D0%B0%D0%BA%D0%B0,evidence/wordstat/wordstat-live-raw.json,VALID_LIVE_WORDSTAT,"External Yandex demand proxy, not RuStore internal search volume."
broad-525,совместимость знаков зодиака,совместимость знаков зодиака,broad,125,совместимость знаков зодиака рак и скорпион,440,Россия,225,Смартфоны,ru,2026-07-29T18:50:58.010Z,https://wordstat.yandex.ru/?region=225&view=table&words=%D1%81%D0%BE%D0%B2%D0%BC%D0%B5%D1%81%D1%82%D0%B8%D0%BC%D0%BE%D1%81%D1%82%D1%8C%20%D0%B7%D0%BD%D0%B0%D0%BA%D0%BE%D0%B2%20%D0%B7%D0%BE%D0%B4%D0%B8%D0%B0%D0%BA%D0%B0,evidence/wordstat/wordstat-live-raw.json,VALID_LIVE_WORDSTAT,"External Yandex demand proxy, not RuStore internal search volume."
broad-526,совместимость знаков зодиака,совместимость знаков зодиака,broad,126,совместимость знаков зодиака овен и скорпион,439,Россия,225,Смартфоны,ru,2026-07-29T18:50:58.010Z,https://wordstat.yandex.ru/?region=225&view=table&words=%D1%81%D0%BE%D0%B2%D0%BC%D0%B5%D1%81%D1%82%D0%B8%D0%BC%D0%BE%D1%81%D1%82%D1%8C%20%D0%B7%D0%BD%D0%B0%D0%BA%D0%BE%D0%B2%20%D0%B7%D0%BE%D0%B4%D0%B8%D0%B0%D0%BA%D0%B0,evidence/wordstat/wordstat-live-raw.json,VALID_LIVE_WORDSTAT,"External Yandex demand proxy, not RuStore internal search volume."
broad-527,совместимость знаков зодиака,совместимость знаков зодиака,broad,127,совместимость знаков зодиака рак и водолей,435,Россия,225,Смартфоны,ru,2026-07-29T18:50:58.010Z,https://wordstat.yandex.ru/?region=225&view=table&words=%D1%81%D0%BE%D0%B2%D0%BC%D0%B5%D1%81%D1%82%D0%B8%D0%BC%D0%BE%D1%81%D1%82%D1%8C%20%D0%B7%D0%BD%D0%B0%D0%BA%D0%BE%D0%B2%20%D0%B7%D0%BE%D0%B4%D0%B8%D0%B0%D0%BA%D0%B0,evidence/wordstat/wordstat-live-raw.json,VALID_LIVE_WORDSTAT,"External Yandex demand proxy, not RuStore internal search volume."
broad-528,совместимость знаков зодиака,совместимость знаков зодиака,broad,128,знаки зодиака совместимость в отношениях дева,423,Россия,225,Смартфоны,ru,2026-07-29T18:50:58.010Z,https://wordstat.yandex.ru/?region=225&view=table&words=%D1%81%D0%BE%D0%B2%D0%BC%D0%B5%D1%81%D1%82%D0%B8%D0%BC%D0%BE%D1%81%D1%82%D1%8C%20%D0%B7%D0%BD%D0%B0%D0%BA%D0%BE%D0%B2%20%D0%B7%D0%BE%D0%B4%D0%B8%D0%B0%D0%BA%D0%B0,evidence/wordstat/wordstat-live-raw.json,VALID_LIVE_WORDSTAT,"External Yandex demand proxy, not RuStore internal search volume."
broad-529,совместимость знаков зодиака,совместимость знаков зодиака,broad,129,знаки зодиака совместимость в отношениях рак,421,Россия,225,Смартфоны,ru,2026-07-29T18:50:58.010Z,https://wordstat.yandex.ru/?region=225&view=table&words=%D1%81%D0%BE%D0%B2%D0%BC%D0%B5%D1%81%D1%82%D0%B8%D0%BC%D0%BE%D1%81%D1%82%D1%8C%20%D0%B7%D0%BD%D0%B0%D0%BA%D0%BE%D0%B2%20%D0%B7%D0%BE%D0%B4%D0%B8%D0%B0%D0%BA%D0%B0,evidence/wordstat/wordstat-live-raw.json,VALID_LIVE_WORDSTAT,"External Yandex demand proxy, not RuStore internal search volume."
broad-530,совместимость знаков зодиака,совместимость знаков зодиака,broad,130,теста совместимость знаков зодиака,417,Россия,225,Смартфоны,ru,2026-07-29T18:50:58.010Z,https://wordstat.yandex.ru/?region=225&view=table&words=%D1%81%D0%BE%D0%B2%D0%BC%D0%B5%D1%81%D1%82%D0%B8%D0%BC%D0%BE%D1%81%D1%82%D1%8C%20%D0%B7%D0%BD%D0%B0%D0%BA%D0%BE%D0%B2%20%D0%B7%D0%BE%D0%B4%D0%B8%D0%B0%D0%BA%D0%B0,evidence/wordstat/wordstat-live-raw.json,VALID_LIVE_WORDSTAT,"External Yandex demand proxy, not RuStore internal search volume."
broad-531,совместимость знаков зодиака,совместимость знаков зодиака,broad,131,скорпион совместимость с другими знаками зодиака,417,Россия,225,Смартфоны,ru,2026-07-29T18:50:58.010Z,https://wordstat.yandex.ru/?region=225&view=table&words=%D1%81%D0%BE%D0%B2%D0%BC%D0%B5%D1%81%D1%82%D0%B8%D0%BC%D0%BE%D1%81%D1%82%D1%8C%20%D0%B7%D0%BD%D0%B0%D0%BA%D0%BE%D0%B2%20%D0%B7%D0%BE%D0%B4%D0%B8%D0%B0%D0%BA%D0%B0,evidence/wordstat/wordstat-live-raw.json,VALID_LIVE_WORDSTAT,"External Yandex demand proxy, not RuStore internal search volume."
broad-532,совместимость знаков зодиака,совместимость знаков зодиака,broad,132,совместимость знака зодиака овна в любви,415,Россия,225,Смартфоны,ru,2026-07-29T18:50:58.010Z,https://wordstat.yandex.ru/?region=225&view=table&words=%D1%81%D0%BE%D0%B2%D0%BC%D0%B5%D1%81%D1%82%D0%B8%D0%BC%D0%BE%D1%81%D1%82%D1%8C%20%D0%B7%D0%BD%D0%B0%D0%BA%D0%BE%D0%B2%20%D0%B7%D0%BE%D0%B4%D0%B8%D0%B0%D0%BA%D0%B0,evidence/wordstat/wordstat-live-raw.json,VALID_LIVE_WORDSTAT,"External Yandex demand proxy, not RuStore internal search volume."
broad-533,совместимость знаков зодиака,совместимость знаков зодиака,broad,133,совместимость знаков зодиака весы и козерог,415,Россия,225,Смартфоны,ru,2026-07-29T18:50:58.010Z,https://wordstat.yandex.ru/?region=225&view=table&words=%D1%81%D0%BE%D0%B2%D0%BC%D0%B5%D1%81%D1%82%D0%B8%D0%BC%D0%BE%D1%81%D1%82%D1%8C%20%D0%B7%D0%BD%D0%B0%D0%BA%D0%BE%D0%B2%20%D0%B7%D0%BE%D0%B4%D0%B8%D0%B0%D0%BA%D0%B0,evidence/wordstat/wordstat-live-raw.json,VALID_LIVE_WORDSTAT,"External Yandex demand proxy, not RuStore internal search volume."
broad-534,совместимость знаков зодиака,совместимость знаков зодиака,broad,134,совместимость знаков зодиака козерог и дева,412,Россия,225,Смартфоны,ru,2026-07-29T18:50:58.010Z,https://wordstat.yandex.ru/?region=225&view=table&words=%D1%81%D0%BE%D0%B2%D0%BC%D0%B5%D1%81%D1%82%D0%B8%D0%BC%D0%BE%D1%81%D1%82%D1%8C%20%D0%B7%D0%BD%D0%B0%D0%BA%D0%BE%D0%B2%20%D0%B7%D0%BE%D0%B4%D0%B8%D0%B0%D0%BA%D0%B0,evidence/wordstat/wordstat-live-raw.json,VALID_LIVE_WORDSTAT,"External Yandex demand proxy, not RuStore internal search volume."
broad-535,совместимость знаков зодиака,совместимость знаков зодиака,broad,135,весы совместимость с другими знаками зодиака,410,Россия,225,Смартфоны,ru,2026-07-29T18:50:58.010Z,https://wordstat.yandex.ru/?region=225&view=table&words=%D1%81%D0%BE%D0%B2%D0%BC%D0%B5%D1%81%D1%82%D0%B8%D0%BC%D0%BE%D1%81%D1%82%D1%8C%20%D0%B7%D0%BD%D0%B0%D0%BA%D0%BE%D0%B2%20%D0%B7%D0%BE%D0%B4%D0%B8%D0%B0%D0%BA%D0%B0,evidence/wordstat/wordstat-live-raw.json,VALID_LIVE_WORDSTAT,"External Yandex demand proxy, not RuStore internal search volume."
broad-536,совместимость знаков зодиака,совместимость знаков зодиака,broad,136,совместимость знаков зодиака весы и телец,400,Россия,225,Смартфоны,ru,2026-07-29T18:50:58.010Z,https://wordstat.yandex.ru/?region=225&view=table&words=%D1%81%D0%BE%D0%B2%D0%BC%D0%B5%D1%81%D1%82%D0%B8%D0%BC%D0%BE%D1%81%D1%82%D1%8C%20%D0%B7%D0%BD%D0%B0%D0%BA%D0%BE%D0%B2%20%D0%B7%D0%BE%D0%B4%D0%B8%D0%B0%D0%BA%D0%B0,evidence/wordstat/wordstat-live-raw.json,VALID_LIVE_WORDSTAT,"External Yandex demand proxy, not RuStore internal search volume."
broad-537,совместимость знаков зодиака,совместимость знаков зодиака,broad,137,совместимость рыб с другими знаками зодиака,399,Россия,225,Смартфоны,ru,2026-07-29T18:50:58.010Z,https://wordstat.yandex.ru/?region=225&view=table&words=%D1%81%D0%BE%D0%B2%D0%BC%D0%B5%D1%81%D1%82%D0%B8%D0%BC%D0%BE%D1%81%D1%82%D1%8C%20%D0%B7%D0%BD%D0%B0%D0%BA%D0%BE%D0%B2%20%D0%B7%D0%BE%D0%B4%D0%B8%D0%B0%D0%BA%D0%B0,evidence/wordstat/wordstat-live-raw.json,VALID_LIVE_WORDSTAT,"External Yandex demand proxy, not RuStore internal search volume."
broad-538,совместимость знаков зодиака,совместимость знаков зодиака,broad,138,таблица совместимости знаков зодиака в любви,397,Россия,225,Смартфоны,ru,2026-07-29T18:50:58.010Z,https://wordstat.yandex.ru/?region=225&view=table&words=%D1%81%D0%BE%D0%B2%D0%BC%D0%B5%D1%81%D1%82%D0%B8%D0%BC%D0%BE%D1%81%D1%82%D1%8C%20%D0%B7%D0%BD%D0%B0%D0%BA%D0%BE%D0%B2%20%D0%B7%D0%BE%D0%B4%D0%B8%D0%B0%D0%BA%D0%B0,evidence/wordstat/wordstat-live-raw.json,VALID_LIVE_WORDSTAT,"External Yandex demand proxy, not RuStore internal search volume."
broad-539,совместимость знаков зодиака,совместимость знаков зодиака,broad,139,сколько совместимость знаков зодиака,395,Россия,225,Смартфоны,ru,2026-07-29T18:50:58.010Z,https://wordstat.yandex.ru/?region=225&view=table&words=%D1%81%D0%BE%D0%B2%D0%BC%D0%B5%D1%81%D1%82%D0%B8%D0%BC%D0%BE%D1%81%D1%82%D1%8C%20%D0%B7%D0%BD%D0%B0%D0%BA%D0%BE%D0%B2%20%D0%B7%D0%BE%D0%B4%D0%B8%D0%B0%D0%BA%D0%B0,evidence/wordstat/wordstat-live-raw.json,VALID_LIVE_WORDSTAT,"External Yandex demand proxy, not RuStore internal search volume."
broad-540,совместимость знаков зодиака,совместимость знаков зодиака,broad,140,совместимость по году рождения и знаку зодиака,391,Россия,225,Смартфоны,ru,2026-07-29T18:50:58.010Z,https://wordstat.yandex.ru/?region=225&view=table&words=%D1%81%D0%BE%D0%B2%D0%BC%D0%B5%D1%81%D1%82%D0%B8%D0%BC%D0%BE%D1%81%D1%82%D1%8C%20%D0%B7%D0%BD%D0%B0%D0%BA%D0%BE%D0%B2%20%D0%B7%D0%BE%D0%B4%D0%B8%D0%B0%D0%BA%D0%B0,evidence/wordstat/wordstat-live-raw.json,VALID_LIVE_WORDSTAT,"External Yandex demand proxy, not RuStore internal search volume."
broad-541,совместимость знаков зодиака,совместимость знаков зодиака,broad,141,совместимость знаков зодиака весы и рыбы,390,Россия,225,Смартфоны,ru,2026-07-29T18:50:58.010Z,https://wordstat.yandex.ru/?region=225&view=table&words=%D1%81%D0%BE%D0%B2%D0%BC%D0%B5%D1%81%D1%82%D0%B8%D0%BC%D0%BE%D1%81%D1%82%D1%8C%20%D0%B7%D0%BD%D0%B0%D0%BA%D0%BE%D0%B2%20%D0%B7%D0%BE%D0%B4%D0%B8%D0%B0%D0%BA%D0%B0,evidence/wordstat/wordstat-live-raw.json,VALID_LIVE_WORDSTAT,"External Yandex demand proxy, not RuStore internal search volume."
broad-542,совместимость знаков зодиака,совместимость знаков зодиака,broad,142,совместимость знаков зодиака девушка и парень,387,Россия,225,Смартфоны,ru,2026-07-29T18:50:58.010Z,https://wordstat.yandex.ru/?region=225&view=table&words=%D1%81%D0%BE%D0%B2%D0%BC%D0%B5%D1%81%D1%82%D0%B8%D0%BC%D0%BE%D1%81%D1%82%D1%8C%20%D0%B7%D0%BD%D0%B0%D0%BA%D0%BE%D0%B2%20%D0%B7%D0%BE%D0%B4%D0%B8%D0%B0%D0%BA%D0%B0,evidence/wordstat/wordstat-live-raw.json,VALID_LIVE_WORDSTAT,"External Yandex demand proxy, not RuStore internal search volume."
broad-543,совместимость знаков зодиака,совместимость знаков зодиака,broad,143,совместимость знаков зодиака рыбы и близнецы,387,Россия,225,Смартфоны,ru,2026-07-29T18:50:58.010Z,https://wordstat.yandex.ru/?region=225&view=table&words=%D1%81%D0%BE%D0%B2%D0%BC%D0%B5%D1%81%D1%82%D0%B8%D0%BC%D0%BE%D1%81%D1%82%D1%8C%20%D0%B7%D0%BD%D0%B0%D0%BA%D0%BE%D0%B2%20%D0%B7%D0%BE%D0%B4%D0%B8%D0%B0%D0%BA%D0%B0,evidence/wordstat/wordstat-live-raw.json,VALID_LIVE_WORDSTAT,"External Yandex demand proxy, not RuStore internal search volume."
broad-544,совместимость знаков зодиака,совместимость знаков зодиака,broad,144,овен совместимость с другими знаками зодиака,386,Россия,225,Смартфоны,ru,2026-07-29T18:50:58.010Z,https://wordstat.yandex.ru/?region=225&view=table&words=%D1%81%D0%BE%D0%B2%D0%BC%D0%B5%D1%81%D1%82%D0%B8%D0%BC%D0%BE%D1%81%D1%82%D1%8C%20%D0%B7%D0%BD%D0%B0%D0%BA%D0%BE%D0%B2%20%D0%B7%D0%BE%D0%B4%D0%B8%D0%B0%D0%BA%D0%B0,evidence/wordstat/wordstat-live-raw.json,VALID_LIVE_WORDSTAT,"External Yandex demand proxy, not RuStore internal search volume."
broad-545,совместимость знаков зодиака,совместимость знаков зодиака,broad,145,водолей совместимость с другими знаками зодиака,383,Россия,225,Смартфоны,ru,2026-07-29T18:50:58.010Z,https://wordstat.yandex.ru/?region=225&view=table&words=%D1%81%D0%BE%D0%B2%D0%BC%D0%B5%D1%81%D1%82%D0%B8%D0%BC%D0%BE%D1%81%D1%82%D1%8C%20%D0%B7%D0%BD%D0%B0%D0%BA%D0%BE%D0%B2%20%D0%B7%D0%BE%D0%B4%D0%B8%D0%B0%D0%BA%D0%B0,evidence/wordstat/wordstat-live-raw.json,VALID_LIVE_WORDSTAT,"External Yandex demand proxy, not RuStore internal search volume."
broad-546,совместимость знаков зодиака,совместимость знаков зодиака,broad,146,совместимость брака в между знаками зодиака,383,Россия,225,Смартфоны,ru,2026-07-29T18:50:58.010Z,https://wordstat.yandex.ru/?region=225&view=table&words=%D1%81%D0%BE%D0%B2%D0%BC%D0%B5%D1%81%D1%82%D0%B8%D0%BC%D0%BE%D1%81%D1%82%D1%8C%20%D0%B7%D0%BD%D0%B0%D0%BA%D0%BE%D0%B2%20%D0%B7%D0%BE%D0%B4%D0%B8%D0%B0%D0%BA%D0%B0,evidence/wordstat/wordstat-live-raw.json,VALID_LIVE_WORDSTAT,"External Yandex demand proxy, not RuStore internal search volume."
broad-547,совместимость знаков зодиака,совместимость знаков зодиака,broad,147,знаки зодиака совместимость в любви телец,380,Россия,225,Смартфоны,ru,2026-07-29T18:50:58.010Z,https://wordstat.yandex.ru/?region=225&view=table&words=%D1%81%D0%BE%D0%B2%D0%BC%D0%B5%D1%81%D1%82%D0%B8%D0%BC%D0%BE%D1%81%D1%82%D1%8C%20%D0%B7%D0%BD%D0%B0%D0%BA%D0%BE%D0%B2%20%D0%B7%D0%BE%D0%B4%D0%B8%D0%B0%D0%BA%D0%B0,evidence/wordstat/wordstat-live-raw.json,VALID_LIVE_WORDSTAT,"External Yandex demand proxy, not RuStore internal search volume."
broad-548,совместимость знаков зодиака,совместимость знаков зодиака,broad,148,козерог совместимость с другими знаками зодиака,379,Россия,225,Смартфоны,ru,2026-07-29T18:50:58.010Z,https://wordstat.yandex.ru/?region=225&view=table&words=%D1%81%D0%BE%D0%B2%D0%BC%D0%B5%D1%81%D1%82%D0%B8%D0%BC%D0%BE%D1%81%D1%82%D1%8C%20%D0%B7%D0%BD%D0%B0%D0%BA%D0%BE%D0%B2%20%D0%B7%D0%BE%D0%B4%D0%B8%D0%B0%D0%BA%D0%B0,evidence/wordstat/wordstat-live-raw.json,VALID_LIVE_WORDSTAT,"External Yandex demand proxy, not RuStore internal search volume."
broad-549,совместимость знаков зодиака,совместимость знаков зодиака,broad,149,совместимость львов с другими знаками зодиака,377,Россия,225,Смартфоны,ru,2026-07-29T18:50:58.010Z,https://wordstat.yandex.ru/?region=225&view=table&words=%D1%81%D0%BE%D0%B2%D0%BC%D0%B5%D1%81%D1%82%D0%B8%D0%BC%D0%BE%D1%81%D1%82%D1%8C%20%D0%B7%D0%BD%D0%B0%D0%BA%D0%BE%D0%B2%20%D0%B7%D0%BE%D0%B4%D0%B8%D0%B0%D0%BA%D0%B0,evidence/wordstat/wordstat-live-raw.json,VALID_LIVE_WORDSTAT,"External Yandex demand proxy, not RuStore internal search volume."
broad-550,совместимость знаков зодиака,совместимость знаков зодиака,broad,150,лев знак зодиака девушка совместимость,374,Россия,225,Смартфоны,ru,2026-07-29T18:50:58.010Z,https://wordstat.yandex.ru/?region=225&view=table&words=%D1%81%D0%BE%D0%B2%D0%BC%D0%B5%D1%81%D1%82%D0%B8%D0%BC%D0%BE%D1%81%D1%82%D1%8C%20%D0%B7%D0%BD%D0%B0%D0%BA%D0%BE%D0%B2%20%D0%B7%D0%BE%D0%B4%D0%B8%D0%B0%D0%BA%D0%B0,evidence/wordstat/wordstat-live-raw.json,VALID_LIVE_WORDSTAT,"External Yandex demand proxy, not RuStore internal search volume."
broad-551,совместимость знаков зодиака,совместимость знаков зодиака,broad,151,ноябрь знак зодиака совместимость,374,Россия,225,Смартфоны,ru,2026-07-29T18:50:58.010Z,https://wordstat.yandex.ru/?region=225&view=table&words=%D1%81%D0%BE%D0%B2%D0%BC%D0%B5%D1%81%D1%82%D0%B8%D0%BC%D0%BE%D1%81%D1%82%D1%8C%20%D0%B7%D0%BD%D0%B0%D0%BA%D0%BE%D0%B2%20%D0%B7%D0%BE%D0%B4%D0%B8%D0%B0%D0%BA%D0%B0,evidence/wordstat/wordstat-live-raw.json,VALID_LIVE_WORDSTAT,"External Yandex demand proxy, not RuStore internal search volume."
broad-552,совместимость знаков зодиака,совместимость знаков зодиака,broad,152,совместимость знаков зодиака водолей и близнецы,372,Россия,225,Смартфоны,ru,2026-07-29T18:50:58.010Z,https://wordstat.yandex.ru/?region=225&view=table&words=%D1%81%D0%BE%D0%B2%D0%BC%D0%B5%D1%81%D1%82%D0%B8%D0%BC%D0%BE%D1%81%D1%82%D1%8C%20%D0%B7%D0%BD%D0%B0%D0%BA%D0%BE%D0%B2%20%D0%B7%D0%BE%D0%B4%D0%B8%D0%B0%D0%BA%D0%B0,evidence/wordstat/wordstat-live-raw.json,VALID_LIVE_WORDSTAT,"External Yandex demand proxy, not RuStore internal search volume."
broad-553,совместимость знаков зодиака,совместимость знаков зодиака,broad,153,совместимость знаков зодиака овен и весы,371,Россия,225,Смартфоны,ru,2026-07-29T18:50:58.010Z,https://wordstat.yandex.ru/?region=225&view=table&words=%D1%81%D0%BE%D0%B2%D0%BC%D0%B5%D1%81%D1%82%D0%B8%D0%BC%D0%BE%D1%81%D1%82%D1%8C%20%D0%B7%D0%BD%D0%B0%D0%BA%D0%BE%D0%B2%20%D0%B7%D0%BE%D0%B4%D0%B8%D0%B0%D0%BA%D0%B0,evidence/wordstat/wordstat-live-raw.json,VALID_LIVE_WORDSTAT,"External Yandex demand proxy, not RuStore internal search volume."
broad-554,совместимость знаков зодиака,совместимость знаков зодиака,broad,154,самые совместимость знаков зодиака,370,Россия,225,Смартфоны,ru,2026-07-29T18:50:58.010Z,https://wordstat.yandex.ru/?region=225&view=table&words=%D1%81%D0%BE%D0%B2%D0%BC%D0%B5%D1%81%D1%82%D0%B8%D0%BC%D0%BE%D1%81%D1%82%D1%8C%20%D0%B7%D0%BD%D0%B0%D0%BA%D0%BE%D0%B2%20%D0%B7%D0%BE%D0%B4%D0%B8%D0%B0%D0%BA%D0%B0,evidence/wordstat/wordstat-live-raw.json,VALID_LIVE_WORDSTAT,"External Yandex demand proxy, not RuStore internal search volume."
broad-555,совместимость знаков зодиака,совместимость знаков зодиака,broad,155,совместимость знаков зодиака весы и водолей,369,Россия,225,Смартфоны,ru,2026-07-29T18:50:58.010Z,https://wordstat.yandex.ru/?region=225&view=table&words=%D1%81%D0%BE%D0%B2%D0%BC%D0%B5%D1%81%D1%82%D0%B8%D0%BC%D0%BE%D1%81%D1%82%D1%8C%20%D0%B7%D0%BD%D0%B0%D0%BA%D0%BE%D0%B2%20%D0%B7%D0%BE%D0%B4%D0%B8%D0%B0%D0%BA%D0%B0,evidence/wordstat/wordstat-live-raw.json,VALID_LIVE_WORDSTAT,"External Yandex demand proxy, not RuStore internal search volume."
broad-556,совместимость знаков зодиака,совместимость знаков зодиака,broad,156,дева знак зодиака девушка совместимость,367,Россия,225,Смартфоны,ru,2026-07-29T18:50:58.010Z,https://wordstat.yandex.ru/?region=225&view=table&words=%D1%81%D0%BE%D0%B2%D0%BC%D0%B5%D1%81%D1%82%D0%B8%D0%BC%D0%BE%D1%81%D1%82%D1%8C%20%D0%B7%D0%BD%D0%B0%D0%BA%D0%BE%D0%B2%20%D0%B7%D0%BE%D0%B4%D0%B8%D0%B0%D0%BA%D0%B0,evidence/wordstat/wordstat-live-raw.json,VALID_LIVE_WORDSTAT,"External Yandex demand proxy, not RuStore internal search volume."
broad-557,совместимость знаков зодиака,совместимость знаков зодиака,broad,157,знаки зодиака совместимость в отношениях близнецы,367,Россия,225,Смартфоны,ru,2026-07-29T18:50:58.010Z,https://wordstat.yandex.ru/?region=225&view=table&words=%D1%81%D0%BE%D0%B2%D0%BC%D0%B5%D1%81%D1%82%D0%B8%D0%BC%D0%BE%D1%81%D1%82%D1%8C%20%D0%B7%D0%BD%D0%B0%D0%BA%D0%BE%D0%B2%20%D0%B7%D0%BE%D0%B4%D0%B8%D0%B0%D0%BA%D0%B0,evidence/wordstat/wordstat-live-raw.json,VALID_LIVE_WORDSTAT,"External Yandex demand proxy, not RuStore internal search volume."
broad-558,совместимость знаков зодиака,совместимость знаков зодиака,broad,158,лев совместимость с другими знаками зодиака,366,Россия,225,Смартфоны,ru,2026-07-29T18:50:58.010Z,https://wordstat.yandex.ru/?region=225&view=table&words=%D1%81%D0%BE%D0%B2%D0%BC%D0%B5%D1%81%D1%82%D0%B8%D0%BC%D0%BE%D1%81%D1%82%D1%8C%20%D0%B7%D0%BD%D0%B0%D0%BA%D0%BE%D0%B2%20%D0%B7%D0%BE%D0%B4%D0%B8%D0%B0%D0%BA%D0%B0,evidence/wordstat/wordstat-live-raw.json,VALID_LIVE_WORDSTAT,"External Yandex demand proxy, not RuStore internal search volume."
broad-559,совместимость знаков зодиака,совместимость знаков зодиака,broad,159,совместимость знаков зодиака козерог и скорпион,365,Россия,225,Смартфоны,ru,2026-07-29T18:50:58.010Z,https://wordstat.yandex.ru/?region=225&view=table&words=%D1%81%D0%BE%D0%B2%D0%BC%D0%B5%D1%81%D1%82%D0%B8%D0%BC%D0%BE%D1%81%D1%82%D1%8C%20%D0%B7%D0%BD%D0%B0%D0%BA%D0%BE%D0%B2%20%D0%B7%D0%BE%D0%B4%D0%B8%D0%B0%D0%BA%D0%B0,evidence/wordstat/wordstat-live-raw.json,VALID_LIVE_WORDSTAT,"External Yandex demand proxy, not RuStore internal search volume."
broad-560,совместимость знаков зодиака,совместимость знаков зодиака,broad,160,совместимость знаков зодиака рак и телец,357,Россия,225,Смартфоны,ru,2026-07-29T18:50:58.010Z,https://wordstat.yandex.ru/?region=225&view=table&words=%D1%81%D0%BE%D0%B2%D0%BC%D0%B5%D1%81%D1%82%D0%B8%D0%BC%D0%BE%D1%81%D1%82%D1%8C%20%D0%B7%D0%BD%D0%B0%D0%BA%D0%BE%D0%B2%20%D0%B7%D0%BE%D0%B4%D0%B8%D0%B0%D0%BA%D0%B0,evidence/wordstat/wordstat-live-raw.json,VALID_LIVE_WORDSTAT,"External Yandex demand proxy, not RuStore internal search volume."
broad-561,совместимость знаков зодиака,совместимость знаков зодиака,broad,161,совместимость знаков зодиака онлайн,356,Россия,225,Смартфоны,ru,2026-07-29T18:50:58.010Z,https://wordstat.yandex.ru/?region=225&view=table&words=%D1%81%D0%BE%D0%B2%D0%BC%D0%B5%D1%81%D1%82%D0%B8%D0%BC%D0%BE%D1%81%D1%82%D1%8C%20%D0%B7%D0%BD%D0%B0%D0%BA%D0%BE%D0%B2%20%D0%B7%D0%BE%D0%B4%D0%B8%D0%B0%D0%BA%D0%B0,evidence/wordstat/wordstat-live-raw.json,VALID_LIVE_WORDSTAT,"External Yandex demand proxy, not RuStore internal search volume."
broad-562,совместимость знаков зодиака,совместимость знаков зодиака,broad,162,совместимость знаков зодиака телец и водолей,355,Россия,225,Смартфоны,ru,2026-07-29T18:50:58.010Z,https://wordstat.yandex.ru/?region=225&view=table&words=%D1%81%D0%BE%D0%B2%D0%BC%D0%B5%D1%81%D1%82%D0%B8%D0%BC%D0%BE%D1%81%D1%82%D1%8C%20%D0%B7%D0%BD%D0%B0%D0%BA%D0%BE%D0%B2%20%D0%B7%D0%BE%D0%B4%D0%B8%D0%B0%D0%BA%D0%B0,evidence/wordstat/wordstat-live-raw.json,VALID_LIVE_WORDSTAT,"External Yandex demand proxy, not RuStore internal search volume."
broad-563,совместимость знаков зодиака,совместимость знаков зодиака,broad,163,таблица совместимости знаков зодиака в браке,353,Россия,225,Смартфоны,ru,2026-07-29T18:50:58.010Z,https://wordstat.yandex.ru/?region=225&view=table&words=%D1%81%D0%BE%D0%B2%D0%BC%D0%B5%D1%81%D1%82%D0%B8%D0%BC%D0%BE%D1%81%D1%82%D1%8C%20%D0%B7%D0%BD%D0%B0%D0%BA%D0%BE%D0%B2%20%D0%B7%D0%BE%D0%B4%D0%B8%D0%B0%D0%BA%D0%B0,evidence/wordstat/wordstat-live-raw.json,VALID_LIVE_WORDSTAT,"External Yandex demand proxy, not RuStore internal search volume."
broad-564,совместимость знаков зодиака,совместимость знаков зодиака,broad,164,совместимость знаков зодиака овен и лев,350,Россия,225,Смартфоны,ru,2026-07-29T18:50:58.010Z,https://wordstat.yandex.ru/?region=225&view=table&words=%D1%81%D0%BE%D0%B2%D0%BC%D0%B5%D1%81%D1%82%D0%B8%D0%BC%D0%BE%D1%81%D1%82%D1%8C%20%D0%B7%D0%BD%D0%B0%D0%BA%D0%BE%D0%B2%20%D0%B7%D0%BE%D0%B4%D0%B8%D0%B0%D0%BA%D0%B0,evidence/wordstat/wordstat-live-raw.json,VALID_LIVE_WORDSTAT,"External Yandex demand proxy, not RuStore internal search volume."
broad-565,совместимость знаков зодиака,совместимость знаков зодиака,broad,165,совместимость знаков зодиака по дате бесплатно,345,Россия,225,Смартфоны,ru,2026-07-29T18:50:58.010Z,https://wordstat.yandex.ru/?region=225&view=table&words=%D1%81%D0%BE%D0%B2%D0%BC%D0%B5%D1%81%D1%82%D0%B8%D0%BC%D0%BE%D1%81%D1%82%D1%8C%20%D0%B7%D0%BD%D0%B0%D0%BA%D0%BE%D0%B2%20%D0%B7%D0%BE%D0%B4%D0%B8%D0%B0%D0%BA%D0%B0,evidence/wordstat/wordstat-live-raw.json,VALID_LIVE_WORDSTAT,"External Yandex demand proxy, not RuStore internal search volume."
broad-566,совместимость знаков зодиака,совместимость знаков зодиака,broad,166,совместимость знаков зодиака скорпион и близнецы,344,Россия,225,Смартфоны,ru,2026-07-29T18:50:58.010Z,https://wordstat.yandex.ru/?region=225&view=table&words=%D1%81%D0%BE%D0%B2%D0%BC%D0%B5%D1%81%D1%82%D0%B8%D0%BC%D0%BE%D1%81%D1%82%D1%8C%20%D0%B7%D0%BD%D0%B0%D0%BA%D0%BE%D0%B2%20%D0%B7%D0%BE%D0%B4%D0%B8%D0%B0%D0%BA%D0%B0,evidence/wordstat/wordstat-live-raw.json,VALID_LIVE_WORDSTAT,"External Yandex demand proxy, not RuStore internal search volume."
broad-567,совместимость знаков зодиака,совместимость знаков зодиака,broad,167,тест на совместимость знаков зодиака,338,Россия,225,Смартфоны,ru,2026-07-29T18:50:58.010Z,https://wordstat.yandex.ru/?region=225&view=table&words=%D1%81%D0%BE%D0%B2%D0%BC%D0%B5%D1%81%D1%82%D0%B8%D0%BC%D0%BE%D1%81%D1%82%D1%8C%20%D0%B7%D0%BD%D0%B0%D0%BA%D0%BE%D0%B2%20%D0%B7%D0%BE%D0%B4%D0%B8%D0%B0%D0%BA%D0%B0,evidence/wordstat/wordstat-live-raw.json,VALID_LIVE_WORDSTAT,"External Yandex demand proxy, not RuStore internal search volume."
broad-568,совместимость знаков зодиака,совместимость знаков зодиака,broad,168,знаки зодиака совместимость в отношениях весы,332,Россия,225,Смартфоны,ru,2026-07-29T18:50:58.010Z,https://wordstat.yandex.ru/?region=225&view=table&words=%D1%81%D0%BE%D0%B2%D0%BC%D0%B5%D1%81%D1%82%D0%B8%D0%BC%D0%BE%D1%81%D1%82%D1%8C%20%D0%B7%D0%BD%D0%B0%D0%BA%D0%BE%D0%B2%20%D0%B7%D0%BE%D0%B4%D0%B8%D0%B0%D0%BA%D0%B0,evidence/wordstat/wordstat-live-raw.json,VALID_LIVE_WORDSTAT,"External Yandex demand proxy, not RuStore internal search volume."
broad-569,совместимость знаков зодиака,совместимость знаков зодиака,broad,169,совместимость знаков зодиака по дате рождения бесплатно,331,Россия,225,Смартфоны,ru,2026-07-29T18:50:58.010Z,https://wordstat.yandex.ru/?region=225&view=table&words=%D1%81%D0%BE%D0%B2%D0%BC%D0%B5%D1%81%D1%82%D0%B8%D0%BC%D0%BE%D1%81%D1%82%D1%8C%20%D0%B7%D0%BD%D0%B0%D0%BA%D0%BE%D0%B2%20%D0%B7%D0%BE%D0%B4%D0%B8%D0%B0%D0%BA%D0%B0,evidence/wordstat/wordstat-live-raw.json,VALID_LIVE_WORDSTAT,"External Yandex demand proxy, not RuStore internal search volume."
broad-570,совместимость знаков зодиака,совместимость знаков зодиака,broad,170,совместимость знаков зодиака дева и рыбы,331,Россия,225,Смартфоны,ru,2026-07-29T18:50:58.010Z,https://wordstat.yandex.ru/?region=225&view=table&words=%D1%81%D0%BE%D0%B2%D0%BC%D0%B5%D1%81%D1%82%D0%B8%D0%BC%D0%BE%D1%81%D1%82%D1%8C%20%D0%B7%D0%BD%D0%B0%D0%BA%D0%BE%D0%B2%20%D0%B7%D0%BE%D0%B4%D0%B8%D0%B0%D0%BA%D0%B0,evidence/wordstat/wordstat-live-raw.json,VALID_LIVE_WORDSTAT,"External Yandex demand proxy, not RuStore internal search volume."
broad-571,совместимость знаков зодиака,совместимость знаков зодиака,broad,171,март знак зодиака совместимость,330,Россия,225,Смартфоны,ru,2026-07-29T18:50:58.010Z,https://wordstat.yandex.ru/?region=225&view=table&words=%D1%81%D0%BE%D0%B2%D0%BC%D0%B5%D1%81%D1%82%D0%B8%D0%BC%D0%BE%D1%81%D1%82%D1%8C%20%D0%B7%D0%BD%D0%B0%D0%BA%D0%BE%D0%B2%20%D0%B7%D0%BE%D0%B4%D0%B8%D0%B0%D0%BA%D0%B0,evidence/wordstat/wordstat-live-raw.json,VALID_LIVE_WORDSTAT,"External Yandex demand proxy, not RuStore internal search volume."
broad-572,совместимость знаков зодиака,совместимость знаков зодиака,broad,172,совместимость знаков зодиака телец и рыбы,329,Россия,225,Смартфоны,ru,2026-07-29T18:50:58.010Z,https://wordstat.yandex.ru/?region=225&view=table&words=%D1%81%D0%BE%D0%B2%D0%BC%D0%B5%D1%81%D1%82%D0%B8%D0%BC%D0%BE%D1%81%D1%82%D1%8C%20%D0%B7%D0%BD%D0%B0%D0%BA%D0%BE%D0%B2%20%D0%B7%D0%BE%D0%B4%D0%B8%D0%B0%D0%BA%D0%B0,evidence/wordstat/wordstat-live-raw.json,VALID_LIVE_WORDSTAT,"External Yandex demand proxy, not RuStore internal search volume."
broad-573,совместимость знаков зодиака,совместимость знаков зодиака,broad,173,процент совместимости знаков зодиака скорпион,328,Россия,225,Смартфоны,ru,2026-07-29T18:50:58.010Z,https://wordstat.yandex.ru/?region=225&view=table&words=%D1%81%D0%BE%D0%B2%D0%BC%D0%B5%D1%81%D1%82%D0%B8%D0%BC%D0%BE%D1%81%D1%82%D1%8C%20%D0%B7%D0%BD%D0%B0%D0%BA%D0%BE%D0%B2%20%D0%B7%D0%BE%D0%B4%D0%B8%D0%B0%D0%BA%D0%B0,evidence/wordstat/wordstat-live-raw.json,VALID_LIVE_WORDSTAT,"External Yandex demand proxy, not RuStore internal search volume."
broad-574,совместимость знаков зодиака,совместимость знаков зодиака,broad,174,совместимость знаков зодиака овен и близнецы,328,Россия,225,Смартфоны,ru,2026-07-29T18:50:58.010Z,https://wordstat.yandex.ru/?region=225&view=table&words=%D1%81%D0%BE%D0%B2%D0%BC%D0%B5%D1%81%D1%82%D0%B8%D0%BC%D0%BE%D1%81%D1%82%D1%8C%20%D0%B7%D0%BD%D0%B0%D0%BA%D0%BE%D0%B2%20%D0%B7%D0%BE%D0%B4%D0%B8%D0%B0%D0%BA%D0%B0,evidence/wordstat/wordstat-live-raw.json,VALID_LIVE_WORDSTAT,"External Yandex demand proxy, not RuStore internal search volume."
broad-575,совместимость знаков зодиака,совместимость знаков зодиака,broad,175,совместимость знаков зодиака овен и стрелец,324,Россия,225,Смартфоны,ru,2026-07-29T18:50:58.010Z,https://wordstat.yandex.ru/?region=225&view=table&words=%D1%81%D0%BE%D0%B2%D0%BC%D0%B5%D1%81%D1%82%D0%B8%D0%BC%D0%BE%D1%81%D1%82%D1%8C%20%D0%B7%D0%BD%D0%B0%D0%BA%D0%BE%D0%B2%20%D0%B7%D0%BE%D0%B4%D0%B8%D0%B0%D0%BA%D0%B0,evidence/wordstat/wordstat-live-raw.json,VALID_LIVE_WORDSTAT,"External Yandex demand proxy, not RuStore internal search volume."
broad-576,совместимость знаков зодиака,совместимость знаков зодиака,broad,176,совместимость знаков зодиака овен и рыбы,323,Россия,225,Смартфоны,ru,2026-07-29T18:50:58.010Z,https://wordstat.yandex.ru/?region=225&view=table&words=%D1%81%D0%BE%D0%B2%D0%BC%D0%B5%D1%81%D1%82%D0%B8%D0%BC%D0%BE%D1%81%D1%82%D1%8C%20%D0%B7%D0%BD%D0%B0%D0%BA%D0%BE%D0%B2%20%D0%B7%D0%BE%D0%B4%D0%B8%D0%B0%D0%BA%D0%B0,evidence/wordstat/wordstat-live-raw.json,VALID_LIVE_WORDSTAT,"External Yandex demand proxy, not RuStore internal search volume."
broad-577,совместимость знаков зодиака,совместимость знаков зодиака,broad,177,совместимость знаков зодиака овен и рак,323,Россия,225,Смартфоны,ru,2026-07-29T18:50:58.010Z,https://wordstat.yandex.ru/?region=225&view=table&words=%D1%81%D0%BE%D0%B2%D0%BC%D0%B5%D1%81%D1%82%D0%B8%D0%BC%D0%BE%D1%81%D1%82%D1%8C%20%D0%B7%D0%BD%D0%B0%D0%BA%D0%BE%D0%B2%20%D0%B7%D0%BE%D0%B4%D0%B8%D0%B0%D0%BA%D0%B0,evidence/wordstat/wordstat-live-raw.json,VALID_LIVE_WORDSTAT,"External Yandex demand proxy, not RuStore internal search volume."
broad-578,совместимость знаков зодиака,совместимость знаков зодиака,broad,178,совместимость знаков зодиака девушка близнецы,322,Россия,225,Смартфоны,ru,2026-07-29T18:50:58.010Z,https://wordstat.yandex.ru/?region=225&view=table&words=%D1%81%D0%BE%D0%B2%D0%BC%D0%B5%D1%81%D1%82%D0%B8%D0%BC%D0%BE%D1%81%D1%82%D1%8C%20%D0%B7%D0%BD%D0%B0%D0%BA%D0%BE%D0%B2%20%D0%B7%D0%BE%D0%B4%D0%B8%D0%B0%D0%BA%D0%B0,evidence/wordstat/wordstat-live-raw.json,VALID_LIVE_WORDSTAT,"External Yandex demand proxy, not RuStore internal search volume."
broad-579,совместимость знаков зодиака,совместимость знаков зодиака,broad,179,декабрь знак зодиака совместимость,322,Россия,225,Смартфоны,ru,2026-07-29T18:50:58.010Z,https://wordstat.yandex.ru/?region=225&view=table&words=%D1%81%D0%BE%D0%B2%D0%BC%D0%B5%D1%81%D1%82%D0%B8%D0%BC%D0%BE%D1%81%D1%82%D1%8C%20%D0%B7%D0%BD%D0%B0%D0%BA%D0%BE%D0%B2%20%D0%B7%D0%BE%D0%B4%D0%B8%D0%B0%D0%BA%D0%B0,evidence/wordstat/wordstat-live-raw.json,VALID_LIVE_WORDSTAT,"External Yandex demand proxy, not RuStore internal search volume."
broad-580,совместимость знаков зодиака,совместимость знаков зодиака,broad,180,совместимость знака зодиака рак девушка,321,Россия,225,Смартфоны,ru,2026-07-29T18:50:58.010Z,https://wordstat.yandex.ru/?region=225&view=table&words=%D1%81%D0%BE%D0%B2%D0%BC%D0%B5%D1%81%D1%82%D0%B8%D0%BC%D0%BE%D1%81%D1%82%D1%8C%20%D0%B7%D0%BD%D0%B0%D0%BA%D0%BE%D0%B2%20%D0%B7%D0%BE%D0%B4%D0%B8%D0%B0%D0%BA%D0%B0,evidence/wordstat/wordstat-live-raw.json,VALID_LIVE_WORDSTAT,"External Yandex demand proxy, not RuStore internal search volume."
broad-581,совместимость знаков зодиака,совместимость знаков зодиака,broad,181,близнецы совместимость с другими знаками зодиака,316,Россия,225,Смартфоны,ru,2026-07-29T18:50:58.010Z,https://wordstat.yandex.ru/?region=225&view=table&words=%D1%81%D0%BE%D0%B2%D0%BC%D0%B5%D1%81%D1%82%D0%B8%D0%BC%D0%BE%D1%81%D1%82%D1%8C%20%D0%B7%D0%BD%D0%B0%D0%BA%D0%BE%D0%B2%20%D0%B7%D0%BE%D0%B4%D0%B8%D0%B0%D0%BA%D0%B0,evidence/wordstat/wordstat-live-raw.json,VALID_LIVE_WORDSTAT,"External Yandex demand proxy, not RuStore internal search volume."
broad-582,совместимость знаков зодиака,совместимость знаков зодиака,broad,182,совместимость знаков зодиака дева и близнецы,316,Россия,225,Смартфоны,ru,2026-07-29T18:50:58.010Z,https://wordstat.yandex.ru/?region=225&view=table&words=%D1%81%D0%BE%D0%B2%D0%BC%D0%B5%D1%81%D1%82%D0%B8%D0%BC%D0%BE%D1%81%D1%82%D1%8C%20%D0%B7%D0%BD%D0%B0%D0%BA%D0%BE%D0%B2%20%D0%B7%D0%BE%D0%B4%D0%B8%D0%B0%D0%BA%D0%B0,evidence/wordstat/wordstat-live-raw.json,VALID_LIVE_WORDSTAT,"External Yandex demand proxy, not RuStore internal search volume."
broad-583,совместимость знаков зодиака,совместимость знаков зодиака,broad,183,знаки зодиака совместимость в отношениях скорпион,314,Россия,225,Смартфоны,ru,2026-07-29T18:50:58.010Z,https://wordstat.yandex.ru/?region=225&view=table&words=%D1%81%D0%BE%D0%B2%D0%BC%D0%B5%D1%81%D1%82%D0%B8%D0%BC%D0%BE%D1%81%D1%82%D1%8C%20%D0%B7%D0%BD%D0%B0%D0%BA%D0%BE%D0%B2%20%D0%B7%D0%BE%D0%B4%D0%B8%D0%B0%D0%BA%D0%B0,evidence/wordstat/wordstat-live-raw.json,VALID_LIVE_WORDSTAT,"External Yandex demand proxy, not RuStore internal search volume."
broad-584,совместимость знаков зодиака,совместимость знаков зодиака,broad,184,рыбы знак зодиака характеристика совместимость,313,Россия,225,Смартфоны,ru,2026-07-29T18:50:58.010Z,https://wordstat.yandex.ru/?region=225&view=table&words=%D1%81%D0%BE%D0%B2%D0%BC%D0%B5%D1%81%D1%82%D0%B8%D0%BC%D0%BE%D1%81%D1%82%D1%8C%20%D0%B7%D0%BD%D0%B0%D0%BA%D0%BE%D0%B2%20%D0%B7%D0%BE%D0%B4%D0%B8%D0%B0%D0%BA%D0%B0,evidence/wordstat/wordstat-live-raw.json,VALID_LIVE_WORDSTAT,"External Yandex demand proxy, not RuStore internal search volume."
broad-585,совместимость знаков зодиака,совместимость знаков зодиака,broad,185,апрель знак зодиака совместимость,312,Россия,225,Смартфоны,ru,2026-07-29T18:50:58.010Z,https://wordstat.yandex.ru/?region=225&view=table&words=%D1%81%D0%BE%D0%B2%D0%BC%D0%B5%D1%81%D1%82%D0%B8%D0%BC%D0%BE%D1%81%D1%82%D1%8C%20%D0%B7%D0%BD%D0%B0%D0%BA%D0%BE%D0%B2%20%D0%B7%D0%BE%D0%B4%D0%B8%D0%B0%D0%BA%D0%B0,evidence/wordstat/wordstat-live-raw.json,VALID_LIVE_WORDSTAT,"External Yandex demand proxy, not RuStore internal search volume."
broad-586,совместимость знаков зодиака,совместимость знаков зодиака,broad,186,май знак зодиака совместимость,311,Россия,225,Смартфоны,ru,2026-07-29T18:50:58.010Z,https://wordstat.yandex.ru/?region=225&view=table&words=%D1%81%D0%BE%D0%B2%D0%BC%D0%B5%D1%81%D1%82%D0%B8%D0%BC%D0%BE%D1%81%D1%82%D1%8C%20%D0%B7%D0%BD%D0%B0%D0%BA%D0%BE%D0%B2%20%D0%B7%D0%BE%D0%B4%D0%B8%D0%B0%D0%BA%D0%B0,evidence/wordstat/wordstat-live-raw.json,VALID_LIVE_WORDSTAT,"External Yandex demand proxy, not RuStore internal search volume."
broad-587,совместимость знаков зодиака,совместимость знаков зодиака,broad,187,совместимость знаков зодиака сколько процентов,311,Россия,225,Смартфоны,ru,2026-07-29T18:50:58.010Z,https://wordstat.yandex.ru/?region=225&view=table&words=%D1%81%D0%BE%D0%B2%D0%BC%D0%B5%D1%81%D1%82%D0%B8%D0%BC%D0%BE%D1%81%D1%82%D1%8C%20%D0%B7%D0%BD%D0%B0%D0%BA%D0%BE%D0%B2%20%D0%B7%D0%BE%D0%B4%D0%B8%D0%B0%D0%BA%D0%B0,evidence/wordstat/wordstat-live-raw.json,VALID_LIVE_WORDSTAT,"External Yandex demand proxy, not RuStore internal search volume."
broad-588,совместимость знаков зодиака,совместимость знаков зодиака,broad,188,совместимость знаков зодиака лев и телец,311,Россия,225,Смартфоны,ru,2026-07-29T18:50:58.010Z,https://wordstat.yandex.ru/?region=225&view=table&words=%D1%81%D0%BE%D0%B2%D0%BC%D0%B5%D1%81%D1%82%D0%B8%D0%BC%D0%BE%D1%81%D1%82%D1%8C%20%D0%B7%D0%BD%D0%B0%D0%BA%D0%BE%D0%B2%20%D0%B7%D0%BE%D0%B4%D0%B8%D0%B0%D0%BA%D0%B0,evidence/wordstat/wordstat-live-raw.json,VALID_LIVE_WORDSTAT,"External Yandex demand proxy, not RuStore internal search volume."
broad-589,совместимость знаков зодиака,совместимость знаков зодиака,broad,189,совместимость знаков зодиака стрелец и козерог,311,Россия,225,Смартфоны,ru,2026-07-29T18:50:58.010Z,https://wordstat.yandex.ru/?region=225&view=table&words=%D1%81%D0%BE%D0%B2%D0%BC%D0%B5%D1%81%D1%82%D0%B8%D0%BC%D0%BE%D1%81%D1%82%D1%8C%20%D0%B7%D0%BD%D0%B0%D0%BA%D0%BE%D0%B2%20%D0%B7%D0%BE%D0%B4%D0%B8%D0%B0%D0%BA%D0%B0,evidence/wordstat/wordstat-live-raw.json,VALID_LIVE_WORDSTAT,"External Yandex demand proxy, not RuStore internal search volume."
broad-590,совместимость знаков зодиака,совместимость знаков зодиака,broad,190,телец совместимость с другими знаками зодиака,309,Россия,225,Смартфоны,ru,2026-07-29T18:50:58.010Z,https://wordstat.yandex.ru/?region=225&view=table&words=%D1%81%D0%BE%D0%B2%D0%BC%D0%B5%D1%81%D1%82%D0%B8%D0%BC%D0%BE%D1%81%D1%82%D1%8C%20%D0%B7%D0%BD%D0%B0%D0%BA%D0%BE%D0%B2%20%D0%B7%D0%BE%D0%B4%D0%B8%D0%B0%D0%BA%D0%B0,evidence/wordstat/wordstat-live-raw.json,VALID_LIVE_WORDSTAT,"External Yandex demand proxy, not RuStore internal search volume."
broad-591,совместимость знаков зодиака,совместимость знаков зодиака,broad,191,проценты совместимости знаков зодиака в любви,308,Россия,225,Смартфоны,ru,2026-07-29T18:50:58.010Z,https://wordstat.yandex.ru/?region=225&view=table&words=%D1%81%D0%BE%D0%B2%D0%BC%D0%B5%D1%81%D1%82%D0%B8%D0%BC%D0%BE%D1%81%D1%82%D1%8C%20%D0%B7%D0%BD%D0%B0%D0%BA%D0%BE%D0%B2%20%D0%B7%D0%BE%D0%B4%D0%B8%D0%B0%D0%BA%D0%B0,evidence/wordstat/wordstat-live-raw.json,VALID_LIVE_WORDSTAT,"External Yandex demand proxy, not RuStore internal search volume."
broad-592,совместимость знаков зодиака,совместимость знаков зодиака,broad,192,совместимость знаков зодиака телец и скорпион,306,Россия,225,Смартфоны,ru,2026-07-29T18:50:58.010Z,https://wordstat.yandex.ru/?region=225&view=table&words=%D1%81%D0%BE%D0%B2%D0%BC%D0%B5%D1%81%D1%82%D0%B8%D0%BC%D0%BE%D1%81%D1%82%D1%8C%20%D0%B7%D0%BD%D0%B0%D0%BA%D0%BE%D0%B2%20%D0%B7%D0%BE%D0%B4%D0%B8%D0%B0%D0%BA%D0%B0,evidence/wordstat/wordstat-live-raw.json,VALID_LIVE_WORDSTAT,"External Yandex demand proxy, not RuStore internal search volume."
broad-593,совместимость знаков зодиака,совместимость знаков зодиака,broad,193,дева знак зодиака характеристика совместимость,306,Россия,225,Смартфоны,ru,2026-07-29T18:50:58.010Z,https://wordstat.yandex.ru/?region=225&view=table&words=%D1%81%D0%BE%D0%B2%D0%BC%D0%B5%D1%81%D1%82%D0%B8%D0%BC%D0%BE%D1%81%D1%82%D1%8C%20%D0%B7%D0%BD%D0%B0%D0%BA%D0%BE%D0%B2%20%D0%B7%D0%BE%D0%B4%D0%B8%D0%B0%D0%BA%D0%B0,evidence/wordstat/wordstat-live-raw.json,VALID_LIVE_WORDSTAT,"External Yandex demand proxy, not RuStore internal search volume."
broad-594,совместимость знаков зодиака,совместимость знаков зодиака,broad,194,совместимость знаков зодиака козерог и рак,299,Россия,225,Смартфоны,ru,2026-07-29T18:50:58.010Z,https://wordstat.yandex.ru/?region=225&view=table&words=%D1%81%D0%BE%D0%B2%D0%BC%D0%B5%D1%81%D1%82%D0%B8%D0%BC%D0%BE%D1%81%D1%82%D1%8C%20%D0%B7%D0%BD%D0%B0%D0%BA%D0%BE%D0%B2%20%D0%B7%D0%BE%D0%B4%D0%B8%D0%B0%D0%BA%D0%B0,evidence/wordstat/wordstat-live-raw.json,VALID_LIVE_WORDSTAT,"External Yandex demand proxy, not RuStore internal search volume."
broad-595,совместимость знаков зодиака,совместимость знаков зодиака,broad,195,совместимость знаков зодиака скорпион и стрелец,298,Россия,225,Смартфоны,ru,2026-07-29T18:50:58.010Z,https://wordstat.yandex.ru/?region=225&view=table&words=%D1%81%D0%BE%D0%B2%D0%BC%D0%B5%D1%81%D1%82%D0%B8%D0%BC%D0%BE%D1%81%D1%82%D1%8C%20%D0%B7%D0%BD%D0%B0%D0%BA%D0%BE%D0%B2%20%D0%B7%D0%BE%D0%B4%D0%B8%D0%B0%D0%BA%D0%B0,evidence/wordstat/wordstat-live-raw.json,VALID_LIVE_WORDSTAT,"External Yandex demand proxy, not RuStore internal search volume."
broad-596,совместимость знаков зодиака,совместимость знаков зодиака,broad,196,даты знаков зодиака по годам совместимость,297,Россия,225,Смартфоны,ru,2026-07-29T18:50:58.010Z,https://wordstat.yandex.ru/?region=225&view=table&words=%D1%81%D0%BE%D0%B2%D0%BC%D0%B5%D1%81%D1%82%D0%B8%D0%BC%D0%BE%D1%81%D1%82%D1%8C%20%D0%B7%D0%BD%D0%B0%D0%BA%D0%BE%D0%B2%20%D0%B7%D0%BE%D0%B4%D0%B8%D0%B0%D0%BA%D0%B0,evidence/wordstat/wordstat-live-raw.json,VALID_LIVE_WORDSTAT,"External Yandex demand proxy, not RuStore internal search volume."
broad-597,совместимость знаков зодиака,совместимость знаков зодиака,broad,197,знаки зодиака совместимость в отношениях стрелец,296,Россия,225,Смартфоны,ru,2026-07-29T18:50:58.010Z,https://wordstat.yandex.ru/?region=225&view=table&words=%D1%81%D0%BE%D0%B2%D0%BC%D0%B5%D1%81%D1%82%D0%B8%D0%BC%D0%BE%D1%81%D1%82%D1%8C%20%D0%B7%D0%BD%D0%B0%D0%BA%D0%BE%D0%B2%20%D0%B7%D0%BE%D0%B4%D0%B8%D0%B0%D0%BA%D0%B0,evidence/wordstat/wordstat-live-raw.json,VALID_LIVE_WORDSTAT,"External Yandex demand proxy, not RuStore internal search volume."
broad-598,совместимость знаков зодиака,совместимость знаков зодиака,broad,198,совместимость знаков зодиака рыбы и скорпион,295,Россия,225,Смартфоны,ru,2026-07-29T18:50:58.010Z,https://wordstat.yandex.ru/?region=225&view=table&words=%D1%81%D0%BE%D0%B2%D0%BC%D0%B5%D1%81%D1%82%D0%B8%D0%BC%D0%BE%D1%81%D1%82%D1%8C%20%D0%B7%D0%BD%D0%B0%D0%BA%D0%BE%D0%B2%20%D0%B7%D0%BE%D0%B4%D0%B8%D0%B0%D0%BA%D0%B0,evidence/wordstat/wordstat-live-raw.json,VALID_LIVE_WORDSTAT,"External Yandex demand proxy, not RuStore internal search volume."
broad-599,совместимость знаков зодиака,совместимость знаков зодиака,broad,199,знаки зодиака по месяцам совместимость,295,Россия,225,Смартфоны,ru,2026-07-29T18:50:58.010Z,https://wordstat.yandex.ru/?region=225&view=table&words=%D1%81%D0%BE%D0%B2%D0%BC%D0%B5%D1%81%D1%82%D0%B8%D0%BC%D0%BE%D1%81%D1%82%D1%8C%20%D0%B7%D0%BD%D0%B0%D0%BA%D0%BE%D0%B2%20%D0%B7%D0%BE%D0%B4%D0%B8%D0%B0%D0%BA%D0%B0,evidence/wordstat/wordstat-live-raw.json,VALID_LIVE_WORDSTAT,"External Yandex demand proxy, not RuStore internal search volume."
broad-600,совместимость знаков зодиака,совместимость знаков зодиака,broad,200,совместимость знаков зодиака водолей и овен,292,Россия,225,Смартфоны,ru,2026-07-29T18:50:58.010Z,https://wordstat.yandex.ru/?region=225&view=table&words=%D1%81%D0%BE%D0%B2%D0%BC%D0%B5%D1%81%D1%82%D0%B8%D0%BC%D0%BE%D1%81%D1%82%D1%8C%20%D0%B7%D0%BD%D0%B0%D0%BA%D0%BE%D0%B2%20%D0%B7%D0%BE%D0%B4%D0%B8%D0%B0%D0%BA%D0%B0,evidence/wordstat/wordstat-live-raw.json,VALID_LIVE_WORDSTAT,"External Yandex demand proxy, not RuStore internal search volume."
broad-601,синастрия,синастрия,broad,1,синастрия,50833,Россия,225,Смартфоны,ru,2026-07-29T18:51:00.129Z,https://wordstat.yandex.ru/?region=225&view=table&words=%D1%81%D0%B8%D0%BD%D0%B0%D1%81%D1%82%D1%80%D0%B8%D1%8F,evidence/wordstat/wordstat-live-raw.json,VALID_LIVE_WORDSTAT,"External Yandex demand proxy, not RuStore internal search volume."
broad-602,синастрия,синастрия,broad,2,синастрия соединение,8646,Россия,225,Смартфоны,ru,2026-07-29T18:51:00.129Z,https://wordstat.yandex.ru/?region=225&view=table&words=%D1%81%D0%B8%D0%BD%D0%B0%D1%81%D1%82%D1%80%D0%B8%D1%8F,evidence/wordstat/wordstat-live-raw.json,VALID_LIVE_WORDSTAT,"External Yandex demand proxy, not RuStore internal search volume."
broad-603,синастрия,синастрия,broad,3,синастрия онлайн,8509,Россия,225,Смартфоны,ru,2026-07-29T18:51:00.129Z,https://wordstat.yandex.ru/?region=225&view=table&words=%D1%81%D0%B8%D0%BD%D0%B0%D1%81%D1%82%D1%80%D0%B8%D1%8F,evidence/wordstat/wordstat-live-raw.json,VALID_LIVE_WORDSTAT,"External Yandex demand proxy, not RuStore internal search volume."
broad-604,синастрия,синастрия,broad,4,венера в синастрии,5843,Россия,225,Смартфоны,ru,2026-07-29T18:51:00.129Z,https://wordstat.yandex.ru/?region=225&view=table&words=%D1%81%D0%B8%D0%BD%D0%B0%D1%81%D1%82%D1%80%D0%B8%D1%8F,evidence/wordstat/wordstat-live-raw.json,VALID_LIVE_WORDSTAT,"External Yandex demand proxy, not RuStore internal search volume."
broad-605,синастрия,синастрия,broad,5,синастрии луна,5778,Россия,225,Смартфоны,ru,2026-07-29T18:51:00.129Z,https://wordstat.yandex.ru/?region=225&view=table&words=%D1%81%D0%B8%D0%BD%D0%B0%D1%81%D1%82%D1%80%D0%B8%D1%8F,evidence/wordstat/wordstat-live-raw.json,VALID_LIVE_WORDSTAT,"External Yandex demand proxy, not RuStore internal search volume."
broad-606,синастрия,синастрия,broad,6,доме синастрии,5418,Россия,225,Смартфоны,ru,2026-07-29T18:51:00.129Z,https://wordstat.yandex.ru/?region=225&view=table&words=%D1%81%D0%B8%D0%BD%D0%B0%D1%81%D1%82%D1%80%D0%B8%D1%8F,evidence/wordstat/wordstat-live-raw.json,VALID_LIVE_WORDSTAT,"External Yandex demand proxy, not RuStore internal search volume."
broad-607,синастрия,синастрия,broad,7,синастрия солнце,4830,Россия,225,Смартфоны,ru,2026-07-29T18:51:00.129Z,https://wordstat.yandex.ru/?region=225&view=table&words=%D1%81%D0%B8%D0%BD%D0%B0%D1%81%D1%82%D1%80%D0%B8%D1%8F,evidence/wordstat/wordstat-live-raw.json,VALID_LIVE_WORDSTAT,"External Yandex demand proxy, not RuStore internal search volume."
broad-608,синастрия,синастрия,broad,8,синастрия мужчины женщины,4505,Россия,225,Смартфоны,ru,2026-07-29T18:51:00.129Z,https://wordstat.yandex.ru/?region=225&view=table&words=%D1%81%D0%B8%D0%BD%D0%B0%D1%81%D1%82%D1%80%D0%B8%D1%8F,evidence/wordstat/wordstat-live-raw.json,VALID_LIVE_WORDSTAT,"External Yandex demand proxy, not RuStore internal search volume."
broad-609,синастрия,синастрия,broad,9,синастрии марса,4478,Россия,225,Смартфоны,ru,2026-07-29T18:51:00.129Z,https://wordstat.yandex.ru/?region=225&view=table&words=%D1%81%D0%B8%D0%BD%D0%B0%D1%81%D1%82%D1%80%D0%B8%D1%8F,evidence/wordstat/wordstat-live-raw.json,VALID_LIVE_WORDSTAT,"External Yandex demand proxy, not RuStore internal search volume."
broad-610,синастрия,синастрия,broad,10,плутон в синастрии,3187,Россия,225,Смартфоны,ru,2026-07-29T18:51:00.129Z,https://wordstat.yandex.ru/?region=225&view=table&words=%D1%81%D0%B8%D0%BD%D0%B0%D1%81%D1%82%D1%80%D0%B8%D1%8F,evidence/wordstat/wordstat-live-raw.json,VALID_LIVE_WORDSTAT,"External Yandex demand proxy, not RuStore internal search volume."
broad-611,синастрия,синастрия,broad,11,лилит в синастрии,3149,Россия,225,Смартфоны,ru,2026-07-29T18:51:00.129Z,https://wordstat.yandex.ru/?region=225&view=table&words=%D1%81%D0%B8%D0%BD%D0%B0%D1%81%D1%82%D1%80%D0%B8%D1%8F,evidence/wordstat/wordstat-live-raw.json,VALID_LIVE_WORDSTAT,"External Yandex demand proxy, not RuStore internal search volume."
broad-612,синастрия,синастрия,broad,12,синастрия квадрат,3117,Россия,225,Смартфоны,ru,2026-07-29T18:51:00.129Z,https://wordstat.yandex.ru/?region=225&view=table&words=%D1%81%D0%B8%D0%BD%D0%B0%D1%81%D1%82%D1%80%D0%B8%D1%8F,evidence/wordstat/wordstat-live-raw.json,VALID_LIVE_WORDSTAT,"External Yandex demand proxy, not RuStore internal search volume."
broad-613,синастрия,синастрия,broad,13,сатурн синастрия,2288,Россия,225,Смартфоны,ru,2026-07-29T18:51:00.129Z,https://wordstat.yandex.ru/?region=225&view=table&words=%D1%81%D0%B8%D0%BD%D0%B0%D1%81%D1%82%D1%80%D0%B8%D1%8F,evidence/wordstat/wordstat-live-raw.json,VALID_LIVE_WORDSTAT,"External Yandex demand proxy, not RuStore internal search volume."
broad-614,синастрия,синастрия,broad,14,синастрия партнеров,2102,Россия,225,Смартфоны,ru,2026-07-29T18:51:00.129Z,https://wordstat.yandex.ru/?region=225&view=table&words=%D1%81%D0%B8%D0%BD%D0%B0%D1%81%D1%82%D1%80%D0%B8%D1%8F,evidence/wordstat/wordstat-live-raw.json,VALID_LIVE_WORDSTAT,"External Yandex demand proxy, not RuStore internal search volume."
broad-615,синастрия,синастрия,broad,15,оппозиция в синастрии,1978,Россия,225,Смартфоны,ru,2026-07-29T18:51:00.129Z,https://wordstat.yandex.ru/?region=225&view=table&words=%D1%81%D0%B8%D0%BD%D0%B0%D1%81%D1%82%D1%80%D0%B8%D1%8F,evidence/wordstat/wordstat-live-raw.json,VALID_LIVE_WORDSTAT,"External Yandex demand proxy, not RuStore internal search volume."
broad-616,синастрия,синастрия,broad,16,синастрия карта,1907,Россия,225,Смартфоны,ru,2026-07-29T18:51:00.129Z,https://wordstat.yandex.ru/?region=225&view=table&words=%D1%81%D0%B8%D0%BD%D0%B0%D1%81%D1%82%D1%80%D0%B8%D1%8F,evidence/wordstat/wordstat-live-raw.json,VALID_LIVE_WORDSTAT,"External Yandex demand proxy, not RuStore internal search volume."
broad-617,синастрия,синастрия,broad,17,натальная синастрия,1729,Россия,225,Смартфоны,ru,2026-07-29T18:51:00.129Z,https://wordstat.yandex.ru/?region=225&view=table&words=%D1%81%D0%B8%D0%BD%D0%B0%D1%81%D1%82%D1%80%D0%B8%D1%8F,evidence/wordstat/wordstat-live-raw.json,VALID_LIVE_WORDSTAT,"External Yandex demand proxy, not RuStore internal search volume."
broad-618,синастрия,синастрия,broad,18,солнце соединение солнце синастрии,1703,Россия,225,Смартфоны,ru,2026-07-29T18:51:00.129Z,https://wordstat.yandex.ru/?region=225&view=table&words=%D1%81%D0%B8%D0%BD%D0%B0%D1%81%D1%82%D1%80%D0%B8%D1%8F,evidence/wordstat/wordstat-live-raw.json,VALID_LIVE_WORDSTAT,"External Yandex demand proxy, not RuStore internal search volume."
broad-619,синастрия,синастрия,broad,19,соединение лун в синастрии,1682,Россия,225,Смартфоны,ru,2026-07-29T18:51:00.129Z,https://wordstat.yandex.ru/?region=225&view=table&words=%D1%81%D0%B8%D0%BD%D0%B0%D1%81%D1%82%D1%80%D0%B8%D1%8F,evidence/wordstat/wordstat-live-raw.json,VALID_LIVE_WORDSTAT,"External Yandex demand proxy, not RuStore internal search volume."
broad-620,синастрия,синастрия,broad,20,натальная карта синастрия,1646,Россия,225,Смартфоны,ru,2026-07-29T18:51:00.129Z,https://wordstat.yandex.ru/?region=225&view=table&words=%D1%81%D0%B8%D0%BD%D0%B0%D1%81%D1%82%D1%80%D0%B8%D1%8F,evidence/wordstat/wordstat-live-raw.json,VALID_LIVE_WORDSTAT,"External Yandex demand proxy, not RuStore internal search volume."
broad-621,синастрия,синастрия,broad,21,синастрия рассчитать,1582,Россия,225,Смартфоны,ru,2026-07-29T18:51:00.129Z,https://wordstat.yandex.ru/?region=225&view=table&words=%D1%81%D0%B8%D0%BD%D0%B0%D1%81%D1%82%D1%80%D0%B8%D1%8F,evidence/wordstat/wordstat-live-raw.json,VALID_LIVE_WORDSTAT,"External Yandex demand proxy, not RuStore internal search volume."
broad-622,синастрия,синастрия,broad,22,аспекты в синастрии,1542,Россия,225,Смартфоны,ru,2026-07-29T18:51:00.129Z,https://wordstat.yandex.ru/?region=225&view=table&words=%D1%81%D0%B8%D0%BD%D0%B0%D1%81%D1%82%D1%80%D0%B8%D1%8F,evidence/wordstat/wordstat-live-raw.json,VALID_LIVE_WORDSTAT,"External Yandex demand proxy, not RuStore internal search volume."
broad-623,синастрия,синастрия,broad,23,синастрия нептуна,1501,Россия,225,Смартфоны,ru,2026-07-29T18:51:00.129Z,https://wordstat.yandex.ru/?region=225&view=table&words=%D1%81%D0%B8%D0%BD%D0%B0%D1%81%D1%82%D1%80%D0%B8%D1%8F,evidence/wordstat/wordstat-live-raw.json,VALID_LIVE_WORDSTAT,"External Yandex demand proxy, not RuStore internal search volume."
broad-624,синастрия,синастрия,broad,24,синастрия бесплатно,1493,Россия,225,Смартфоны,ru,2026-07-29T18:51:00.129Z,https://wordstat.yandex.ru/?region=225&view=table&words=%D1%81%D0%B8%D0%BD%D0%B0%D1%81%D1%82%D1%80%D0%B8%D1%8F,evidence/wordstat/wordstat-live-raw.json,VALID_LIVE_WORDSTAT,"External Yandex demand proxy, not RuStore internal search volume."
broad-625,синастрия,синастрия,broad,25,соединение лилит в синастрии,1488,Россия,225,Смартфоны,ru,2026-07-29T18:51:00.129Z,https://wordstat.yandex.ru/?region=225&view=table&words=%D1%81%D0%B8%D0%BD%D0%B0%D1%81%D1%82%D1%80%D0%B8%D1%8F,evidence/wordstat/wordstat-live-raw.json,VALID_LIVE_WORDSTAT,"External Yandex demand proxy, not RuStore internal search volume."
broad-626,синастрия,синастрия,broad,26,асцендент в синастрии,1486,Россия,225,Смартфоны,ru,2026-07-29T18:51:00.129Z,https://wordstat.yandex.ru/?region=225&view=table&words=%D1%81%D0%B8%D0%BD%D0%B0%D1%81%D1%82%D1%80%D0%B8%D1%8F,evidence/wordstat/wordstat-live-raw.json,VALID_LIVE_WORDSTAT,"External Yandex demand proxy, not RuStore internal search volume."
broad-627,синастрия,синастрия,broad,27,юпитер в синастрии,1437,Россия,225,Смартфоны,ru,2026-07-29T18:51:00.129Z,https://wordstat.yandex.ru/?region=225&view=table&words=%D1%81%D0%B8%D0%BD%D0%B0%D1%81%D1%82%D1%80%D0%B8%D1%8F,evidence/wordstat/wordstat-live-raw.json,VALID_LIVE_WORDSTAT,"External Yandex demand proxy, not RuStore internal search volume."
broad-628,синастрия,синастрия,broad,28,синастрия трин,1419,Россия,225,Смартфоны,ru,2026-07-29T18:51:00.129Z,https://wordstat.yandex.ru/?region=225&view=table&words=%D1%81%D0%B8%D0%BD%D0%B0%D1%81%D1%82%D1%80%D0%B8%D1%8F,evidence/wordstat/wordstat-live-raw.json,VALID_LIVE_WORDSTAT,"External Yandex demand proxy, not RuStore internal search volume."
broad-629,синастрия,синастрия,broad,29,узлы в синастрии,1392,Россия,225,Смартфоны,ru,2026-07-29T18:51:00.129Z,https://wordstat.yandex.ru/?region=225&view=table&words=%D1%81%D0%B8%D0%BD%D0%B0%D1%81%D1%82%D1%80%D0%B8%D1%8F,evidence/wordstat/wordstat-live-raw.json,VALID_LIVE_WORDSTAT,"External Yandex demand proxy, not RuStore internal search volume."
broad-630,синастрия,синастрия,broad,30,синастрия дома партнера,1388,Россия,225,Смартфоны,ru,2026-07-29T18:51:00.129Z,https://wordstat.yandex.ru/?region=225&view=table&words=%D1%81%D0%B8%D0%BD%D0%B0%D1%81%D1%82%D1%80%D0%B8%D1%8F,evidence/wordstat/wordstat-live-raw.json,VALID_LIVE_WORDSTAT,"External Yandex demand proxy, not RuStore internal search volume."
broad-631,синастрия,синастрия,broad,31,синастрия венера мужчины,1342,Россия,225,Смартфоны,ru,2026-07-29T18:51:00.129Z,https://wordstat.yandex.ru/?region=225&view=table&words=%D1%81%D0%B8%D0%BD%D0%B0%D1%81%D1%82%D1%80%D0%B8%D1%8F,evidence/wordstat/wordstat-live-raw.json,VALID_LIVE_WORDSTAT,"External Yandex demand proxy, not RuStore internal search volume."
broad-632,синастрия,синастрия,broad,32,соединение марсов в синастрии,1327,Россия,225,Смартфоны,ru,2026-07-29T18:51:00.129Z,https://wordstat.yandex.ru/?region=225&view=table&words=%D1%81%D0%B8%D0%BD%D0%B0%D1%81%D1%82%D1%80%D0%B8%D1%8F,evidence/wordstat/wordstat-live-raw.json,VALID_LIVE_WORDSTAT,"External Yandex demand proxy, not RuStore internal search volume."
broad-633,синастрия,синастрия,broad,33,секстиль синастрия,1227,Россия,225,Смартфоны,ru,2026-07-29T18:51:00.129Z,https://wordstat.yandex.ru/?region=225&view=table&words=%D1%81%D0%B8%D0%BD%D0%B0%D1%81%D1%82%D1%80%D0%B8%D1%8F,evidence/wordstat/wordstat-live-raw.json,VALID_LIVE_WORDSTAT,"External Yandex demand proxy, not RuStore internal search volume."
broad-634,синастрия,синастрия,broad,34,тригон синастрия,1201,Россия,225,Смартфоны,ru,2026-07-29T18:51:00.129Z,https://wordstat.yandex.ru/?region=225&view=table&words=%D1%81%D0%B8%D0%BD%D0%B0%D1%81%D1%82%D1%80%D0%B8%D1%8F,evidence/wordstat/wordstat-live-raw.json,VALID_LIVE_WORDSTAT,"External Yandex demand proxy, not RuStore internal search volume."
broad-635,синастрия,синастрия,broad,35,синастрия онлайн бесплатно,1196,Россия,225,Смартфоны,ru,2026-07-29T18:51:00.129Z,https://wordstat.yandex.ru/?region=225&view=table&words=%D1%81%D0%B8%D0%BD%D0%B0%D1%81%D1%82%D1%80%D0%B8%D1%8F,evidence/wordstat/wordstat-live-raw.json,VALID_LIVE_WORDSTAT,"External Yandex demand proxy, not RuStore internal search volume."
broad-636,синастрия,синастрия,broad,36,венера женщины в синастрии,1191,Россия,225,Смартфоны,ru,2026-07-29T18:51:00.129Z,https://wordstat.yandex.ru/?region=225&view=table&words=%D1%81%D0%B8%D0%BD%D0%B0%D1%81%D1%82%D1%80%D0%B8%D1%8F,evidence/wordstat/wordstat-live-raw.json,VALID_LIVE_WORDSTAT,"External Yandex demand proxy, not RuStore internal search volume."
broad-637,синастрия,синастрия,broad,37,синастрия луна женщины,1139,Россия,225,Смартфоны,ru,2026-07-29T18:51:00.129Z,https://wordstat.yandex.ru/?region=225&view=table&words=%D1%81%D0%B8%D0%BD%D0%B0%D1%81%D1%82%D1%80%D0%B8%D1%8F,evidence/wordstat/wordstat-live-raw.json,VALID_LIVE_WORDSTAT,"External Yandex demand proxy, not RuStore internal search volume."
broad-638,синастрия,синастрия,broad,38,меркурий синастрия,1130,Россия,225,Смартфоны,ru,2026-07-29T18:51:00.129Z,https://wordstat.yandex.ru/?region=225&view=table&words=%D1%81%D0%B8%D0%BD%D0%B0%D1%81%D1%82%D1%80%D0%B8%D1%8F,evidence/wordstat/wordstat-live-raw.json,VALID_LIVE_WORDSTAT,"External Yandex demand proxy, not RuStore internal search volume."
broad-639,синастрия,синастрия,broad,39,луна мужчины в синастрии,1085,Россия,225,Смартфоны,ru,2026-07-29T18:51:00.129Z,https://wordstat.yandex.ru/?region=225&view=table&words=%D1%81%D0%B8%D0%BD%D0%B0%D1%81%D1%82%D1%80%D0%B8%D1%8F,evidence/wordstat/wordstat-live-raw.json,VALID_LIVE_WORDSTAT,"External Yandex demand proxy, not RuStore internal search volume."
broad-640,синастрия,синастрия,broad,40,синастрия уран,1077,Россия,225,Смартфоны,ru,2026-07-29T18:51:00.129Z,https://wordstat.yandex.ru/?region=225&view=table&words=%D1%81%D0%B8%D0%BD%D0%B0%D1%81%D1%82%D1%80%D0%B8%D1%8F,evidence/wordstat/wordstat-live-raw.json,VALID_LIVE_WORDSTAT,"External Yandex demand proxy, not RuStore internal search volume."
broad-641,синастрия,синастрия,broad,41,геокульт синастрия,982,Россия,225,Смартфоны,ru,2026-07-29T18:51:00.129Z,https://wordstat.yandex.ru/?region=225&view=table&words=%D1%81%D0%B8%D0%BD%D0%B0%D1%81%D1%82%D1%80%D0%B8%D1%8F,evidence/wordstat/wordstat-live-raw.json,VALID_LIVE_WORDSTAT,"External Yandex demand proxy, not RuStore internal search volume."
broad-642,синастрия,синастрия,broad,42,плутон соединение плутон в синастрии,978,Россия,225,Смартфоны,ru,2026-07-29T18:51:00.129Z,https://wordstat.yandex.ru/?region=225&view=table&words=%D1%81%D0%B8%D0%BD%D0%B0%D1%81%D1%82%D1%80%D0%B8%D1%8F,evidence/wordstat/wordstat-live-raw.json,VALID_LIVE_WORDSTAT,"External Yandex demand proxy, not RuStore internal search volume."
broad-643,синастрия,синастрия,broad,43,8 дом в синастрии,972,Россия,225,Смартфоны,ru,2026-07-29T18:51:00.129Z,https://wordstat.yandex.ru/?region=225&view=table&words=%D1%81%D0%B8%D0%BD%D0%B0%D1%81%D1%82%D1%80%D0%B8%D1%8F,evidence/wordstat/wordstat-live-raw.json,VALID_LIVE_WORDSTAT,"External Yandex demand proxy, not RuStore internal search volume."
broad-644,синастрия,синастрия,broad,44,синастрии 7 доме,954,Россия,225,Смартфоны,ru,2026-07-29T18:51:00.129Z,https://wordstat.yandex.ru/?region=225&view=table&words=%D1%81%D0%B8%D0%BD%D0%B0%D1%81%D1%82%D1%80%D0%B8%D1%8F,evidence/wordstat/wordstat-live-raw.json,VALID_LIVE_WORDSTAT,"External Yandex demand proxy, not RuStore internal search volume."
broad-645,синастрия,синастрия,broad,45,венера плутон в синастрии,929,Россия,225,Смартфоны,ru,2026-07-29T18:51:00.129Z,https://wordstat.yandex.ru/?region=225&view=table&words=%D1%81%D0%B8%D0%BD%D0%B0%D1%81%D1%82%D1%80%D0%B8%D1%8F,evidence/wordstat/wordstat-live-raw.json,VALID_LIVE_WORDSTAT,"External Yandex demand proxy, not RuStore internal search volume."
broad-646,синастрия,синастрия,broad,46,венера марс синастрии,920,Россия,225,Смартфоны,ru,2026-07-29T18:51:00.129Z,https://wordstat.yandex.ru/?region=225&view=table&words=%D1%81%D0%B8%D0%BD%D0%B0%D1%81%D1%82%D1%80%D0%B8%D1%8F,evidence/wordstat/wordstat-live-raw.json,VALID_LIVE_WORDSTAT,"External Yandex demand proxy, not RuStore internal search volume."
broad-647,синастрия,синастрия,broad,47,синастрия с расшифровкой,912,Россия,225,Смартфоны,ru,2026-07-29T18:51:00.129Z,https://wordstat.yandex.ru/?region=225&view=table&words=%D1%81%D0%B8%D0%BD%D0%B0%D1%81%D1%82%D1%80%D0%B8%D1%8F,evidence/wordstat/wordstat-live-raw.json,VALID_LIVE_WORDSTAT,"External Yandex demand proxy, not RuStore internal search volume."
broad-648,синастрия,синастрия,broad,48,солнце мужчины в синастрии,868,Россия,225,Смартфоны,ru,2026-07-29T18:51:00.129Z,https://wordstat.yandex.ru/?region=225&view=table&words=%D1%81%D0%B8%D0%BD%D0%B0%D1%81%D1%82%D1%80%D0%B8%D1%8F,evidence/wordstat/wordstat-live-raw.json,VALID_LIVE_WORDSTAT,"External Yandex demand proxy, not RuStore internal search volume."
broad-649,синастрия,синастрия,broad,49,солнце женщины в синастрии,856,Россия,225,Смартфоны,ru,2026-07-29T18:51:00.129Z,https://wordstat.yandex.ru/?region=225&view=table&words=%D1%81%D0%B8%D0%BD%D0%B0%D1%81%D1%82%D1%80%D0%B8%D1%8F,evidence/wordstat/wordstat-live-raw.json,VALID_LIVE_WORDSTAT,"External Yandex demand proxy, not RuStore internal search volume."
broad-650,синастрия,синастрия,broad,50,марс женщины синастрия,821,Россия,225,Смартфоны,ru,2026-07-29T18:51:00.129Z,https://wordstat.yandex.ru/?region=225&view=table&words=%D1%81%D0%B8%D0%BD%D0%B0%D1%81%D1%82%D1%80%D0%B8%D1%8F,evidence/wordstat/wordstat-live-raw.json,VALID_LIVE_WORDSTAT,"External Yandex demand proxy, not RuStore internal search volume."
broad-651,синастрия,синастрия,broad,51,венера квадрат венера в синастрии,817,Россия,225,Смартфоны,ru,2026-07-29T18:51:00.129Z,https://wordstat.yandex.ru/?region=225&view=table&words=%D1%81%D0%B8%D0%BD%D0%B0%D1%81%D1%82%D1%80%D0%B8%D1%8F,evidence/wordstat/wordstat-live-raw.json,VALID_LIVE_WORDSTAT,"External Yandex demand proxy, not RuStore internal search volume."
broad-652,синастрия,синастрия,broad,52,соединение сатурнов синастрия,799,Россия,225,Смартфоны,ru,2026-07-29T18:51:00.129Z,https://wordstat.yandex.ru/?region=225&view=table&words=%D1%81%D0%B8%D0%BD%D0%B0%D1%81%D1%82%D1%80%D0%B8%D1%8F,evidence/wordstat/wordstat-live-raw.json,VALID_LIVE_WORDSTAT,"External Yandex demand proxy, not RuStore internal search volume."
broad-653,синастрия,синастрия,broad,53,венера в соединении с венерой в синастрии,787,Россия,225,Смартфоны,ru,2026-07-29T18:51:00.129Z,https://wordstat.yandex.ru/?region=225&view=table&words=%D1%81%D0%B8%D0%BD%D0%B0%D1%81%D1%82%D1%80%D0%B8%D1%8F,evidence/wordstat/wordstat-live-raw.json,VALID_LIVE_WORDSTAT,"External Yandex demand proxy, not RuStore internal search volume."
broad-654,синастрия,синастрия,broad,54,марс мужчины в синастрии,771,Россия,225,Смартфоны,ru,2026-07-29T18:51:00.129Z,https://wordstat.yandex.ru/?region=225&view=table&words=%D1%81%D0%B8%D0%BD%D0%B0%D1%81%D1%82%D1%80%D0%B8%D1%8F,evidence/wordstat/wordstat-live-raw.json,VALID_LIVE_WORDSTAT,"External Yandex demand proxy, not RuStore internal search volume."
broad-655,синастрия,синастрия,broad,55,хирон в синастрии,758,Россия,225,Смартфоны,ru,2026-07-29T18:51:00.129Z,https://wordstat.yandex.ru/?region=225&view=table&words=%D1%81%D0%B8%D0%BD%D0%B0%D1%81%D1%82%D1%80%D0%B8%D1%8F,evidence/wordstat/wordstat-live-raw.json,VALID_LIVE_WORDSTAT,"External Yandex demand proxy, not RuStore internal search volume."
broad-656,синастрия,синастрия,broad,56,раху в синастрии,750,Россия,225,Смартфоны,ru,2026-07-29T18:51:00.129Z,https://wordstat.yandex.ru/?region=225&view=table&words=%D1%81%D0%B8%D0%BD%D0%B0%D1%81%D1%82%D1%80%D0%B8%D1%8F,evidence/wordstat/wordstat-live-raw.json,VALID_LIVE_WORDSTAT,"External Yandex demand proxy, not RuStore internal search volume."
broad-657,синастрия,синастрия,broad,57,соединение узлов синастрии,744,Россия,225,Смартфоны,ru,2026-07-29T18:51:00.129Z,https://wordstat.yandex.ru/?region=225&view=table&words=%D1%81%D0%B8%D0%BD%D0%B0%D1%81%D1%82%D1%80%D0%B8%D1%8F,evidence/wordstat/wordstat-live-raw.json,VALID_LIVE_WORDSTAT,"External Yandex demand proxy, not RuStore internal search volume."
broad-658,синастрия,синастрия,broad,58,луна квадрат луна в синастрии,733,Россия,225,Смартфоны,ru,2026-07-29T18:51:00.129Z,https://wordstat.yandex.ru/?region=225&view=table&words=%D1%81%D0%B8%D0%BD%D0%B0%D1%81%D1%82%D1%80%D0%B8%D1%8F,evidence/wordstat/wordstat-live-raw.json,VALID_LIVE_WORDSTAT,"External Yandex demand proxy, not RuStore internal search volume."
broad-659,синастрия,синастрия,broad,59,синастрии форум,722,Россия,225,Смартфоны,ru,2026-07-29T18:51:00.129Z,https://wordstat.yandex.ru/?region=225&view=table&words=%D1%81%D0%B8%D0%BD%D0%B0%D1%81%D1%82%D1%80%D0%B8%D1%8F,evidence/wordstat/wordstat-live-raw.json,VALID_LIVE_WORDSTAT,"External Yandex demand proxy, not RuStore internal search volume."
broad-660,синастрия,синастрия,broad,60,синастрия онлайн с расшифровкой,708,Россия,225,Смартфоны,ru,2026-07-29T18:51:00.129Z,https://wordstat.yandex.ru/?region=225&view=table&words=%D1%81%D0%B8%D0%BD%D0%B0%D1%81%D1%82%D1%80%D0%B8%D1%8F,evidence/wordstat/wordstat-live-raw.json,VALID_LIVE_WORDSTAT,"External Yandex demand proxy, not RuStore internal search volume."
broad-661,синастрия,синастрия,broad,61,синастрии луна венера,704,Россия,225,Смартфоны,ru,2026-07-29T18:51:00.129Z,https://wordstat.yandex.ru/?region=225&view=table&words=%D1%81%D0%B8%D0%BD%D0%B0%D1%81%D1%82%D1%80%D0%B8%D1%8F,evidence/wordstat/wordstat-live-raw.json,VALID_LIVE_WORDSTAT,"External Yandex demand proxy, not RuStore internal search volume."
broad-662,синастрия,синастрия,broad,62,квадрат плутонов синастрия,702,Россия,225,Смартфоны,ru,2026-07-29T18:51:00.129Z,https://wordstat.yandex.ru/?region=225&view=table&words=%D1%81%D0%B8%D0%BD%D0%B0%D1%81%D1%82%D1%80%D0%B8%D1%8F,evidence/wordstat/wordstat-live-raw.json,VALID_LIVE_WORDSTAT,"External Yandex demand proxy, not RuStore internal search volume."
broad-663,синастрия,синастрия,broad,63,венеры в домах в синастрии,691,Россия,225,Смартфоны,ru,2026-07-29T18:51:00.129Z,https://wordstat.yandex.ru/?region=225&view=table&words=%D1%81%D0%B8%D0%BD%D0%B0%D1%81%D1%82%D1%80%D0%B8%D1%8F,evidence/wordstat/wordstat-live-raw.json,VALID_LIVE_WORDSTAT,"External Yandex demand proxy, not RuStore internal search volume."
broad-664,синастрия,синастрия,broad,64,луна плутон в синастрии,686,Россия,225,Смартфоны,ru,2026-07-29T18:51:00.129Z,https://wordstat.yandex.ru/?region=225&view=table&words=%D1%81%D0%B8%D0%BD%D0%B0%D1%81%D1%82%D1%80%D0%B8%D1%8F,evidence/wordstat/wordstat-live-raw.json,VALID_LIVE_WORDSTAT,"External Yandex demand proxy, not RuStore internal search volume."
broad-665,синастрия,синастрия,broad,65,луна в домах в синастрии,674,Россия,225,Смартфоны,ru,2026-07-29T18:51:00.129Z,https://wordstat.yandex.ru/?region=225&view=table&words=%D1%81%D0%B8%D0%BD%D0%B0%D1%81%D1%82%D1%80%D0%B8%D1%8F,evidence/wordstat/wordstat-live-raw.json,VALID_LIVE_WORDSTAT,"External Yandex demand proxy, not RuStore internal search volume."
broad-666,синастрия,синастрия,broad,66,луна солнце синастрии,673,Россия,225,Смартфоны,ru,2026-07-29T18:51:00.129Z,https://wordstat.yandex.ru/?region=225&view=table&words=%D1%81%D0%B8%D0%BD%D0%B0%D1%81%D1%82%D1%80%D0%B8%D1%8F,evidence/wordstat/wordstat-live-raw.json,VALID_LIVE_WORDSTAT,"External Yandex demand proxy, not RuStore internal search volume."
broad-667,синастрия,синастрия,broad,67,оппозиция венер в синастрии,667,Россия,225,Смартфоны,ru,2026-07-29T18:51:00.129Z,https://wordstat.yandex.ru/?region=225&view=table&words=%D1%81%D0%B8%D0%BD%D0%B0%D1%81%D1%82%D1%80%D0%B8%D1%8F,evidence/wordstat/wordstat-live-raw.json,VALID_LIVE_WORDSTAT,"External Yandex demand proxy, not RuStore internal search volume."
broad-668,синастрия,синастрия,broad,68,лилит венера в синастрии,650,Россия,225,Смартфоны,ru,2026-07-29T18:51:00.129Z,https://wordstat.yandex.ru/?region=225&view=table&words=%D1%81%D0%B8%D0%BD%D0%B0%D1%81%D1%82%D1%80%D0%B8%D1%8F,evidence/wordstat/wordstat-live-raw.json,VALID_LIVE_WORDSTAT,"External Yandex demand proxy, not RuStore internal search volume."
broad-669,синастрия,синастрия,broad,69,солнце венера в синастрии,648,Россия,225,Смартфоны,ru,2026-07-29T18:51:00.129Z,https://wordstat.yandex.ru/?region=225&view=table&words=%D1%81%D0%B8%D0%BD%D0%B0%D1%81%D1%82%D1%80%D0%B8%D1%8F,evidence/wordstat/wordstat-live-raw.json,VALID_LIVE_WORDSTAT,"External Yandex demand proxy, not RuStore internal search volume."
broad-670,синастрия,синастрия,broad,70,марс луна синастрии,641,Россия,225,Смартфоны,ru,2026-07-29T18:51:00.129Z,https://wordstat.yandex.ru/?region=225&view=table&words=%D1%81%D0%B8%D0%BD%D0%B0%D1%81%D1%82%D1%80%D0%B8%D1%8F,evidence/wordstat/wordstat-live-raw.json,VALID_LIVE_WORDSTAT,"External Yandex demand proxy, not RuStore internal search volume."
broad-671,синастрия,синастрия,broad,71,солнце в домах синастрии,635,Россия,225,Смартфоны,ru,2026-07-29T18:51:00.129Z,https://wordstat.yandex.ru/?region=225&view=table&words=%D1%81%D0%B8%D0%BD%D0%B0%D1%81%D1%82%D1%80%D0%B8%D1%8F,evidence/wordstat/wordstat-live-raw.json,VALID_LIVE_WORDSTAT,"External Yandex demand proxy, not RuStore internal search volume."
broad-672,синастрия,синастрия,broad,72,синастрия северный узел,618,Россия,225,Смартфоны,ru,2026-07-29T18:51:00.129Z,https://wordstat.yandex.ru/?region=225&view=table&words=%D1%81%D0%B8%D0%BD%D0%B0%D1%81%D1%82%D1%80%D0%B8%D1%8F,evidence/wordstat/wordstat-live-raw.json,VALID_LIVE_WORDSTAT,"External Yandex demand proxy, not RuStore internal search volume."
broad-673,синастрия,синастрия,broad,73,синастрия лилит женщины,616,Россия,225,Смартфоны,ru,2026-07-29T18:51:00.129Z,https://wordstat.yandex.ru/?region=225&view=table&words=%D1%81%D0%B8%D0%BD%D0%B0%D1%81%D1%82%D1%80%D0%B8%D1%8F,evidence/wordstat/wordstat-live-raw.json,VALID_LIVE_WORDSTAT,"External Yandex demand proxy, not RuStore internal search volume."
broad-674,синастрия,синастрия,broad,74,лилит мужчины в синастрии,612,Россия,225,Смартфоны,ru,2026-07-29T18:51:00.129Z,https://wordstat.yandex.ru/?region=225&view=table&words=%D1%81%D0%B8%D0%BD%D0%B0%D1%81%D1%82%D1%80%D0%B8%D1%8F,evidence/wordstat/wordstat-live-raw.json,VALID_LIVE_WORDSTAT,"External Yandex demand proxy, not RuStore internal search volume."
broad-675,синастрия,синастрия,broad,75,синастрия 1 дом,607,Россия,225,Смартфоны,ru,2026-07-29T18:51:00.129Z,https://wordstat.yandex.ru/?region=225&view=table&words=%D1%81%D0%B8%D0%BD%D0%B0%D1%81%D1%82%D1%80%D0%B8%D1%8F,evidence/wordstat/wordstat-live-raw.json,VALID_LIVE_WORDSTAT,"External Yandex demand proxy, not RuStore internal search volume."
broad-676,синастрия,синастрия,broad,76,соединение асцендентов в синастрии,601,Россия,225,Смартфоны,ru,2026-07-29T18:51:00.129Z,https://wordstat.yandex.ru/?region=225&view=table&words=%D1%81%D0%B8%D0%BD%D0%B0%D1%81%D1%82%D1%80%D0%B8%D1%8F,evidence/wordstat/wordstat-live-raw.json,VALID_LIVE_WORDSTAT,"External Yandex demand proxy, not RuStore internal search volume."
broad-677,синастрия,синастрия,broad,77,синастрия соединение юпитеров,600,Россия,225,Смартфоны,ru,2026-07-29T18:51:00.129Z,https://wordstat.yandex.ru/?region=225&view=table&words=%D1%81%D0%B8%D0%BD%D0%B0%D1%81%D1%82%D1%80%D0%B8%D1%8F,evidence/wordstat/wordstat-live-raw.json,VALID_LIVE_WORDSTAT,"External Yandex demand proxy, not RuStore internal search volume."
broad-678,синастрия,синастрия,broad,78,плутон мужчины синастрия,597,Россия,225,Смартфоны,ru,2026-07-29T18:51:00.129Z,https://wordstat.yandex.ru/?region=225&view=table&words=%D1%81%D0%B8%D0%BD%D0%B0%D1%81%D1%82%D1%80%D0%B8%D1%8F,evidence/wordstat/wordstat-live-raw.json,VALID_LIVE_WORDSTAT,"External Yandex demand proxy, not RuStore internal search volume."
broad-679,синастрия,синастрия,broad,79,синастрия карта онлайн,589,Россия,225,Смартфоны,ru,2026-07-29T18:51:00.129Z,https://wordstat.yandex.ru/?region=225&view=table&words=%D1%81%D0%B8%D0%BD%D0%B0%D1%81%D1%82%D1%80%D0%B8%D1%8F,evidence/wordstat/wordstat-live-raw.json,VALID_LIVE_WORDSTAT,"External Yandex demand proxy, not RuStore internal search volume."
broad-680,синастрия,синастрия,broad,80,лилит марс синастрия,582,Россия,225,Смартфоны,ru,2026-07-29T18:51:00.129Z,https://wordstat.yandex.ru/?region=225&view=table&words=%D1%81%D0%B8%D0%BD%D0%B0%D1%81%D1%82%D1%80%D0%B8%D1%8F,evidence/wordstat/wordstat-live-raw.json,VALID_LIVE_WORDSTAT,"External Yandex demand proxy, not RuStore internal search volume."
broad-681,синастрия,синастрия,broad,81,квадрат марсов в синастрии,579,Россия,225,Смартфоны,ru,2026-07-29T18:51:00.129Z,https://wordstat.yandex.ru/?region=225&view=table&words=%D1%81%D0%B8%D0%BD%D0%B0%D1%81%D1%82%D1%80%D0%B8%D1%8F,evidence/wordstat/wordstat-live-raw.json,VALID_LIVE_WORDSTAT,"External Yandex demand proxy, not RuStore internal search volume."
broad-682,синастрия,синастрия,broad,82,натальная синастрия онлайн,579,Россия,225,Смартфоны,ru,2026-07-29T18:51:00.129Z,https://wordstat.yandex.ru/?region=225&view=table&words=%D1%81%D0%B8%D0%BD%D0%B0%D1%81%D1%82%D1%80%D0%B8%D1%8F,evidence/wordstat/wordstat-live-raw.json,VALID_LIVE_WORDSTAT,"External Yandex demand proxy, not RuStore internal search volume."
broad-683,синастрия,синастрия,broad,83,оппозиция лун в синастрии,574,Россия,225,Смартфоны,ru,2026-07-29T18:51:00.129Z,https://wordstat.yandex.ru/?region=225&view=table&words=%D1%81%D0%B8%D0%BD%D0%B0%D1%81%D1%82%D1%80%D0%B8%D1%8F,evidence/wordstat/wordstat-live-raw.json,VALID_LIVE_WORDSTAT,"External Yandex demand proxy, not RuStore internal search volume."
broad-684,синастрия,синастрия,broad,84,синастрия по дате рождения,573,Россия,225,Смартфоны,ru,2026-07-29T18:51:00.129Z,https://wordstat.yandex.ru/?region=225&view=table&words=%D1%81%D0%B8%D0%BD%D0%B0%D1%81%D1%82%D1%80%D0%B8%D1%8F,evidence/wordstat/wordstat-live-raw.json,VALID_LIVE_WORDSTAT,"External Yandex demand proxy, not RuStore internal search volume."
broad-685,синастрия,синастрия,broad,85,совместимость по синастрии,562,Россия,225,Смартфоны,ru,2026-07-29T18:51:00.129Z,https://wordstat.yandex.ru/?region=225&view=table&words=%D1%81%D0%B8%D0%BD%D0%B0%D1%81%D1%82%D1%80%D0%B8%D1%8F,evidence/wordstat/wordstat-live-raw.json,VALID_LIVE_WORDSTAT,"External Yandex demand proxy, not RuStore internal search volume."
broad-686,синастрия,синастрия,broad,86,лилит женщины в синастрии мужчины,560,Россия,225,Смартфоны,ru,2026-07-29T18:51:00.129Z,https://wordstat.yandex.ru/?region=225&view=table&words=%D1%81%D0%B8%D0%BD%D0%B0%D1%81%D1%82%D1%80%D0%B8%D1%8F,evidence/wordstat/wordstat-live-raw.json,VALID_LIVE_WORDSTAT,"External Yandex demand proxy, not RuStore internal search volume."
broad-687,синастрия,синастрия,broad,87,плутон женщины в синастрии,559,Россия,225,Смартфоны,ru,2026-07-29T18:51:00.129Z,https://wordstat.yandex.ru/?region=225&view=table&words=%D1%81%D0%B8%D0%BD%D0%B0%D1%81%D1%82%D1%80%D0%B8%D1%8F,evidence/wordstat/wordstat-live-raw.json,VALID_LIVE_WORDSTAT,"External Yandex demand proxy, not RuStore internal search volume."
broad-688,синастрия,синастрия,broad,88,солнце квадрат солнце в синастрии,558,Россия,225,Смартфоны,ru,2026-07-29T18:51:00.129Z,https://wordstat.yandex.ru/?region=225&view=table&words=%D1%81%D0%B8%D0%BD%D0%B0%D1%81%D1%82%D1%80%D0%B8%D1%8F,evidence/wordstat/wordstat-live-raw.json,VALID_LIVE_WORDSTAT,"External Yandex demand proxy, not RuStore internal search volume."
broad-689,синастрия,синастрия,broad,89,синастрия 12 дома,548,Россия,225,Смартфоны,ru,2026-07-29T18:51:00.129Z,https://wordstat.yandex.ru/?region=225&view=table&words=%D1%81%D0%B8%D0%BD%D0%B0%D1%81%D1%82%D1%80%D0%B8%D1%8F,evidence/wordstat/wordstat-live-raw.json,VALID_LIVE_WORDSTAT,"External Yandex demand proxy, not RuStore internal search volume."
broad-690,синастрия,синастрия,broad,90,синастрия бесплатно с расшифровкой,545,Россия,225,Смартфоны,ru,2026-07-29T18:51:00.129Z,https://wordstat.yandex.ru/?region=225&view=table&words=%D1%81%D0%B8%D0%BD%D0%B0%D1%81%D1%82%D1%80%D0%B8%D1%8F,evidence/wordstat/wordstat-live-raw.json,VALID_LIVE_WORDSTAT,"External Yandex demand proxy, not RuStore internal search volume."
broad-691,синастрия,синастрия,broad,91,натальная карта онлайн синастрия,538,Россия,225,Смартфоны,ru,2026-07-29T18:51:00.129Z,https://wordstat.yandex.ru/?region=225&view=table&words=%D1%81%D0%B8%D0%BD%D0%B0%D1%81%D1%82%D1%80%D0%B8%D1%8F,evidence/wordstat/wordstat-live-raw.json,VALID_LIVE_WORDSTAT,"External Yandex demand proxy, not RuStore internal search volume."
broad-692,синастрия,синастрия,broad,92,синастрия 5 дома,526,Россия,225,Смартфоны,ru,2026-07-29T18:51:00.129Z,https://wordstat.yandex.ru/?region=225&view=table&words=%D1%81%D0%B8%D0%BD%D0%B0%D1%81%D1%82%D1%80%D0%B8%D1%8F,evidence/wordstat/wordstat-live-raw.json,VALID_LIVE_WORDSTAT,"External Yandex demand proxy, not RuStore internal search volume."
broad-693,синастрия,синастрия,broad,93,синастрия планет,520,Россия,225,Смартфоны,ru,2026-07-29T18:51:00.129Z,https://wordstat.yandex.ru/?region=225&view=table&words=%D1%81%D0%B8%D0%BD%D0%B0%D1%81%D1%82%D1%80%D0%B8%D1%8F,evidence/wordstat/wordstat-live-raw.json,VALID_LIVE_WORDSTAT,"External Yandex demand proxy, not RuStore internal search volume."
broad-694,синастрия,синастрия,broad,94,оппозиция солнц синастрия,513,Россия,225,Смартфоны,ru,2026-07-29T18:51:00.129Z,https://wordstat.yandex.ru/?region=225&view=table&words=%D1%81%D0%B8%D0%BD%D0%B0%D1%81%D1%82%D1%80%D0%B8%D1%8F,evidence/wordstat/wordstat-live-raw.json,VALID_LIVE_WORDSTAT,"External Yandex demand proxy, not RuStore internal search volume."
broad-695,синастрия,синастрия,broad,95,марс в доме синастрия,507,Россия,225,Смартфоны,ru,2026-07-29T18:51:00.129Z,https://wordstat.yandex.ru/?region=225&view=table&words=%D1%81%D0%B8%D0%BD%D0%B0%D1%81%D1%82%D1%80%D0%B8%D1%8F,evidence/wordstat/wordstat-live-raw.json,VALID_LIVE_WORDSTAT,"External Yandex demand proxy, not RuStore internal search volume."
broad-696,синастрия,синастрия,broad,96,синастрия 4,455,Россия,225,Смартфоны,ru,2026-07-29T18:51:00.129Z,https://wordstat.yandex.ru/?region=225&view=table&words=%D1%81%D0%B8%D0%BD%D0%B0%D1%81%D1%82%D1%80%D0%B8%D1%8F,evidence/wordstat/wordstat-live-raw.json,VALID_LIVE_WORDSTAT,"External Yandex demand proxy, not RuStore internal search volume."
broad-697,синастрия,синастрия,broad,97,синастрия онлайн с расшифровкой бесплатно,454,Россия,225,Смартфоны,ru,2026-07-29T18:51:00.129Z,https://wordstat.yandex.ru/?region=225&view=table&words=%D1%81%D0%B8%D0%BD%D0%B0%D1%81%D1%82%D1%80%D0%B8%D1%8F,evidence/wordstat/wordstat-live-raw.json,VALID_LIVE_WORDSTAT,"External Yandex demand proxy, not RuStore internal search volume."
broad-698,синастрия,синастрия,broad,98,нептун соединение нептун в синастрии,446,Россия,225,Смартфоны,ru,2026-07-29T18:51:00.129Z,https://wordstat.yandex.ru/?region=225&view=table&words=%D1%81%D0%B8%D0%BD%D0%B0%D1%81%D1%82%D1%80%D0%B8%D1%8F,evidence/wordstat/wordstat-live-raw.json,VALID_LIVE_WORDSTAT,"External Yandex demand proxy, not RuStore internal search volume."
broad-699,синастрия,синастрия,broad,99,синастрия оппозиция плутон,443,Россия,225,Смартфоны,ru,2026-07-29T18:51:00.129Z,https://wordstat.yandex.ru/?region=225&view=table&words=%D1%81%D0%B8%D0%BD%D0%B0%D1%81%D1%82%D1%80%D0%B8%D1%8F,evidence/wordstat/wordstat-live-raw.json,VALID_LIVE_WORDSTAT,"External Yandex demand proxy, not RuStore internal search volume."
broad-700,синастрия,синастрия,broad,100,селена в синастрии,432,Россия,225,Смартфоны,ru,2026-07-29T18:51:00.129Z,https://wordstat.yandex.ru/?region=225&view=table&words=%D1%81%D0%B8%D0%BD%D0%B0%D1%81%D1%82%D1%80%D0%B8%D1%8F,evidence/wordstat/wordstat-live-raw.json,VALID_LIVE_WORDSTAT,"External Yandex demand proxy, not RuStore internal search volume."
broad-701,синастрия,синастрия,broad,101,меркурий соединение меркурий синастрия,420,Россия,225,Смартфоны,ru,2026-07-29T18:51:00.129Z,https://wordstat.yandex.ru/?region=225&view=table&words=%D1%81%D0%B8%D0%BD%D0%B0%D1%81%D1%82%D1%80%D0%B8%D1%8F,evidence/wordstat/wordstat-live-raw.json,VALID_LIVE_WORDSTAT,"External Yandex demand proxy, not RuStore internal search volume."
broad-702,синастрия,синастрия,broad,102,вертекс в синастрии,416,Россия,225,Смартфоны,ru,2026-07-29T18:51:00.129Z,https://wordstat.yandex.ru/?region=225&view=table&words=%D1%81%D0%B8%D0%BD%D0%B0%D1%81%D1%82%D1%80%D0%B8%D1%8F,evidence/wordstat/wordstat-live-raw.json,VALID_LIVE_WORDSTAT,"External Yandex demand proxy, not RuStore internal search volume."
broad-703,синастрия,синастрия,broad,103,расчет синастрии,415,Россия,225,Смартфоны,ru,2026-07-29T18:51:00.129Z,https://wordstat.yandex.ru/?region=225&view=table&words=%D1%81%D0%B8%D0%BD%D0%B0%D1%81%D1%82%D1%80%D0%B8%D1%8F,evidence/wordstat/wordstat-live-raw.json,VALID_LIVE_WORDSTAT,"External Yandex demand proxy, not RuStore internal search volume."
broad-704,синастрия,синастрия,broad,104,синастрии солнце марс,410,Россия,225,Смартфоны,ru,2026-07-29T18:51:00.129Z,https://wordstat.yandex.ru/?region=225&view=table&words=%D1%81%D0%B8%D0%BD%D0%B0%D1%81%D1%82%D1%80%D0%B8%D1%8F,evidence/wordstat/wordstat-live-raw.json,VALID_LIVE_WORDSTAT,"External Yandex demand proxy, not RuStore internal search volume."
broad-705,синастрия,синастрия,broad,105,соединение домов в синастрии,409,Россия,225,Смартфоны,ru,2026-07-29T18:51:00.129Z,https://wordstat.yandex.ru/?region=225&view=table&words=%D1%81%D0%B8%D0%BD%D0%B0%D1%81%D1%82%D1%80%D0%B8%D1%8F,evidence/wordstat/wordstat-live-raw.json,VALID_LIVE_WORDSTAT,"External Yandex demand proxy, not RuStore internal search volume."
broad-706,синастрия,синастрия,broad,106,синастрия 4 дом,399,Россия,225,Смартфоны,ru,2026-07-29T18:51:00.129Z,https://wordstat.yandex.ru/?region=225&view=table&words=%D1%81%D0%B8%D0%BD%D0%B0%D1%81%D1%82%D1%80%D0%B8%D1%8F,evidence/wordstat/wordstat-live-raw.json,VALID_LIVE_WORDSTAT,"External Yandex demand proxy, not RuStore internal search volume."
broad-707,синастрия,синастрия,broad,107,скорпионы в синастрии,393,Россия,225,Смартфоны,ru,2026-07-29T18:51:00.129Z,https://wordstat.yandex.ru/?region=225&view=table&words=%D1%81%D0%B8%D0%BD%D0%B0%D1%81%D1%82%D1%80%D0%B8%D1%8F,evidence/wordstat/wordstat-live-raw.json,VALID_LIVE_WORDSTAT,"External Yandex demand proxy, not RuStore internal search volume."
broad-708,синастрия,синастрия,broad,108,трин венер в синастрии,391,Россия,225,Смартфоны,ru,2026-07-29T18:51:00.129Z,https://wordstat.yandex.ru/?region=225&view=table&words=%D1%81%D0%B8%D0%BD%D0%B0%D1%81%D1%82%D1%80%D0%B8%D1%8F,evidence/wordstat/wordstat-live-raw.json,VALID_LIVE_WORDSTAT,"External Yandex demand proxy, not RuStore internal search volume."
broad-709,синастрия,синастрия,broad,109,синастрия лилит в домах,387,Россия,225,Смартфоны,ru,2026-07-29T18:51:00.129Z,https://wordstat.yandex.ru/?region=225&view=table&words=%D1%81%D0%B8%D0%BD%D0%B0%D1%81%D1%82%D1%80%D0%B8%D1%8F,evidence/wordstat/wordstat-live-raw.json,VALID_LIVE_WORDSTAT,"External Yandex demand proxy, not RuStore internal search volume."
broad-710,синастрия,синастрия,broad,110,марс плутон синастрии,375,Россия,225,Смартфоны,ru,2026-07-29T18:51:00.129Z,https://wordstat.yandex.ru/?region=225&view=table&words=%D1%81%D0%B8%D0%BD%D0%B0%D1%81%D1%82%D1%80%D0%B8%D1%8F,evidence/wordstat/wordstat-live-raw.json,VALID_LIVE_WORDSTAT,"External Yandex demand proxy, not RuStore internal search volume."
broad-711,синастрия,синастрия,broad,111,кету в синастрии,373,Россия,225,Смартфоны,ru,2026-07-29T18:51:00.129Z,https://wordstat.yandex.ru/?region=225&view=table&words=%D1%81%D0%B8%D0%BD%D0%B0%D1%81%D1%82%D1%80%D0%B8%D1%8F,evidence/wordstat/wordstat-live-raw.json,VALID_LIVE_WORDSTAT,"External Yandex demand proxy, not RuStore internal search volume."
broad-712,синастрия,синастрия,broad,112,соединение раху синастрия,370,Россия,225,Смартфоны,ru,2026-07-29T18:51:00.129Z,https://wordstat.yandex.ru/?region=225&view=table&words=%D1%81%D0%B8%D0%BD%D0%B0%D1%81%D1%82%D1%80%D0%B8%D1%8F,evidence/wordstat/wordstat-live-raw.json,VALID_LIVE_WORDSTAT,"External Yandex demand proxy, not RuStore internal search volume."
broad-713,синастрия,синастрия,broad,113,синастрия южный узел,368,Россия,225,Смартфоны,ru,2026-07-29T18:51:00.129Z,https://wordstat.yandex.ru/?region=225&view=table&words=%D1%81%D0%B8%D0%BD%D0%B0%D1%81%D1%82%D1%80%D0%B8%D1%8F,evidence/wordstat/wordstat-live-raw.json,VALID_LIVE_WORDSTAT,"External Yandex demand proxy, not RuStore internal search volume."
broad-714,синастрия,синастрия,broad,114,лилит мужчины в синастрии соединение,365,Россия,225,Смартфоны,ru,2026-07-29T18:51:00.129Z,https://wordstat.yandex.ru/?region=225&view=table&words=%D1%81%D0%B8%D0%BD%D0%B0%D1%81%D1%82%D1%80%D0%B8%D1%8F,evidence/wordstat/wordstat-live-raw.json,VALID_LIVE_WORDSTAT,"External Yandex demand proxy, not RuStore internal search volume."
broad-715,синастрия,синастрия,broad,115,квиконс в синастрии,363,Россия,225,Смартфоны,ru,2026-07-29T18:51:00.129Z,https://wordstat.yandex.ru/?region=225&view=table&words=%D1%81%D0%B8%D0%BD%D0%B0%D1%81%D1%82%D1%80%D0%B8%D1%8F,evidence/wordstat/wordstat-live-raw.json,VALID_LIVE_WORDSTAT,"External Yandex demand proxy, not RuStore internal search volume."
broad-716,синастрия,синастрия,broad,116,синастрия соединение хиронов,362,Россия,225,Смартфоны,ru,2026-07-29T18:51:00.129Z,https://wordstat.yandex.ru/?region=225&view=table&words=%D1%81%D0%B8%D0%BD%D0%B0%D1%81%D1%82%D1%80%D0%B8%D1%8F,evidence/wordstat/wordstat-live-raw.json,VALID_LIVE_WORDSTAT,"External Yandex demand proxy, not RuStore internal search volume."
broad-717,синастрия,синастрия,broad,117,синастрия груди,361,Россия,225,Смартфоны,ru,2026-07-29T18:51:00.129Z,https://wordstat.yandex.ru/?region=225&view=table&words=%D1%81%D0%B8%D0%BD%D0%B0%D1%81%D1%82%D1%80%D0%B8%D1%8F,evidence/wordstat/wordstat-live-raw.json,VALID_LIVE_WORDSTAT,"External Yandex demand proxy, not RuStore internal search volume."
broad-718,синастрия,синастрия,broad,118,соединение лилит венера в синастрии,360,Россия,225,Смартфоны,ru,2026-07-29T18:51:00.129Z,https://wordstat.yandex.ru/?region=225&view=table&words=%D1%81%D0%B8%D0%BD%D0%B0%D1%81%D1%82%D1%80%D0%B8%D1%8F,evidence/wordstat/wordstat-live-raw.json,VALID_LIVE_WORDSTAT,"External Yandex demand proxy, not RuStore internal search volume."
broad-719,синастрия,синастрия,broad,119,синастрия соединение уран уран,359,Россия,225,Смартфоны,ru,2026-07-29T18:51:00.129Z,https://wordstat.yandex.ru/?region=225&view=table&words=%D1%81%D0%B8%D0%BD%D0%B0%D1%81%D1%82%D1%80%D0%B8%D1%8F,evidence/wordstat/wordstat-live-raw.json,VALID_LIVE_WORDSTAT,"External Yandex demand proxy, not RuStore internal search volume."
broad-720,синастрия,синастрия,broad,120,лилит женщины в соединении синастрия,352,Россия,225,Смартфоны,ru,2026-07-29T18:51:00.129Z,https://wordstat.yandex.ru/?region=225&view=table&words=%D1%81%D0%B8%D0%BD%D0%B0%D1%81%D1%82%D1%80%D0%B8%D1%8F,evidence/wordstat/wordstat-live-raw.json,VALID_LIVE_WORDSTAT,"External Yandex demand proxy, not RuStore internal search volume."
broad-721,синастрия,синастрия,broad,121,солнце плутон синастрия,350,Россия,225,Смартфоны,ru,2026-07-29T18:51:00.129Z,https://wordstat.yandex.ru/?region=225&view=table&words=%D1%81%D0%B8%D0%BD%D0%B0%D1%81%D1%82%D1%80%D0%B8%D1%8F,evidence/wordstat/wordstat-live-raw.json,VALID_LIVE_WORDSTAT,"External Yandex demand proxy, not RuStore internal search volume."
broad-722,синастрия,синастрия,broad,122,солнце сатурн синастрия,341,Россия,225,Смартфоны,ru,2026-07-29T18:51:00.129Z,https://wordstat.yandex.ru/?region=225&view=table&words=%D1%81%D0%B8%D0%BD%D0%B0%D1%81%D1%82%D1%80%D0%B8%D1%8F,evidence/wordstat/wordstat-live-raw.json,VALID_LIVE_WORDSTAT,"External Yandex demand proxy, not RuStore internal search volume."
broad-723,синастрия,синастрия,broad,123,луна сатурн синастрия,337,Россия,225,Смартфоны,ru,2026-07-29T18:51:00.129Z,https://wordstat.yandex.ru/?region=225&view=table&words=%D1%81%D0%B8%D0%BD%D0%B0%D1%81%D1%82%D1%80%D0%B8%D1%8F,evidence/wordstat/wordstat-live-raw.json,VALID_LIVE_WORDSTAT,"External Yandex demand proxy, not RuStore internal search volume."
broad-724,синастрия,синастрия,broad,124,синастрия восходящий узел,334,Россия,225,Смартфоны,ru,2026-07-29T18:51:00.129Z,https://wordstat.yandex.ru/?region=225&view=table&words=%D1%81%D0%B8%D0%BD%D0%B0%D1%81%D1%82%D1%80%D0%B8%D1%8F,evidence/wordstat/wordstat-live-raw.json,VALID_LIVE_WORDSTAT,"External Yandex demand proxy, not RuStore internal search volume."
broad-725,синастрия,синастрия,broad,125,квадрат лилит лилит в синастрии,324,Россия,225,Смартфоны,ru,2026-07-29T18:51:00.129Z,https://wordstat.yandex.ru/?region=225&view=table&words=%D1%81%D0%B8%D0%BD%D0%B0%D1%81%D1%82%D1%80%D0%B8%D1%8F,evidence/wordstat/wordstat-live-raw.json,VALID_LIVE_WORDSTAT,"External Yandex demand proxy, not RuStore internal search volume."
broad-726,синастрия,синастрия,broad,126,луна лилит в синастрии,324,Россия,225,Смартфоны,ru,2026-07-29T18:51:00.129Z,https://wordstat.yandex.ru/?region=225&view=table&words=%D1%81%D0%B8%D0%BD%D0%B0%D1%81%D1%82%D1%80%D0%B8%D1%8F,evidence/wordstat/wordstat-live-raw.json,VALID_LIVE_WORDSTAT,"External Yandex demand proxy, not RuStore internal search volume."
broad-727,синастрия,синастрия,broad,127,сатурн квадрат сатурн в синастрии,320,Россия,225,Смартфоны,ru,2026-07-29T18:51:00.129Z,https://wordstat.yandex.ru/?region=225&view=table&words=%D1%81%D0%B8%D0%BD%D0%B0%D1%81%D1%82%D1%80%D0%B8%D1%8F,evidence/wordstat/wordstat-live-raw.json,VALID_LIVE_WORDSTAT,"External Yandex demand proxy, not RuStore internal search volume."
broad-728,синастрия,синастрия,broad,128,синастрия луна партнера,317,Россия,225,Смартфоны,ru,2026-07-29T18:51:00.129Z,https://wordstat.yandex.ru/?region=225&view=table&words=%D1%81%D0%B8%D0%BD%D0%B0%D1%81%D1%82%D1%80%D0%B8%D1%8F,evidence/wordstat/wordstat-live-raw.json,VALID_LIVE_WORDSTAT,"External Yandex demand proxy, not RuStore internal search volume."
broad-729,синастрия,синастрия,broad,129,трин лун в синастрии,316,Россия,225,Смартфоны,ru,2026-07-29T18:51:00.129Z,https://wordstat.yandex.ru/?region=225&view=table&words=%D1%81%D0%B8%D0%BD%D0%B0%D1%81%D1%82%D1%80%D0%B8%D1%8F,evidence/wordstat/wordstat-live-raw.json,VALID_LIVE_WORDSTAT,"External Yandex demand proxy, not RuStore internal search volume."
broad-730,синастрия,синастрия,broad,130,что значит синастрия,315,Россия,225,Смартфоны,ru,2026-07-29T18:51:00.129Z,https://wordstat.yandex.ru/?region=225&view=table&words=%D1%81%D0%B8%D0%BD%D0%B0%D1%81%D1%82%D1%80%D0%B8%D1%8F,evidence/wordstat/wordstat-live-raw.json,VALID_LIVE_WORDSTAT,"External Yandex demand proxy, not RuStore internal search volume."
broad-731,синастрия,синастрия,broad,131,венера тригон венера в синастрии,314,Россия,225,Смартфоны,ru,2026-07-29T18:51:00.129Z,https://wordstat.yandex.ru/?region=225&view=table&words=%D1%81%D0%B8%D0%BD%D0%B0%D1%81%D1%82%D1%80%D0%B8%D1%8F,evidence/wordstat/wordstat-live-raw.json,VALID_LIVE_WORDSTAT,"External Yandex demand proxy, not RuStore internal search volume."
broad-732,синастрия,синастрия,broad,132,сатурн доме синастрии,306,Россия,225,Смартфоны,ru,2026-07-29T18:51:00.129Z,https://wordstat.yandex.ru/?region=225&view=table&words=%D1%81%D0%B8%D0%BD%D0%B0%D1%81%D1%82%D1%80%D0%B8%D1%8F,evidence/wordstat/wordstat-live-raw.json,VALID_LIVE_WORDSTAT,"External Yandex demand proxy, not RuStore internal search volume."
broad-733,синастрия,синастрия,broad,133,синастрия соединение северных узлов,302,Россия,225,Смартфоны,ru,2026-07-29T18:51:00.129Z,https://wordstat.yandex.ru/?region=225&view=table&words=%D1%81%D0%B8%D0%BD%D0%B0%D1%81%D1%82%D1%80%D0%B8%D1%8F,evidence/wordstat/wordstat-live-raw.json,VALID_LIVE_WORDSTAT,"External Yandex demand proxy, not RuStore internal search volume."
broad-734,синастрия,синастрия,broad,134,синастрия совместимость по дате,296,Россия,225,Смартфоны,ru,2026-07-29T18:51:00.129Z,https://wordstat.yandex.ru/?region=225&view=table&words=%D1%81%D0%B8%D0%BD%D0%B0%D1%81%D1%82%D1%80%D0%B8%D1%8F,evidence/wordstat/wordstat-live-raw.json,VALID_LIVE_WORDSTAT,"External Yandex demand proxy, not RuStore internal search volume."
broad-735,синастрия,синастрия,broad,135,солнце солнце трин синастрия,296,Россия,225,Смартфоны,ru,2026-07-29T18:51:00.129Z,https://wordstat.yandex.ru/?region=225&view=table&words=%D1%81%D0%B8%D0%BD%D0%B0%D1%81%D1%82%D1%80%D0%B8%D1%8F,evidence/wordstat/wordstat-live-raw.json,VALID_LIVE_WORDSTAT,"External Yandex demand proxy, not RuStore internal search volume."
broad-736,синастрия,синастрия,broad,136,синастрия у женщин,293,Россия,225,Смартфоны,ru,2026-07-29T18:51:00.129Z,https://wordstat.yandex.ru/?region=225&view=table&words=%D1%81%D0%B8%D0%BD%D0%B0%D1%81%D1%82%D1%80%D0%B8%D1%8F,evidence/wordstat/wordstat-live-raw.json,VALID_LIVE_WORDSTAT,"External Yandex demand proxy, not RuStore internal search volume."
broad-737,синастрия,синастрия,broad,137,венера секстиль венера в синастрии,290,Россия,225,Смартфоны,ru,2026-07-29T18:51:00.129Z,https://wordstat.yandex.ru/?region=225&view=table&words=%D1%81%D0%B8%D0%BD%D0%B0%D1%81%D1%82%D1%80%D0%B8%D1%8F,evidence/wordstat/wordstat-live-raw.json,VALID_LIVE_WORDSTAT,"External Yandex demand proxy, not RuStore internal search volume."
broad-738,синастрия,синастрия,broad,138,рассчитать синастрию онлайн,288,Россия,225,Смартфоны,ru,2026-07-29T18:51:00.129Z,https://wordstat.yandex.ru/?region=225&view=table&words=%D1%81%D0%B8%D0%BD%D0%B0%D1%81%D1%82%D1%80%D0%B8%D1%8F,evidence/wordstat/wordstat-live-raw.json,VALID_LIVE_WORDSTAT,"External Yandex demand proxy, not RuStore internal search volume."
broad-739,синастрия,синастрия,broad,139,тригон луну луна синастрия,287,Россия,225,Смартфоны,ru,2026-07-29T18:51:00.129Z,https://wordstat.yandex.ru/?region=225&view=table&words=%D1%81%D0%B8%D0%BD%D0%B0%D1%81%D1%82%D1%80%D0%B8%D1%8F,evidence/wordstat/wordstat-live-raw.json,VALID_LIVE_WORDSTAT,"External Yandex demand proxy, not RuStore internal search volume."
broad-740,синастрия,синастрия,broad,140,синастрия совместимость по дате рождения,287,Россия,225,Смартфоны,ru,2026-07-29T18:51:00.129Z,https://wordstat.yandex.ru/?region=225&view=table&words=%D1%81%D0%B8%D0%BD%D0%B0%D1%81%D1%82%D1%80%D0%B8%D1%8F,evidence/wordstat/wordstat-live-raw.json,VALID_LIVE_WORDSTAT,"External Yandex demand proxy, not RuStore internal search volume."
broad-741,синастрия,синастрия,broad,141,плутон в домах синастрия,283,Россия,225,Смартфоны,ru,2026-07-29T18:51:00.129Z,https://wordstat.yandex.ru/?region=225&view=table&words=%D1%81%D0%B8%D0%BD%D0%B0%D1%81%D1%82%D1%80%D0%B8%D1%8F,evidence/wordstat/wordstat-live-raw.json,VALID_LIVE_WORDSTAT,"External Yandex demand proxy, not RuStore internal search volume."
broad-742,синастрия,синастрия,broad,142,синастрия любви,282,Россия,225,Смартфоны,ru,2026-07-29T18:51:00.129Z,https://wordstat.yandex.ru/?region=225&view=table&words=%D1%81%D0%B8%D0%BD%D0%B0%D1%81%D1%82%D1%80%D0%B8%D1%8F,evidence/wordstat/wordstat-live-raw.json,VALID_LIVE_WORDSTAT,"External Yandex demand proxy, not RuStore internal search volume."
broad-743,синастрия,синастрия,broad,143,узел синастрии в домах,281,Россия,225,Смартфоны,ru,2026-07-29T18:51:00.129Z,https://wordstat.yandex.ru/?region=225&view=table&words=%D1%81%D0%B8%D0%BD%D0%B0%D1%81%D1%82%D1%80%D0%B8%D1%8F,evidence/wordstat/wordstat-live-raw.json,VALID_LIVE_WORDSTAT,"External Yandex demand proxy, not RuStore internal search volume."
broad-744,синастрия,синастрия,broad,144,соединение солнце венера в синастрии,281,Россия,225,Смартфоны,ru,2026-07-29T18:51:00.129Z,https://wordstat.yandex.ru/?region=225&view=table&words=%D1%81%D0%B8%D0%BD%D0%B0%D1%81%D1%82%D1%80%D0%B8%D1%8F,evidence/wordstat/wordstat-live-raw.json,VALID_LIVE_WORDSTAT,"External Yandex demand proxy, not RuStore internal search volume."
broad-745,синастрия,синастрия,broad,145,соединение марс лилит в синастрии,277,Россия,225,Смартфоны,ru,2026-07-29T18:51:00.129Z,https://wordstat.yandex.ru/?region=225&view=table&words=%D1%81%D0%B8%D0%BD%D0%B0%D1%81%D1%82%D1%80%D0%B8%D1%8F,evidence/wordstat/wordstat-live-raw.json,VALID_LIVE_WORDSTAT,"External Yandex demand proxy, not RuStore internal search volume."
broad-746,синастрия,синастрия,broad,146,синастрия соединение селена,274,Россия,225,Смартфоны,ru,2026-07-29T18:51:00.129Z,https://wordstat.yandex.ru/?region=225&view=table&words=%D1%81%D0%B8%D0%BD%D0%B0%D1%81%D1%82%D1%80%D0%B8%D1%8F,evidence/wordstat/wordstat-live-raw.json,VALID_LIVE_WORDSTAT,"External Yandex demand proxy, not RuStore internal search volume."
broad-747,синастрия,синастрия,broad,147,венера юпитер синастрия,274,Россия,225,Смартфоны,ru,2026-07-29T18:51:00.129Z,https://wordstat.yandex.ru/?region=225&view=table&words=%D1%81%D0%B8%D0%BD%D0%B0%D1%81%D1%82%D1%80%D0%B8%D1%8F,evidence/wordstat/wordstat-live-raw.json,VALID_LIVE_WORDSTAT,"External Yandex demand proxy, not RuStore internal search volume."
broad-748,синастрия,синастрия,broad,148,юпитер в домах синастрии,273,Россия,225,Смартфоны,ru,2026-07-29T18:51:00.129Z,https://wordstat.yandex.ru/?region=225&view=table&words=%D1%81%D0%B8%D0%BD%D0%B0%D1%81%D1%82%D1%80%D0%B8%D1%8F,evidence/wordstat/wordstat-live-raw.json,VALID_LIVE_WORDSTAT,"External Yandex demand proxy, not RuStore internal search volume."
broad-749,синастрия,синастрия,broad,149,аспект венера синастрия,271,Россия,225,Смартфоны,ru,2026-07-29T18:51:00.129Z,https://wordstat.yandex.ru/?region=225&view=table&words=%D1%81%D0%B8%D0%BD%D0%B0%D1%81%D1%82%D1%80%D0%B8%D1%8F,evidence/wordstat/wordstat-live-raw.json,VALID_LIVE_WORDSTAT,"External Yandex demand proxy, not RuStore internal search volume."
broad-750,синастрия,синастрия,broad,150,синастрия аспекты луны,271,Россия,225,Смартфоны,ru,2026-07-29T18:51:00.129Z,https://wordstat.yandex.ru/?region=225&view=table&words=%D1%81%D0%B8%D0%BD%D0%B0%D1%81%D1%82%D1%80%D0%B8%D1%8F,evidence/wordstat/wordstat-live-raw.json,VALID_LIVE_WORDSTAT,"External Yandex demand proxy, not RuStore internal search volume."
broad-751,синастрия,синастрия,broad,151,синастрия 10 дома,266,Россия,225,Смартфоны,ru,2026-07-29T18:51:00.129Z,https://wordstat.yandex.ru/?region=225&view=table&words=%D1%81%D0%B8%D0%BD%D0%B0%D1%81%D1%82%D1%80%D0%B8%D1%8F,evidence/wordstat/wordstat-live-raw.json,VALID_LIVE_WORDSTAT,"External Yandex demand proxy, not RuStore internal search volume."
broad-752,синастрия,синастрия,broad,152,синастрия какой аспект,266,Россия,225,Смартфоны,ru,2026-07-29T18:51:00.129Z,https://wordstat.yandex.ru/?region=225&view=table&words=%D1%81%D0%B8%D0%BD%D0%B0%D1%81%D1%82%D1%80%D0%B8%D1%8F,evidence/wordstat/wordstat-live-raw.json,VALID_LIVE_WORDSTAT,"External Yandex demand proxy, not RuStore internal search volume."
broad-753,синастрия,синастрия,broad,153,секстиль луна луна в синастрии,262,Россия,225,Смартфоны,ru,2026-07-29T18:51:00.129Z,https://wordstat.yandex.ru/?region=225&view=table&words=%D1%81%D0%B8%D0%BD%D0%B0%D1%81%D1%82%D1%80%D0%B8%D1%8F,evidence/wordstat/wordstat-live-raw.json,VALID_LIVE_WORDSTAT,"External Yandex demand proxy, not RuStore internal search volume."
broad-754,синастрия,синастрия,broad,154,кармическая синастрия,262,Россия,225,Смартфоны,ru,2026-07-29T18:51:00.129Z,https://wordstat.yandex.ru/?region=225&view=table&words=%D1%81%D0%B8%D0%BD%D0%B0%D1%81%D1%82%D1%80%D0%B8%D1%8F,evidence/wordstat/wordstat-live-raw.json,VALID_LIVE_WORDSTAT,"External Yandex demand proxy, not RuStore internal search volume."
broad-755,синастрия,синастрия,broad,155,синастрия отношений,261,Россия,225,Смартфоны,ru,2026-07-29T18:51:00.129Z,https://wordstat.yandex.ru/?region=225&view=table&words=%D1%81%D0%B8%D0%BD%D0%B0%D1%81%D1%82%D1%80%D0%B8%D1%8F,evidence/wordstat/wordstat-live-raw.json,VALID_LIVE_WORDSTAT,"External Yandex demand proxy, not RuStore internal search volume."
broad-756,синастрия,синастрия,broad,156,кету соединение кету синастрия,261,Россия,225,Смартфоны,ru,2026-07-29T18:51:00.129Z,https://wordstat.yandex.ru/?region=225&view=table&words=%D1%81%D0%B8%D0%BD%D0%B0%D1%81%D1%82%D1%80%D0%B8%D1%8F,evidence/wordstat/wordstat-live-raw.json,VALID_LIVE_WORDSTAT,"External Yandex demand proxy, not RuStore internal search volume."
broad-757,синастрия,синастрия,broad,157,синастрия стрельца,260,Россия,225,Смартфоны,ru,2026-07-29T18:51:00.129Z,https://wordstat.yandex.ru/?region=225&view=table&words=%D1%81%D0%B8%D0%BD%D0%B0%D1%81%D1%82%D1%80%D0%B8%D1%8F,evidence/wordstat/wordstat-live-raw.json,VALID_LIVE_WORDSTAT,"External Yandex demand proxy, not RuStore internal search volume."
broad-758,синастрия,синастрия,broad,158,венера нептун синастрия,260,Россия,225,Смартфоны,ru,2026-07-29T18:51:00.129Z,https://wordstat.yandex.ru/?region=225&view=table&words=%D1%81%D0%B8%D0%BD%D0%B0%D1%81%D1%82%D1%80%D0%B8%D1%8F,evidence/wordstat/wordstat-live-raw.json,VALID_LIVE_WORDSTAT,"External Yandex demand proxy, not RuStore internal search volume."
broad-759,синастрия,синастрия,broad,159,синастрия аспекты плутон,259,Россия,225,Смартфоны,ru,2026-07-29T18:51:00.129Z,https://wordstat.yandex.ru/?region=225&view=table&words=%D1%81%D0%B8%D0%BD%D0%B0%D1%81%D1%82%D1%80%D0%B8%D1%8F,evidence/wordstat/wordstat-live-raw.json,VALID_LIVE_WORDSTAT,"External Yandex demand proxy, not RuStore internal search volume."
broad-760,синастрия,синастрия,broad,160,нептун луна синастрия,258,Россия,225,Смартфоны,ru,2026-07-29T18:51:00.129Z,https://wordstat.yandex.ru/?region=225&view=table&words=%D1%81%D0%B8%D0%BD%D0%B0%D1%81%D1%82%D1%80%D0%B8%D1%8F,evidence/wordstat/wordstat-live-raw.json,VALID_LIVE_WORDSTAT,"External Yandex demand proxy, not RuStore internal search volume."
broad-761,синастрия,синастрия,broad,161,раху в доме синастрии,257,Россия,225,Смартфоны,ru,2026-07-29T18:51:00.129Z,https://wordstat.yandex.ru/?region=225&view=table&words=%D1%81%D0%B8%D0%BD%D0%B0%D1%81%D1%82%D1%80%D0%B8%D1%8F,evidence/wordstat/wordstat-live-raw.json,VALID_LIVE_WORDSTAT,"External Yandex demand proxy, not RuStore internal search volume."
broad-762,синастрия,синастрия,broad,162,солнце тригон солнце синастрия,256,Россия,225,Смартфоны,ru,2026-07-29T18:51:00.129Z,https://wordstat.yandex.ru/?region=225&view=table&words=%D1%81%D0%B8%D0%BD%D0%B0%D1%81%D1%82%D1%80%D0%B8%D1%8F,evidence/wordstat/wordstat-live-raw.json,VALID_LIVE_WORDSTAT,"External Yandex demand proxy, not RuStore internal search volume."
broad-763,синастрия,синастрия,broad,163,солнце секстиль солнце в синастрии,255,Россия,225,Смартфоны,ru,2026-07-29T18:51:00.129Z,https://wordstat.yandex.ru/?region=225&view=table&words=%D1%81%D0%B8%D0%BD%D0%B0%D1%81%D1%82%D1%80%D0%B8%D1%8F,evidence/wordstat/wordstat-live-raw.json,VALID_LIVE_WORDSTAT,"External Yandex demand proxy, not RuStore internal search volume."
broad-764,синастрия,синастрия,broad,164,нептун мужчины в синастрии,255,Россия,225,Смартфоны,ru,2026-07-29T18:51:00.129Z,https://wordstat.yandex.ru/?region=225&view=table&words=%D1%81%D0%B8%D0%BD%D0%B0%D1%81%D1%82%D1%80%D0%B8%D1%8F,evidence/wordstat/wordstat-live-raw.json,VALID_LIVE_WORDSTAT,"External Yandex demand proxy, not RuStore internal search volume."
broad-765,синастрия,синастрия,broad,165,градусы в синастрии,255,Россия,225,Смартфоны,ru,2026-07-29T18:51:00.129Z,https://wordstat.yandex.ru/?region=225&view=table&words=%D1%81%D0%B8%D0%BD%D0%B0%D1%81%D1%82%D1%80%D0%B8%D1%8F,evidence/wordstat/wordstat-live-raw.json,VALID_LIVE_WORDSTAT,"External Yandex demand proxy, not RuStore internal search volume."
broad-766,синастрия,синастрия,broad,166,синастрия онлайн совместимость,255,Россия,225,Смартфоны,ru,2026-07-29T18:51:00.129Z,https://wordstat.yandex.ru/?region=225&view=table&words=%D1%81%D0%B8%D0%BD%D0%B0%D1%81%D1%82%D1%80%D0%B8%D1%8F,evidence/wordstat/wordstat-live-raw.json,VALID_LIVE_WORDSTAT,"External Yandex demand proxy, not RuStore internal search volume."
broad-767,синастрия,синастрия,broad,167,солнце лилит в синастрии,251,Россия,225,Смартфоны,ru,2026-07-29T18:51:00.129Z,https://wordstat.yandex.ru/?region=225&view=table&words=%D1%81%D0%B8%D0%BD%D0%B0%D1%81%D1%82%D1%80%D0%B8%D1%8F,evidence/wordstat/wordstat-live-raw.json,VALID_LIVE_WORDSTAT,"External Yandex demand proxy, not RuStore internal search volume."
broad-768,синастрия,синастрия,broad,168,марс трин марс в синастрии,250,Россия,225,Смартфоны,ru,2026-07-29T18:51:00.129Z,https://wordstat.yandex.ru/?region=225&view=table&words=%D1%81%D0%B8%D0%BD%D0%B0%D1%81%D1%82%D1%80%D0%B8%D1%8F,evidence/wordstat/wordstat-live-raw.json,VALID_LIVE_WORDSTAT,"External Yandex demand proxy, not RuStore internal search volume."
broad-769,синастрия,синастрия,broad,169,построить синастрию,250,Россия,225,Смартфоны,ru,2026-07-29T18:51:00.129Z,https://wordstat.yandex.ru/?region=225&view=table&words=%D1%81%D0%B8%D0%BD%D0%B0%D1%81%D1%82%D1%80%D0%B8%D1%8F,evidence/wordstat/wordstat-live-raw.json,VALID_LIVE_WORDSTAT,"External Yandex demand proxy, not RuStore internal search volume."
broad-770,синастрия,синастрия,broad,170,синастрия оппозиция сатурн сатурн,249,Россия,225,Смартфоны,ru,2026-07-29T18:51:00.129Z,https://wordstat.yandex.ru/?region=225&view=table&words=%D1%81%D0%B8%D0%BD%D0%B0%D1%81%D1%82%D1%80%D0%B8%D1%8F,evidence/wordstat/wordstat-live-raw.json,VALID_LIVE_WORDSTAT,"External Yandex demand proxy, not RuStore internal search volume."
broad-771,синастрия,синастрия,broad,171,венера в синастрии форум,249,Россия,225,Смартфоны,ru,2026-07-29T18:51:00.129Z,https://wordstat.yandex.ru/?region=225&view=table&words=%D1%81%D0%B8%D0%BD%D0%B0%D1%81%D1%82%D1%80%D0%B8%D1%8F,evidence/wordstat/wordstat-live-raw.json,VALID_LIVE_WORDSTAT,"External Yandex demand proxy, not RuStore internal search volume."
broad-772,синастрия,синастрия,broad,172,оппозиция лилит в синастрии,246,Россия,225,Смартфоны,ru,2026-07-29T18:51:00.129Z,https://wordstat.yandex.ru/?region=225&view=table&words=%D1%81%D0%B8%D0%BD%D0%B0%D1%81%D1%82%D1%80%D0%B8%D1%8F,evidence/wordstat/wordstat-live-raw.json,VALID_LIVE_WORDSTAT,"External Yandex demand proxy, not RuStore internal search volume."
broad-773,синастрия,синастрия,broad,173,соединение с марсом мужчины в синастрии,243,Россия,225,Смартфоны,ru,2026-07-29T18:51:00.129Z,https://wordstat.yandex.ru/?region=225&view=table&words=%D1%81%D0%B8%D0%BD%D0%B0%D1%81%D1%82%D1%80%D0%B8%D1%8F,evidence/wordstat/wordstat-live-raw.json,VALID_LIVE_WORDSTAT,"External Yandex demand proxy, not RuStore internal search volume."
broad-774,синастрия,синастрия,broad,174,синастрия 3,237,Россия,225,Смартфоны,ru,2026-07-29T18:51:00.129Z,https://wordstat.yandex.ru/?region=225&view=table&words=%D1%81%D0%B8%D0%BD%D0%B0%D1%81%D1%82%D1%80%D0%B8%D1%8F,evidence/wordstat/wordstat-live-raw.json,VALID_LIVE_WORDSTAT,"External Yandex demand proxy, not RuStore internal search volume."
broad-775,синастрия,синастрия,broad,175,плутон квадрат луна синастрия,236,Россия,225,Смартфоны,ru,2026-07-29T18:51:00.129Z,https://wordstat.yandex.ru/?region=225&view=table&words=%D1%81%D0%B8%D0%BD%D0%B0%D1%81%D1%82%D1%80%D0%B8%D1%8F,evidence/wordstat/wordstat-live-raw.json,VALID_LIVE_WORDSTAT,"External Yandex demand proxy, not RuStore internal search volume."
broad-776,синастрия,синастрия,broad,176,нептун солнце синастрия,235,Россия,225,Смартфоны,ru,2026-07-29T18:51:00.129Z,https://wordstat.yandex.ru/?region=225&view=table&words=%D1%81%D0%B8%D0%BD%D0%B0%D1%81%D1%82%D1%80%D0%B8%D1%8F,evidence/wordstat/wordstat-live-raw.json,VALID_LIVE_WORDSTAT,"External Yandex demand proxy, not RuStore internal search volume."
broad-777,синастрия,синастрия,broad,177,секстиль плутон плутон синастрия,232,Россия,225,Смартфоны,ru,2026-07-29T18:51:00.129Z,https://wordstat.yandex.ru/?region=225&view=table&words=%D1%81%D0%B8%D0%BD%D0%B0%D1%81%D1%82%D1%80%D0%B8%D1%8F,evidence/wordstat/wordstat-live-raw.json,VALID_LIVE_WORDSTAT,"External Yandex demand proxy, not RuStore internal search volume."
broad-778,синастрия,синастрия,broad,178,полная синастрия,231,Россия,225,Смартфоны,ru,2026-07-29T18:51:00.129Z,https://wordstat.yandex.ru/?region=225&view=table&words=%D1%81%D0%B8%D0%BD%D0%B0%D1%81%D1%82%D1%80%D0%B8%D1%8F,evidence/wordstat/wordstat-live-raw.json,VALID_LIVE_WORDSTAT,"External Yandex demand proxy, not RuStore internal search volume."
broad-779,синастрия,синастрия,broad,179,синастрия солнце юпитер,228,Россия,225,Смартфоны,ru,2026-07-29T18:51:00.129Z,https://wordstat.yandex.ru/?region=225&view=table&words=%D1%81%D0%B8%D0%BD%D0%B0%D1%81%D1%82%D1%80%D0%B8%D1%8F,evidence/wordstat/wordstat-live-raw.json,VALID_LIVE_WORDSTAT,"External Yandex demand proxy, not RuStore internal search volume."
broad-780,синастрия,синастрия,broad,180,синастрия человека,224,Россия,225,Смартфоны,ru,2026-07-29T18:51:00.129Z,https://wordstat.yandex.ru/?region=225&view=table&words=%D1%81%D0%B8%D0%BD%D0%B0%D1%81%D1%82%D1%80%D0%B8%D1%8F,evidence/wordstat/wordstat-live-raw.json,VALID_LIVE_WORDSTAT,"External Yandex demand proxy, not RuStore internal search volume."
broad-781,синастрия,синастрия,broad,181,нептун доме синастрии,224,Россия,225,Смартфоны,ru,2026-07-29T18:51:00.129Z,https://wordstat.yandex.ru/?region=225&view=table&words=%D1%81%D0%B8%D0%BD%D0%B0%D1%81%D1%82%D1%80%D0%B8%D1%8F,evidence/wordstat/wordstat-live-raw.json,VALID_LIVE_WORDSTAT,"External Yandex demand proxy, not RuStore internal search volume."
broad-782,синастрия,синастрия,broad,182,синастрия аспекты марса,223,Россия,225,Смартфоны,ru,2026-07-29T18:51:00.129Z,https://wordstat.yandex.ru/?region=225&view=table&words=%D1%81%D0%B8%D0%BD%D0%B0%D1%81%D1%82%D1%80%D0%B8%D1%8F,evidence/wordstat/wordstat-live-raw.json,VALID_LIVE_WORDSTAT,"External Yandex demand proxy, not RuStore internal search volume."
broad-783,синастрия,синастрия,broad,183,фортуна синастрия,223,Россия,225,Смартфоны,ru,2026-07-29T18:51:00.129Z,https://wordstat.yandex.ru/?region=225&view=table&words=%D1%81%D0%B8%D0%BD%D0%B0%D1%81%D1%82%D1%80%D0%B8%D1%8F,evidence/wordstat/wordstat-live-raw.json,VALID_LIVE_WORDSTAT,"External Yandex demand proxy, not RuStore internal search volume."
broad-784,синастрия,синастрия,broad,184,марс мужчины венера синастрия,221,Россия,225,Смартфоны,ru,2026-07-29T18:51:00.129Z,https://wordstat.yandex.ru/?region=225&view=table&words=%D1%81%D0%B8%D0%BD%D0%B0%D1%81%D1%82%D1%80%D0%B8%D1%8F,evidence/wordstat/wordstat-live-raw.json,VALID_LIVE_WORDSTAT,"External Yandex demand proxy, not RuStore internal search volume."
broad-785,синастрия,синастрия,broad,185,полная синастрия бесплатно,221,Россия,225,Смартфоны,ru,2026-07-29T18:51:00.129Z,https://wordstat.yandex.ru/?region=225&view=table&words=%D1%81%D0%B8%D0%BD%D0%B0%D1%81%D1%82%D1%80%D0%B8%D1%8F,evidence/wordstat/wordstat-live-raw.json,VALID_LIVE_WORDSTAT,"External Yandex demand proxy, not RuStore internal search volume."
broad-786,синастрия,синастрия,broad,186,полная синастрия онлайн,219,Россия,225,Смартфоны,ru,2026-07-29T18:51:00.129Z,https://wordstat.yandex.ru/?region=225&view=table&words=%D1%81%D0%B8%D0%BD%D0%B0%D1%81%D1%82%D1%80%D0%B8%D1%8F,evidence/wordstat/wordstat-live-raw.json,VALID_LIVE_WORDSTAT,"External Yandex demand proxy, not RuStore internal search volume."
broad-787,синастрия,синастрия,broad,187,полная синастрия онлайн бесплатно,219,Россия,225,Смартфоны,ru,2026-07-29T18:51:00.129Z,https://wordstat.yandex.ru/?region=225&view=table&words=%D1%81%D0%B8%D0%BD%D0%B0%D1%81%D1%82%D1%80%D0%B8%D1%8F,evidence/wordstat/wordstat-live-raw.json,VALID_LIVE_WORDSTAT,"External Yandex demand proxy, not RuStore internal search volume."
broad-788,синастрия,синастрия,broad,188,синастрия онлайн бесплатно с объяснением,218,Россия,225,Смартфоны,ru,2026-07-29T18:51:00.129Z,https://wordstat.yandex.ru/?region=225&view=table&words=%D1%81%D0%B8%D0%BD%D0%B0%D1%81%D1%82%D1%80%D0%B8%D1%8F,evidence/wordstat/wordstat-live-raw.json,VALID_LIVE_WORDSTAT,"External Yandex demand proxy, not RuStore internal search volume."
broad-789,синастрия,синастрия,broad,189,синастрия онлайн бесплатно с полным объяснением,218,Россия,225,Смартфоны,ru,2026-07-29T18:51:00.129Z,https://wordstat.yandex.ru/?region=225&view=table&words=%D1%81%D0%B8%D0%BD%D0%B0%D1%81%D1%82%D1%80%D0%B8%D1%8F,evidence/wordstat/wordstat-live-raw.json,VALID_LIVE_WORDSTAT,"External Yandex demand proxy, not RuStore internal search volume."
broad-790,синастрия,синастрия,broad,190,планеты в домах в синастрии,216,Россия,225,Смартфоны,ru,2026-07-29T18:51:00.129Z,https://wordstat.yandex.ru/?region=225&view=table&words=%D1%81%D0%B8%D0%BD%D0%B0%D1%81%D1%82%D1%80%D0%B8%D1%8F,evidence/wordstat/wordstat-live-raw.json,VALID_LIVE_WORDSTAT,"External Yandex demand proxy, not RuStore internal search volume."
broad-791,синастрия,синастрия,broad,191,венера уран синастрия,213,Россия,225,Смартфоны,ru,2026-07-29T18:51:00.129Z,https://wordstat.yandex.ru/?region=225&view=table&words=%D1%81%D0%B8%D0%BD%D0%B0%D1%81%D1%82%D1%80%D0%B8%D1%8F,evidence/wordstat/wordstat-live-raw.json,VALID_LIVE_WORDSTAT,"External Yandex demand proxy, not RuStore internal search volume."
broad-792,синастрия,синастрия,broad,192,синастрия венера узел,210,Россия,225,Смартфоны,ru,2026-07-29T18:51:00.129Z,https://wordstat.yandex.ru/?region=225&view=table&words=%D1%81%D0%B8%D0%BD%D0%B0%D1%81%D1%82%D1%80%D0%B8%D1%8F,evidence/wordstat/wordstat-live-raw.json,VALID_LIVE_WORDSTAT,"External Yandex demand proxy, not RuStore internal search volume."
broad-793,синастрия,синастрия,broad,193,луна юпитер синастрия,209,Россия,225,Смартфоны,ru,2026-07-29T18:51:00.129Z,https://wordstat.yandex.ru/?region=225&view=table&words=%D1%81%D0%B8%D0%BD%D0%B0%D1%81%D1%82%D1%80%D0%B8%D1%8F,evidence/wordstat/wordstat-live-raw.json,VALID_LIVE_WORDSTAT,"External Yandex demand proxy, not RuStore internal search volume."
broad-794,синастрия,синастрия,broad,194,вертекс вертекс соединение синастрия,207,Россия,225,Смартфоны,ru,2026-07-29T18:51:00.129Z,https://wordstat.yandex.ru/?region=225&view=table&words=%D1%81%D0%B8%D0%BD%D0%B0%D1%81%D1%82%D1%80%D0%B8%D1%8F,evidence/wordstat/wordstat-live-raw.json,VALID_LIVE_WORDSTAT,"External Yandex demand proxy, not RuStore internal search volume."
broad-795,синастрия,синастрия,broad,195,трин плутона в синастрии,207,Россия,225,Смартфоны,ru,2026-07-29T18:51:00.129Z,https://wordstat.yandex.ru/?region=225&view=table&words=%D1%81%D0%B8%D0%BD%D0%B0%D1%81%D1%82%D1%80%D0%B8%D1%8F,evidence/wordstat/wordstat-live-raw.json,VALID_LIVE_WORDSTAT,"External Yandex demand proxy, not RuStore internal search volume."
broad-796,синастрия,синастрия,broad,196,2 дом в синастрии,206,Россия,225,Смартфоны,ru,2026-07-29T18:51:00.129Z,https://wordstat.yandex.ru/?region=225&view=table&words=%D1%81%D0%B8%D0%BD%D0%B0%D1%81%D1%82%D1%80%D0%B8%D1%8F,evidence/wordstat/wordstat-live-raw.json,VALID_LIVE_WORDSTAT,"External Yandex demand proxy, not RuStore internal search volume."
broad-797,синастрия,синастрия,broad,197,синастрии между женщинами,203,Россия,225,Смартфоны,ru,2026-07-29T18:51:00.129Z,https://wordstat.yandex.ru/?region=225&view=table&words=%D1%81%D0%B8%D0%BD%D0%B0%D1%81%D1%82%D1%80%D0%B8%D1%8F,evidence/wordstat/wordstat-live-raw.json,VALID_LIVE_WORDSTAT,"External Yandex demand proxy, not RuStore internal search volume."
broad-798,синастрия,синастрия,broad,198,синастрия тригон марсов,201,Россия,225,Смартфоны,ru,2026-07-29T18:51:00.129Z,https://wordstat.yandex.ru/?region=225&view=table&words=%D1%81%D0%B8%D0%BD%D0%B0%D1%81%D1%82%D1%80%D0%B8%D1%8F,evidence/wordstat/wordstat-live-raw.json,VALID_LIVE_WORDSTAT,"External Yandex demand proxy, not RuStore internal search volume."
broad-799,синастрия,синастрия,broad,199,астросик синастрия,201,Россия,225,Смартфоны,ru,2026-07-29T18:51:00.129Z,https://wordstat.yandex.ru/?region=225&view=table&words=%D1%81%D0%B8%D0%BD%D0%B0%D1%81%D1%82%D1%80%D0%B8%D1%8F,evidence/wordstat/wordstat-live-raw.json,VALID_LIVE_WORDSTAT,"External Yandex demand proxy, not RuStore internal search volume."
broad-800,синастрия,синастрия,broad,200,синастрия между мужчиной и женщиной,200,Россия,225,Смартфоны,ru,2026-07-29T18:51:00.129Z,https://wordstat.yandex.ru/?region=225&view=table&words=%D1%81%D0%B8%D0%BD%D0%B0%D1%81%D1%82%D1%80%D0%B8%D1%8F,evidence/wordstat/wordstat-live-raw.json,VALID_LIVE_WORDSTAT,"External Yandex demand proxy, not RuStore internal search volume."
broad-801,астрология,астрология,broad,1,астрология,157376,Россия,225,Смартфоны,ru,2026-07-29T18:51:01.061Z,https://wordstat.yandex.ru/?region=225&view=table&words=%D0%B0%D1%81%D1%82%D1%80%D0%BE%D0%BB%D0%BE%D0%B3%D0%B8%D1%8F,evidence/wordstat/wordstat-live-raw.json,VALID_LIVE_WORDSTAT,"External Yandex demand proxy, not RuStore internal search volume."
broad-802,астрология,астрология,broad,2,дома в астрологии,13767,Россия,225,Смартфоны,ru,2026-07-29T18:51:01.061Z,https://wordstat.yandex.ru/?region=225&view=table&words=%D0%B0%D1%81%D1%82%D1%80%D0%BE%D0%BB%D0%BE%D0%B3%D0%B8%D1%8F,evidence/wordstat/wordstat-live-raw.json,VALID_LIVE_WORDSTAT,"External Yandex demand proxy, not RuStore internal search volume."
broad-803,астрология,астрология,broad,3,ведическая астрология,9848,Россия,225,Смартфоны,ru,2026-07-29T18:51:01.061Z,https://wordstat.yandex.ru/?region=225&view=table&words=%D0%B0%D1%81%D1%82%D1%80%D0%BE%D0%BB%D0%BE%D0%B3%D0%B8%D1%8F,evidence/wordstat/wordstat-live-raw.json,VALID_LIVE_WORDSTAT,"External Yandex demand proxy, not RuStore internal search volume."
broad-804,астрология,астрология,broad,4,астрология какая,8251,Россия,225,Смартфоны,ru,2026-07-29T18:51:01.061Z,https://wordstat.yandex.ru/?region=225&view=table&words=%D0%B0%D1%81%D1%82%D1%80%D0%BE%D0%BB%D0%BE%D0%B3%D0%B8%D1%8F,evidence/wordstat/wordstat-live-raw.json,VALID_LIVE_WORDSTAT,"External Yandex demand proxy, not RuStore internal search volume."
broad-805,астрология,астрология,broad,5,астрология 2026,7894,Россия,225,Смартфоны,ru,2026-07-29T18:51:01.061Z,https://wordstat.yandex.ru/?region=225&view=table&words=%D0%B0%D1%81%D1%82%D1%80%D0%BE%D0%BB%D0%BE%D0%B3%D0%B8%D1%8F,evidence/wordstat/wordstat-live-raw.json,VALID_LIVE_WORDSTAT,"External Yandex demand proxy, not RuStore internal search volume."
broad-806,астрология,астрология,broad,6,планеты в астрологии,6559,Россия,225,Смартфоны,ru,2026-07-29T18:51:01.061Z,https://wordstat.yandex.ru/?region=225&view=table&words=%D0%B0%D1%81%D1%82%D1%80%D0%BE%D0%BB%D0%BE%D0%B3%D0%B8%D1%8F,evidence/wordstat/wordstat-live-raw.json,VALID_LIVE_WORDSTAT,"External Yandex demand proxy, not RuStore internal search volume."
broad-807,астрология,астрология,broad,7,за астрологию отвечает,6184,Россия,225,Смартфоны,ru,2026-07-29T18:51:01.061Z,https://wordstat.yandex.ru/?region=225&view=table&words=%D0%B0%D1%81%D1%82%D1%80%D0%BE%D0%BB%D0%BE%D0%B3%D0%B8%D1%8F,evidence/wordstat/wordstat-live-raw.json,VALID_LIVE_WORDSTAT,"External Yandex demand proxy, not RuStore internal search volume."
broad-808,астрология,астрология,broad,8,астрология год,4841,Россия,225,Смартфоны,ru,2026-07-29T18:51:01.061Z,https://wordstat.yandex.ru/?region=225&view=table&words=%D0%B0%D1%81%D1%82%D1%80%D0%BE%D0%BB%D0%BE%D0%B3%D0%B8%D1%8F,evidence/wordstat/wordstat-live-raw.json,VALID_LIVE_WORDSTAT,"External Yandex demand proxy, not RuStore internal search volume."
broad-809,астрология,астрология,broad,9,астрология карта,4675,Россия,225,Смартфоны,ru,2026-07-29T18:51:01.061Z,https://wordstat.yandex.ru/?region=225&view=table&words=%D0%B0%D1%81%D1%82%D1%80%D0%BE%D0%BB%D0%BE%D0%B3%D0%B8%D1%8F,evidence/wordstat/wordstat-live-raw.json,VALID_LIVE_WORDSTAT,"External Yandex demand proxy, not RuStore internal search volume."
broad-810,астрология,астрология,broad,10,день астрологии,4510,Россия,225,Смартфоны,ru,2026-07-29T18:51:01.061Z,https://wordstat.yandex.ru/?region=225&view=table&words=%D0%B0%D1%81%D1%82%D1%80%D0%BE%D0%BB%D0%BE%D0%B3%D0%B8%D1%8F,evidence/wordstat/wordstat-live-raw.json,VALID_LIVE_WORDSTAT,"External Yandex demand proxy, not RuStore internal search volume."
broad-811,астрология,астрология,broad,11,хорарная астрология,4085,Россия,225,Смартфоны,ru,2026-07-29T18:51:01.061Z,https://wordstat.yandex.ru/?region=225&view=table&words=%D0%B0%D1%81%D1%82%D1%80%D0%BE%D0%BB%D0%BE%D0%B3%D0%B8%D1%8F,evidence/wordstat/wordstat-live-raw.json,VALID_LIVE_WORDSTAT,"External Yandex demand proxy, not RuStore internal search volume."
broad-812,астрология,астрология,broad,12,астрология онлайн,4065,Россия,225,Смартфоны,ru,2026-07-29T18:51:01.061Z,https://wordstat.yandex.ru/?region=225&view=table&words=%D0%B0%D1%81%D1%82%D1%80%D0%BE%D0%BB%D0%BE%D0%B3%D0%B8%D1%8F,evidence/wordstat/wordstat-live-raw.json,VALID_LIVE_WORDSTAT,"External Yandex demand proxy, not RuStore internal search volume."
broad-813,астрология,астрология,broad,13,июль 2026 астрология,3944,Россия,225,Смартфоны,ru,2026-07-29T18:51:01.061Z,https://wordstat.yandex.ru/?region=225&view=table&words=%D0%B0%D1%81%D1%82%D1%80%D0%BE%D0%BB%D0%BE%D0%B3%D0%B8%D1%8F,evidence/wordstat/wordstat-live-raw.json,VALID_LIVE_WORDSTAT,"External Yandex demand proxy, not RuStore internal search volume."
broad-814,астрология,астрология,broad,14,знаки в астрологии,3765,Россия,225,Смартфоны,ru,2026-07-29T18:51:01.061Z,https://wordstat.yandex.ru/?region=225&view=table&words=%D0%B0%D1%81%D1%82%D1%80%D0%BE%D0%BB%D0%BE%D0%B3%D0%B8%D1%8F,evidence/wordstat/wordstat-live-raw.json,VALID_LIVE_WORDSTAT,"External Yandex demand proxy, not RuStore internal search volume."
broad-815,астрология,астрология,broad,15,дома в астрологии за что отвечают,3514,Россия,225,Смартфоны,ru,2026-07-29T18:51:01.061Z,https://wordstat.yandex.ru/?region=225&view=table&words=%D0%B0%D1%81%D1%82%D1%80%D0%BE%D0%BB%D0%BE%D0%B3%D0%B8%D1%8F,evidence/wordstat/wordstat-live-raw.json,VALID_LIVE_WORDSTAT,"External Yandex demand proxy, not RuStore internal search volume."
broad-816,астрология,астрология,broad,16,натальная астрология,3395,Россия,225,Смартфоны,ru,2026-07-29T18:51:01.061Z,https://wordstat.yandex.ru/?region=225&view=table&words=%D0%B0%D1%81%D1%82%D1%80%D0%BE%D0%BB%D0%BE%D0%B3%D0%B8%D1%8F,evidence/wordstat/wordstat-live-raw.json,VALID_LIVE_WORDSTAT,"External Yandex demand proxy, not RuStore internal search volume."
broad-817,астрология,астрология,broad,17,астрология рождение,3255,Россия,225,Смартфоны,ru,2026-07-29T18:51:01.061Z,https://wordstat.yandex.ru/?region=225&view=table&words=%D0%B0%D1%81%D1%82%D1%80%D0%BE%D0%BB%D0%BE%D0%B3%D0%B8%D1%8F,evidence/wordstat/wordstat-live-raw.json,VALID_LIVE_WORDSTAT,"External Yandex demand proxy, not RuStore internal search volume."
broad-818,астрология,астрология,broad,18,астрология натальная карта,3008,Россия,225,Смартфоны,ru,2026-07-29T18:51:01.061Z,https://wordstat.yandex.ru/?region=225&view=table&words=%D0%B0%D1%81%D1%82%D1%80%D0%BE%D0%BB%D0%BE%D0%B3%D0%B8%D1%8F,evidence/wordstat/wordstat-live-raw.json,VALID_LIVE_WORDSTAT,"External Yandex demand proxy, not RuStore internal search volume."
broad-819,астрология,астрология,broad,19,астрология бесплатно,2966,Россия,225,Смартфоны,ru,2026-07-29T18:51:01.061Z,https://wordstat.yandex.ru/?region=225&view=table&words=%D0%B0%D1%81%D1%82%D1%80%D0%BE%D0%BB%D0%BE%D0%B3%D0%B8%D1%8F,evidence/wordstat/wordstat-live-raw.json,VALID_LIVE_WORDSTAT,"External Yandex demand proxy, not RuStore internal search volume."
broad-820,астрология,астрология,broad,20,дзен астрология,2910,Россия,225,Смартфоны,ru,2026-07-29T18:51:01.061Z,https://wordstat.yandex.ru/?region=225&view=table&words=%D0%B0%D1%81%D1%82%D1%80%D0%BE%D0%BB%D0%BE%D0%B3%D0%B8%D1%8F,evidence/wordstat/wordstat-live-raw.json,VALID_LIVE_WORDSTAT,"External Yandex demand proxy, not RuStore internal search volume."
broad-821,астрология,астрология,broad,21,школа астрологии,2890,Россия,225,Смартфоны,ru,2026-07-29T18:51:01.061Z,https://wordstat.yandex.ru/?region=225&view=table&words=%D0%B0%D1%81%D1%82%D1%80%D0%BE%D0%BB%D0%BE%D0%B3%D0%B8%D1%8F,evidence/wordstat/wordstat-live-raw.json,VALID_LIVE_WORDSTAT,"External Yandex demand proxy, not RuStore internal search volume."
broad-822,астрология,астрология,broad,22,про астрологию,2887,Россия,225,Смартфоны,ru,2026-07-29T18:51:01.061Z,https://wordstat.yandex.ru/?region=225&view=table&words=%D0%B0%D1%81%D1%82%D1%80%D0%BE%D0%BB%D0%BE%D0%B3%D0%B8%D1%8F,evidence/wordstat/wordstat-live-raw.json,VALID_LIVE_WORDSTAT,"External Yandex demand proxy, not RuStore internal search volume."
broad-823,астрология,астрология,broad,23,астрология рассчитать,2773,Россия,225,Смартфоны,ru,2026-07-29T18:51:01.061Z,https://wordstat.yandex.ru/?region=225&view=table&words=%D0%B0%D1%81%D1%82%D1%80%D0%BE%D0%BB%D0%BE%D0%B3%D0%B8%D1%8F,evidence/wordstat/wordstat-live-raw.json,VALID_LIVE_WORDSTAT,"External Yandex demand proxy, not RuStore internal search volume."
broad-824,астрология,астрология,broad,24,астрология скачать,2602,Россия,225,Смартфоны,ru,2026-07-29T18:51:01.061Z,https://wordstat.yandex.ru/?region=225&view=table&words=%D0%B0%D1%81%D1%82%D1%80%D0%BE%D0%BB%D0%BE%D0%B3%D0%B8%D1%8F,evidence/wordstat/wordstat-live-raw.json,VALID_LIVE_WORDSTAT,"External Yandex demand proxy, not RuStore internal search volume."
broad-825,астрология,астрология,broad,25,астрология человек,2439,Россия,225,Смартфоны,ru,2026-07-29T18:51:01.061Z,https://wordstat.yandex.ru/?region=225&view=table&words=%D0%B0%D1%81%D1%82%D1%80%D0%BE%D0%BB%D0%BE%D0%B3%D0%B8%D1%8F,evidence/wordstat/wordstat-live-raw.json,VALID_LIVE_WORDSTAT,"External Yandex demand proxy, not RuStore internal search volume."
broad-826,астрология,астрология,broad,26,астрология воровка,2274,Россия,225,Смартфоны,ru,2026-07-29T18:51:01.061Z,https://wordstat.yandex.ru/?region=225&view=table&words=%D0%B0%D1%81%D1%82%D1%80%D0%BE%D0%BB%D0%BE%D0%B3%D0%B8%D1%8F,evidence/wordstat/wordstat-live-raw.json,VALID_LIVE_WORDSTAT,"External Yandex demand proxy, not RuStore internal search volume."
broad-827,астрология,астрология,broad,27,астрология значение,2147,Россия,225,Смартфоны,ru,2026-07-29T18:51:01.061Z,https://wordstat.yandex.ru/?region=225&view=table&words=%D0%B0%D1%81%D1%82%D1%80%D0%BE%D0%BB%D0%BE%D0%B3%D0%B8%D1%8F,evidence/wordstat/wordstat-live-raw.json,VALID_LIVE_WORDSTAT,"External Yandex demand proxy, not RuStore internal search volume."
broad-828,астрология,астрология,broad,28,астрология по дате,2134,Россия,225,Смартфоны,ru,2026-07-29T18:51:01.061Z,https://wordstat.yandex.ru/?region=225&view=table&words=%D0%B0%D1%81%D1%82%D1%80%D0%BE%D0%BB%D0%BE%D0%B3%D0%B8%D1%8F,evidence/wordstat/wordstat-live-raw.json,VALID_LIVE_WORDSTAT,"External Yandex demand proxy, not RuStore internal search volume."
broad-829,астрология,астрология,broad,29,астрология знаки зодиака,2121,Россия,225,Смартфоны,ru,2026-07-29T18:51:01.061Z,https://wordstat.yandex.ru/?region=225&view=table&words=%D0%B0%D1%81%D1%82%D1%80%D0%BE%D0%BB%D0%BE%D0%B3%D0%B8%D1%8F,evidence/wordstat/wordstat-live-raw.json,VALID_LIVE_WORDSTAT,"External Yandex demand proxy, not RuStore internal search volume."
broad-830,астрология,астрология,broad,30,звезды в астрологии,2065,Россия,225,Смартфоны,ru,2026-07-29T18:51:01.061Z,https://wordstat.yandex.ru/?region=225&view=table&words=%D0%B0%D1%81%D1%82%D1%80%D0%BE%D0%BB%D0%BE%D0%B3%D0%B8%D1%8F,evidence/wordstat/wordstat-live-raw.json,VALID_LIVE_WORDSTAT,"External Yandex demand proxy, not RuStore internal search volume."
broad-831,астрология,астрология,broad,31,астрология 11,2058,Россия,225,Смартфоны,ru,2026-07-29T18:51:01.061Z,https://wordstat.yandex.ru/?region=225&view=table&words=%D0%B0%D1%81%D1%82%D1%80%D0%BE%D0%BB%D0%BE%D0%B3%D0%B8%D1%8F,evidence/wordstat/wordstat-live-raw.json,VALID_LIVE_WORDSTAT,"External Yandex demand proxy, not RuStore internal search volume."
broad-832,астрология,астрология,broad,32,12 астрология,2053,Россия,225,Смартфоны,ru,2026-07-29T18:51:01.061Z,https://wordstat.yandex.ru/?region=225&view=table&words=%D0%B0%D1%81%D1%82%D1%80%D0%BE%D0%BB%D0%BE%D0%B3%D0%B8%D1%8F,evidence/wordstat/wordstat-live-raw.json,VALID_LIVE_WORDSTAT,"External Yandex demand proxy, not RuStore internal search volume."
broad-833,астрология,астрология,broad,33,астрология суть,2039,Россия,225,Смартфоны,ru,2026-07-29T18:51:01.061Z,https://wordstat.yandex.ru/?region=225&view=table&words=%D0%B0%D1%81%D1%82%D1%80%D0%BE%D0%BB%D0%BE%D0%B3%D0%B8%D1%8F,evidence/wordstat/wordstat-live-raw.json,VALID_LIVE_WORDSTAT,"External Yandex demand proxy, not RuStore internal search volume."
broad-834,астрология,астрология,broad,34,астрология сегодня,1769,Россия,225,Смартфоны,ru,2026-07-29T18:51:01.061Z,https://wordstat.yandex.ru/?region=225&view=table&words=%D0%B0%D1%81%D1%82%D1%80%D0%BE%D0%BB%D0%BE%D0%B3%D0%B8%D1%8F,evidence/wordstat/wordstat-live-raw.json,VALID_LIVE_WORDSTAT,"External Yandex demand proxy, not RuStore internal search volume."
broad-835,астрология,астрология,broad,35,астрология по дате рождения,1715,Россия,225,Смартфоны,ru,2026-07-29T18:51:01.061Z,https://wordstat.yandex.ru/?region=225&view=table&words=%D0%B0%D1%81%D1%82%D1%80%D0%BE%D0%BB%D0%BE%D0%B3%D0%B8%D1%8F,evidence/wordstat/wordstat-live-raw.json,VALID_LIVE_WORDSTAT,"External Yandex demand proxy, not RuStore internal search volume."
broad-836,астрология,астрология,broad,36,песня астрология,1666,Россия,225,Смартфоны,ru,2026-07-29T18:51:01.061Z,https://wordstat.yandex.ru/?region=225&view=table&words=%D0%B0%D1%81%D1%82%D1%80%D0%BE%D0%BB%D0%BE%D0%B3%D0%B8%D1%8F,evidence/wordstat/wordstat-live-raw.json,VALID_LIVE_WORDSTAT,"External Yandex demand proxy, not RuStore internal search volume."
broad-837,астрология,астрология,broad,37,астрология львов,1658,Россия,225,Смартфоны,ru,2026-07-29T18:51:01.061Z,https://wordstat.yandex.ru/?region=225&view=table&words=%D0%B0%D1%81%D1%82%D1%80%D0%BE%D0%BB%D0%BE%D0%B3%D0%B8%D1%8F,evidence/wordstat/wordstat-live-raw.json,VALID_LIVE_WORDSTAT,"External Yandex demand proxy, not RuStore internal search volume."
broad-838,астрология,астрология,broad,38,лев астрология,1650,Россия,225,Смартфоны,ru,2026-07-29T18:51:01.061Z,https://wordstat.yandex.ru/?region=225&view=table&words=%D0%B0%D1%81%D1%82%D1%80%D0%BE%D0%BB%D0%BE%D0%B3%D0%B8%D1%8F,evidence/wordstat/wordstat-live-raw.json,VALID_LIVE_WORDSTAT,"External Yandex demand proxy, not RuStore internal search volume."
broad-839,астрология,астрология,broad,39,астрология точка,1626,Россия,225,Смартфоны,ru,2026-07-29T18:51:01.061Z,https://wordstat.yandex.ru/?region=225&view=table&words=%D0%B0%D1%81%D1%82%D1%80%D0%BE%D0%BB%D0%BE%D0%B3%D0%B8%D1%8F,evidence/wordstat/wordstat-live-raw.json,VALID_LIVE_WORDSTAT,"External Yandex demand proxy, not RuStore internal search volume."
broad-840,астрология,астрология,broad,40,луна в астрологии,1607,Россия,225,Смартфоны,ru,2026-07-29T18:51:01.061Z,https://wordstat.yandex.ru/?region=225&view=table&words=%D0%B0%D1%81%D1%82%D1%80%D0%BE%D0%BB%D0%BE%D0%B3%D0%B8%D1%8F,evidence/wordstat/wordstat-live-raw.json,VALID_LIVE_WORDSTAT,"External Yandex demand proxy, not RuStore internal search volume."
broad-841,астрология,астрология,broad,41,астрология 3,1602,Россия,225,Смартфоны,ru,2026-07-29T18:51:01.061Z,https://wordstat.yandex.ru/?region=225&view=table&words=%D0%B0%D1%81%D1%82%D1%80%D0%BE%D0%BB%D0%BE%D0%B3%D0%B8%D1%8F,evidence/wordstat/wordstat-live-raw.json,VALID_LIVE_WORDSTAT,"External Yandex demand proxy, not RuStore internal search volume."
broad-842,астрология,астрология,broad,42,что значит астрология,1600,Россия,225,Смартфоны,ru,2026-07-29T18:51:01.061Z,https://wordstat.yandex.ru/?region=225&view=table&words=%D0%B0%D1%81%D1%82%D1%80%D0%BE%D0%BB%D0%BE%D0%B3%D0%B8%D1%8F,evidence/wordstat/wordstat-live-raw.json,VALID_LIVE_WORDSTAT,"External Yandex demand proxy, not RuStore internal search volume."
broad-843,астрология,астрология,broad,43,астрология гороскоп,1581,Россия,225,Смартфоны,ru,2026-07-29T18:51:01.061Z,https://wordstat.yandex.ru/?region=225&view=table&words=%D0%B0%D1%81%D1%82%D1%80%D0%BE%D0%BB%D0%BE%D0%B3%D0%B8%D1%8F,evidence/wordstat/wordstat-live-raw.json,VALID_LIVE_WORDSTAT,"External Yandex demand proxy, not RuStore internal search volume."
broad-844,астрология,астрология,broad,44,юпитер в астрологии,1575,Россия,225,Смартфоны,ru,2026-07-29T18:51:01.061Z,https://wordstat.yandex.ru/?region=225&view=table&words=%D0%B0%D1%81%D1%82%D1%80%D0%BE%D0%BB%D0%BE%D0%B3%D0%B8%D1%8F,evidence/wordstat/wordstat-live-raw.json,VALID_LIVE_WORDSTAT,"External Yandex demand proxy, not RuStore internal search volume."
broad-845,астрология,астрология,broad,45,сатурн в астрологии,1567,Россия,225,Смартфоны,ru,2026-07-29T18:51:01.061Z,https://wordstat.yandex.ru/?region=225&view=table&words=%D0%B0%D1%81%D1%82%D1%80%D0%BE%D0%BB%D0%BE%D0%B3%D0%B8%D1%8F,evidence/wordstat/wordstat-live-raw.json,VALID_LIVE_WORDSTAT,"External Yandex demand proxy, not RuStore internal search volume."
broad-846,астрология,астрология,broad,46,астрология женщины,1549,Россия,225,Смартфоны,ru,2026-07-29T18:51:01.061Z,https://wordstat.yandex.ru/?region=225&view=table&words=%D0%B0%D1%81%D1%82%D1%80%D0%BE%D0%BB%D0%BE%D0%B3%D0%B8%D1%8F,evidence/wordstat/wordstat-live-raw.json,VALID_LIVE_WORDSTAT,"External Yandex demand proxy, not RuStore internal search volume."
broad-847,астрология,астрология,broad,47,лучшие астрологии,1494,Россия,225,Смартфоны,ru,2026-07-29T18:51:01.061Z,https://wordstat.yandex.ru/?region=225&view=table&words=%D0%B0%D1%81%D1%82%D1%80%D0%BE%D0%BB%D0%BE%D0%B3%D0%B8%D1%8F,evidence/wordstat/wordstat-live-raw.json,VALID_LIVE_WORDSTAT,"External Yandex demand proxy, not RuStore internal search volume."
broad-848,астрология,астрология,broad,48,песня астрология воровка,1480,Россия,225,Смартфоны,ru,2026-07-29T18:51:01.061Z,https://wordstat.yandex.ru/?region=225&view=table&words=%D0%B0%D1%81%D1%82%D1%80%D0%BE%D0%BB%D0%BE%D0%B3%D0%B8%D1%8F,evidence/wordstat/wordstat-live-raw.json,VALID_LIVE_WORDSTAT,"External Yandex demand proxy, not RuStore internal search volume."
broad-849,астрология,астрология,broad,49,астрология 6,1479,Россия,225,Смартфоны,ru,2026-07-29T18:51:01.061Z,https://wordstat.yandex.ru/?region=225&view=table&words=%D0%B0%D1%81%D1%82%D1%80%D0%BE%D0%BB%D0%BE%D0%B3%D0%B8%D1%8F,evidence/wordstat/wordstat-live-raw.json,VALID_LIVE_WORDSTAT,"External Yandex demand proxy, not RuStore internal search volume."
broad-850,астрология,астрология,broad,50,астрология 9,1432,Россия,225,Смартфоны,ru,2026-07-29T18:51:01.061Z,https://wordstat.yandex.ru/?region=225&view=table&words=%D0%B0%D1%81%D1%82%D1%80%D0%BE%D0%BB%D0%BE%D0%B3%D0%B8%D1%8F,evidence/wordstat/wordstat-live-raw.json,VALID_LIVE_WORDSTAT,"External Yandex demand proxy, not RuStore internal search volume."
broad-851,астрология,астрология,broad,51,астрология 4,1405,Россия,225,Смартфоны,ru,2026-07-29T18:51:01.061Z,https://wordstat.yandex.ru/?region=225&view=table&words=%D0%B0%D1%81%D1%82%D1%80%D0%BE%D0%BB%D0%BE%D0%B3%D0%B8%D1%8F,evidence/wordstat/wordstat-live-raw.json,VALID_LIVE_WORDSTAT,"External Yandex demand proxy, not RuStore internal search volume."
broad-852,астрология,астрология,broad,52,какая планета астрология,1404,Россия,225,Смартфоны,ru,2026-07-29T18:51:01.061Z,https://wordstat.yandex.ru/?region=225&view=table&words=%D0%B0%D1%81%D1%82%D1%80%D0%BE%D0%BB%D0%BE%D0%B3%D0%B8%D1%8F,evidence/wordstat/wordstat-live-raw.json,VALID_LIVE_WORDSTAT,"External Yandex demand proxy, not RuStore internal search volume."
broad-853,астрология,астрология,broad,53,астрология прогноз,1402,Россия,225,Смартфоны,ru,2026-07-29T18:51:01.061Z,https://wordstat.yandex.ru/?region=225&view=table&words=%D0%B0%D1%81%D1%82%D1%80%D0%BE%D0%BB%D0%BE%D0%B3%D0%B8%D1%8F,evidence/wordstat/wordstat-live-raw.json,VALID_LIVE_WORDSTAT,"External Yandex demand proxy, not RuStore internal search volume."
broad-854,астрология,астрология,broad,54,астрология зрение,1393,Россия,225,Смартфоны,ru,2026-07-29T18:51:01.061Z,https://wordstat.yandex.ru/?region=225&view=table&words=%D0%B0%D1%81%D1%82%D1%80%D0%BE%D0%BB%D0%BE%D0%B3%D0%B8%D1%8F,evidence/wordstat/wordstat-live-raw.json,VALID_LIVE_WORDSTAT,"External Yandex demand proxy, not RuStore internal search volume."
broad-855,астрология,астрология,broad,55,с точки зрения астрологии,1373,Россия,225,Смартфоны,ru,2026-07-29T18:51:01.061Z,https://wordstat.yandex.ru/?region=225&view=table&words=%D0%B0%D1%81%D1%82%D1%80%D0%BE%D0%BB%D0%BE%D0%B3%D0%B8%D1%8F,evidence/wordstat/wordstat-live-raw.json,VALID_LIVE_WORDSTAT,"External Yandex demand proxy, not RuStore internal search volume."
broad-856,астрология,астрология,broad,56,западная астрология,1356,Россия,225,Смартфоны,ru,2026-07-29T18:51:01.061Z,https://wordstat.yandex.ru/?region=225&view=table&words=%D0%B0%D1%81%D1%82%D1%80%D0%BE%D0%BB%D0%BE%D0%B3%D0%B8%D1%8F,evidence/wordstat/wordstat-live-raw.json,VALID_LIVE_WORDSTAT,"External Yandex demand proxy, not RuStore internal search volume."
broad-857,астрология,астрология,broad,57,джйотиш астрология,1350,Россия,225,Смартфоны,ru,2026-07-29T18:51:01.061Z,https://wordstat.yandex.ru/?region=225&view=table&words=%D0%B0%D1%81%D1%82%D1%80%D0%BE%D0%BB%D0%BE%D0%B3%D0%B8%D1%8F,evidence/wordstat/wordstat-live-raw.json,VALID_LIVE_WORDSTAT,"External Yandex demand proxy, not RuStore internal search volume."
broad-858,астрология,астрология,broad,58,какой день астрологии,1304,Россия,225,Смартфоны,ru,2026-07-29T18:51:01.061Z,https://wordstat.yandex.ru/?region=225&view=table&words=%D0%B0%D1%81%D1%82%D1%80%D0%BE%D0%BB%D0%BE%D0%B3%D0%B8%D1%8F,evidence/wordstat/wordstat-live-raw.json,VALID_LIVE_WORDSTAT,"External Yandex demand proxy, not RuStore internal search volume."
broad-859,астрология,астрология,broad,59,астрология на июль,1301,Россия,225,Смартфоны,ru,2026-07-29T18:51:01.061Z,https://wordstat.yandex.ru/?region=225&view=table&words=%D0%B0%D1%81%D1%82%D1%80%D0%BE%D0%BB%D0%BE%D0%B3%D0%B8%D1%8F,evidence/wordstat/wordstat-live-raw.json,VALID_LIVE_WORDSTAT,"External Yandex demand proxy, not RuStore internal search volume."
broad-860,астрология,астрология,broad,60,астрология 2,1286,Россия,225,Смартфоны,ru,2026-07-29T18:51:01.061Z,https://wordstat.yandex.ru/?region=225&view=table&words=%D0%B0%D1%81%D1%82%D1%80%D0%BE%D0%BB%D0%BE%D0%B3%D0%B8%D1%8F,evidence/wordstat/wordstat-live-raw.json,VALID_LIVE_WORDSTAT,"External Yandex demand proxy, not RuStore internal search volume."
broad-861,астрология,астрология,broad,61,аспекты в астрологии,1283,Россия,225,Смартфоны,ru,2026-07-29T18:51:01.061Z,https://wordstat.yandex.ru/?region=225&view=table&words=%D0%B0%D1%81%D1%82%D1%80%D0%BE%D0%BB%D0%BE%D0%B3%D0%B8%D1%8F,evidence/wordstat/wordstat-live-raw.json,VALID_LIVE_WORDSTAT,"External Yandex demand proxy, not RuStore internal search volume."
broad-862,астрология,астрология,broad,62,про астрологию дзен,1278,Россия,225,Смартфоны,ru,2026-07-29T18:51:01.061Z,https://wordstat.yandex.ru/?region=225&view=table&words=%D0%B0%D1%81%D1%82%D1%80%D0%BE%D0%BB%D0%BE%D0%B3%D0%B8%D1%8F,evidence/wordstat/wordstat-live-raw.json,VALID_LIVE_WORDSTAT,"External Yandex demand proxy, not RuStore internal search volume."
broad-863,астрология,астрология,broad,63,рак астрология,1268,Россия,225,Смартфоны,ru,2026-07-29T18:51:01.061Z,https://wordstat.yandex.ru/?region=225&view=table&words=%D0%B0%D1%81%D1%82%D1%80%D0%BE%D0%BB%D0%BE%D0%B3%D0%B8%D1%8F,evidence/wordstat/wordstat-live-raw.json,VALID_LIVE_WORDSTAT,"External Yandex demand proxy, not RuStore internal search volume."
broad-864,астрология,астрология,broad,64,почему астрологию,1264,Россия,225,Смартфоны,ru,2026-07-29T18:51:01.061Z,https://wordstat.yandex.ru/?region=225&view=table&words=%D0%B0%D1%81%D1%82%D1%80%D0%BE%D0%BB%D0%BE%D0%B3%D0%B8%D1%8F,evidence/wordstat/wordstat-live-raw.json,VALID_LIVE_WORDSTAT,"External Yandex demand proxy, not RuStore internal search volume."
broad-865,астрология,астрология,broad,65,астрология 1,1264,Россия,225,Смартфоны,ru,2026-07-29T18:51:01.061Z,https://wordstat.yandex.ru/?region=225&view=table&words=%D0%B0%D1%81%D1%82%D1%80%D0%BE%D0%BB%D0%BE%D0%B3%D0%B8%D1%8F,evidence/wordstat/wordstat-live-raw.json,VALID_LIVE_WORDSTAT,"External Yandex demand proxy, not RuStore internal search volume."
broad-866,астрология,астрология,broad,66,венера в астрологии,1254,Россия,225,Смартфоны,ru,2026-07-29T18:51:01.061Z,https://wordstat.yandex.ru/?region=225&view=table&words=%D0%B0%D1%81%D1%82%D1%80%D0%BE%D0%BB%D0%BE%D0%B3%D0%B8%D1%8F,evidence/wordstat/wordstat-live-raw.json,VALID_LIVE_WORDSTAT,"External Yandex demand proxy, not RuStore internal search volume."
broad-867,астрология,астрология,broad,67,узлы в астрологии,1253,Россия,225,Смартфоны,ru,2026-07-29T18:51:01.061Z,https://wordstat.yandex.ru/?region=225&view=table&words=%D0%B0%D1%81%D1%82%D1%80%D0%BE%D0%BB%D0%BE%D0%B3%D0%B8%D1%8F,evidence/wordstat/wordstat-live-raw.json,VALID_LIVE_WORDSTAT,"External Yandex demand proxy, not RuStore internal search volume."
broad-868,астрология,астрология,broad,68,ведическая астрология карта,1249,Россия,225,Смартфоны,ru,2026-07-29T18:51:01.061Z,https://wordstat.yandex.ru/?region=225&view=table&words=%D0%B0%D1%81%D1%82%D1%80%D0%BE%D0%BB%D0%BE%D0%B3%D0%B8%D1%8F,evidence/wordstat/wordstat-live-raw.json,VALID_LIVE_WORDSTAT,"External Yandex demand proxy, not RuStore internal search volume."
broad-869,астрология,астрология,broad,69,астрология нумерология,1244,Россия,225,Смартфоны,ru,2026-07-29T18:51:01.061Z,https://wordstat.yandex.ru/?region=225&view=table&words=%D0%B0%D1%81%D1%82%D1%80%D0%BE%D0%BB%D0%BE%D0%B3%D0%B8%D1%8F,evidence/wordstat/wordstat-live-raw.json,VALID_LIVE_WORDSTAT,"External Yandex demand proxy, not RuStore internal search volume."
broad-870,астрология,астрология,broad,70,8 в астрологии,1237,Россия,225,Смартфоны,ru,2026-07-29T18:51:01.061Z,https://wordstat.yandex.ru/?region=225&view=table&words=%D0%B0%D1%81%D1%82%D1%80%D0%BE%D0%BB%D0%BE%D0%B3%D0%B8%D1%8F,evidence/wordstat/wordstat-live-raw.json,VALID_LIVE_WORDSTAT,"External Yandex demand proxy, not RuStore internal search volume."
broad-871,астрология,астрология,broad,71,академия астрологии,1226,Россия,225,Смартфоны,ru,2026-07-29T18:51:01.061Z,https://wordstat.yandex.ru/?region=225&view=table&words=%D0%B0%D1%81%D1%82%D1%80%D0%BE%D0%BB%D0%BE%D0%B3%D0%B8%D1%8F,evidence/wordstat/wordstat-live-raw.json,VALID_LIVE_WORDSTAT,"External Yandex demand proxy, not RuStore internal search volume."
broad-872,астрология,астрология,broad,72,что означает астрология,1225,Россия,225,Смартфоны,ru,2026-07-29T18:51:01.061Z,https://wordstat.yandex.ru/?region=225&view=table&words=%D0%B0%D1%81%D1%82%D1%80%D0%BE%D0%BB%D0%BE%D0%B3%D0%B8%D1%8F,evidence/wordstat/wordstat-live-raw.json,VALID_LIVE_WORDSTAT,"External Yandex demand proxy, not RuStore internal search volume."
broad-873,астрология,астрология,broad,73,астрология период,1215,Россия,225,Смартфоны,ru,2026-07-29T18:51:01.061Z,https://wordstat.yandex.ru/?region=225&view=table&words=%D0%B0%D1%81%D1%82%D1%80%D0%BE%D0%BB%D0%BE%D0%B3%D0%B8%D1%8F,evidence/wordstat/wordstat-live-raw.json,VALID_LIVE_WORDSTAT,"External Yandex demand proxy, not RuStore internal search volume."
broad-874,астрология,астрология,broad,74,меркурий в астрологии,1207,Россия,225,Смартфоны,ru,2026-07-29T18:51:01.061Z,https://wordstat.yandex.ru/?region=225&view=table&words=%D0%B0%D1%81%D1%82%D1%80%D0%BE%D0%BB%D0%BE%D0%B3%D0%B8%D1%8F,evidence/wordstat/wordstat-live-raw.json,VALID_LIVE_WORDSTAT,"External Yandex demand proxy, not RuStore internal search volume."
broad-875,астрология,астрология,broad,75,книги по астрологии,1198,Россия,225,Смартфоны,ru,2026-07-29T18:51:01.061Z,https://wordstat.yandex.ru/?region=225&view=table&words=%D0%B0%D1%81%D1%82%D1%80%D0%BE%D0%BB%D0%BE%D0%B3%D0%B8%D1%8F,evidence/wordstat/wordstat-live-raw.json,VALID_LIVE_WORDSTAT,"External Yandex demand proxy, not RuStore internal search volume."
broad-876,астрология,астрология,broad,76,обучение астрологии,1193,Россия,225,Смартфоны,ru,2026-07-29T18:51:01.061Z,https://wordstat.yandex.ru/?region=225&view=table&words=%D0%B0%D1%81%D1%82%D1%80%D0%BE%D0%BB%D0%BE%D0%B3%D0%B8%D1%8F,evidence/wordstat/wordstat-live-raw.json,VALID_LIVE_WORDSTAT,"External Yandex demand proxy, not RuStore internal search volume."
broad-877,астрология,астрология,broad,77,астрология воровка скачать,1192,Россия,225,Смартфоны,ru,2026-07-29T18:51:01.061Z,https://wordstat.yandex.ru/?region=225&view=table&words=%D0%B0%D1%81%D1%82%D1%80%D0%BE%D0%BB%D0%BE%D0%B3%D0%B8%D1%8F,evidence/wordstat/wordstat-live-raw.json,VALID_LIVE_WORDSTAT,"External Yandex demand proxy, not RuStore internal search volume."
broad-878,астрология,астрология,broad,78,астрология совместимость,1144,Россия,225,Смартфоны,ru,2026-07-29T18:51:01.061Z,https://wordstat.yandex.ru/?region=225&view=table&words=%D0%B0%D1%81%D1%82%D1%80%D0%BE%D0%BB%D0%BE%D0%B3%D0%B8%D1%8F,evidence/wordstat/wordstat-live-raw.json,VALID_LIVE_WORDSTAT,"External Yandex demand proxy, not RuStore internal search volume."
broad-879,астрология,астрология,broad,79,астрология левина,1137,Россия,225,Смартфоны,ru,2026-07-29T18:51:01.061Z,https://wordstat.yandex.ru/?region=225&view=table&words=%D0%B0%D1%81%D1%82%D1%80%D0%BE%D0%BB%D0%BE%D0%B3%D0%B8%D1%8F,evidence/wordstat/wordstat-live-raw.json,VALID_LIVE_WORDSTAT,"External Yandex demand proxy, not RuStore internal search volume."
broad-880,астрология,астрология,broad,80,астрология онлайн бесплатно,1094,Россия,225,Смартфоны,ru,2026-07-29T18:51:01.061Z,https://wordstat.yandex.ru/?region=225&view=table&words=%D0%B0%D1%81%D1%82%D1%80%D0%BE%D0%BB%D0%BE%D0%B3%D0%B8%D1%8F,evidence/wordstat/wordstat-live-raw.json,VALID_LIVE_WORDSTAT,"External Yandex demand proxy, not RuStore internal search volume."
broad-881,астрология,астрология,broad,81,5 в астрологии,1092,Россия,225,Смартфоны,ru,2026-07-29T18:51:01.061Z,https://wordstat.yandex.ru/?region=225&view=table&words=%D0%B0%D1%81%D1%82%D1%80%D0%BE%D0%BB%D0%BE%D0%B3%D0%B8%D1%8F,evidence/wordstat/wordstat-live-raw.json,VALID_LIVE_WORDSTAT,"External Yandex demand proxy, not RuStore internal search volume."
broad-882,астрология,астрология,broad,82,10 в астрологии,1087,Россия,225,Смартфоны,ru,2026-07-29T18:51:01.061Z,https://wordstat.yandex.ru/?region=225&view=table&words=%D0%B0%D1%81%D1%82%D1%80%D0%BE%D0%BB%D0%BE%D0%B3%D0%B8%D1%8F,evidence/wordstat/wordstat-live-raw.json,VALID_LIVE_WORDSTAT,"External Yandex demand proxy, not RuStore internal search volume."
broad-883,астрология,астрология,broad,83,12 дом в астрологии,1077,Россия,225,Смартфоны,ru,2026-07-29T18:51:01.061Z,https://wordstat.yandex.ru/?region=225&view=table&words=%D0%B0%D1%81%D1%82%D1%80%D0%BE%D0%BB%D0%BE%D0%B3%D0%B8%D1%8F,evidence/wordstat/wordstat-live-raw.json,VALID_LIVE_WORDSTAT,"External Yandex demand proxy, not RuStore internal search volume."
broad-884,астрология,астрология,broad,84,раха астрология,1066,Россия,225,Смартфоны,ru,2026-07-29T18:51:01.061Z,https://wordstat.yandex.ru/?region=225&view=table&words=%D0%B0%D1%81%D1%82%D1%80%D0%BE%D0%BB%D0%BE%D0%B3%D0%B8%D1%8F,evidence/wordstat/wordstat-live-raw.json,VALID_LIVE_WORDSTAT,"External Yandex demand proxy, not RuStore internal search volume."
broad-885,астрология,астрология,broad,85,август 2026 астрология,1057,Россия,225,Смартфоны,ru,2026-07-29T18:51:01.061Z,https://wordstat.yandex.ru/?region=225&view=table&words=%D0%B0%D1%81%D1%82%D1%80%D0%BE%D0%BB%D0%BE%D0%B3%D0%B8%D1%8F,evidence/wordstat/wordstat-live-raw.json,VALID_LIVE_WORDSTAT,"External Yandex demand proxy, not RuStore internal search volume."
broad-886,астрология,астрология,broad,86,ведическая астрология натальная,1055,Россия,225,Смартфоны,ru,2026-07-29T18:51:01.061Z,https://wordstat.yandex.ru/?region=225&view=table&words=%D0%B0%D1%81%D1%82%D1%80%D0%BE%D0%BB%D0%BE%D0%B3%D0%B8%D1%8F,evidence/wordstat/wordstat-live-raw.json,VALID_LIVE_WORDSTAT,"External Yandex demand proxy, not RuStore internal search volume."
broad-887,астрология,астрология,broad,87,астрология просто,1049,Россия,225,Смартфоны,ru,2026-07-29T18:51:01.061Z,https://wordstat.yandex.ru/?region=225&view=table&words=%D0%B0%D1%81%D1%82%D1%80%D0%BE%D0%BB%D0%BE%D0%B3%D0%B8%D1%8F,evidence/wordstat/wordstat-live-raw.json,VALID_LIVE_WORDSTAT,"External Yandex demand proxy, not RuStore internal search volume."
broad-888,астрология,астрология,broad,88,ведическая астрология натальная карта,1041,Россия,225,Смартфоны,ru,2026-07-29T18:51:01.061Z,https://wordstat.yandex.ru/?region=225&view=table&words=%D0%B0%D1%81%D1%82%D1%80%D0%BE%D0%BB%D0%BE%D0%B3%D0%B8%D1%8F,evidence/wordstat/wordstat-live-raw.json,VALID_LIVE_WORDSTAT,"External Yandex demand proxy, not RuStore internal search volume."
broad-889,астрология,астрология,broad,89,11 дом в астрологии,1035,Россия,225,Смартфоны,ru,2026-07-29T18:51:01.061Z,https://wordstat.yandex.ru/?region=225&view=table&words=%D0%B0%D1%81%D1%82%D1%80%D0%BE%D0%BB%D0%BE%D0%B3%D0%B8%D1%8F,evidence/wordstat/wordstat-live-raw.json,VALID_LIVE_WORDSTAT,"External Yandex demand proxy, not RuStore internal search volume."
broad-890,астрология,астрология,broad,90,градусы в астрологии,1028,Россия,225,Смартфоны,ru,2026-07-29T18:51:01.061Z,https://wordstat.yandex.ru/?region=225&view=table&words=%D0%B0%D1%81%D1%82%D1%80%D0%BE%D0%BB%D0%BE%D0%B3%D0%B8%D1%8F,evidence/wordstat/wordstat-live-raw.json,VALID_LIVE_WORDSTAT,"External Yandex demand proxy, not RuStore internal search volume."
broad-891,астрология,астрология,broad,91,солнце в астрологии,1027,Россия,225,Смартфоны,ru,2026-07-29T18:51:01.061Z,https://wordstat.yandex.ru/?region=225&view=table&words=%D0%B0%D1%81%D1%82%D1%80%D0%BE%D0%BB%D0%BE%D0%B3%D0%B8%D1%8F,evidence/wordstat/wordstat-live-raw.json,VALID_LIVE_WORDSTAT,"External Yandex demand proxy, not RuStore internal search volume."
broad-892,астрология,астрология,broad,92,7 в астрологии,1023,Россия,225,Смартфоны,ru,2026-07-29T18:51:01.061Z,https://wordstat.yandex.ru/?region=225&view=table&words=%D0%B0%D1%81%D1%82%D1%80%D0%BE%D0%BB%D0%BE%D0%B3%D0%B8%D1%8F,evidence/wordstat/wordstat-live-raw.json,VALID_LIVE_WORDSTAT,"External Yandex demand proxy, not RuStore internal search volume."
broad-893,астрология,астрология,broad,93,скачать песню астрология,1016,Россия,225,Смартфоны,ru,2026-07-29T18:51:01.061Z,https://wordstat.yandex.ru/?region=225&view=table&words=%D0%B0%D1%81%D1%82%D1%80%D0%BE%D0%BB%D0%BE%D0%B3%D0%B8%D1%8F,evidence/wordstat/wordstat-live-raw.json,VALID_LIVE_WORDSTAT,"External Yandex demand proxy, not RuStore internal search volume."
broad-894,астрология,астрология,broad,94,астрология время,1003,Россия,225,Смартфоны,ru,2026-07-29T18:51:01.061Z,https://wordstat.yandex.ru/?region=225&view=table&words=%D0%B0%D1%81%D1%82%D1%80%D0%BE%D0%BB%D0%BE%D0%B3%D0%B8%D1%8F,evidence/wordstat/wordstat-live-raw.json,VALID_LIVE_WORDSTAT,"External Yandex demand proxy, not RuStore internal search volume."
broad-895,астрология,астрология,broad,95,8 дом в астрологии,992,Россия,225,Смартфоны,ru,2026-07-29T18:51:01.061Z,https://wordstat.yandex.ru/?region=225&view=table&words=%D0%B0%D1%81%D1%82%D1%80%D0%BE%D0%BB%D0%BE%D0%B3%D0%B8%D1%8F,evidence/wordstat/wordstat-live-raw.json,VALID_LIVE_WORDSTAT,"External Yandex demand proxy, not RuStore internal search volume."
broad-896,астрология,астрология,broad,96,весы астрология,980,Россия,225,Смартфоны,ru,2026-07-29T18:51:01.061Z,https://wordstat.yandex.ru/?region=225&view=table&words=%D0%B0%D1%81%D1%82%D1%80%D0%BE%D0%BB%D0%BE%D0%B3%D0%B8%D1%8F,evidence/wordstat/wordstat-live-raw.json,VALID_LIVE_WORDSTAT,"External Yandex demand proxy, not RuStore internal search volume."
broad-897,астрология,астрология,broad,97,астрология девы,976,Россия,225,Смартфоны,ru,2026-07-29T18:51:01.061Z,https://wordstat.yandex.ru/?region=225&view=table&words=%D0%B0%D1%81%D1%82%D1%80%D0%BE%D0%BB%D0%BE%D0%B3%D0%B8%D1%8F,evidence/wordstat/wordstat-live-raw.json,VALID_LIVE_WORDSTAT,"External Yandex demand proxy, not RuStore internal search volume."
broad-898,астрология,астрология,broad,98,астрология мужчина,969,Россия,225,Смартфоны,ru,2026-07-29T18:51:01.061Z,https://wordstat.yandex.ru/?region=225&view=table&words=%D0%B0%D1%81%D1%82%D1%80%D0%BE%D0%BB%D0%BE%D0%B3%D0%B8%D1%8F,evidence/wordstat/wordstat-live-raw.json,VALID_LIVE_WORDSTAT,"External Yandex demand proxy, not RuStore internal search volume."
broad-899,астрология,астрология,broad,99,скачать песню астрология воровка,963,Россия,225,Смартфоны,ru,2026-07-29T18:51:01.061Z,https://wordstat.yandex.ru/?region=225&view=table&words=%D0%B0%D1%81%D1%82%D1%80%D0%BE%D0%BB%D0%BE%D0%B3%D0%B8%D1%8F,evidence/wordstat/wordstat-live-raw.json,VALID_LIVE_WORDSTAT,"External Yandex demand proxy, not RuStore internal search volume."
broad-900,астрология,астрология,broad,100,обозначения в астрологии,939,Россия,225,Смартфоны,ru,2026-07-29T18:51:01.061Z,https://wordstat.yandex.ru/?region=225&view=table&words=%D0%B0%D1%81%D1%82%D1%80%D0%BE%D0%BB%D0%BE%D0%B3%D0%B8%D1%8F,evidence/wordstat/wordstat-live-raw.json,VALID_LIVE_WORDSTAT,"External Yandex demand proxy, not RuStore internal search volume."
broad-901,астрология,астрология,broad,101,козероге астрология,913,Россия,225,Смартфоны,ru,2026-07-29T18:51:01.061Z,https://wordstat.yandex.ru/?region=225&view=table&words=%D0%B0%D1%81%D1%82%D1%80%D0%BE%D0%BB%D0%BE%D0%B3%D0%B8%D1%8F,evidence/wordstat/wordstat-live-raw.json,VALID_LIVE_WORDSTAT,"External Yandex demand proxy, not RuStore internal search volume."
broad-902,астрология,астрология,broad,102,10 дом в астрологии,900,Россия,225,Смартфоны,ru,2026-07-29T18:51:01.061Z,https://wordstat.yandex.ru/?region=225&view=table&words=%D0%B0%D1%81%D1%82%D1%80%D0%BE%D0%BB%D0%BE%D0%B3%D0%B8%D1%8F,evidence/wordstat/wordstat-live-raw.json,VALID_LIVE_WORDSTAT,"External Yandex demand proxy, not RuStore internal search volume."
broad-903,астрология,астрология,broad,103,астрология расшифровка,897,Россия,225,Смартфоны,ru,2026-07-29T18:51:01.061Z,https://wordstat.yandex.ru/?region=225&view=table&words=%D0%B0%D1%81%D1%82%D1%80%D0%BE%D0%BB%D0%BE%D0%B3%D0%B8%D1%8F,evidence/wordstat/wordstat-live-raw.json,VALID_LIVE_WORDSTAT,"External Yandex demand proxy, not RuStore internal search volume."
broad-904,астрология,астрология,broad,104,курсы астрологии,894,Россия,225,Смартфоны,ru,2026-07-29T18:51:01.061Z,https://wordstat.yandex.ru/?region=225&view=table&words=%D0%B0%D1%81%D1%82%D1%80%D0%BE%D0%BB%D0%BE%D0%B3%D0%B8%D1%8F,evidence/wordstat/wordstat-live-raw.json,VALID_LIVE_WORDSTAT,"External Yandex demand proxy, not RuStore internal search volume."
broad-905,астрология,астрология,broad,105,астрология близнецы,886,Россия,225,Смартфоны,ru,2026-07-29T18:51:01.061Z,https://wordstat.yandex.ru/?region=225&view=table&words=%D0%B0%D1%81%D1%82%D1%80%D0%BE%D0%BB%D0%BE%D0%B3%D0%B8%D1%8F,evidence/wordstat/wordstat-live-raw.json,VALID_LIVE_WORDSTAT,"External Yandex demand proxy, not RuStore internal search volume."
broad-906,астрология,астрология,broad,106,марс в астрологии,885,Россия,225,Смартфоны,ru,2026-07-29T18:51:01.061Z,https://wordstat.yandex.ru/?region=225&view=table&words=%D0%B0%D1%81%D1%82%D1%80%D0%BE%D0%BB%D0%BE%D0%B3%D0%B8%D1%8F,evidence/wordstat/wordstat-live-raw.json,VALID_LIVE_WORDSTAT,"External Yandex demand proxy, not RuStore internal search volume."
broad-907,астрология,астрология,broad,107,астрология расчет,874,Россия,225,Смартфоны,ru,2026-07-29T18:51:01.061Z,https://wordstat.yandex.ru/?region=225&view=table&words=%D0%B0%D1%81%D1%82%D1%80%D0%BE%D0%BB%D0%BE%D0%B3%D0%B8%D1%8F,evidence/wordstat/wordstat-live-raw.json,VALID_LIVE_WORDSTAT,"External Yandex demand proxy, not RuStore internal search volume."
broad-908,астрология,астрология,broad,108,день астрологии 2026,873,Россия,225,Смартфоны,ru,2026-07-29T18:51:01.061Z,https://wordstat.yandex.ru/?region=225&view=table&words=%D0%B0%D1%81%D1%82%D1%80%D0%BE%D0%BB%D0%BE%D0%B3%D0%B8%D1%8F,evidence/wordstat/wordstat-live-raw.json,VALID_LIVE_WORDSTAT,"External Yandex demand proxy, not RuStore internal search volume."
broad-909,астрология,астрология,broad,109,символы астрологии,871,Россия,225,Смартфоны,ru,2026-07-29T18:51:01.061Z,https://wordstat.yandex.ru/?region=225&view=table&words=%D0%B0%D1%81%D1%82%D1%80%D0%BE%D0%BB%D0%BE%D0%B3%D0%B8%D1%8F,evidence/wordstat/wordstat-live-raw.json,VALID_LIVE_WORDSTAT,"External Yandex demand proxy, not RuStore internal search volume."
broad-910,астрология,астрология,broad,110,9 дом в астрологии,864,Россия,225,Смартфоны,ru,2026-07-29T18:51:01.061Z,https://wordstat.yandex.ru/?region=225&view=table&words=%D0%B0%D1%81%D1%82%D1%80%D0%BE%D0%BB%D0%BE%D0%B3%D0%B8%D1%8F,evidence/wordstat/wordstat-live-raw.json,VALID_LIVE_WORDSTAT,"External Yandex demand proxy, not RuStore internal search volume."
broad-911,астрология,астрология,broad,111,6 дом в астрологии,850,Россия,225,Смартфоны,ru,2026-07-29T18:51:01.061Z,https://wordstat.yandex.ru/?region=225&view=table&words=%D0%B0%D1%81%D1%82%D1%80%D0%BE%D0%BB%D0%BE%D0%B3%D0%B8%D1%8F,evidence/wordstat/wordstat-live-raw.json,VALID_LIVE_WORDSTAT,"External Yandex demand proxy, not RuStore internal search volume."
broad-912,астрология,астрология,broad,112,астрология цветов,847,Россия,225,Смартфоны,ru,2026-07-29T18:51:01.061Z,https://wordstat.yandex.ru/?region=225&view=table&words=%D0%B0%D1%81%D1%82%D1%80%D0%BE%D0%BB%D0%BE%D0%B3%D0%B8%D1%8F,evidence/wordstat/wordstat-live-raw.json,VALID_LIVE_WORDSTAT,"External Yandex demand proxy, not RuStore internal search volume."
broad-913,астрология,астрология,broad,113,3 дом в астрологии,842,Россия,225,Смартфоны,ru,2026-07-29T18:51:01.061Z,https://wordstat.yandex.ru/?region=225&view=table&words=%D0%B0%D1%81%D1%82%D1%80%D0%BE%D0%BB%D0%BE%D0%B3%D0%B8%D1%8F,evidence/wordstat/wordstat-live-raw.json,VALID_LIVE_WORDSTAT,"External Yandex demand proxy, not RuStore internal search volume."
broad-914,астрология,астрология,broad,114,уран в астрологии,842,Россия,225,Смартфоны,ru,2026-07-29T18:51:01.061Z,https://wordstat.yandex.ru/?region=225&view=table&words=%D0%B0%D1%81%D1%82%D1%80%D0%BE%D0%BB%D0%BE%D0%B3%D0%B8%D1%8F,evidence/wordstat/wordstat-live-raw.json,VALID_LIVE_WORDSTAT,"External Yandex demand proxy, not RuStore internal search volume."
broad-915,астрология,астрология,broad,115,астрология видео,841,Россия,225,Смартфоны,ru,2026-07-29T18:51:01.061Z,https://wordstat.yandex.ru/?region=225&view=table&words=%D0%B0%D1%81%D1%82%D1%80%D0%BE%D0%BB%D0%BE%D0%B3%D0%B8%D1%8F,evidence/wordstat/wordstat-live-raw.json,VALID_LIVE_WORDSTAT,"External Yandex demand proxy, not RuStore internal search volume."
broad-916,астрология,астрология,broad,116,таро и астрология,838,Россия,225,Смартфоны,ru,2026-07-29T18:51:01.061Z,https://wordstat.yandex.ru/?region=225&view=table&words=%D0%B0%D1%81%D1%82%D1%80%D0%BE%D0%BB%D0%BE%D0%B3%D0%B8%D1%8F,evidence/wordstat/wordstat-live-raw.json,VALID_LIVE_WORDSTAT,"External Yandex demand proxy, not RuStore internal search volume."
broad-917,астрология,астрология,broad,117,лилит в астрологии,833,Россия,225,Смартфоны,ru,2026-07-29T18:51:01.061Z,https://wordstat.yandex.ru/?region=225&view=table&words=%D0%B0%D1%81%D1%82%D1%80%D0%BE%D0%BB%D0%BE%D0%B3%D0%B8%D1%8F,evidence/wordstat/wordstat-live-raw.json,VALID_LIVE_WORDSTAT,"External Yandex demand proxy, not RuStore internal search volume."
broad-918,астрология,астрология,broad,118,ведическая астрология рассчитать,826,Россия,225,Смартфоны,ru,2026-07-29T18:51:01.061Z,https://wordstat.yandex.ru/?region=225&view=table&words=%D0%B0%D1%81%D1%82%D1%80%D0%BE%D0%BB%D0%BE%D0%B3%D0%B8%D1%8F,evidence/wordstat/wordstat-live-raw.json,VALID_LIVE_WORDSTAT,"External Yandex demand proxy, not RuStore internal search volume."
broad-919,астрология,астрология,broad,119,астрология павел,818,Россия,225,Смартфоны,ru,2026-07-29T18:51:01.061Z,https://wordstat.yandex.ru/?region=225&view=table&words=%D0%B0%D1%81%D1%82%D1%80%D0%BE%D0%BB%D0%BE%D0%B3%D0%B8%D1%8F,evidence/wordstat/wordstat-live-raw.json,VALID_LIVE_WORDSTAT,"External Yandex demand proxy, not RuStore internal search volume."
broad-920,астрология,астрология,broad,120,7 дом в астрологии,812,Россия,225,Смартфоны,ru,2026-07-29T18:51:01.061Z,https://wordstat.yandex.ru/?region=225&view=table&words=%D0%B0%D1%81%D1%82%D1%80%D0%BE%D0%BB%D0%BE%D0%B3%D0%B8%D1%8F,evidence/wordstat/wordstat-live-raw.json,VALID_LIVE_WORDSTAT,"External Yandex demand proxy, not RuStore internal search volume."
broad-921,астрология,астрология,broad,121,плутон в астрологии,810,Россия,225,Смартфоны,ru,2026-07-29T18:51:01.061Z,https://wordstat.yandex.ru/?region=225&view=table&words=%D0%B0%D1%81%D1%82%D1%80%D0%BE%D0%BB%D0%BE%D0%B3%D0%B8%D1%8F,evidence/wordstat/wordstat-live-raw.json,VALID_LIVE_WORDSTAT,"External Yandex demand proxy, not RuStore internal search volume."
broad-922,астрология,астрология,broad,122,значки в астрологии,794,Россия,225,Смартфоны,ru,2026-07-29T18:51:01.061Z,https://wordstat.yandex.ru/?region=225&view=table&words=%D0%B0%D1%81%D1%82%D1%80%D0%BE%D0%BB%D0%BE%D0%B3%D0%B8%D1%8F,evidence/wordstat/wordstat-live-raw.json,VALID_LIVE_WORDSTAT,"External Yandex demand proxy, not RuStore internal search volume."
broad-923,астрология,астрология,broad,123,транзиты астрология,788,Россия,225,Смартфоны,ru,2026-07-29T18:51:01.061Z,https://wordstat.yandex.ru/?region=225&view=table&words=%D0%B0%D1%81%D1%82%D1%80%D0%BE%D0%BB%D0%BE%D0%B3%D0%B8%D1%8F,evidence/wordstat/wordstat-live-raw.json,VALID_LIVE_WORDSTAT,"External Yandex demand proxy, not RuStore internal search volume."
broad-924,астрология,астрология,broad,124,5 дом в астрологии,785,Россия,225,Смартфоны,ru,2026-07-29T18:51:01.061Z,https://wordstat.yandex.ru/?region=225&view=table&words=%D0%B0%D1%81%D1%82%D1%80%D0%BE%D0%BB%D0%BE%D0%B3%D0%B8%D1%8F,evidence/wordstat/wordstat-live-raw.json,VALID_LIVE_WORDSTAT,"External Yandex demand proxy, not RuStore internal search volume."
broad-925,астрология,астрология,broad,125,цвет астрологии,783,Россия,225,Смартфоны,ru,2026-07-29T18:51:01.061Z,https://wordstat.yandex.ru/?region=225&view=table&words=%D0%B0%D1%81%D1%82%D1%80%D0%BE%D0%BB%D0%BE%D0%B3%D0%B8%D1%8F,evidence/wordstat/wordstat-live-raw.json,VALID_LIVE_WORDSTAT,"External Yandex demand proxy, not RuStore internal search volume."
broad-926,астрология,астрология,broad,126,где астрология,781,Россия,225,Смартфоны,ru,2026-07-29T18:51:01.061Z,https://wordstat.yandex.ru/?region=225&view=table&words=%D0%B0%D1%81%D1%82%D1%80%D0%BE%D0%BB%D0%BE%D0%B3%D0%B8%D1%8F,evidence/wordstat/wordstat-live-raw.json,VALID_LIVE_WORDSTAT,"External Yandex demand proxy, not RuStore internal search volume."
broad-927,астрология,астрология,broad,127,астрология читаем,780,Россия,225,Смартфоны,ru,2026-07-29T18:51:01.061Z,https://wordstat.yandex.ru/?region=225&view=table&words=%D0%B0%D1%81%D1%82%D1%80%D0%BE%D0%BB%D0%BE%D0%B3%D0%B8%D1%8F,evidence/wordstat/wordstat-live-raw.json,VALID_LIVE_WORDSTAT,"External Yandex demand proxy, not RuStore internal search volume."
broad-928,астрология,астрология,broad,128,читать астрологию,780,Россия,225,Смартфоны,ru,2026-07-29T18:51:01.061Z,https://wordstat.yandex.ru/?region=225&view=table&words=%D0%B0%D1%81%D1%82%D1%80%D0%BE%D0%BB%D0%BE%D0%B3%D0%B8%D1%8F,evidence/wordstat/wordstat-live-raw.json,VALID_LIVE_WORDSTAT,"External Yandex demand proxy, not RuStore internal search volume."
broad-929,астрология,астрология,broad,129,лунная астрология,766,Россия,225,Смартфоны,ru,2026-07-29T18:51:01.061Z,https://wordstat.yandex.ru/?region=225&view=table&words=%D0%B0%D1%81%D1%82%D1%80%D0%BE%D0%BB%D0%BE%D0%B3%D0%B8%D1%8F,evidence/wordstat/wordstat-live-raw.json,VALID_LIVE_WORDSTAT,"External Yandex demand proxy, not RuStore internal search volume."
broad-930,астрология,астрология,broad,130,скорпион в астрологии,754,Россия,225,Смартфоны,ru,2026-07-29T18:51:01.061Z,https://wordstat.yandex.ru/?region=225&view=table&words=%D0%B0%D1%81%D1%82%D1%80%D0%BE%D0%BB%D0%BE%D0%B3%D0%B8%D1%8F,evidence/wordstat/wordstat-live-raw.json,VALID_LIVE_WORDSTAT,"External Yandex demand proxy, not RuStore internal search volume."
broad-931,астрология,астрология,broad,131,4 дом в астрологии,746,Россия,225,Смартфоны,ru,2026-07-29T18:51:01.061Z,https://wordstat.yandex.ru/?region=225&view=table&words=%D0%B0%D1%81%D1%82%D1%80%D0%BE%D0%BB%D0%BE%D0%B3%D0%B8%D1%8F,evidence/wordstat/wordstat-live-raw.json,VALID_LIVE_WORDSTAT,"External Yandex demand proxy, not RuStore internal search volume."
broad-932,астрология,астрология,broad,132,астрология андреев,722,Россия,225,Смартфоны,ru,2026-07-29T18:51:01.061Z,https://wordstat.yandex.ru/?region=225&view=table&words=%D0%B0%D1%81%D1%82%D1%80%D0%BE%D0%BB%D0%BE%D0%B3%D0%B8%D1%8F,evidence/wordstat/wordstat-live-raw.json,VALID_LIVE_WORDSTAT,"External Yandex demand proxy, not RuStore internal search volume."
broad-933,астрология,астрология,broad,133,астрология чисел,717,Россия,225,Смартфоны,ru,2026-07-29T18:51:01.061Z,https://wordstat.yandex.ru/?region=225&view=table&words=%D0%B0%D1%81%D1%82%D1%80%D0%BE%D0%BB%D0%BE%D0%B3%D0%B8%D1%8F,evidence/wordstat/wordstat-live-raw.json,VALID_LIVE_WORDSTAT,"External Yandex demand proxy, not RuStore internal search volume."
broad-934,астрология,астрология,broad,134,академия астрологии левина,702,Россия,225,Смартфоны,ru,2026-07-29T18:51:01.061Z,https://wordstat.yandex.ru/?region=225&view=table&words=%D0%B0%D1%81%D1%82%D1%80%D0%BE%D0%BB%D0%BE%D0%B3%D0%B8%D1%8F,evidence/wordstat/wordstat-live-raw.json,VALID_LIVE_WORDSTAT,"External Yandex demand proxy, not RuStore internal search volume."
broad-935,астрология,астрология,broad,135,рыбы в астрологии,691,Россия,225,Смартфоны,ru,2026-07-29T18:51:01.061Z,https://wordstat.yandex.ru/?region=225&view=table&words=%D0%B0%D1%81%D1%82%D1%80%D0%BE%D0%BB%D0%BE%D0%B3%D0%B8%D1%8F,evidence/wordstat/wordstat-live-raw.json,VALID_LIVE_WORDSTAT,"External Yandex demand proxy, not RuStore internal search volume."
broad-936,астрология,астрология,broad,136,знак ведической астрологии,687,Россия,225,Смартфоны,ru,2026-07-29T18:51:01.061Z,https://wordstat.yandex.ru/?region=225&view=table&words=%D0%B0%D1%81%D1%82%D1%80%D0%BE%D0%BB%D0%BE%D0%B3%D0%B8%D1%8F,evidence/wordstat/wordstat-live-raw.json,VALID_LIVE_WORDSTAT,"External Yandex demand proxy, not RuStore internal search volume."
broad-937,астрология,астрология,broad,137,нептун в астрологии,683,Россия,225,Смартфоны,ru,2026-07-29T18:51:01.061Z,https://wordstat.yandex.ru/?region=225&view=table&words=%D0%B0%D1%81%D1%82%D1%80%D0%BE%D0%BB%D0%BE%D0%B3%D0%B8%D1%8F,evidence/wordstat/wordstat-live-raw.json,VALID_LIVE_WORDSTAT,"External Yandex demand proxy, not RuStore internal search volume."
broad-938,астрология,астрология,broad,138,астрология какой год,680,Россия,225,Смартфоны,ru,2026-07-29T18:51:01.061Z,https://wordstat.yandex.ru/?region=225&view=table&words=%D0%B0%D1%81%D1%82%D1%80%D0%BE%D0%BB%D0%BE%D0%B3%D0%B8%D1%8F,evidence/wordstat/wordstat-live-raw.json,VALID_LIVE_WORDSTAT,"External Yandex demand proxy, not RuStore internal search volume."
broad-939,астрология,астрология,broad,139,хорарная астрология онлайн,679,Россия,225,Смартфоны,ru,2026-07-29T18:51:01.061Z,https://wordstat.yandex.ru/?region=225&view=table&words=%D0%B0%D1%81%D1%82%D1%80%D0%BE%D0%BB%D0%BE%D0%B3%D0%B8%D1%8F,evidence/wordstat/wordstat-live-raw.json,VALID_LIVE_WORDSTAT,"External Yandex demand proxy, not RuStore internal search volume."
broad-940,астрология,астрология,broad,140,значение звезд астрология,672,Россия,225,Смартфоны,ru,2026-07-29T18:51:01.061Z,https://wordstat.yandex.ru/?region=225&view=table&words=%D0%B0%D1%81%D1%82%D1%80%D0%BE%D0%BB%D0%BE%D0%B3%D0%B8%D1%8F,evidence/wordstat/wordstat-live-raw.json,VALID_LIVE_WORDSTAT,"External Yandex demand proxy, not RuStore internal search volume."
broad-941,астрология,астрология,broad,141,астрология скачать бесплатно,657,Россия,225,Смартфоны,ru,2026-07-29T18:51:01.061Z,https://wordstat.yandex.ru/?region=225&view=table&words=%D0%B0%D1%81%D1%82%D1%80%D0%BE%D0%BB%D0%BE%D0%B3%D0%B8%D1%8F,evidence/wordstat/wordstat-live-raw.json,VALID_LIVE_WORDSTAT,"External Yandex demand proxy, not RuStore internal search volume."
broad-942,астрология,астрология,broad,142,астрология сергея,652,Россия,225,Смартфоны,ru,2026-07-29T18:51:01.061Z,https://wordstat.yandex.ru/?region=225&view=table&words=%D0%B0%D1%81%D1%82%D1%80%D0%BE%D0%BB%D0%BE%D0%B3%D0%B8%D1%8F,evidence/wordstat/wordstat-live-raw.json,VALID_LIVE_WORDSTAT,"External Yandex demand proxy, not RuStore internal search volume."
broad-943,астрология,астрология,broad,143,астрология отношений,646,Россия,225,Смартфоны,ru,2026-07-29T18:51:01.061Z,https://wordstat.yandex.ru/?region=225&view=table&words=%D0%B0%D1%81%D1%82%D1%80%D0%BE%D0%BB%D0%BE%D0%B3%D0%B8%D1%8F,evidence/wordstat/wordstat-live-raw.json,VALID_LIVE_WORDSTAT,"External Yandex demand proxy, not RuStore internal search volume."
broad-944,астрология,астрология,broad,144,павел андреев астрология,644,Россия,225,Смартфоны,ru,2026-07-29T18:51:01.061Z,https://wordstat.yandex.ru/?region=225&view=table&words=%D0%B0%D1%81%D1%82%D1%80%D0%BE%D0%BB%D0%BE%D0%B3%D0%B8%D1%8F,evidence/wordstat/wordstat-live-raw.json,VALID_LIVE_WORDSTAT,"External Yandex demand proxy, not RuStore internal search volume."
broad-945,астрология,астрология,broad,145,астрология 26,639,Россия,225,Смартфоны,ru,2026-07-29T18:51:01.061Z,https://wordstat.yandex.ru/?region=225&view=table&words=%D0%B0%D1%81%D1%82%D1%80%D0%BE%D0%BB%D0%BE%D0%B3%D0%B8%D1%8F,evidence/wordstat/wordstat-live-raw.json,VALID_LIVE_WORDSTAT,"External Yandex demand proxy, not RuStore internal search volume."
broad-946,астрология,астрология,broad,146,тибетская астрология,636,Россия,225,Смартфоны,ru,2026-07-29T18:51:01.061Z,https://wordstat.yandex.ru/?region=225&view=table&words=%D0%B0%D1%81%D1%82%D1%80%D0%BE%D0%BB%D0%BE%D0%B3%D0%B8%D1%8F,evidence/wordstat/wordstat-live-raw.json,VALID_LIVE_WORDSTAT,"External Yandex demand proxy, not RuStore internal search volume."
broad-947,астрология,астрология,broad,147,астрология судьбы,635,Россия,225,Смартфоны,ru,2026-07-29T18:51:01.061Z,https://wordstat.yandex.ru/?region=225&view=table&words=%D0%B0%D1%81%D1%82%D1%80%D0%BE%D0%BB%D0%BE%D0%B3%D0%B8%D1%8F,evidence/wordstat/wordstat-live-raw.json,VALID_LIVE_WORDSTAT,"External Yandex demand proxy, not RuStore internal search volume."
broad-948,астрология,астрология,broad,148,астрология вопросы,627,Россия,225,Смартфоны,ru,2026-07-29T18:51:01.061Z,https://wordstat.yandex.ru/?region=225&view=table&words=%D0%B0%D1%81%D1%82%D1%80%D0%BE%D0%BB%D0%BE%D0%B3%D0%B8%D1%8F,evidence/wordstat/wordstat-live-raw.json,VALID_LIVE_WORDSTAT,"External Yandex demand proxy, not RuStore internal search volume."
broad-949,астрология,астрология,broad,149,дараган астрология,625,Россия,225,Смартфоны,ru,2026-07-29T18:51:01.061Z,https://wordstat.yandex.ru/?region=225&view=table&words=%D0%B0%D1%81%D1%82%D1%80%D0%BE%D0%BB%D0%BE%D0%B3%D0%B8%D1%8F,evidence/wordstat/wordstat-live-raw.json,VALID_LIVE_WORDSTAT,"External Yandex demand proxy, not RuStore internal search volume."
broad-950,астрология,астрология,broad,150,астрология затмение,622,Россия,225,Смартфоны,ru,2026-07-29T18:51:01.061Z,https://wordstat.yandex.ru/?region=225&view=table&words=%D0%B0%D1%81%D1%82%D1%80%D0%BE%D0%BB%D0%BE%D0%B3%D0%B8%D1%8F,evidence/wordstat/wordstat-live-raw.json,VALID_LIVE_WORDSTAT,"External Yandex demand proxy, not RuStore internal search volume."
broad-951,астрология,астрология,broad,151,дома в ведической астрологии,619,Россия,225,Смартфоны,ru,2026-07-29T18:51:01.061Z,https://wordstat.yandex.ru/?region=225&view=table&words=%D0%B0%D1%81%D1%82%D1%80%D0%BE%D0%BB%D0%BE%D0%B3%D0%B8%D1%8F,evidence/wordstat/wordstat-live-raw.json,VALID_LIVE_WORDSTAT,"External Yandex demand proxy, not RuStore internal search volume."
broad-952,астрология,астрология,broad,152,астрология телец,603,Россия,225,Смартфоны,ru,2026-07-29T18:51:01.061Z,https://wordstat.yandex.ru/?region=225&view=table&words=%D0%B0%D1%81%D1%82%D1%80%D0%BE%D0%BB%D0%BE%D0%B3%D0%B8%D1%8F,evidence/wordstat/wordstat-live-raw.json,VALID_LIVE_WORDSTAT,"External Yandex demand proxy, not RuStore internal search volume."
broad-953,астрология,астрология,broad,153,астрология сколько,592,Россия,225,Смартфоны,ru,2026-07-29T18:51:01.061Z,https://wordstat.yandex.ru/?region=225&view=table&words=%D0%B0%D1%81%D1%82%D1%80%D0%BE%D0%BB%D0%BE%D0%B3%D0%B8%D1%8F,evidence/wordstat/wordstat-live-raw.json,VALID_LIVE_WORDSTAT,"External Yandex demand proxy, not RuStore internal search volume."
broad-954,астрология,астрология,broad,154,ретроградная астрология,591,Россия,225,Смартфоны,ru,2026-07-29T18:51:01.061Z,https://wordstat.yandex.ru/?region=225&view=table&words=%D0%B0%D1%81%D1%82%D1%80%D0%BE%D0%BB%D0%BE%D0%B3%D0%B8%D1%8F,evidence/wordstat/wordstat-live-raw.json,VALID_LIVE_WORDSTAT,"External Yandex demand proxy, not RuStore internal search volume."
broad-955,астрология,астрология,broad,155,астрология что происходит,587,Россия,225,Смартфоны,ru,2026-07-29T18:51:01.061Z,https://wordstat.yandex.ru/?region=225&view=table&words=%D0%B0%D1%81%D1%82%D1%80%D0%BE%D0%BB%D0%BE%D0%B3%D0%B8%D1%8F,evidence/wordstat/wordstat-live-raw.json,VALID_LIVE_WORDSTAT,"External Yandex demand proxy, not RuStore internal search volume."
broad-956,астрология,астрология,broad,156,раху что это в астрологии,579,Россия,225,Смартфоны,ru,2026-07-29T18:51:01.061Z,https://wordstat.yandex.ru/?region=225&view=table&words=%D0%B0%D1%81%D1%82%D1%80%D0%BE%D0%BB%D0%BE%D0%B3%D0%B8%D1%8F,evidence/wordstat/wordstat-live-raw.json,VALID_LIVE_WORDSTAT,"External Yandex demand proxy, not RuStore internal search volume."
broad-957,астрология,астрология,broad,157,знаки планет в астрологии,579,Россия,225,Смартфоны,ru,2026-07-29T18:51:01.061Z,https://wordstat.yandex.ru/?region=225&view=table&words=%D0%B0%D1%81%D1%82%D1%80%D0%BE%D0%BB%D0%BE%D0%B3%D0%B8%D1%8F,evidence/wordstat/wordstat-live-raw.json,VALID_LIVE_WORDSTAT,"External Yandex demand proxy, not RuStore internal search volume."
broad-958,астрология,астрология,broad,158,астрология купить,576,Россия,225,Смартфоны,ru,2026-07-29T18:51:01.061Z,https://wordstat.yandex.ru/?region=225&view=table&words=%D0%B0%D1%81%D1%82%D1%80%D0%BE%D0%BB%D0%BE%D0%B3%D0%B8%D1%8F,evidence/wordstat/wordstat-live-raw.json,VALID_LIVE_WORDSTAT,"External Yandex demand proxy, not RuStore internal search volume."
broad-959,астрология,астрология,broad,159,китайская астрология,574,Россия,225,Смартфоны,ru,2026-07-29T18:51:01.061Z,https://wordstat.yandex.ru/?region=225&view=table&words=%D0%B0%D1%81%D1%82%D1%80%D0%BE%D0%BB%D0%BE%D0%B3%D0%B8%D1%8F,evidence/wordstat/wordstat-live-raw.json,VALID_LIVE_WORDSTAT,"External Yandex demand proxy, not RuStore internal search volume."
broad-960,астрология,астрология,broad,160,астрология на 2026 год,573,Россия,225,Смартфоны,ru,2026-07-29T18:51:01.061Z,https://wordstat.yandex.ru/?region=225&view=table&words=%D0%B0%D1%81%D1%82%D1%80%D0%BE%D0%BB%D0%BE%D0%B3%D0%B8%D1%8F,evidence/wordstat/wordstat-live-raw.json,VALID_LIVE_WORDSTAT,"External Yandex demand proxy, not RuStore internal search volume."
broad-961,астрология,астрология,broad,161,каналы астрологии,568,Россия,225,Смартфоны,ru,2026-07-29T18:51:01.061Z,https://wordstat.yandex.ru/?region=225&view=table&words=%D0%B0%D1%81%D1%82%D1%80%D0%BE%D0%BB%D0%BE%D0%B3%D0%B8%D1%8F,evidence/wordstat/wordstat-live-raw.json,VALID_LIVE_WORDSTAT,"External Yandex demand proxy, not RuStore internal search volume."
broad-962,астрология,астрология,broad,162,северная астрология,566,Россия,225,Смартфоны,ru,2026-07-29T18:51:01.061Z,https://wordstat.yandex.ru/?region=225&view=table&words=%D0%B0%D1%81%D1%82%D1%80%D0%BE%D0%BB%D0%BE%D0%B3%D0%B8%D1%8F,evidence/wordstat/wordstat-live-raw.json,VALID_LIVE_WORDSTAT,"External Yandex demand proxy, not RuStore internal search volume."
broad-963,астрология,астрология,broad,163,ведическая астрология онлайн,565,Россия,225,Смартфоны,ru,2026-07-29T18:51:01.061Z,https://wordstat.yandex.ru/?region=225&view=table&words=%D0%B0%D1%81%D1%82%D1%80%D0%BE%D0%BB%D0%BE%D0%B3%D0%B8%D1%8F,evidence/wordstat/wordstat-live-raw.json,VALID_LIVE_WORDSTAT,"External Yandex demand proxy, not RuStore internal search volume."
broad-964,астрология,астрология,broad,164,институт астрологии,552,Россия,225,Смартфоны,ru,2026-07-29T18:51:01.061Z,https://wordstat.yandex.ru/?region=225&view=table&words=%D0%B0%D1%81%D1%82%D1%80%D0%BE%D0%BB%D0%BE%D0%B3%D0%B8%D1%8F,evidence/wordstat/wordstat-live-raw.json,VALID_LIVE_WORDSTAT,"External Yandex demand proxy, not RuStore internal search volume."
broad-965,астрология,астрология,broad,165,кармическая астрология,550,Россия,225,Смартфоны,ru,2026-07-29T18:51:01.061Z,https://wordstat.yandex.ru/?region=225&view=table&words=%D0%B0%D1%81%D1%82%D1%80%D0%BE%D0%BB%D0%BE%D0%B3%D0%B8%D1%8F,evidence/wordstat/wordstat-live-raw.json,VALID_LIVE_WORDSTAT,"External Yandex demand proxy, not RuStore internal search volume."
broad-966,астрология,астрология,broad,166,2 дом в астрологии,547,Россия,225,Смартфоны,ru,2026-07-29T18:51:01.061Z,https://wordstat.yandex.ru/?region=225&view=table&words=%D0%B0%D1%81%D1%82%D1%80%D0%BE%D0%BB%D0%BE%D0%B3%D0%B8%D1%8F,evidence/wordstat/wordstat-live-raw.json,VALID_LIVE_WORDSTAT,"External Yandex demand proxy, not RuStore internal search volume."
broad-967,астрология,астрология,broad,167,астрология неделя,546,Россия,225,Смартфоны,ru,2026-07-29T18:51:01.061Z,https://wordstat.yandex.ru/?region=225&view=table&words=%D0%B0%D1%81%D1%82%D1%80%D0%BE%D0%BB%D0%BE%D0%B3%D0%B8%D1%8F,evidence/wordstat/wordstat-live-raw.json,VALID_LIVE_WORDSTAT,"External Yandex demand proxy, not RuStore internal search volume."
broad-968,астрология,астрология,broad,168,татьяна астрология,545,Россия,225,Смартфоны,ru,2026-07-29T18:51:01.061Z,https://wordstat.yandex.ru/?region=225&view=table&words=%D0%B0%D1%81%D1%82%D1%80%D0%BE%D0%BB%D0%BE%D0%B3%D0%B8%D1%8F,evidence/wordstat/wordstat-live-raw.json,VALID_LIVE_WORDSTAT,"External Yandex demand proxy, not RuStore internal search volume."
broad-969,астрология,астрология,broad,169,астрология карта онлайн,544,Россия,225,Смартфоны,ru,2026-07-29T18:51:01.061Z,https://wordstat.yandex.ru/?region=225&view=table&words=%D0%B0%D1%81%D1%82%D1%80%D0%BE%D0%BB%D0%BE%D0%B3%D0%B8%D1%8F,evidence/wordstat/wordstat-live-raw.json,VALID_LIVE_WORDSTAT,"External Yandex demand proxy, not RuStore internal search volume."
broad-970,астрология,астрология,broad,170,астрономия и астрология,542,Россия,225,Смартфоны,ru,2026-07-29T18:51:01.061Z,https://wordstat.yandex.ru/?region=225&view=table&words=%D0%B0%D1%81%D1%82%D1%80%D0%BE%D0%BB%D0%BE%D0%B3%D0%B8%D1%8F,evidence/wordstat/wordstat-live-raw.json,VALID_LIVE_WORDSTAT,"External Yandex demand proxy, not RuStore internal search volume."
broad-971,астрология,астрология,broad,171,астрология россии,540,Россия,225,Смартфоны,ru,2026-07-29T18:51:01.061Z,https://wordstat.yandex.ru/?region=225&view=table&words=%D0%B0%D1%81%D1%82%D1%80%D0%BE%D0%BB%D0%BE%D0%B3%D0%B8%D1%8F,evidence/wordstat/wordstat-live-raw.json,VALID_LIVE_WORDSTAT,"External Yandex demand proxy, not RuStore internal search volume."
broad-972,астрология,астрология,broad,172,астрология для начинающих,525,Россия,225,Смартфоны,ru,2026-07-29T18:51:01.061Z,https://wordstat.yandex.ru/?region=225&view=table&words=%D0%B0%D1%81%D1%82%D1%80%D0%BE%D0%BB%D0%BE%D0%B3%D0%B8%D1%8F,evidence/wordstat/wordstat-live-raw.json,VALID_LIVE_WORDSTAT,"External Yandex demand proxy, not RuStore internal search volume."
broad-973,астрология,астрология,broad,173,чандра что это в астрологии,523,Россия,225,Смартфоны,ru,2026-07-29T18:51:01.061Z,https://wordstat.yandex.ru/?region=225&view=table&words=%D0%B0%D1%81%D1%82%D1%80%D0%BE%D0%BB%D0%BE%D0%B3%D0%B8%D1%8F,evidence/wordstat/wordstat-live-raw.json,VALID_LIVE_WORDSTAT,"External Yandex demand proxy, not RuStore internal search volume."
broad-974,астрология,астрология,broad,174,астрология официальный,523,Россия,225,Смартфоны,ru,2026-07-29T18:51:01.061Z,https://wordstat.yandex.ru/?region=225&view=table&words=%D0%B0%D1%81%D1%82%D1%80%D0%BE%D0%BB%D0%BE%D0%B3%D0%B8%D1%8F,evidence/wordstat/wordstat-live-raw.json,VALID_LIVE_WORDSTAT,"External Yandex demand proxy, not RuStore internal search volume."
broad-975,астрология,астрология,broad,175,хирон в астрологии,522,Россия,225,Смартфоны,ru,2026-07-29T18:51:01.061Z,https://wordstat.yandex.ru/?region=225&view=table&words=%D0%B0%D1%81%D1%82%D1%80%D0%BE%D0%BB%D0%BE%D0%B3%D0%B8%D1%8F,evidence/wordstat/wordstat-live-raw.json,VALID_LIVE_WORDSTAT,"External Yandex demand proxy, not RuStore internal search volume."
broad-976,астрология,астрология,broad,176,характеристика астрологии,522,Россия,225,Смартфоны,ru,2026-07-29T18:51:01.061Z,https://wordstat.yandex.ru/?region=225&view=table&words=%D0%B0%D1%81%D1%82%D1%80%D0%BE%D0%BB%D0%BE%D0%B3%D0%B8%D1%8F,evidence/wordstat/wordstat-live-raw.json,VALID_LIVE_WORDSTAT,"External Yandex demand proxy, not RuStore internal search volume."
broad-977,астрология,астрология,broad,177,день рождение астрология,519,Россия,225,Смартфоны,ru,2026-07-29T18:51:01.061Z,https://wordstat.yandex.ru/?region=225&view=table&words=%D0%B0%D1%81%D1%82%D1%80%D0%BE%D0%BB%D0%BE%D0%B3%D0%B8%D1%8F,evidence/wordstat/wordstat-live-raw.json,VALID_LIVE_WORDSTAT,"External Yandex demand proxy, not RuStore internal search volume."
broad-978,астрология,астрология,broad,178,астрология говорят,518,Россия,225,Смартфоны,ru,2026-07-29T18:51:01.061Z,https://wordstat.yandex.ru/?region=225&view=table&words=%D0%B0%D1%81%D1%82%D1%80%D0%BE%D0%BB%D0%BE%D0%B3%D0%B8%D1%8F,evidence/wordstat/wordstat-live-raw.json,VALID_LIVE_WORDSTAT,"External Yandex demand proxy, not RuStore internal search volume."
broad-979,астрология,астрология,broad,179,северный узел в астрологии,511,Россия,225,Смартфоны,ru,2026-07-29T18:51:01.061Z,https://wordstat.yandex.ru/?region=225&view=table&words=%D0%B0%D1%81%D1%82%D1%80%D0%BE%D0%BB%D0%BE%D0%B3%D0%B8%D1%8F,evidence/wordstat/wordstat-live-raw.json,VALID_LIVE_WORDSTAT,"External Yandex demand proxy, not RuStore internal search volume."
broad-980,астрология,астрология,broad,180,отзыв астрология,505,Россия,225,Смартфоны,ru,2026-07-29T18:51:01.061Z,https://wordstat.yandex.ru/?region=225&view=table&words=%D0%B0%D1%81%D1%82%D1%80%D0%BE%D0%BB%D0%BE%D0%B3%D0%B8%D1%8F,evidence/wordstat/wordstat-live-raw.json,VALID_LIVE_WORDSTAT,"External Yandex demand proxy, not RuStore internal search volume."
broad-981,астрология,астрология,broad,181,можно ли астрология,504,Россия,225,Смартфоны,ru,2026-07-29T18:51:01.061Z,https://wordstat.yandex.ru/?region=225&view=table&words=%D0%B0%D1%81%D1%82%D1%80%D0%BE%D0%BB%D0%BE%D0%B3%D0%B8%D1%8F,evidence/wordstat/wordstat-live-raw.json,VALID_LIVE_WORDSTAT,"External Yandex demand proxy, not RuStore internal search volume."
broad-982,астрология,астрология,broad,182,медицинская астрология,503,Россия,225,Смартфоны,ru,2026-07-29T18:51:01.061Z,https://wordstat.yandex.ru/?region=225&view=table&words=%D0%B0%D1%81%D1%82%D1%80%D0%BE%D0%BB%D0%BE%D0%B3%D0%B8%D1%8F,evidence/wordstat/wordstat-live-raw.json,VALID_LIVE_WORDSTAT,"External Yandex demand proxy, not RuStore internal search volume."
broad-983,астрология,астрология,broad,183,астрология событий,502,Россия,225,Смартфоны,ru,2026-07-29T18:51:01.061Z,https://wordstat.yandex.ru/?region=225&view=table&words=%D0%B0%D1%81%D1%82%D1%80%D0%BE%D0%BB%D0%BE%D0%B3%D0%B8%D1%8F,evidence/wordstat/wordstat-live-raw.json,VALID_LIVE_WORDSTAT,"External Yandex demand proxy, not RuStore internal search volume."
broad-984,астрология,астрология,broad,184,астрология таро дзен,500,Россия,225,Смартфоны,ru,2026-07-29T18:51:01.061Z,https://wordstat.yandex.ru/?region=225&view=table&words=%D0%B0%D1%81%D1%82%D1%80%D0%BE%D0%BB%D0%BE%D0%B3%D0%B8%D1%8F,evidence/wordstat/wordstat-live-raw.json,VALID_LIVE_WORDSTAT,"External Yandex demand proxy, not RuStore internal search volume."
broad-985,астрология,астрология,broad,185,астрология бесплатно с расшифровкой,494,Россия,225,Смартфоны,ru,2026-07-29T18:51:01.061Z,https://wordstat.yandex.ru/?region=225&view=table&words=%D0%B0%D1%81%D1%82%D1%80%D0%BE%D0%BB%D0%BE%D0%B3%D0%B8%D1%8F,evidence/wordstat/wordstat-live-raw.json,VALID_LIVE_WORDSTAT,"External Yandex demand proxy, not RuStore internal search volume."
broad-986,астрология,астрология,broad,186,астрология безбородного,483,Россия,225,Смартфоны,ru,2026-07-29T18:51:01.061Z,https://wordstat.yandex.ru/?region=225&view=table&words=%D0%B0%D1%81%D1%82%D1%80%D0%BE%D0%BB%D0%BE%D0%B3%D0%B8%D1%8F,evidence/wordstat/wordstat-live-raw.json,VALID_LIVE_WORDSTAT,"External Yandex demand proxy, not RuStore internal search volume."
broad-987,астрология,астрология,broad,187,астрология нова,483,Россия,225,Смартфоны,ru,2026-07-29T18:51:01.061Z,https://wordstat.yandex.ru/?region=225&view=table&words=%D0%B0%D1%81%D1%82%D1%80%D0%BE%D0%BB%D0%BE%D0%B3%D0%B8%D1%8F,evidence/wordstat/wordstat-live-raw.json,VALID_LIVE_WORDSTAT,"External Yandex demand proxy, not RuStore internal search volume."
broad-988,астрология,астрология,broad,188,новая астрология,483,Россия,225,Смартфоны,ru,2026-07-29T18:51:01.061Z,https://wordstat.yandex.ru/?region=225&view=table&words=%D0%B0%D1%81%D1%82%D1%80%D0%BE%D0%BB%D0%BE%D0%B3%D0%B8%D1%8F,evidence/wordstat/wordstat-live-raw.json,VALID_LIVE_WORDSTAT,"External Yandex demand proxy, not RuStore internal search volume."
broad-989,астрология,астрология,broad,189,астрология имени,481,Россия,225,Смартфоны,ru,2026-07-29T18:51:01.061Z,https://wordstat.yandex.ru/?region=225&view=table&words=%D0%B0%D1%81%D1%82%D1%80%D0%BE%D0%BB%D0%BE%D0%B3%D0%B8%D1%8F,evidence/wordstat/wordstat-live-raw.json,VALID_LIVE_WORDSTAT,"External Yandex demand proxy, not RuStore internal search volume."
broad-990,астрология,астрология,broad,190,астрология 2027,479,Россия,225,Смартфоны,ru,2026-07-29T18:51:01.061Z,https://wordstat.yandex.ru/?region=225&view=table&words=%D0%B0%D1%81%D1%82%D1%80%D0%BE%D0%BB%D0%BE%D0%B3%D0%B8%D1%8F,evidence/wordstat/wordstat-live-raw.json,VALID_LIVE_WORDSTAT,"External Yandex demand proxy, not RuStore internal search volume."
broad-991,астрология,астрология,broad,191,астрология это наука,477,Россия,225,Смартфоны,ru,2026-07-29T18:51:01.061Z,https://wordstat.yandex.ru/?region=225&view=table&words=%D0%B0%D1%81%D1%82%D1%80%D0%BE%D0%BB%D0%BE%D0%B3%D0%B8%D1%8F,evidence/wordstat/wordstat-live-raw.json,VALID_LIVE_WORDSTAT,"External Yandex demand proxy, not RuStore internal search volume."
broad-992,астрология,астрология,broad,192,овен в астрологии,477,Россия,225,Смартфоны,ru,2026-07-29T18:51:01.061Z,https://wordstat.yandex.ru/?region=225&view=table&words=%D0%B0%D1%81%D1%82%D1%80%D0%BE%D0%BB%D0%BE%D0%B3%D0%B8%D1%8F,evidence/wordstat/wordstat-live-raw.json,VALID_LIVE_WORDSTAT,"External Yandex demand proxy, not RuStore internal search volume."
broad-993,астрология,астрология,broad,193,астрология джойтиш,475,Россия,225,Смартфоны,ru,2026-07-29T18:51:01.061Z,https://wordstat.yandex.ru/?region=225&view=table&words=%D0%B0%D1%81%D1%82%D1%80%D0%BE%D0%BB%D0%BE%D0%B3%D0%B8%D1%8F,evidence/wordstat/wordstat-live-raw.json,VALID_LIVE_WORDSTAT,"External Yandex demand proxy, not RuStore internal search volume."
broad-994,астрология,астрология,broad,194,астрология какой сегодня,474,Россия,225,Смартфоны,ru,2026-07-29T18:51:01.061Z,https://wordstat.yandex.ru/?region=225&view=table&words=%D0%B0%D1%81%D1%82%D1%80%D0%BE%D0%BB%D0%BE%D0%B3%D0%B8%D1%8F,evidence/wordstat/wordstat-live-raw.json,VALID_LIVE_WORDSTAT,"External Yandex demand proxy, not RuStore internal search volume."
broad-995,астрология,астрология,broad,195,астрология формул,467,Россия,225,Смартфоны,ru,2026-07-29T18:51:01.061Z,https://wordstat.yandex.ru/?region=225&view=table&words=%D0%B0%D1%81%D1%82%D1%80%D0%BE%D0%BB%D0%BE%D0%B3%D0%B8%D1%8F,evidence/wordstat/wordstat-live-raw.json,VALID_LIVE_WORDSTAT,"External Yandex demand proxy, not RuStore internal search volume."
broad-996,астрология,астрология,broad,196,астрология любви,465,Россия,225,Смартфоны,ru,2026-07-29T18:51:01.061Z,https://wordstat.yandex.ru/?region=225&view=table&words=%D0%B0%D1%81%D1%82%D1%80%D0%BE%D0%BB%D0%BE%D0%B3%D0%B8%D1%8F,evidence/wordstat/wordstat-live-raw.json,VALID_LIVE_WORDSTAT,"External Yandex demand proxy, not RuStore internal search volume."
broad-997,астрология,астрология,broad,197,кету что это в астрологии,465,Россия,225,Смартфоны,ru,2026-07-29T18:51:01.061Z,https://wordstat.yandex.ru/?region=225&view=table&words=%D0%B0%D1%81%D1%82%D1%80%D0%BE%D0%BB%D0%BE%D0%B3%D0%B8%D1%8F,evidence/wordstat/wordstat-live-raw.json,VALID_LIVE_WORDSTAT,"External Yandex demand proxy, not RuStore internal search volume."
broad-998,астрология,астрология,broad,198,планеты ведической астрологии,465,Россия,225,Смартфоны,ru,2026-07-29T18:51:01.061Z,https://wordstat.yandex.ru/?region=225&view=table&words=%D0%B0%D1%81%D1%82%D1%80%D0%BE%D0%BB%D0%BE%D0%B3%D0%B8%D1%8F,evidence/wordstat/wordstat-live-raw.json,VALID_LIVE_WORDSTAT,"External Yandex demand proxy, not RuStore internal search volume."
broad-999,астрология,астрология,broad,199,астрология определить,464,Россия,225,Смартфоны,ru,2026-07-29T18:51:01.061Z,https://wordstat.yandex.ru/?region=225&view=table&words=%D0%B0%D1%81%D1%82%D1%80%D0%BE%D0%BB%D0%BE%D0%B3%D0%B8%D1%8F,evidence/wordstat/wordstat-live-raw.json,VALID_LIVE_WORDSTAT,"External Yandex demand proxy, not RuStore internal search volume."
broad-1000,астрология,астрология,broad,200,камни в астрологии,463,Россия,225,Смартфоны,ru,2026-07-29T18:51:01.061Z,https://wordstat.yandex.ru/?region=225&view=table&words=%D0%B0%D1%81%D1%82%D1%80%D0%BE%D0%BB%D0%BE%D0%B3%D0%B8%D1%8F,evidence/wordstat/wordstat-live-raw.json,VALID_LIVE_WORDSTAT,"External Yandex demand proxy, not RuStore internal search volume."
phrase-1001,"""гороскоп""",гороскоп,phrase,1,гороскоп,,Россия,225,Смартфоны,ru,2026-07-29T18:51:15.491Z,https://wordstat.yandex.ru/?region=225&view=table&words=%22%D0%B3%D0%BE%D1%80%D0%BE%D1%81%D0%BA%D0%BE%D0%BF%22,evidence/wordstat/wordstat-live-raw.json,REJECTED_STALE_TABLE_AFTER_OPERATOR_CHANGE,URL changed but table content did not reliably refresh; value intentionally blanked.
fixed-1002,"""!гороскоп""",гороскоп,fixed,1,гороскоп,,Россия,225,Смартфоны,ru,2026-07-29T18:51:16.360Z,https://wordstat.yandex.ru/?region=225&view=table&words=%22!%D0%B3%D0%BE%D1%80%D0%BE%D1%81%D0%BA%D0%BE%D0%BF%22,evidence/wordstat/wordstat-live-raw.json,REJECTED_STALE_TABLE_AFTER_OPERATOR_CHANGE,URL changed but table content did not reliably refresh; value intentionally blanked.
phrase-1003,"""натальная карта""",натальная карта,phrase,1,натальная карта,,Россия,225,Смартфоны,ru,2026-07-29T18:51:17.223Z,https://wordstat.yandex.ru/?region=225&view=table&words=%22%D0%BD%D0%B0%D1%82%D0%B0%D0%BB%D1%8C%D0%BD%D0%B0%D1%8F%20%D0%BA%D0%B0%D1%80%D1%82%D0%B0%22,evidence/wordstat/wordstat-live-raw.json,REJECTED_STALE_TABLE_AFTER_OPERATOR_CHANGE,URL changed but table content did not reliably refresh; value intentionally blanked.
fixed-1004,"""!натальная !карта""",натальная карта,fixed,1,натальная карта,,Россия,225,Смартфоны,ru,2026-07-29T18:51:18.095Z,https://wordstat.yandex.ru/?region=225&view=table&words=%22!%D0%BD%D0%B0%D1%82%D0%B0%D0%BB%D1%8C%D0%BD%D0%B0%D1%8F%20!%D0%BA%D0%B0%D1%80%D1%82%D0%B0%22,evidence/wordstat/wordstat-live-raw.json,REJECTED_STALE_TABLE_AFTER_OPERATOR_CHANGE,URL changed but table content did not reliably refresh; value intentionally blanked.
phrase-1005,"""совместимость знаков зодиака""",совместимость знаков зодиака,phrase,1,натальная карта,,Россия,225,Смартфоны,ru,2026-07-29T18:51:40.289Z,https://wordstat.yandex.ru/?region=225&view=table&words=%22%D1%81%D0%BE%D0%B2%D0%BC%D0%B5%D1%81%D1%82%D0%B8%D0%BC%D0%BE%D1%81%D1%82%D1%8C%20%D0%B7%D0%BD%D0%B0%D0%BA%D0%BE%D0%B2%20%D0%B7%D0%BE%D0%B4%D0%B8%D0%B0%D0%BA%D0%B0%22,evidence/wordstat/wordstat-live-raw.json,REJECTED_STALE_TABLE_AFTER_OPERATOR_CHANGE,URL changed but table content did not reliably refresh; value intentionally blanked.
fixed-1006,"""!совместимость !знаков !зодиака""",совместимость знаков зодиака,fixed,1,натальная карта,,Россия,225,Смартфоны,ru,2026-07-29T18:52:02.332Z,https://wordstat.yandex.ru/?region=225&view=table&words=%22%D1%81%D0%BE%D0%B2%D0%BC%D0%B5%D1%81%D1%82%D0%B8%D0%BC%D0%BE%D1%81%D1%82%D1%8C%20%D0%B7%D0%BD%D0%B0%D0%BA%D0%BE%D0%B2%20%D0%B7%D0%BE%D0%B4%D0%B8%D0%B0%D0%BA%D0%B0%22,evidence/wordstat/wordstat-live-raw.json,REJECTED_STALE_TABLE_AFTER_OPERATOR_CHANGE,URL changed but table content did not reliably refresh; value intentionally blanked.
