keyword,cluster,product_relevance,wordstat_broad,frequency_type,demand_scope,source_seed,region,device,collected_at,source_url
гороскоп,horoscope,RELEVANT,4376696,broad,Yandex external demand proxy,гороскоп,Россия,Смартфоны,2026-07-29T18:50:56.118Z,https://wordstat.yandex.ru/?region=225&view=table&words=%D0%B3%D0%BE%D1%80%D0%BE%D1%81%D0%BA%D0%BE%D0%BF
гороскоп на сегодня,horoscope,RELEVANT,1242594,broad,Yandex external demand proxy,гороскоп,Россия,Смартфоны,2026-07-29T18:50:56.118Z,https://wordstat.yandex.ru/?region=225&view=table&words=%D0%B3%D0%BE%D1%80%D0%BE%D1%81%D0%BA%D0%BE%D0%BF
натальная карта,natal,RELEVANT,665857,broad,Yandex external demand proxy,натальная карта,Россия,Смартфоны,2026-07-29T18:50:57.081Z,https://wordstat.yandex.ru/?region=225&view=table&words=%D0%BD%D0%B0%D1%82%D0%B0%D0%BB%D1%8C%D0%BD%D0%B0%D1%8F%20%D0%BA%D0%B0%D1%80%D1%82%D0%B0
гороскоп женщина,horoscope,RELEVANT,530747,broad,Yandex external demand proxy,гороскоп,Россия,Смартфоны,2026-07-29T18:50:56.118Z,https://wordstat.yandex.ru/?region=225&view=table&words=%D0%B3%D0%BE%D1%80%D0%BE%D1%81%D0%BA%D0%BE%D0%BF
гороскоп на июль,horoscope,RELEVANT,525769,broad,Yandex external demand proxy,гороскоп,Россия,Смартфоны,2026-07-29T18:50:56.118Z,https://wordstat.yandex.ru/?region=225&view=table&words=%D0%B3%D0%BE%D1%80%D0%BE%D1%81%D0%BA%D0%BE%D0%BF
гороскоп рак,horoscope,RELEVANT,304572,broad,Yandex external demand proxy,гороскоп,Россия,Смартфоны,2026-07-29T18:50:56.118Z,https://wordstat.yandex.ru/?region=225&view=table&words=%D0%B3%D0%BE%D1%80%D0%BE%D1%81%D0%BA%D0%BE%D0%BF
гороскоп на завтра,horoscope,RELEVANT,297761,broad,Yandex external demand proxy,гороскоп,Россия,Смартфоны,2026-07-29T18:50:56.118Z,https://wordstat.yandex.ru/?region=225&view=table&words=%D0%B3%D0%BE%D1%80%D0%BE%D1%81%D0%BA%D0%BE%D0%BF
гороскоп лев,horoscope,RELEVANT,285086,broad,Yandex external demand proxy,гороскоп,Россия,Смартфоны,2026-07-29T18:50:56.118Z,https://wordstat.yandex.ru/?region=225&view=table&words=%D0%B3%D0%BE%D1%80%D0%BE%D1%81%D0%BA%D0%BE%D0%BF
гороскоп лев львов,horoscope,RELEVANT,284698,broad,Yandex external demand proxy,гороскоп,Россия,Смартфоны,2026-07-29T18:50:56.118Z,https://wordstat.yandex.ru/?region=225&view=table&words=%D0%B3%D0%BE%D1%80%D0%BE%D1%81%D0%BA%D0%BE%D0%BF
гороскоп близнецы,horoscope,RELEVANT,251464,broad,Yandex external demand proxy,гороскоп,Россия,Смартфоны,2026-07-29T18:50:56.118Z,https://wordstat.yandex.ru/?region=225&view=table&words=%D0%B3%D0%BE%D1%80%D0%BE%D1%81%D0%BA%D0%BE%D0%BF
гороскоп телец,horoscope,RELEVANT,238433,broad,Yandex external demand proxy,гороскоп,Россия,Смартфоны,2026-07-29T18:50:56.118Z,https://wordstat.yandex.ru/?region=225&view=table&words=%D0%B3%D0%BE%D1%80%D0%BE%D1%81%D0%BA%D0%BE%D0%BF
гороскоп тельцам,horoscope,RELEVANT,238426,broad,Yandex external demand proxy,гороскоп,Россия,Смартфоны,2026-07-29T18:50:56.118Z,https://wordstat.yandex.ru/?region=225&view=table&words=%D0%B3%D0%BE%D1%80%D0%BE%D1%81%D0%BA%D0%BE%D0%BF
гороскоп рыбы,horoscope,RELEVANT,235763,broad,Yandex external demand proxy,гороскоп,Россия,Смартфоны,2026-07-29T18:50:56.118Z,https://wordstat.yandex.ru/?region=225&view=table&words=%D0%B3%D0%BE%D1%80%D0%BE%D1%81%D0%BA%D0%BE%D0%BF
гороскоп дева,horoscope,RELEVANT,234206,broad,Yandex external demand proxy,гороскоп,Россия,Смартфоны,2026-07-29T18:50:56.118Z,https://wordstat.yandex.ru/?region=225&view=table&words=%D0%B3%D0%BE%D1%80%D0%BE%D1%81%D0%BA%D0%BE%D0%BF
гороскоп овен,horoscope,RELEVANT,230287,broad,Yandex external demand proxy,гороскоп,Россия,Смартфоны,2026-07-29T18:50:56.118Z,https://wordstat.yandex.ru/?region=225&view=table&words=%D0%B3%D0%BE%D1%80%D0%BE%D1%81%D0%BA%D0%BE%D0%BF
гороскоп весы,horoscope,RELEVANT,225845,broad,Yandex external demand proxy,гороскоп,Россия,Смартфоны,2026-07-29T18:50:56.118Z,https://wordstat.yandex.ru/?region=225&view=table&words=%D0%B3%D0%BE%D1%80%D0%BE%D1%81%D0%BA%D0%BE%D0%BF
гороскоп водолей,horoscope,RELEVANT,217854,broad,Yandex external demand proxy,гороскоп,Россия,Смартфоны,2026-07-29T18:50:56.118Z,https://wordstat.yandex.ru/?region=225&view=table&words=%D0%B3%D0%BE%D1%80%D0%BE%D1%81%D0%BA%D0%BE%D0%BF
гороскоп скорпион,horoscope,RELEVANT,208731,broad,Yandex external demand proxy,гороскоп,Россия,Смартфоны,2026-07-29T18:50:56.118Z,https://wordstat.yandex.ru/?region=225&view=table&words=%D0%B3%D0%BE%D1%80%D0%BE%D1%81%D0%BA%D0%BE%D0%BF
знаки гороскопа,horoscope,RELEVANT,204173,broad,Yandex external demand proxy,гороскоп,Россия,Смартфоны,2026-07-29T18:50:56.118Z,https://wordstat.yandex.ru/?region=225&view=table&words=%D0%B3%D0%BE%D1%80%D0%BE%D1%81%D0%BA%D0%BE%D0%BF
гороскоп козерог,horoscope,RELEVANT,196602,broad,Yandex external demand proxy,гороскоп,Россия,Смартфоны,2026-07-29T18:50:56.118Z,https://wordstat.yandex.ru/?region=225&view=table&words=%D0%B3%D0%BE%D1%80%D0%BE%D1%81%D0%BA%D0%BE%D0%BF
гороскоп стрелец,horoscope,RELEVANT,193925,broad,Yandex external demand proxy,гороскоп,Россия,Смартфоны,2026-07-29T18:50:56.118Z,https://wordstat.yandex.ru/?region=225&view=table&words=%D0%B3%D0%BE%D1%80%D0%BE%D1%81%D0%BA%D0%BE%D0%BF
гороскоп на сегодня мужчина,horoscope,RELEVANT,192300,broad,Yandex external demand proxy,гороскоп,Россия,Смартфоны,2026-07-29T18:50:56.118Z,https://wordstat.yandex.ru/?region=225&view=table&words=%D0%B3%D0%BE%D1%80%D0%BE%D1%81%D0%BA%D0%BE%D0%BF
гороскоп на сегодня женщина,horoscope,RELEVANT,176854,broad,Yandex external demand proxy,гороскоп,Россия,Смартфоны,2026-07-29T18:50:56.118Z,https://wordstat.yandex.ru/?region=225&view=table&words=%D0%B3%D0%BE%D1%80%D0%BE%D1%81%D0%BA%D0%BE%D0%BF
гороскоп зодиака,horoscope,RELEVANT,168378,broad,Yandex external demand proxy,гороскоп,Россия,Смартфоны,2026-07-29T18:50:56.118Z,https://wordstat.yandex.ru/?region=225&view=table&words=%D0%B3%D0%BE%D1%80%D0%BE%D1%81%D0%BA%D0%BE%D0%BF
астрология,astrology,RELEVANT,157376,broad,Yandex external demand proxy,астрология,Россия,Смартфоны,2026-07-29T18:51:01.061Z,https://wordstat.yandex.ru/?region=225&view=table&words=%D0%B0%D1%81%D1%82%D1%80%D0%BE%D0%BB%D0%BE%D0%B3%D0%B8%D1%8F
гороскоп на август,horoscope,RELEVANT,147665,broad,Yandex external demand proxy,гороскоп,Россия,Смартфоны,2026-07-29T18:50:56.118Z,https://wordstat.yandex.ru/?region=225&view=table&words=%D0%B3%D0%BE%D1%80%D0%BE%D1%81%D0%BA%D0%BE%D0%BF
гороскоп по знакам зодиака,horoscope,RELEVANT,141237,broad,Yandex external demand proxy,гороскоп,Россия,Смартфоны,2026-07-29T18:50:56.118Z,https://wordstat.yandex.ru/?region=225&view=table&words=%D0%B3%D0%BE%D1%80%D0%BE%D1%81%D0%BA%D0%BE%D0%BF
натальная карта онлайн,natal,RELEVANT,138423,broad,Yandex external demand proxy,натальная карта,Россия,Смартфоны,2026-07-29T18:50:57.081Z,https://wordstat.yandex.ru/?region=225&view=table&words=%D0%BD%D0%B0%D1%82%D0%B0%D0%BB%D1%8C%D0%BD%D0%B0%D1%8F%20%D0%BA%D0%B0%D1%80%D1%82%D0%B0
гороскоп по годам,horoscope,RELEVANT,118790,broad,Yandex external demand proxy,гороскоп,Россия,Смартфоны,2026-07-29T18:50:56.118Z,https://wordstat.yandex.ru/?region=225&view=table&words=%D0%B3%D0%BE%D1%80%D0%BE%D1%81%D0%BA%D0%BE%D0%BF
точный гороскоп,horoscope,RELEVANT,116488,broad,Yandex external demand proxy,гороскоп,Россия,Смартфоны,2026-07-29T18:50:56.118Z,https://wordstat.yandex.ru/?region=225&view=table&words=%D0%B3%D0%BE%D1%80%D0%BE%D1%81%D0%BA%D0%BE%D0%BF
гороскоп на июль женщина,horoscope,RELEVANT,98155,broad,Yandex external demand proxy,гороскоп,Россия,Смартфоны,2026-07-29T18:50:56.118Z,https://wordstat.yandex.ru/?region=225&view=table&words=%D0%B3%D0%BE%D1%80%D0%BE%D1%81%D0%BA%D0%BE%D0%BF
гороскоп на сегодня близнецы,horoscope,RELEVANT,92907,broad,Yandex external demand proxy,гороскоп,Россия,Смартфоны,2026-07-29T18:50:56.118Z,https://wordstat.yandex.ru/?region=225&view=table&words=%D0%B3%D0%BE%D1%80%D0%BE%D1%81%D0%BA%D0%BE%D0%BF
гороскоп на неделю,horoscope,RELEVANT,92184,broad,Yandex external demand proxy,гороскоп,Россия,Смартфоны,2026-07-29T18:50:56.118Z,https://wordstat.yandex.ru/?region=225&view=table&words=%D0%B3%D0%BE%D1%80%D0%BE%D1%81%D0%BA%D0%BE%D0%BF
гороскоп на сегодня рак,horoscope,RELEVANT,91761,broad,Yandex external demand proxy,гороскоп,Россия,Смартфоны,2026-07-29T18:50:56.118Z,https://wordstat.yandex.ru/?region=225&view=table&words=%D0%B3%D0%BE%D1%80%D0%BE%D1%81%D0%BA%D0%BE%D0%BF
совместимость знаков зодиака,compatibility,RELEVANT,90220,broad,Yandex external demand proxy,совместимость знаков зодиака,Россия,Смартфоны,2026-07-29T18:50:58.010Z,https://wordstat.yandex.ru/?region=225&view=table&words=%D1%81%D0%BE%D0%B2%D0%BC%D0%B5%D1%81%D1%82%D0%B8%D0%BC%D0%BE%D1%81%D1%82%D1%8C%20%D0%B7%D0%BD%D0%B0%D0%BA%D0%BE%D0%B2%20%D0%B7%D0%BE%D0%B4%D0%B8%D0%B0%D0%BA%D0%B0
гороскопы самый,horoscope,RELEVANT,87325,broad,Yandex external demand proxy,гороскоп,Россия,Смартфоны,2026-07-29T18:50:56.118Z,https://wordstat.yandex.ru/?region=225&view=table&words=%D0%B3%D0%BE%D1%80%D0%BE%D1%81%D0%BA%D0%BE%D0%BF
гороскоп на первом,horoscope,RELEVANT,84197,broad,Yandex external demand proxy,гороскоп,Россия,Смартфоны,2026-07-29T18:50:56.118Z,https://wordstat.yandex.ru/?region=225&view=table&words=%D0%B3%D0%BE%D1%80%D0%BE%D1%81%D0%BA%D0%BE%D0%BF
гороскоп на сегодня лев,horoscope,RELEVANT,83389,broad,Yandex external demand proxy,гороскоп,Россия,Смартфоны,2026-07-29T18:50:56.118Z,https://wordstat.yandex.ru/?region=225&view=table&words=%D0%B3%D0%BE%D1%80%D0%BE%D1%81%D0%BA%D0%BE%D0%BF
гороскоп на сегодня телец,horoscope,RELEVANT,82228,broad,Yandex external demand proxy,гороскоп,Россия,Смартфоны,2026-07-29T18:50:56.118Z,https://wordstat.yandex.ru/?region=225&view=table&words=%D0%B3%D0%BE%D1%80%D0%BE%D1%81%D0%BA%D0%BE%D0%BF
гороскоп тельцам на сегодня,horoscope,RELEVANT,82228,broad,Yandex external demand proxy,гороскоп,Россия,Смартфоны,2026-07-29T18:50:56.118Z,https://wordstat.yandex.ru/?region=225&view=table&words=%D0%B3%D0%BE%D1%80%D0%BE%D1%81%D0%BA%D0%BE%D0%BF
самый точный гороскоп,horoscope,RELEVANT,80583,broad,Yandex external demand proxy,гороскоп,Россия,Смартфоны,2026-07-29T18:50:56.118Z,https://wordstat.yandex.ru/?region=225&view=table&words=%D0%B3%D0%BE%D1%80%D0%BE%D1%81%D0%BA%D0%BE%D0%BF
гороскоп на сегодня овен,horoscope,RELEVANT,77222,broad,Yandex external demand proxy,гороскоп,Россия,Смартфоны,2026-07-29T18:50:56.118Z,https://wordstat.yandex.ru/?region=225&view=table&words=%D0%B3%D0%BE%D1%80%D0%BE%D1%81%D0%BA%D0%BE%D0%BF
гороскоп на сегодня рыбы,horoscope,RELEVANT,74526,broad,Yandex external demand proxy,гороскоп,Россия,Смартфоны,2026-07-29T18:50:56.118Z,https://wordstat.yandex.ru/?region=225&view=table&words=%D0%B3%D0%BE%D1%80%D0%BE%D1%81%D0%BA%D0%BE%D0%BF
любовный гороскоп,horoscope,RELEVANT,73689,broad,Yandex external demand proxy,гороскоп,Россия,Смартфоны,2026-07-29T18:50:56.118Z,https://wordstat.yandex.ru/?region=225&view=table&words=%D0%B3%D0%BE%D1%80%D0%BE%D1%81%D0%BA%D0%BE%D0%BF
гороскоп на сегодня водолей,horoscope,RELEVANT,73569,broad,Yandex external demand proxy,гороскоп,Россия,Смартфоны,2026-07-29T18:50:56.118Z,https://wordstat.yandex.ru/?region=225&view=table&words=%D0%B3%D0%BE%D1%80%D0%BE%D1%81%D0%BA%D0%BE%D0%BF
гороскоп на сегодня дева,horoscope,RELEVANT,73007,broad,Yandex external demand proxy,гороскоп,Россия,Смартфоны,2026-07-29T18:50:56.118Z,https://wordstat.yandex.ru/?region=225&view=table&words=%D0%B3%D0%BE%D1%80%D0%BE%D1%81%D0%BA%D0%BE%D0%BF
точный гороскоп на сегодня,horoscope,RELEVANT,72969,broad,Yandex external demand proxy,гороскоп,Россия,Смартфоны,2026-07-29T18:50:56.118Z,https://wordstat.yandex.ru/?region=225&view=table&words=%D0%B3%D0%BE%D1%80%D0%BE%D1%81%D0%BA%D0%BE%D0%BF
гороскоп на сегодня весы,horoscope,RELEVANT,71143,broad,Yandex external demand proxy,гороскоп,Россия,Смартфоны,2026-07-29T18:50:56.118Z,https://wordstat.yandex.ru/?region=225&view=table&words=%D0%B3%D0%BE%D1%80%D0%BE%D1%81%D0%BA%D0%BE%D0%BF
гороскопы анжелы,horoscope,RELEVANT,69330,broad,Yandex external demand proxy,гороскоп,Россия,Смартфоны,2026-07-29T18:50:56.118Z,https://wordstat.yandex.ru/?region=225&view=table&words=%D0%B3%D0%BE%D1%80%D0%BE%D1%81%D0%BA%D0%BE%D0%BF
гороскоп на сегодня скорпион,horoscope,RELEVANT,68243,broad,Yandex external demand proxy,гороскоп,Россия,Смартфоны,2026-07-29T18:50:56.118Z,https://wordstat.yandex.ru/?region=225&view=table&words=%D0%B3%D0%BE%D1%80%D0%BE%D1%81%D0%BA%D0%BE%D0%BF
гороскоп на первом на сегодня,horoscope,RELEVANT,66244,broad,Yandex external demand proxy,гороскоп,Россия,Смартфоны,2026-07-29T18:50:56.118Z,https://wordstat.yandex.ru/?region=225&view=table&words=%D0%B3%D0%BE%D1%80%D0%BE%D1%81%D0%BA%D0%BE%D0%BF
гороскоп на сегодня стрелец,horoscope,RELEVANT,64358,broad,Yandex external demand proxy,гороскоп,Россия,Смартфоны,2026-07-29T18:50:56.118Z,https://wordstat.yandex.ru/?region=225&view=table&words=%D0%B3%D0%BE%D1%80%D0%BE%D1%81%D0%BA%D0%BE%D0%BF
гороскоп на сегодня козерог,horoscope,RELEVANT,62114,broad,Yandex external demand proxy,гороскоп,Россия,Смартфоны,2026-07-29T18:50:56.118Z,https://wordstat.yandex.ru/?region=225&view=table&words=%D0%B3%D0%BE%D1%80%D0%BE%D1%81%D0%BA%D0%BE%D0%BF
натальная карта рассчитать,natal,RELEVANT,61853,broad,Yandex external demand proxy,натальная карта,Россия,Смартфоны,2026-07-29T18:50:57.081Z,https://wordstat.yandex.ru/?region=225&view=table&words=%D0%BD%D0%B0%D1%82%D0%B0%D0%BB%D1%8C%D0%BD%D0%B0%D1%8F%20%D0%BA%D0%B0%D1%80%D1%82%D0%B0
натальная карта бесплатно,natal,RELEVANT,57976,broad,Yandex external demand proxy,натальная карта,Россия,Смартфоны,2026-07-29T18:50:57.081Z,https://wordstat.yandex.ru/?region=225&view=table&words=%D0%BD%D0%B0%D1%82%D0%B0%D0%BB%D1%8C%D0%BD%D0%B0%D1%8F%20%D0%BA%D0%B0%D1%80%D1%82%D0%B0
гороскоп на завтра женщина,horoscope,RELEVANT,56279,broad,Yandex external demand proxy,гороскоп,Россия,Смартфоны,2026-07-29T18:50:56.118Z,https://wordstat.yandex.ru/?region=225&view=table&words=%D0%B3%D0%BE%D1%80%D0%BE%D1%81%D0%BA%D0%BE%D0%BF
точный гороскоп мужчина,horoscope,RELEVANT,54720,broad,Yandex external demand proxy,гороскоп,Россия,Смартфоны,2026-07-29T18:50:56.118Z,https://wordstat.yandex.ru/?region=225&view=table&words=%D0%B3%D0%BE%D1%80%D0%BE%D1%81%D0%BA%D0%BE%D0%BF
гороскоп бесплатно,horoscope,RELEVANT,54208,broad,Yandex external demand proxy,гороскоп,Россия,Смартфоны,2026-07-29T18:50:56.118Z,https://wordstat.yandex.ru/?region=225&view=table&words=%D0%B3%D0%BE%D1%80%D0%BE%D1%81%D0%BA%D0%BE%D0%BF
гороскоп на сегодня самый,horoscope,RELEVANT,53900,broad,Yandex external demand proxy,гороскоп,Россия,Смартфоны,2026-07-29T18:50:56.118Z,https://wordstat.yandex.ru/?region=225&view=table&words=%D0%B3%D0%BE%D1%80%D0%BE%D1%81%D0%BA%D0%BE%D0%BF
самый точный гороскоп на сегодня,horoscope,RELEVANT,52061,broad,Yandex external demand proxy,гороскоп,Россия,Смартфоны,2026-07-29T18:50:56.118Z,https://wordstat.yandex.ru/?region=225&view=table&words=%D0%B3%D0%BE%D1%80%D0%BE%D1%81%D0%BA%D0%BE%D0%BF
синастрия,synastry,RELEVANT,50833,broad,Yandex external demand proxy,синастрия,Россия,Смартфоны,2026-07-29T18:51:00.129Z,https://wordstat.yandex.ru/?region=225&view=table&words=%D1%81%D0%B8%D0%BD%D0%B0%D1%81%D1%82%D1%80%D0%B8%D1%8F
гороскоп года женщина,horoscope,RELEVANT,50407,broad,Yandex external demand proxy,гороскоп,Россия,Смартфоны,2026-07-29T18:50:56.118Z,https://wordstat.yandex.ru/?region=225&view=table&words=%D0%B3%D0%BE%D1%80%D0%BE%D1%81%D0%BA%D0%BE%D0%BF
гороскоп рак женщина,horoscope,RELEVANT,50020,broad,Yandex external demand proxy,гороскоп,Россия,Смартфоны,2026-07-29T18:50:56.118Z,https://wordstat.yandex.ru/?region=225&view=table&words=%D0%B3%D0%BE%D1%80%D0%BE%D1%81%D0%BA%D0%BE%D0%BF
гороскоп лев женщина,horoscope,RELEVANT,47905,broad,Yandex external demand proxy,гороскоп,Россия,Смартфоны,2026-07-29T18:50:56.118Z,https://wordstat.yandex.ru/?region=225&view=table&words=%D0%B3%D0%BE%D1%80%D0%BE%D1%81%D0%BA%D0%BE%D0%BF
какие зодиак гороскопы,horoscope,RELEVANT,47073,broad,Yandex external demand proxy,гороскоп,Россия,Смартфоны,2026-07-29T18:50:56.118Z,https://wordstat.yandex.ru/?region=225&view=table&words=%D0%B3%D0%BE%D1%80%D0%BE%D1%81%D0%BA%D0%BE%D0%BF
гороскоп овен женщина,horoscope,RELEVANT,44086,broad,Yandex external demand proxy,гороскоп,Россия,Смартфоны,2026-07-29T18:50:56.118Z,https://wordstat.yandex.ru/?region=225&view=table&words=%D0%B3%D0%BE%D1%80%D0%BE%D1%81%D0%BA%D0%BE%D0%BF
гороскоп телец женщина,horoscope,RELEVANT,44022,broad,Yandex external demand proxy,гороскоп,Россия,Смартфоны,2026-07-29T18:50:56.118Z,https://wordstat.yandex.ru/?region=225&view=table&words=%D0%B3%D0%BE%D1%80%D0%BE%D1%81%D0%BA%D0%BE%D0%BF
гороскоп тельцам женщинам,horoscope,RELEVANT,44015,broad,Yandex external demand proxy,гороскоп,Россия,Смартфоны,2026-07-29T18:50:56.118Z,https://wordstat.yandex.ru/?region=225&view=table&words=%D0%B3%D0%BE%D1%80%D0%BE%D1%81%D0%BA%D0%BE%D0%BF
гороскоп ру,horoscope,RELEVANT,43751,broad,Yandex external demand proxy,гороскоп,Россия,Смартфоны,2026-07-29T18:50:56.118Z,https://wordstat.yandex.ru/?region=225&view=table&words=%D0%B3%D0%BE%D1%80%D0%BE%D1%81%D0%BA%D0%BE%D0%BF
гороскоп рак на июль,horoscope,RELEVANT,42433,broad,Yandex external demand proxy,гороскоп,Россия,Смартфоны,2026-07-29T18:50:56.118Z,https://wordstat.yandex.ru/?region=225&view=table&words=%D0%B3%D0%BE%D1%80%D0%BE%D1%81%D0%BA%D0%BE%D0%BF
гороскоп скорпион женщина,horoscope,RELEVANT,41790,broad,Yandex external demand proxy,гороскоп,Россия,Смартфоны,2026-07-29T18:50:56.118Z,https://wordstat.yandex.ru/?region=225&view=table&words=%D0%B3%D0%BE%D1%80%D0%BE%D1%81%D0%BA%D0%BE%D0%BF
гороскоп близнецы женщина,horoscope,RELEVANT,41220,broad,Yandex external demand proxy,гороскоп,Россия,Смартфоны,2026-07-29T18:50:56.118Z,https://wordstat.yandex.ru/?region=225&view=table&words=%D0%B3%D0%BE%D1%80%D0%BE%D1%81%D0%BA%D0%BE%D0%BF
гороскоп рак мужчина,horoscope,RELEVANT,40803,broad,Yandex external demand proxy,гороскоп,Россия,Смартфоны,2026-07-29T18:50:56.118Z,https://wordstat.yandex.ru/?region=225&view=table&words=%D0%B3%D0%BE%D1%80%D0%BE%D1%81%D0%BA%D0%BE%D0%BF
самый точный гороскоп мужчина,horoscope,RELEVANT,40649,broad,Yandex external demand proxy,гороскоп,Россия,Смартфоны,2026-07-29T18:50:56.118Z,https://wordstat.yandex.ru/?region=225&view=table&words=%D0%B3%D0%BE%D1%80%D0%BE%D1%81%D0%BA%D0%BE%D0%BF
гороскоп водолей женщина,horoscope,RELEVANT,40234,broad,Yandex external demand proxy,гороскоп,Россия,Смартфоны,2026-07-29T18:50:56.118Z,https://wordstat.yandex.ru/?region=225&view=table&words=%D0%B3%D0%BE%D1%80%D0%BE%D1%81%D0%BA%D0%BE%D0%BF
гороскоп на июль мужчины,horoscope,RELEVANT,39980,broad,Yandex external demand proxy,гороскоп,Россия,Смартфоны,2026-07-29T18:50:56.118Z,https://wordstat.yandex.ru/?region=225&view=table&words=%D0%B3%D0%BE%D1%80%D0%BE%D1%81%D0%BA%D0%BE%D0%BF
гороскоп стрелец женщина,horoscope,RELEVANT,39734,broad,Yandex external demand proxy,гороскоп,Россия,Смартфоны,2026-07-29T18:50:56.118Z,https://wordstat.yandex.ru/?region=225&view=table&words=%D0%B3%D0%BE%D1%80%D0%BE%D1%81%D0%BA%D0%BE%D0%BF
гороскоп козерог женщина,horoscope,RELEVANT,39335,broad,Yandex external demand proxy,гороскоп,Россия,Смартфоны,2026-07-29T18:50:56.118Z,https://wordstat.yandex.ru/?region=225&view=table&words=%D0%B3%D0%BE%D1%80%D0%BE%D1%81%D0%BA%D0%BE%D0%BF
гороскоп рыбы женщина,horoscope,RELEVANT,38874,broad,Yandex external demand proxy,гороскоп,Россия,Смартфоны,2026-07-29T18:50:56.118Z,https://wordstat.yandex.ru/?region=225&view=table&words=%D0%B3%D0%BE%D1%80%D0%BE%D1%81%D0%BA%D0%BE%D0%BF
гороскоп женщины самый,horoscope,RELEVANT,38377,broad,Yandex external demand proxy,гороскоп,Россия,Смартфоны,2026-07-29T18:50:56.118Z,https://wordstat.yandex.ru/?region=225&view=table&words=%D0%B3%D0%BE%D1%80%D0%BE%D1%81%D0%BA%D0%BE%D0%BF
гороскоп дева женщина,horoscope,RELEVANT,38335,broad,Yandex external demand proxy,гороскоп,Россия,Смартфоны,2026-07-29T18:50:56.118Z,https://wordstat.yandex.ru/?region=225&view=table&words=%D0%B3%D0%BE%D1%80%D0%BE%D1%81%D0%BA%D0%BE%D0%BF
гороскоп весы женщина,horoscope,RELEVANT,38143,broad,Yandex external demand proxy,гороскоп,Россия,Смартфоны,2026-07-29T18:50:56.118Z,https://wordstat.yandex.ru/?region=225&view=table&words=%D0%B3%D0%BE%D1%80%D0%BE%D1%81%D0%BA%D0%BE%D0%BF
гороскоп по датам,horoscope,RELEVANT,38078,broad,Yandex external demand proxy,гороскоп,Россия,Смартфоны,2026-07-29T18:50:56.118Z,https://wordstat.yandex.ru/?region=225&view=table&words=%D0%B3%D0%BE%D1%80%D0%BE%D1%81%D0%BA%D0%BE%D0%BF
гороскоп по рождению,horoscope,RELEVANT,37803,broad,Yandex external demand proxy,гороскоп,Россия,Смартфоны,2026-07-29T18:50:56.118Z,https://wordstat.yandex.ru/?region=225&view=table&words=%D0%B3%D0%BE%D1%80%D0%BE%D1%81%D0%BA%D0%BE%D0%BF
натальная карта онлайн бесплатно,natal,RELEVANT,37705,broad,Yandex external demand proxy,натальная карта,Россия,Смартфоны,2026-07-29T18:50:57.081Z,https://wordstat.yandex.ru/?region=225&view=table&words=%D0%BD%D0%B0%D1%82%D0%B0%D0%BB%D1%8C%D0%BD%D0%B0%D1%8F%20%D0%BA%D0%B0%D1%80%D1%82%D0%B0
гороскоп на сегодня мужчины точный,horoscope,RELEVANT,37621,broad,Yandex external demand proxy,гороскоп,Россия,Смартфоны,2026-07-29T18:50:56.118Z,https://wordstat.yandex.ru/?region=225&view=table&words=%D0%B3%D0%BE%D1%80%D0%BE%D1%81%D0%BA%D0%BE%D0%BF
гороскоп дева мужчина,horoscope,RELEVANT,37256,broad,Yandex external demand proxy,гороскоп,Россия,Смартфоны,2026-07-29T18:50:56.118Z,https://wordstat.yandex.ru/?region=225&view=table&words=%D0%B3%D0%BE%D1%80%D0%BE%D1%81%D0%BA%D0%BE%D0%BF
гороскоп львов мужчин,horoscope,RELEVANT,37104,broad,Yandex external demand proxy,гороскоп,Россия,Смартфоны,2026-07-29T18:50:56.118Z,https://wordstat.yandex.ru/?region=225&view=table&words=%D0%B3%D0%BE%D1%80%D0%BE%D1%81%D0%BA%D0%BE%D0%BF
гороскоп лев мужчина,horoscope,RELEVANT,36651,broad,Yandex external demand proxy,гороскоп,Россия,Смартфоны,2026-07-29T18:50:56.118Z,https://wordstat.yandex.ru/?region=225&view=table&words=%D0%B3%D0%BE%D1%80%D0%BE%D1%81%D0%BA%D0%BE%D0%BF
гороскоп женщина самый точный,horoscope,RELEVANT,36326,broad,Yandex external demand proxy,гороскоп,Россия,Смартфоны,2026-07-29T18:50:56.118Z,https://wordstat.yandex.ru/?region=225&view=table&words=%D0%B3%D0%BE%D1%80%D0%BE%D1%81%D0%BA%D0%BE%D0%BF
июль гороскоп знак,horoscope,RELEVANT,36107,broad,Yandex external demand proxy,гороскоп,Россия,Смартфоны,2026-07-29T18:50:56.118Z,https://wordstat.yandex.ru/?region=225&view=table&words=%D0%B3%D0%BE%D1%80%D0%BE%D1%81%D0%BA%D0%BE%D0%BF
гороскоп на июль близнецы,horoscope,RELEVANT,35841,broad,Yandex external demand proxy,гороскоп,Россия,Смартфоны,2026-07-29T18:50:56.118Z,https://wordstat.yandex.ru/?region=225&view=table&words=%D0%B3%D0%BE%D1%80%D0%BE%D1%81%D0%BA%D0%BE%D0%BF
гороскоп на июль рыбы,horoscope,RELEVANT,35441,broad,Yandex external demand proxy,гороскоп,Россия,Смартфоны,2026-07-29T18:50:56.118Z,https://wordstat.yandex.ru/?region=225&view=table&words=%D0%B3%D0%BE%D1%80%D0%BE%D1%81%D0%BA%D0%BE%D0%BF
гороскоп овен мужчина,horoscope,RELEVANT,35022,broad,Yandex external demand proxy,гороскоп,Россия,Смартфоны,2026-07-29T18:50:56.118Z,https://wordstat.yandex.ru/?region=225&view=table&words=%D0%B3%D0%BE%D1%80%D0%BE%D1%81%D0%BA%D0%BE%D0%BF
гороскоп лев на июль,horoscope,RELEVANT,34952,broad,Yandex external demand proxy,гороскоп,Россия,Смартфоны,2026-07-29T18:50:56.118Z,https://wordstat.yandex.ru/?region=225&view=table&words=%D0%B3%D0%BE%D1%80%D0%BE%D1%81%D0%BA%D0%BE%D0%BF
гороскоп телец на июль,horoscope,RELEVANT,34409,broad,Yandex external demand proxy,гороскоп,Россия,Смартфоны,2026-07-29T18:50:56.118Z,https://wordstat.yandex.ru/?region=225&view=table&words=%D0%B3%D0%BE%D1%80%D0%BE%D1%81%D0%BA%D0%BE%D0%BF
гороскоп тельцам на июль,horoscope,RELEVANT,34409,broad,Yandex external demand proxy,гороскоп,Россия,Смартфоны,2026-07-29T18:50:56.118Z,https://wordstat.yandex.ru/?region=225&view=table&words=%D0%B3%D0%BE%D1%80%D0%BE%D1%81%D0%BA%D0%BE%D0%BF
гороскоп на июль овен,horoscope,RELEVANT,34392,broad,Yandex external demand proxy,гороскоп,Россия,Смартфоны,2026-07-29T18:50:56.118Z,https://wordstat.yandex.ru/?region=225&view=table&words=%D0%B3%D0%BE%D1%80%D0%BE%D1%81%D0%BA%D0%BE%D0%BF
шоу натальная карта,natal,RELEVANT,33930,broad,Yandex external demand proxy,натальная карта,Россия,Смартфоны,2026-07-29T18:50:57.081Z,https://wordstat.yandex.ru/?region=225&view=table&words=%D0%BD%D0%B0%D1%82%D0%B0%D0%BB%D1%8C%D0%BD%D0%B0%D1%8F%20%D0%BA%D0%B0%D1%80%D1%82%D0%B0
гороскоп мужчинам тельцам,horoscope,RELEVANT,33840,broad,Yandex external demand proxy,гороскоп,Россия,Смартфоны,2026-07-29T18:50:56.118Z,https://wordstat.yandex.ru/?region=225&view=table&words=%D0%B3%D0%BE%D1%80%D0%BE%D1%81%D0%BA%D0%BE%D0%BF
гороскоп телец мужчина,horoscope,RELEVANT,33840,broad,Yandex external demand proxy,гороскоп,Россия,Смартфоны,2026-07-29T18:50:56.118Z,https://wordstat.yandex.ru/?region=225&view=table&words=%D0%B3%D0%BE%D1%80%D0%BE%D1%81%D0%BA%D0%BE%D0%BF
гороскоп на июль дева,horoscope,RELEVANT,33407,broad,Yandex external demand proxy,гороскоп,Россия,Смартфоны,2026-07-29T18:50:56.118Z,https://wordstat.yandex.ru/?region=225&view=table&words=%D0%B3%D0%BE%D1%80%D0%BE%D1%81%D0%BA%D0%BE%D0%BF
точные гороскопы бесплатно,horoscope,RELEVANT,32699,broad,Yandex external demand proxy,гороскоп,Россия,Смартфоны,2026-07-29T18:50:56.118Z,https://wordstat.yandex.ru/?region=225&view=table&words=%D0%B3%D0%BE%D1%80%D0%BE%D1%81%D0%BA%D0%BE%D0%BF
гороскоп на июль весы,horoscope,RELEVANT,32538,broad,Yandex external demand proxy,гороскоп,Россия,Смартфоны,2026-07-29T18:50:56.118Z,https://wordstat.yandex.ru/?region=225&view=table&words=%D0%B3%D0%BE%D1%80%D0%BE%D1%81%D0%BA%D0%BE%D0%BF
гороскоп на июль водолей,horoscope,RELEVANT,32385,broad,Yandex external demand proxy,гороскоп,Россия,Смартфоны,2026-07-29T18:50:56.118Z,https://wordstat.yandex.ru/?region=225&view=table&words=%D0%B3%D0%BE%D1%80%D0%BE%D1%81%D0%BA%D0%BE%D0%BF
гороскоп близнецы мужчина,horoscope,RELEVANT,31975,broad,Yandex external demand proxy,гороскоп,Россия,Смартфоны,2026-07-29T18:50:56.118Z,https://wordstat.yandex.ru/?region=225&view=table&words=%D0%B3%D0%BE%D1%80%D0%BE%D1%81%D0%BA%D0%BE%D0%BF
июль гороскоп знак зодиака,horoscope,RELEVANT,31604,broad,Yandex external demand proxy,гороскоп,Россия,Смартфоны,2026-07-29T18:50:56.118Z,https://wordstat.yandex.ru/?region=225&view=table&words=%D0%B3%D0%BE%D1%80%D0%BE%D1%81%D0%BA%D0%BE%D0%BF
бесплатный гороскоп на сегодня,horoscope,RELEVANT,31434,broad,Yandex external demand proxy,гороскоп,Россия,Смартфоны,2026-07-29T18:50:56.118Z,https://wordstat.yandex.ru/?region=225&view=table&words=%D0%B3%D0%BE%D1%80%D0%BE%D1%81%D0%BA%D0%BE%D0%BF
гороскоп на июль скорпион,horoscope,RELEVANT,31296,broad,Yandex external demand proxy,гороскоп,Россия,Смартфоны,2026-07-29T18:50:56.118Z,https://wordstat.yandex.ru/?region=225&view=table&words=%D0%B3%D0%BE%D1%80%D0%BE%D1%81%D0%BA%D0%BE%D0%BF
точный гороскоп на сегодня женщина,horoscope,RELEVANT,31280,broad,Yandex external demand proxy,гороскоп,Россия,Смартфоны,2026-07-29T18:50:56.118Z,https://wordstat.yandex.ru/?region=225&view=table&words=%D0%B3%D0%BE%D1%80%D0%BE%D1%81%D0%BA%D0%BE%D0%BF
гороскоп водолей мужчина,horoscope,RELEVANT,30776,broad,Yandex external demand proxy,гороскоп,Россия,Смартфоны,2026-07-29T18:50:56.118Z,https://wordstat.yandex.ru/?region=225&view=table&words=%D0%B3%D0%BE%D1%80%D0%BE%D1%81%D0%BA%D0%BE%D0%BF
гороскоп мужчина год,horoscope,RELEVANT,30728,broad,Yandex external demand proxy,гороскоп,Россия,Смартфоны,2026-07-29T18:50:56.118Z,https://wordstat.yandex.ru/?region=225&view=table&words=%D0%B3%D0%BE%D1%80%D0%BE%D1%81%D0%BA%D0%BE%D0%BF
гороскоп на июль козерог,horoscope,RELEVANT,30276,broad,Yandex external demand proxy,гороскоп,Россия,Смартфоны,2026-07-29T18:50:56.118Z,https://wordstat.yandex.ru/?region=225&view=table&words=%D0%B3%D0%BE%D1%80%D0%BE%D1%81%D0%BA%D0%BE%D0%BF
гороскоп весы мужчина,horoscope,RELEVANT,30224,broad,Yandex external demand proxy,гороскоп,Россия,Смартфоны,2026-07-29T18:50:56.118Z,https://wordstat.yandex.ru/?region=225&view=table&words=%D0%B3%D0%BE%D1%80%D0%BE%D1%81%D0%BA%D0%BE%D0%BF
гороскоп май,horoscope,RELEVANT,30033,broad,Yandex external demand proxy,гороскоп,Россия,Смартфоны,2026-07-29T18:50:56.118Z,https://wordstat.yandex.ru/?region=225&view=table&words=%D0%B3%D0%BE%D1%80%D0%BE%D1%81%D0%BA%D0%BE%D0%BF
совместимость знаков зодиака мужчин,compatibility,RELEVANT,22974,broad,Yandex external demand proxy,совместимость знаков зодиака,Россия,Смартфоны,2026-07-29T18:50:58.010Z,https://wordstat.yandex.ru/?region=225&view=table&words=%D1%81%D0%BE%D0%B2%D0%BC%D0%B5%D1%81%D1%82%D0%B8%D0%BC%D0%BE%D1%81%D1%82%D1%8C%20%D0%B7%D0%BD%D0%B0%D0%BA%D0%BE%D0%B2%20%D0%B7%D0%BE%D0%B4%D0%B8%D0%B0%D0%BA%D0%B0
натальная карта с расшифровкой,natal,RELEVANT,19867,broad,Yandex external demand proxy,натальная карта,Россия,Смартфоны,2026-07-29T18:50:57.081Z,https://wordstat.yandex.ru/?region=225&view=table&words=%D0%BD%D0%B0%D1%82%D0%B0%D0%BB%D1%8C%D0%BD%D0%B0%D1%8F%20%D0%BA%D0%B0%D1%80%D1%82%D0%B0
дома в натальной карте,natal,RELEVANT,19011,broad,Yandex external demand proxy,натальная карта,Россия,Смартфоны,2026-07-29T18:50:57.081Z,https://wordstat.yandex.ru/?region=225&view=table&words=%D0%BD%D0%B0%D1%82%D0%B0%D0%BB%D1%8C%D0%BD%D0%B0%D1%8F%20%D0%BA%D0%B0%D1%80%D1%82%D0%B0
смотреть натальная карта,natal,RELEVANT,18881,broad,Yandex external demand proxy,натальная карта,Россия,Смартфоны,2026-07-29T18:50:57.081Z,https://wordstat.yandex.ru/?region=225&view=table&words=%D0%BD%D0%B0%D1%82%D0%B0%D0%BB%D1%8C%D0%BD%D0%B0%D1%8F%20%D0%BA%D0%B0%D1%80%D1%82%D0%B0
натальная карта рождения,natal,RELEVANT,17189,broad,Yandex external demand proxy,натальная карта,Россия,Смартфоны,2026-07-29T18:50:57.081Z,https://wordstat.yandex.ru/?region=225&view=table&words=%D0%BD%D0%B0%D1%82%D0%B0%D0%BB%D1%8C%D0%BD%D0%B0%D1%8F%20%D0%BA%D0%B0%D1%80%D1%82%D0%B0
натальная карта с расшифровкой бесплатно,natal,RELEVANT,16959,broad,Yandex external demand proxy,натальная карта,Россия,Смартфоны,2026-07-29T18:50:57.081Z,https://wordstat.yandex.ru/?region=225&view=table&words=%D0%BD%D0%B0%D1%82%D0%B0%D0%BB%D1%8C%D0%BD%D0%B0%D1%8F%20%D0%BA%D0%B0%D1%80%D1%82%D0%B0
совместимость знаков зодиака женщина и женщина,compatibility,RELEVANT,16438,broad,Yandex external demand proxy,совместимость знаков зодиака,Россия,Смартфоны,2026-07-29T18:50:58.010Z,https://wordstat.yandex.ru/?region=225&view=table&words=%D1%81%D0%BE%D0%B2%D0%BC%D0%B5%D1%81%D1%82%D0%B8%D0%BC%D0%BE%D1%81%D1%82%D1%8C%20%D0%B7%D0%BD%D0%B0%D0%BA%D0%BE%D0%B2%20%D0%B7%D0%BE%D0%B4%D0%B8%D0%B0%D0%BA%D0%B0
натальная карта по дате,natal,RELEVANT,16138,broad,Yandex external demand proxy,натальная карта,Россия,Смартфоны,2026-07-29T18:50:57.081Z,https://wordstat.yandex.ru/?region=225&view=table&words=%D0%BD%D0%B0%D1%82%D0%B0%D0%BB%D1%8C%D0%BD%D0%B0%D1%8F%20%D0%BA%D0%B0%D1%80%D1%82%D0%B0
совместимость знаков зодиака мужчин и женщин,compatibility,RELEVANT,15724,broad,Yandex external demand proxy,совместимость знаков зодиака,Россия,Смартфоны,2026-07-29T18:50:58.010Z,https://wordstat.yandex.ru/?region=225&view=table&words=%D1%81%D0%BE%D0%B2%D0%BC%D0%B5%D1%81%D1%82%D0%B8%D0%BC%D0%BE%D1%81%D1%82%D1%8C%20%D0%B7%D0%BD%D0%B0%D0%BA%D0%BE%D0%B2%20%D0%B7%D0%BE%D0%B4%D0%B8%D0%B0%D0%BA%D0%B0
рассчитать натальную карту онлайн,natal,RELEVANT,14867,broad,Yandex external demand proxy,натальная карта,Россия,Смартфоны,2026-07-29T18:50:57.081Z,https://wordstat.yandex.ru/?region=225&view=table&words=%D0%BD%D0%B0%D1%82%D0%B0%D0%BB%D1%8C%D0%BD%D0%B0%D1%8F%20%D0%BA%D0%B0%D1%80%D1%82%D0%B0
натальная карта совместимость,natal,RELEVANT,14641,broad,Yandex external demand proxy,натальная карта,Россия,Смартфоны,2026-07-29T18:50:57.081Z,https://wordstat.yandex.ru/?region=225&view=table&words=%D0%BD%D0%B0%D1%82%D0%B0%D0%BB%D1%8C%D0%BD%D0%B0%D1%8F%20%D0%BA%D0%B0%D1%80%D1%82%D0%B0
натальная карта по дате рождения,natal,RELEVANT,14090,broad,Yandex external demand proxy,натальная карта,Россия,Смартфоны,2026-07-29T18:50:57.081Z,https://wordstat.yandex.ru/?region=225&view=table&words=%D0%BD%D0%B0%D1%82%D0%B0%D0%BB%D1%8C%D0%BD%D0%B0%D1%8F%20%D0%BA%D0%B0%D1%80%D1%82%D0%B0
дома в астрологии,astrology,RELEVANT,13767,broad,Yandex external demand proxy,астрология,Россия,Смартфоны,2026-07-29T18:51:01.061Z,https://wordstat.yandex.ru/?region=225&view=table&words=%D0%B0%D1%81%D1%82%D1%80%D0%BE%D0%BB%D0%BE%D0%B3%D0%B8%D1%8F
геокульт натальная карта,natal,RELEVANT,13734,broad,Yandex external demand proxy,натальная карта,Россия,Смартфоны,2026-07-29T18:50:57.081Z,https://wordstat.yandex.ru/?region=225&view=table&words=%D0%BD%D0%B0%D1%82%D0%B0%D0%BB%D1%8C%D0%BD%D0%B0%D1%8F%20%D0%BA%D0%B0%D1%80%D1%82%D0%B0
натальная карта онлайн с расшифровкой,natal,RELEVANT,13425,broad,Yandex external demand proxy,натальная карта,Россия,Смартфоны,2026-07-29T18:50:57.081Z,https://wordstat.yandex.ru/?region=225&view=table&words=%D0%BD%D0%B0%D1%82%D0%B0%D0%BB%D1%8C%D0%BD%D0%B0%D1%8F%20%D0%BA%D0%B0%D1%80%D1%82%D0%B0
натальная карта рассчитать бесплатно,natal,RELEVANT,13400,broad,Yandex external demand proxy,натальная карта,Россия,Смартфоны,2026-07-29T18:50:57.081Z,https://wordstat.yandex.ru/?region=225&view=table&words=%D0%BD%D0%B0%D1%82%D0%B0%D0%BB%D1%8C%D0%BD%D0%B0%D1%8F%20%D0%BA%D0%B0%D1%80%D1%82%D0%B0
натальная карта онлайн бесплатно с расшифровкой,natal,RELEVANT,12483,broad,Yandex external demand proxy,натальная карта,Россия,Смартфоны,2026-07-29T18:50:57.081Z,https://wordstat.yandex.ru/?region=225&view=table&words=%D0%BD%D0%B0%D1%82%D0%B0%D0%BB%D1%8C%D0%BD%D0%B0%D1%8F%20%D0%BA%D0%B0%D1%80%D1%82%D0%B0
расчет натальной карты,natal,RELEVANT,12362,broad,Yandex external demand proxy,натальная карта,Россия,Смартфоны,2026-07-29T18:50:57.081Z,https://wordstat.yandex.ru/?region=225&view=table&words=%D0%BD%D0%B0%D1%82%D0%B0%D0%BB%D1%8C%D0%BD%D0%B0%D1%8F%20%D0%BA%D0%B0%D1%80%D1%82%D0%B0
натальная карта женщины,natal,RELEVANT,12214,broad,Yandex external demand proxy,натальная карта,Россия,Смартфоны,2026-07-29T18:50:57.081Z,https://wordstat.yandex.ru/?region=225&view=table&words=%D0%BD%D0%B0%D1%82%D0%B0%D0%BB%D1%8C%D0%BD%D0%B0%D1%8F%20%D0%BA%D0%B0%D1%80%D1%82%D0%B0
натальная карта сотис,natal,RELEVANT,10532,broad,Yandex external demand proxy,натальная карта,Россия,Смартфоны,2026-07-29T18:50:57.081Z,https://wordstat.yandex.ru/?region=225&view=table&words=%D0%BD%D0%B0%D1%82%D0%B0%D0%BB%D1%8C%D0%BD%D0%B0%D1%8F%20%D0%BA%D0%B0%D1%80%D1%82%D0%B0
ведическая астрология,astrology,RELEVANT,9848,broad,Yandex external demand proxy,астрология,Россия,Смартфоны,2026-07-29T18:51:01.061Z,https://wordstat.yandex.ru/?region=225&view=table&words=%D0%B0%D1%81%D1%82%D1%80%D0%BE%D0%BB%D0%BE%D0%B3%D0%B8%D1%8F
натальная карта по дате бесплатно,natal,RELEVANT,9699,broad,Yandex external demand proxy,натальная карта,Россия,Смартфоны,2026-07-29T18:50:57.081Z,https://wordstat.yandex.ru/?region=225&view=table&words=%D0%BD%D0%B0%D1%82%D0%B0%D0%BB%D1%8C%D0%BD%D0%B0%D1%8F%20%D0%BA%D0%B0%D1%80%D1%82%D0%B0
сотис онлайн натальная карта,natal,RELEVANT,8683,broad,Yandex external demand proxy,натальная карта,Россия,Смартфоны,2026-07-29T18:50:57.081Z,https://wordstat.yandex.ru/?region=225&view=table&words=%D0%BD%D0%B0%D1%82%D0%B0%D0%BB%D1%8C%D0%BD%D0%B0%D1%8F%20%D0%BA%D0%B0%D1%80%D1%82%D0%B0
синастрия соединение,synastry,RELEVANT,8646,broad,Yandex external demand proxy,синастрия,Россия,Смартфоны,2026-07-29T18:51:00.129Z,https://wordstat.yandex.ru/?region=225&view=table&words=%D1%81%D0%B8%D0%BD%D0%B0%D1%81%D1%82%D1%80%D0%B8%D1%8F
натальная карта с расшифровкой по дате,natal,RELEVANT,8605,broad,Yandex external demand proxy,натальная карта,Россия,Смартфоны,2026-07-29T18:50:57.081Z,https://wordstat.yandex.ru/?region=225&view=table&words=%D0%BD%D0%B0%D1%82%D0%B0%D0%BB%D1%8C%D0%BD%D0%B0%D1%8F%20%D0%BA%D0%B0%D1%80%D1%82%D0%B0
синастрия онлайн,synastry,RELEVANT,8509,broad,Yandex external demand proxy,синастрия,Россия,Смартфоны,2026-07-29T18:51:00.129Z,https://wordstat.yandex.ru/?region=225&view=table&words=%D1%81%D0%B8%D0%BD%D0%B0%D1%81%D1%82%D1%80%D0%B8%D1%8F
натальная карта рождения бесплатно,natal,RELEVANT,8330,broad,Yandex external demand proxy,натальная карта,Россия,Смартфоны,2026-07-29T18:50:57.081Z,https://wordstat.yandex.ru/?region=225&view=table&words=%D0%BD%D0%B0%D1%82%D0%B0%D0%BB%D1%8C%D0%BD%D0%B0%D1%8F%20%D0%BA%D0%B0%D1%80%D1%82%D0%B0
совместимость знаков зодиака львов,compatibility,RELEVANT,8258,broad,Yandex external demand proxy,совместимость знаков зодиака,Россия,Смартфоны,2026-07-29T18:50:58.010Z,https://wordstat.yandex.ru/?region=225&view=table&words=%D1%81%D0%BE%D0%B2%D0%BC%D0%B5%D1%81%D1%82%D0%B8%D0%BC%D0%BE%D1%81%D1%82%D1%8C%20%D0%B7%D0%BD%D0%B0%D0%BA%D0%BE%D0%B2%20%D0%B7%D0%BE%D0%B4%D0%B8%D0%B0%D0%BA%D0%B0
астрология какая,astrology,RELEVANT,8251,broad,Yandex external demand proxy,астрология,Россия,Смартфоны,2026-07-29T18:51:01.061Z,https://wordstat.yandex.ru/?region=225&view=table&words=%D0%B0%D1%81%D1%82%D1%80%D0%BE%D0%BB%D0%BE%D0%B3%D0%B8%D1%8F
совместимость знаков зодиака лев,compatibility,RELEVANT,8220,broad,Yandex external demand proxy,совместимость знаков зодиака,Россия,Смартфоны,2026-07-29T18:50:58.010Z,https://wordstat.yandex.ru/?region=225&view=table&words=%D1%81%D0%BE%D0%B2%D0%BC%D0%B5%D1%81%D1%82%D0%B8%D0%BC%D0%BE%D1%81%D1%82%D1%8C%20%D0%B7%D0%BD%D0%B0%D0%BA%D0%BE%D0%B2%20%D0%B7%D0%BE%D0%B4%D0%B8%D0%B0%D0%BA%D0%B0
натальная карта по дате рождения бесплатно,natal,RELEVANT,8153,broad,Yandex external demand proxy,натальная карта,Россия,Смартфоны,2026-07-29T18:50:57.081Z,https://wordstat.yandex.ru/?region=225&view=table&words=%D0%BD%D0%B0%D1%82%D0%B0%D0%BB%D1%8C%D0%BD%D0%B0%D1%8F%20%D0%BA%D0%B0%D1%80%D1%82%D0%B0
натальная карта бесплатно с расшифровкой по дате,natal,RELEVANT,8115,broad,Yandex external demand proxy,натальная карта,Россия,Смартфоны,2026-07-29T18:50:57.081Z,https://wordstat.yandex.ru/?region=225&view=table&words=%D0%BD%D0%B0%D1%82%D0%B0%D0%BB%D1%8C%D0%BD%D0%B0%D1%8F%20%D0%BA%D0%B0%D1%80%D1%82%D0%B0
построить натальную карту,natal,RELEVANT,7568,broad,Yandex external demand proxy,натальная карта,Россия,Смартфоны,2026-07-29T18:50:57.081Z,https://wordstat.yandex.ru/?region=225&view=table&words=%D0%BD%D0%B0%D1%82%D0%B0%D0%BB%D1%8C%D0%BD%D0%B0%D1%8F%20%D0%BA%D0%B0%D1%80%D1%82%D0%B0
совместимость знаков зодиака рак,compatibility,RELEVANT,7443,broad,Yandex external demand proxy,совместимость знаков зодиака,Россия,Смартфоны,2026-07-29T18:50:58.010Z,https://wordstat.yandex.ru/?region=225&view=table&words=%D1%81%D0%BE%D0%B2%D0%BC%D0%B5%D1%81%D1%82%D0%B8%D0%BC%D0%BE%D1%81%D1%82%D1%8C%20%D0%B7%D0%BD%D0%B0%D0%BA%D0%BE%D0%B2%20%D0%B7%D0%BE%D0%B4%D0%B8%D0%B0%D0%BA%D0%B0
расшифровка натальной карты рождения,natal,RELEVANT,7216,broad,Yandex external demand proxy,натальная карта,Россия,Смартфоны,2026-07-29T18:50:57.081Z,https://wordstat.yandex.ru/?region=225&view=table&words=%D0%BD%D0%B0%D1%82%D0%B0%D0%BB%D1%8C%D0%BD%D0%B0%D1%8F%20%D0%BA%D0%B0%D1%80%D1%82%D0%B0
натальная карта с расшифровкой по дате рождения,natal,RELEVANT,7116,broad,Yandex external demand proxy,натальная карта,Россия,Смартфоны,2026-07-29T18:50:57.081Z,https://wordstat.yandex.ru/?region=225&view=table&words=%D0%BD%D0%B0%D1%82%D0%B0%D0%BB%D1%8C%D0%BD%D0%B0%D1%8F%20%D0%BA%D0%B0%D1%80%D1%82%D0%B0
натальная карта по дате онлайн,natal,RELEVANT,6866,broad,Yandex external demand proxy,натальная карта,Россия,Смартфоны,2026-07-29T18:50:57.081Z,https://wordstat.yandex.ru/?region=225&view=table&words=%D0%BD%D0%B0%D1%82%D0%B0%D0%BB%D1%8C%D0%BD%D0%B0%D1%8F%20%D0%BA%D0%B0%D1%80%D1%82%D0%B0
составляющие натальной карты,natal,RELEVANT,6709,broad,Yandex external demand proxy,натальная карта,Россия,Смартфоны,2026-07-29T18:50:57.081Z,https://wordstat.yandex.ru/?region=225&view=table&words=%D0%BD%D0%B0%D1%82%D0%B0%D0%BB%D1%8C%D0%BD%D0%B0%D1%8F%20%D0%BA%D0%B0%D1%80%D1%82%D0%B0
составить натальную карту,natal,RELEVANT,6708,broad,Yandex external demand proxy,натальная карта,Россия,Смартфоны,2026-07-29T18:50:57.081Z,https://wordstat.yandex.ru/?region=225&view=table&words=%D0%BD%D0%B0%D1%82%D0%B0%D0%BB%D1%8C%D0%BD%D0%B0%D1%8F%20%D0%BA%D0%B0%D1%80%D1%82%D0%B0
натальная карта рождения с расшифровкой бесплатно,natal,RELEVANT,6670,broad,Yandex external demand proxy,натальная карта,Россия,Смартфоны,2026-07-29T18:50:57.081Z,https://wordstat.yandex.ru/?region=225&view=table&words=%D0%BD%D0%B0%D1%82%D0%B0%D0%BB%D1%8C%D0%BD%D0%B0%D1%8F%20%D0%BA%D0%B0%D1%80%D1%82%D0%B0
расшифровка натальной карты бесплатно по дате рождения,natal,RELEVANT,6658,broad,Yandex external demand proxy,натальная карта,Россия,Смартфоны,2026-07-29T18:50:57.081Z,https://wordstat.yandex.ru/?region=225&view=table&words=%D0%BD%D0%B0%D1%82%D0%B0%D0%BB%D1%8C%D0%BD%D0%B0%D1%8F%20%D0%BA%D0%B0%D1%80%D1%82%D0%B0
рассчитать натальную карту онлайн бесплатно,natal,RELEVANT,6593,broad,Yandex external demand proxy,натальная карта,Россия,Смартфоны,2026-07-29T18:50:57.081Z,https://wordstat.yandex.ru/?region=225&view=table&words=%D0%BD%D0%B0%D1%82%D0%B0%D0%BB%D1%8C%D0%BD%D0%B0%D1%8F%20%D0%BA%D0%B0%D1%80%D1%82%D0%B0
планеты в астрологии,astrology,RELEVANT,6559,broad,Yandex external demand proxy,астрология,Россия,Смартфоны,2026-07-29T18:51:01.061Z,https://wordstat.yandex.ru/?region=225&view=table&words=%D0%B0%D1%81%D1%82%D1%80%D0%BE%D0%BB%D0%BE%D0%B3%D0%B8%D1%8F
натальная карта по дате онлайн бесплатно,natal,RELEVANT,6508,broad,Yandex external demand proxy,натальная карта,Россия,Смартфоны,2026-07-29T18:50:57.081Z,https://wordstat.yandex.ru/?region=225&view=table&words=%D0%BD%D0%B0%D1%82%D0%B0%D0%BB%D1%8C%D0%BD%D0%B0%D1%8F%20%D0%BA%D0%B0%D1%80%D1%82%D0%B0
совместимость знаков зодиака в любви,compatibility,RELEVANT,6408,broad,Yandex external demand proxy,совместимость знаков зодиака,Россия,Смартфоны,2026-07-29T18:50:58.010Z,https://wordstat.yandex.ru/?region=225&view=table&words=%D1%81%D0%BE%D0%B2%D0%BC%D0%B5%D1%81%D1%82%D0%B8%D0%BC%D0%BE%D1%81%D1%82%D1%8C%20%D0%B7%D0%BD%D0%B0%D0%BA%D0%BE%D0%B2%20%D0%B7%D0%BE%D0%B4%D0%B8%D0%B0%D0%BA%D0%B0
совместимость знаков зодиака дева,compatibility,RELEVANT,6307,broad,Yandex external demand proxy,совместимость знаков зодиака,Россия,Смартфоны,2026-07-29T18:50:58.010Z,https://wordstat.yandex.ru/?region=225&view=table&words=%D1%81%D0%BE%D0%B2%D0%BC%D0%B5%D1%81%D1%82%D0%B8%D0%BC%D0%BE%D1%81%D1%82%D1%8C%20%D0%B7%D0%BD%D0%B0%D0%BA%D0%BE%D0%B2%20%D0%B7%D0%BE%D0%B4%D0%B8%D0%B0%D0%BA%D0%B0
луна в натальной карте,natal,RELEVANT,6219,broad,Yandex external demand proxy,натальная карта,Россия,Смартфоны,2026-07-29T18:50:57.081Z,https://wordstat.yandex.ru/?region=225&view=table&words=%D0%BD%D0%B0%D1%82%D0%B0%D0%BB%D1%8C%D0%BD%D0%B0%D1%8F%20%D0%BA%D0%B0%D1%80%D1%82%D0%B0
за астрологию отвечает,astrology,RELEVANT,6184,broad,Yandex external demand proxy,астрология,Россия,Смартфоны,2026-07-29T18:51:01.061Z,https://wordstat.yandex.ru/?region=225&view=table&words=%D0%B0%D1%81%D1%82%D1%80%D0%BE%D0%BB%D0%BE%D0%B3%D0%B8%D1%8F
совместимость знаков зодиака скорпион,compatibility,RELEVANT,6147,broad,Yandex external demand proxy,совместимость знаков зодиака,Россия,Смартфоны,2026-07-29T18:50:58.010Z,https://wordstat.yandex.ru/?region=225&view=table&words=%D1%81%D0%BE%D0%B2%D0%BC%D0%B5%D1%81%D1%82%D0%B8%D0%BC%D0%BE%D1%81%D1%82%D1%8C%20%D0%B7%D0%BD%D0%B0%D0%BA%D0%BE%D0%B2%20%D0%B7%D0%BE%D0%B4%D0%B8%D0%B0%D0%BA%D0%B0
натальная карта иванченко,natal,RELEVANT,6120,broad,Yandex external demand proxy,натальная карта,Россия,Смартфоны,2026-07-29T18:50:57.081Z,https://wordstat.yandex.ru/?region=225&view=table&words=%D0%BD%D0%B0%D1%82%D0%B0%D0%BB%D1%8C%D0%BD%D0%B0%D1%8F%20%D0%BA%D0%B0%D1%80%D1%82%D0%B0
совместимость знаков зодиака водолей,compatibility,RELEVANT,6081,broad,Yandex external demand proxy,совместимость знаков зодиака,Россия,Смартфоны,2026-07-29T18:50:58.010Z,https://wordstat.yandex.ru/?region=225&view=table&words=%D1%81%D0%BE%D0%B2%D0%BC%D0%B5%D1%81%D1%82%D0%B8%D0%BC%D0%BE%D1%81%D1%82%D1%8C%20%D0%B7%D0%BD%D0%B0%D0%BA%D0%BE%D0%B2%20%D0%B7%D0%BE%D0%B4%D0%B8%D0%B0%D0%BA%D0%B0
олеся натальная карта,natal,RELEVANT,5967,broad,Yandex external demand proxy,натальная карта,Россия,Смартфоны,2026-07-29T18:50:57.081Z,https://wordstat.yandex.ru/?region=225&view=table&words=%D0%BD%D0%B0%D1%82%D0%B0%D0%BB%D1%8C%D0%BD%D0%B0%D1%8F%20%D0%BA%D0%B0%D1%80%D1%82%D0%B0
совместимость знаков зодиака весы,compatibility,RELEVANT,5923,broad,Yandex external demand proxy,совместимость знаков зодиака,Россия,Смартфоны,2026-07-29T18:50:58.010Z,https://wordstat.yandex.ru/?region=225&view=table&words=%D1%81%D0%BE%D0%B2%D0%BC%D0%B5%D1%81%D1%82%D0%B8%D0%BC%D0%BE%D1%81%D1%82%D1%8C%20%D0%B7%D0%BD%D0%B0%D0%BA%D0%BE%D0%B2%20%D0%B7%D0%BE%D0%B4%D0%B8%D0%B0%D0%BA%D0%B0
натальная карта рождения онлайн,natal,RELEVANT,5906,broad,Yandex external demand proxy,натальная карта,Россия,Смартфоны,2026-07-29T18:50:57.081Z,https://wordstat.yandex.ru/?region=225&view=table&words=%D0%BD%D0%B0%D1%82%D0%B0%D0%BB%D1%8C%D0%BD%D0%B0%D1%8F%20%D0%BA%D0%B0%D1%80%D1%82%D0%B0
натальная карта смотреть онлайн,natal,RELEVANT,5872,broad,Yandex external demand proxy,натальная карта,Россия,Смартфоны,2026-07-29T18:50:57.081Z,https://wordstat.yandex.ru/?region=225&view=table&words=%D0%BD%D0%B0%D1%82%D0%B0%D0%BB%D1%8C%D0%BD%D0%B0%D1%8F%20%D0%BA%D0%B0%D1%80%D1%82%D0%B0
венера в синастрии,synastry,RELEVANT,5843,broad,Yandex external demand proxy,синастрия,Россия,Смартфоны,2026-07-29T18:51:00.129Z,https://wordstat.yandex.ru/?region=225&view=table&words=%D1%81%D0%B8%D0%BD%D0%B0%D1%81%D1%82%D1%80%D0%B8%D1%8F
совместимость знаков зодиака рыбы,compatibility,RELEVANT,5818,broad,Yandex external demand proxy,совместимость знаков зодиака,Россия,Смартфоны,2026-07-29T18:50:58.010Z,https://wordstat.yandex.ru/?region=225&view=table&words=%D1%81%D0%BE%D0%B2%D0%BC%D0%B5%D1%81%D1%82%D0%B8%D0%BC%D0%BE%D1%81%D1%82%D1%8C%20%D0%B7%D0%BD%D0%B0%D0%BA%D0%BE%D0%B2%20%D0%B7%D0%BE%D0%B4%D0%B8%D0%B0%D0%BA%D0%B0
венера в натальной карте,natal,RELEVANT,5783,broad,Yandex external demand proxy,натальная карта,Россия,Смартфоны,2026-07-29T18:50:57.081Z,https://wordstat.yandex.ru/?region=225&view=table&words=%D0%BD%D0%B0%D1%82%D0%B0%D0%BB%D1%8C%D0%BD%D0%B0%D1%8F%20%D0%BA%D0%B0%D1%80%D1%82%D0%B0
синастрии луна,synastry,RELEVANT,5778,broad,Yandex external demand proxy,синастрия,Россия,Смартфоны,2026-07-29T18:51:00.129Z,https://wordstat.yandex.ru/?region=225&view=table&words=%D1%81%D0%B8%D0%BD%D0%B0%D1%81%D1%82%D1%80%D0%B8%D1%8F
натальная карта мужчины,natal,RELEVANT,5675,broad,Yandex external demand proxy,натальная карта,Россия,Смартфоны,2026-07-29T18:50:57.081Z,https://wordstat.yandex.ru/?region=225&view=table&words=%D0%BD%D0%B0%D1%82%D0%B0%D0%BB%D1%8C%D0%BD%D0%B0%D1%8F%20%D0%BA%D0%B0%D1%80%D1%82%D0%B0
натальная карта по дате рождения онлайн,natal,RELEVANT,5587,broad,Yandex external demand proxy,натальная карта,Россия,Смартфоны,2026-07-29T18:50:57.081Z,https://wordstat.yandex.ru/?region=225&view=table&words=%D0%BD%D0%B0%D1%82%D0%B0%D0%BB%D1%8C%D0%BD%D0%B0%D1%8F%20%D0%BA%D0%B0%D1%80%D1%82%D0%B0
совместимость знаков зодиака близнецы,compatibility,RELEVANT,5540,broad,Yandex external demand proxy,совместимость знаков зодиака,Россия,Смартфоны,2026-07-29T18:50:58.010Z,https://wordstat.yandex.ru/?region=225&view=table&words=%D1%81%D0%BE%D0%B2%D0%BC%D0%B5%D1%81%D1%82%D0%B8%D0%BC%D0%BE%D1%81%D1%82%D1%8C%20%D0%B7%D0%BD%D0%B0%D0%BA%D0%BE%D0%B2%20%D0%B7%D0%BE%D0%B4%D0%B8%D0%B0%D0%BA%D0%B0
натальная карта смотреть шоу,natal,RELEVANT,5530,broad,Yandex external demand proxy,натальная карта,Россия,Смартфоны,2026-07-29T18:50:57.081Z,https://wordstat.yandex.ru/?region=225&view=table&words=%D0%BD%D0%B0%D1%82%D0%B0%D0%BB%D1%8C%D0%BD%D0%B0%D1%8F%20%D0%BA%D0%B0%D1%80%D1%82%D0%B0
совместимость знаков зодиака стрелец,compatibility,RELEVANT,5478,broad,Yandex external demand proxy,совместимость знаков зодиака,Россия,Смартфоны,2026-07-29T18:50:58.010Z,https://wordstat.yandex.ru/?region=225&view=table&words=%D1%81%D0%BE%D0%B2%D0%BC%D0%B5%D1%81%D1%82%D0%B8%D0%BC%D0%BE%D1%81%D1%82%D1%8C%20%D0%B7%D0%BD%D0%B0%D0%BA%D0%BE%D0%B2%20%D0%B7%D0%BE%D0%B4%D0%B8%D0%B0%D0%BA%D0%B0
доме синастрии,synastry,RELEVANT,5418,broad,Yandex external demand proxy,синастрия,Россия,Смартфоны,2026-07-29T18:51:00.129Z,https://wordstat.yandex.ru/?region=225&view=table&words=%D1%81%D0%B8%D0%BD%D0%B0%D1%81%D1%82%D1%80%D0%B8%D1%8F
натальная карта рождения онлайн бесплатно,natal,RELEVANT,5335,broad,Yandex external demand proxy,натальная карта,Россия,Смартфоны,2026-07-29T18:50:57.081Z,https://wordstat.yandex.ru/?region=225&view=table&words=%D0%BD%D0%B0%D1%82%D0%B0%D0%BB%D1%8C%D0%BD%D0%B0%D1%8F%20%D0%BA%D0%B0%D1%80%D1%82%D0%B0
натальная карта онлайн бесплатно по дате рождения,natal,RELEVANT,5243,broad,Yandex external demand proxy,натальная карта,Россия,Смартфоны,2026-07-29T18:50:57.081Z,https://wordstat.yandex.ru/?region=225&view=table&words=%D0%BD%D0%B0%D1%82%D0%B0%D0%BB%D1%8C%D0%BD%D0%B0%D1%8F%20%D0%BA%D0%B0%D1%80%D1%82%D0%B0
натальная карта суть,natal,RELEVANT,5132,broad,Yandex external demand proxy,натальная карта,Россия,Смартфоны,2026-07-29T18:50:57.081Z,https://wordstat.yandex.ru/?region=225&view=table&words=%D0%BD%D0%B0%D1%82%D0%B0%D0%BB%D1%8C%D0%BD%D0%B0%D1%8F%20%D0%BA%D0%B0%D1%80%D1%82%D0%B0
совместимость знаков зодиака овен,compatibility,RELEVANT,5070,broad,Yandex external demand proxy,совместимость знаков зодиака,Россия,Смартфоны,2026-07-29T18:50:58.010Z,https://wordstat.yandex.ru/?region=225&view=table&words=%D1%81%D0%BE%D0%B2%D0%BC%D0%B5%D1%81%D1%82%D0%B8%D0%BC%D0%BE%D1%81%D1%82%D1%8C%20%D0%B7%D0%BD%D0%B0%D0%BA%D0%BE%D0%B2%20%D0%B7%D0%BE%D0%B4%D0%B8%D0%B0%D0%BA%D0%B0
совместимость знаков зодиака козерог,compatibility,RELEVANT,5050,broad,Yandex external demand proxy,совместимость знаков зодиака,Россия,Смартфоны,2026-07-29T18:50:58.010Z,https://wordstat.yandex.ru/?region=225&view=table&words=%D1%81%D0%BE%D0%B2%D0%BC%D0%B5%D1%81%D1%82%D0%B8%D0%BC%D0%BE%D1%81%D1%82%D1%8C%20%D0%B7%D0%BD%D0%B0%D0%BA%D0%BE%D0%B2%20%D0%B7%D0%BE%D0%B4%D0%B8%D0%B0%D0%BA%D0%B0
знак зодиака совместимость с другими знаками,compatibility,RELEVANT,5031,broad,Yandex external demand proxy,совместимость знаков зодиака,Россия,Смартфоны,2026-07-29T18:50:58.010Z,https://wordstat.yandex.ru/?region=225&view=table&words=%D1%81%D0%BE%D0%B2%D0%BC%D0%B5%D1%81%D1%82%D0%B8%D0%BC%D0%BE%D1%81%D1%82%D1%8C%20%D0%B7%D0%BD%D0%B0%D0%BA%D0%BE%D0%B2%20%D0%B7%D0%BE%D0%B4%D0%B8%D0%B0%D0%BA%D0%B0
рассчитать натальную карту с расшифровкой,natal,RELEVANT,4897,broad,Yandex external demand proxy,натальная карта,Россия,Смартфоны,2026-07-29T18:50:57.081Z,https://wordstat.yandex.ru/?region=225&view=table&words=%D0%BD%D0%B0%D1%82%D0%B0%D0%BB%D1%8C%D0%BD%D0%B0%D1%8F%20%D0%BA%D0%B0%D1%80%D1%82%D0%B0
совместимость знаков зодиака телец,compatibility,RELEVANT,4874,broad,Yandex external demand proxy,совместимость знаков зодиака,Россия,Смартфоны,2026-07-29T18:50:58.010Z,https://wordstat.yandex.ru/?region=225&view=table&words=%D1%81%D0%BE%D0%B2%D0%BC%D0%B5%D1%81%D1%82%D0%B8%D0%BC%D0%BE%D1%81%D1%82%D1%8C%20%D0%B7%D0%BD%D0%B0%D0%BA%D0%BE%D0%B2%20%D0%B7%D0%BE%D0%B4%D0%B8%D0%B0%D0%BA%D0%B0
астрология год,astrology,RELEVANT,4841,broad,Yandex external demand proxy,астрология,Россия,Смартфоны,2026-07-29T18:51:01.061Z,https://wordstat.yandex.ru/?region=225&view=table&words=%D0%B0%D1%81%D1%82%D1%80%D0%BE%D0%BB%D0%BE%D0%B3%D0%B8%D1%8F
синастрия солнце,synastry,RELEVANT,4830,broad,Yandex external demand proxy,синастрия,Россия,Смартфоны,2026-07-29T18:51:00.129Z,https://wordstat.yandex.ru/?region=225&view=table&words=%D1%81%D0%B8%D0%BD%D0%B0%D1%81%D1%82%D1%80%D0%B8%D1%8F
астрология карта,astrology,RELEVANT,4675,broad,Yandex external demand proxy,астрология,Россия,Смартфоны,2026-07-29T18:51:01.061Z,https://wordstat.yandex.ru/?region=225&view=table&words=%D0%B0%D1%81%D1%82%D1%80%D0%BE%D0%BB%D0%BE%D0%B3%D0%B8%D1%8F
планеты в натальной карте,natal,RELEVANT,4545,broad,Yandex external demand proxy,натальная карта,Россия,Смартфоны,2026-07-29T18:50:57.081Z,https://wordstat.yandex.ru/?region=225&view=table&words=%D0%BD%D0%B0%D1%82%D0%B0%D0%BB%D1%8C%D0%BD%D0%B0%D1%8F%20%D0%BA%D0%B0%D1%80%D1%82%D0%B0
день астрологии,astrology,RELEVANT,4510,broad,Yandex external demand proxy,астрология,Россия,Смартфоны,2026-07-29T18:51:01.061Z,https://wordstat.yandex.ru/?region=225&view=table&words=%D0%B0%D1%81%D1%82%D1%80%D0%BE%D0%BB%D0%BE%D0%B3%D0%B8%D1%8F
синастрия мужчины женщины,synastry,RELEVANT,4505,broad,Yandex external demand proxy,синастрия,Россия,Смартфоны,2026-07-29T18:51:00.129Z,https://wordstat.yandex.ru/?region=225&view=table&words=%D1%81%D0%B8%D0%BD%D0%B0%D1%81%D1%82%D1%80%D0%B8%D1%8F
синастрии марса,synastry,RELEVANT,4478,broad,Yandex external demand proxy,синастрия,Россия,Смартфоны,2026-07-29T18:51:00.129Z,https://wordstat.yandex.ru/?region=225&view=table&words=%D1%81%D0%B8%D0%BD%D0%B0%D1%81%D1%82%D1%80%D0%B8%D1%8F
натальная карта рассчитать бесплатно с расшифровкой,natal,RELEVANT,4419,broad,Yandex external demand proxy,натальная карта,Россия,Смартфоны,2026-07-29T18:50:57.081Z,https://wordstat.yandex.ru/?region=225&view=table&words=%D0%BD%D0%B0%D1%82%D0%B0%D0%BB%D1%8C%D0%BD%D0%B0%D1%8F%20%D0%BA%D0%B0%D1%80%D1%82%D0%B0
марс в натальной карте,natal,RELEVANT,4409,broad,Yandex external demand proxy,натальная карта,Россия,Смартфоны,2026-07-29T18:50:57.081Z,https://wordstat.yandex.ru/?region=225&view=table&words=%D0%BD%D0%B0%D1%82%D0%B0%D0%BB%D1%8C%D0%BD%D0%B0%D1%8F%20%D0%BA%D0%B0%D1%80%D1%82%D0%B0
солнце в натальной карте,natal,RELEVANT,4377,broad,Yandex external demand proxy,натальная карта,Россия,Смартфоны,2026-07-29T18:50:57.081Z,https://wordstat.yandex.ru/?region=225&view=table&words=%D0%BD%D0%B0%D1%82%D0%B0%D0%BB%D1%8C%D0%BD%D0%B0%D1%8F%20%D0%BA%D0%B0%D1%80%D1%82%D0%B0
натальная карта где,natal,RELEVANT,4141,broad,Yandex external demand proxy,натальная карта,Россия,Смартфоны,2026-07-29T18:50:57.081Z,https://wordstat.yandex.ru/?region=225&view=table&words=%D0%BD%D0%B0%D1%82%D0%B0%D0%BB%D1%8C%D0%BD%D0%B0%D1%8F%20%D0%BA%D0%B0%D1%80%D1%82%D0%B0
хорарная астрология,astrology,RELEVANT,4085,broad,Yandex external demand proxy,астрология,Россия,Смартфоны,2026-07-29T18:51:01.061Z,https://wordstat.yandex.ru/?region=225&view=table&words=%D0%B0%D1%81%D1%82%D1%80%D0%BE%D0%BB%D0%BE%D0%B3%D0%B8%D1%8F
совместимость знаков зодиака по гороскопу,compatibility,RELEVANT,4066,broad,Yandex external demand proxy,совместимость знаков зодиака,Россия,Смартфоны,2026-07-29T18:50:58.010Z,https://wordstat.yandex.ru/?region=225&view=table&words=%D1%81%D0%BE%D0%B2%D0%BC%D0%B5%D1%81%D1%82%D0%B8%D0%BC%D0%BE%D1%81%D1%82%D1%8C%20%D0%B7%D0%BD%D0%B0%D0%BA%D0%BE%D0%B2%20%D0%B7%D0%BE%D0%B4%D0%B8%D0%B0%D0%BA%D0%B0
астрология онлайн,astrology,RELEVANT,4065,broad,Yandex external demand proxy,астрология,Россия,Смартфоны,2026-07-29T18:51:01.061Z,https://wordstat.yandex.ru/?region=225&view=table&words=%D0%B0%D1%81%D1%82%D1%80%D0%BE%D0%BB%D0%BE%D0%B3%D0%B8%D1%8F
натальная карта время,natal,RELEVANT,3869,broad,Yandex external demand proxy,натальная карта,Россия,Смартфоны,2026-07-29T18:50:57.081Z,https://wordstat.yandex.ru/?region=225&view=table&words=%D0%BD%D0%B0%D1%82%D0%B0%D0%BB%D1%8C%D0%BD%D0%B0%D1%8F%20%D0%BA%D0%B0%D1%80%D1%82%D0%B0
натальная карта сафонов,natal,RELEVANT,3854,broad,Yandex external demand proxy,натальная карта,Россия,Смартфоны,2026-07-29T18:50:57.081Z,https://wordstat.yandex.ru/?region=225&view=table&words=%D0%BD%D0%B0%D1%82%D0%B0%D0%BB%D1%8C%D0%BD%D0%B0%D1%8F%20%D0%BA%D0%B0%D1%80%D1%82%D0%B0
натальная карта транзиты,natal,RELEVANT,3827,broad,Yandex external demand proxy,натальная карта,Россия,Смартфоны,2026-07-29T18:50:57.081Z,https://wordstat.yandex.ru/?region=225&view=table&words=%D0%BD%D0%B0%D1%82%D0%B0%D0%BB%D1%8C%D0%BD%D0%B0%D1%8F%20%D0%BA%D0%B0%D1%80%D1%82%D0%B0
знаки в астрологии,astrology,RELEVANT,3765,broad,Yandex external demand proxy,астрология,Россия,Смартфоны,2026-07-29T18:51:01.061Z,https://wordstat.yandex.ru/?region=225&view=table&words=%D0%B0%D1%81%D1%82%D1%80%D0%BE%D0%BB%D0%BE%D0%B3%D0%B8%D1%8F
натальная карта асцендент,natal,RELEVANT,3744,broad,Yandex external demand proxy,натальная карта,Россия,Смартфоны,2026-07-29T18:50:57.081Z,https://wordstat.yandex.ru/?region=225&view=table&words=%D0%BD%D0%B0%D1%82%D0%B0%D0%BB%D1%8C%D0%BD%D0%B0%D1%8F%20%D0%BA%D0%B0%D1%80%D1%82%D0%B0
натальная карта ru,natal,RELEVANT,3626,broad,Yandex external demand proxy,натальная карта,Россия,Смартфоны,2026-07-29T18:50:57.081Z,https://wordstat.yandex.ru/?region=225&view=table&words=%D0%BD%D0%B0%D1%82%D0%B0%D0%BB%D1%8C%D0%BD%D0%B0%D1%8F%20%D0%BA%D0%B0%D1%80%D1%82%D0%B0
рассчитать натальную карту по дате,natal,RELEVANT,3579,broad,Yandex external demand proxy,натальная карта,Россия,Смартфоны,2026-07-29T18:50:57.081Z,https://wordstat.yandex.ru/?region=225&view=table&words=%D0%BD%D0%B0%D1%82%D0%B0%D0%BB%D1%8C%D0%BD%D0%B0%D1%8F%20%D0%BA%D0%B0%D1%80%D1%82%D0%B0
лилит в натальной карте,natal,RELEVANT,3579,broad,Yandex external demand proxy,натальная карта,Россия,Смартфоны,2026-07-29T18:50:57.081Z,https://wordstat.yandex.ru/?region=225&view=table&words=%D0%BD%D0%B0%D1%82%D0%B0%D0%BB%D1%8C%D0%BD%D0%B0%D1%8F%20%D0%BA%D0%B0%D1%80%D1%82%D0%B0
сатурн в натальной карте,natal,RELEVANT,3545,broad,Yandex external demand proxy,натальная карта,Россия,Смартфоны,2026-07-29T18:50:57.081Z,https://wordstat.yandex.ru/?region=225&view=table&words=%D0%BD%D0%B0%D1%82%D0%B0%D0%BB%D1%8C%D0%BD%D0%B0%D1%8F%20%D0%BA%D0%B0%D1%80%D1%82%D0%B0
дома в астрологии за что отвечают,astrology,RELEVANT,3514,broad,Yandex external demand proxy,астрология,Россия,Смартфоны,2026-07-29T18:51:01.061Z,https://wordstat.yandex.ru/?region=225&view=table&words=%D0%B0%D1%81%D1%82%D1%80%D0%BE%D0%BB%D0%BE%D0%B3%D0%B8%D1%8F
разбор натальной карты,natal,RELEVANT,3499,broad,Yandex external demand proxy,натальная карта,Россия,Смартфоны,2026-07-29T18:50:57.081Z,https://wordstat.yandex.ru/?region=225&view=table&words=%D0%BD%D0%B0%D1%82%D0%B0%D0%BB%D1%8C%D0%BD%D0%B0%D1%8F%20%D0%BA%D0%B0%D1%80%D1%82%D0%B0
расчет натальной карты онлайн,natal,RELEVANT,3475,broad,Yandex external demand proxy,натальная карта,Россия,Смартфоны,2026-07-29T18:50:57.081Z,https://wordstat.yandex.ru/?region=225&view=table&words=%D0%BD%D0%B0%D1%82%D0%B0%D0%BB%D1%8C%D0%BD%D0%B0%D1%8F%20%D0%BA%D0%B0%D1%80%D1%82%D0%B0
натальная карта джйотиш,natal,RELEVANT,3472,broad,Yandex external demand proxy,натальная карта,Россия,Смартфоны,2026-07-29T18:50:57.081Z,https://wordstat.yandex.ru/?region=225&view=table&words=%D0%BD%D0%B0%D1%82%D0%B0%D0%BB%D1%8C%D0%BD%D0%B0%D1%8F%20%D0%BA%D0%B0%D1%80%D1%82%D0%B0
рассчитать натальную карту рождения,natal,RELEVANT,3466,broad,Yandex external demand proxy,натальная карта,Россия,Смартфоны,2026-07-29T18:50:57.081Z,https://wordstat.yandex.ru/?region=225&view=table&words=%D0%BD%D0%B0%D1%82%D0%B0%D0%BB%D1%8C%D0%BD%D0%B0%D1%8F%20%D0%BA%D0%B0%D1%80%D1%82%D0%B0
натальная карта ведущие,natal,RELEVANT,3434,broad,Yandex external demand proxy,натальная карта,Россия,Смартфоны,2026-07-29T18:50:57.081Z,https://wordstat.yandex.ru/?region=225&view=table&words=%D0%BD%D0%B0%D1%82%D0%B0%D0%BB%D1%8C%D0%BD%D0%B0%D1%8F%20%D0%BA%D0%B0%D1%80%D1%82%D0%B0
юпитер в натальной карте,natal,RELEVANT,3413,broad,Yandex external demand proxy,натальная карта,Россия,Смартфоны,2026-07-29T18:50:57.081Z,https://wordstat.yandex.ru/?region=225&view=table&words=%D0%BD%D0%B0%D1%82%D0%B0%D0%BB%D1%8C%D0%BD%D0%B0%D1%8F%20%D0%BA%D0%B0%D1%80%D1%82%D0%B0
натальная карта рф,natal,RELEVANT,3399,broad,Yandex external demand proxy,натальная карта,Россия,Смартфоны,2026-07-29T18:50:57.081Z,https://wordstat.yandex.ru/?region=225&view=table&words=%D0%BD%D0%B0%D1%82%D0%B0%D0%BB%D1%8C%D0%BD%D0%B0%D1%8F%20%D0%BA%D0%B0%D1%80%D1%82%D0%B0
натальная астрология,astrology,RELEVANT,3395,broad,Yandex external demand proxy,астрология,Россия,Смартфоны,2026-07-29T18:51:01.061Z,https://wordstat.yandex.ru/?region=225&view=table&words=%D0%B0%D1%81%D1%82%D1%80%D0%BE%D0%BB%D0%BE%D0%B3%D0%B8%D1%8F
что значит натальная карта,natal,RELEVANT,3357,broad,Yandex external demand proxy,натальная карта,Россия,Смартфоны,2026-07-29T18:50:57.081Z,https://wordstat.yandex.ru/?region=225&view=table&words=%D0%BD%D0%B0%D1%82%D0%B0%D0%BB%D1%8C%D0%BD%D0%B0%D1%8F%20%D0%BA%D0%B0%D1%80%D1%82%D0%B0
что за что отвечает в натальной карте,natal,RELEVANT,3351,broad,Yandex external demand proxy,натальная карта,Россия,Смартфоны,2026-07-29T18:50:57.081Z,https://wordstat.yandex.ru/?region=225&view=table&words=%D0%BD%D0%B0%D1%82%D0%B0%D0%BB%D1%8C%D0%BD%D0%B0%D1%8F%20%D0%BA%D0%B0%D1%80%D1%82%D0%B0
соединение в натальной карте,natal,RELEVANT,3271,broad,Yandex external demand proxy,натальная карта,Россия,Смартфоны,2026-07-29T18:50:57.081Z,https://wordstat.yandex.ru/?region=225&view=table&words=%D0%BD%D0%B0%D1%82%D0%B0%D0%BB%D1%8C%D0%BD%D0%B0%D1%8F%20%D0%BA%D0%B0%D1%80%D1%82%D0%B0
астрология рождение,astrology,RELEVANT,3255,broad,Yandex external demand proxy,астрология,Россия,Смартфоны,2026-07-29T18:51:01.061Z,https://wordstat.yandex.ru/?region=225&view=table&words=%D0%B0%D1%81%D1%82%D1%80%D0%BE%D0%BB%D0%BE%D0%B3%D0%B8%D1%8F
натальная карта журавлев,natal,RELEVANT,3219,broad,Yandex external demand proxy,натальная карта,Россия,Смартфоны,2026-07-29T18:50:57.081Z,https://wordstat.yandex.ru/?region=225&view=table&words=%D0%BD%D0%B0%D1%82%D0%B0%D0%BB%D1%8C%D0%BD%D0%B0%D1%8F%20%D0%BA%D0%B0%D1%80%D1%82%D0%B0
плутон в синастрии,synastry,RELEVANT,3187,broad,Yandex external demand proxy,синастрия,Россия,Смартфоны,2026-07-29T18:51:00.129Z,https://wordstat.yandex.ru/?region=225&view=table&words=%D1%81%D0%B8%D0%BD%D0%B0%D1%81%D1%82%D1%80%D0%B8%D1%8F
рассчитать натальную карту по дате рождения,natal,RELEVANT,3179,broad,Yandex external demand proxy,натальная карта,Россия,Смартфоны,2026-07-29T18:50:57.081Z,https://wordstat.yandex.ru/?region=225&view=table&words=%D0%BD%D0%B0%D1%82%D0%B0%D0%BB%D1%8C%D0%BD%D0%B0%D1%8F%20%D0%BA%D0%B0%D1%80%D1%82%D0%B0
лилит в синастрии,synastry,RELEVANT,3149,broad,Yandex external demand proxy,синастрия,Россия,Смартфоны,2026-07-29T18:51:00.129Z,https://wordstat.yandex.ru/?region=225&view=table&words=%D1%81%D0%B8%D0%BD%D0%B0%D1%81%D1%82%D1%80%D0%B8%D1%8F
плутон в натальной карте,natal,RELEVANT,3132,broad,Yandex external demand proxy,натальная карта,Россия,Смартфоны,2026-07-29T18:50:57.081Z,https://wordstat.yandex.ru/?region=225&view=table&words=%D0%BD%D0%B0%D1%82%D0%B0%D0%BB%D1%8C%D0%BD%D0%B0%D1%8F%20%D0%BA%D0%B0%D1%80%D1%82%D0%B0
синастрия квадрат,synastry,RELEVANT,3117,broad,Yandex external demand proxy,синастрия,Россия,Смартфоны,2026-07-29T18:51:00.129Z,https://wordstat.yandex.ru/?region=225&view=table&words=%D1%81%D0%B8%D0%BD%D0%B0%D1%81%D1%82%D1%80%D0%B8%D1%8F
вк натальная карта,natal,RELEVANT,3111,broad,Yandex external demand proxy,натальная карта,Россия,Смартфоны,2026-07-29T18:50:57.081Z,https://wordstat.yandex.ru/?region=225&view=table&words=%D0%BD%D0%B0%D1%82%D0%B0%D0%BB%D1%8C%D0%BD%D0%B0%D1%8F%20%D0%BA%D0%B0%D1%80%D1%82%D0%B0
натальная карта смотреть бесплатно,natal,RELEVANT,3062,broad,Yandex external demand proxy,натальная карта,Россия,Смартфоны,2026-07-29T18:50:57.081Z,https://wordstat.yandex.ru/?region=225&view=table&words=%D0%BD%D0%B0%D1%82%D0%B0%D0%BB%D1%8C%D0%BD%D0%B0%D1%8F%20%D0%BA%D0%B0%D1%80%D1%82%D0%B0
астрология натальная карта,natal,RELEVANT,3008,broad,Yandex external demand proxy,натальная карта,Россия,Смартфоны,2026-07-29T18:50:57.081Z,https://wordstat.yandex.ru/?region=225&view=table&words=%D0%BD%D0%B0%D1%82%D0%B0%D0%BB%D1%8C%D0%BD%D0%B0%D1%8F%20%D0%BA%D0%B0%D1%80%D1%82%D0%B0
рассчитать натальную карту онлайн с расшифровкой,natal,RELEVANT,2997,broad,Yandex external demand proxy,натальная карта,Россия,Смартфоны,2026-07-29T18:50:57.081Z,https://wordstat.yandex.ru/?region=225&view=table&words=%D0%BD%D0%B0%D1%82%D0%B0%D0%BB%D1%8C%D0%BD%D0%B0%D1%8F%20%D0%BA%D0%B0%D1%80%D1%82%D0%B0
астрология бесплатно,astrology,RELEVANT,2966,broad,Yandex external demand proxy,астрология,Россия,Смартфоны,2026-07-29T18:51:01.061Z,https://wordstat.yandex.ru/?region=225&view=table&words=%D0%B0%D1%81%D1%82%D1%80%D0%BE%D0%BB%D0%BE%D0%B3%D0%B8%D1%8F
совместимость знаки зодиаку характеристика,compatibility,RELEVANT,2930,broad,Yandex external demand proxy,совместимость знаков зодиака,Россия,Смартфоны,2026-07-29T18:50:58.010Z,https://wordstat.yandex.ru/?region=225&view=table&words=%D1%81%D0%BE%D0%B2%D0%BC%D0%B5%D1%81%D1%82%D0%B8%D0%BC%D0%BE%D1%81%D1%82%D1%8C%20%D0%B7%D0%BD%D0%B0%D0%BA%D0%BE%D0%B2%20%D0%B7%D0%BE%D0%B4%D0%B8%D0%B0%D0%BA%D0%B0
дзен астрология,astrology,RELEVANT,2910,broad,Yandex external demand proxy,астрология,Россия,Смартфоны,2026-07-29T18:51:01.061Z,https://wordstat.yandex.ru/?region=225&view=table&words=%D0%B0%D1%81%D1%82%D1%80%D0%BE%D0%BB%D0%BE%D0%B3%D0%B8%D1%8F
школа астрологии,astrology,RELEVANT,2890,broad,Yandex external demand proxy,астрология,Россия,Смартфоны,2026-07-29T18:51:01.061Z,https://wordstat.yandex.ru/?region=225&view=table&words=%D0%B0%D1%81%D1%82%D1%80%D0%BE%D0%BB%D0%BE%D0%B3%D0%B8%D1%8F
про астрологию,astrology,RELEVANT,2887,broad,Yandex external demand proxy,астрология,Россия,Смартфоны,2026-07-29T18:51:01.061Z,https://wordstat.yandex.ru/?region=225&view=table&words=%D0%B0%D1%81%D1%82%D1%80%D0%BE%D0%BB%D0%BE%D0%B3%D0%B8%D1%8F
астро онлайн натальная карта,natal,RELEVANT,2884,broad,Yandex external demand proxy,натальная карта,Россия,Смартфоны,2026-07-29T18:50:57.081Z,https://wordstat.yandex.ru/?region=225&view=table&words=%D0%BD%D0%B0%D1%82%D0%B0%D0%BB%D1%8C%D0%BD%D0%B0%D1%8F%20%D0%BA%D0%B0%D1%80%D1%82%D0%B0
совместимость знаков зодиака в любви мужчина,compatibility,RELEVANT,2801,broad,Yandex external demand proxy,совместимость знаков зодиака,Россия,Смартфоны,2026-07-29T18:50:58.010Z,https://wordstat.yandex.ru/?region=225&view=table&words=%D1%81%D0%BE%D0%B2%D0%BC%D0%B5%D1%81%D1%82%D0%B8%D0%BC%D0%BE%D1%81%D1%82%D1%8C%20%D0%B7%D0%BD%D0%B0%D0%BA%D0%BE%D0%B2%20%D0%B7%D0%BE%D0%B4%D0%B8%D0%B0%D0%BA%D0%B0
гороскоп совместимости знаков зодиака мужчина,compatibility,RELEVANT,2795,broad,Yandex external demand proxy,совместимость знаков зодиака,Россия,Смартфоны,2026-07-29T18:50:58.010Z,https://wordstat.yandex.ru/?region=225&view=table&words=%D1%81%D0%BE%D0%B2%D0%BC%D0%B5%D1%81%D1%82%D0%B8%D0%BC%D0%BE%D1%81%D1%82%D1%8C%20%D0%B7%D0%BD%D0%B0%D0%BA%D0%BE%D0%B2%20%D0%B7%D0%BE%D0%B4%D0%B8%D0%B0%D0%BA%D0%B0
гороскоп совместимости знаков зодиака женщин,compatibility,RELEVANT,2792,broad,Yandex external demand proxy,совместимость знаков зодиака,Россия,Смартфоны,2026-07-29T18:50:58.010Z,https://wordstat.yandex.ru/?region=225&view=table&words=%D1%81%D0%BE%D0%B2%D0%BC%D0%B5%D1%81%D1%82%D0%B8%D0%BC%D0%BE%D1%81%D1%82%D1%8C%20%D0%B7%D0%BD%D0%B0%D0%BA%D0%BE%D0%B2%20%D0%B7%D0%BE%D0%B4%D0%B8%D0%B0%D0%BA%D0%B0
рассчитать натальную карту с расшифровкой онлайн бесплатно,natal,RELEVANT,2774,broad,Yandex external demand proxy,натальная карта,Россия,Смартфоны,2026-07-29T18:50:57.081Z,https://wordstat.yandex.ru/?region=225&view=table&words=%D0%BD%D0%B0%D1%82%D0%B0%D0%BB%D1%8C%D0%BD%D0%B0%D1%8F%20%D0%BA%D0%B0%D1%80%D1%82%D0%B0
астрология рассчитать,astrology,RELEVANT,2773,broad,Yandex external demand proxy,астрология,Россия,Смартфоны,2026-07-29T18:51:01.061Z,https://wordstat.yandex.ru/?region=225&view=table&words=%D0%B0%D1%81%D1%82%D1%80%D0%BE%D0%BB%D0%BE%D0%B3%D0%B8%D1%8F
натальная карта краснодар,natal,RELEVANT,2771,broad,Yandex external demand proxy,натальная карта,Россия,Смартфоны,2026-07-29T18:50:57.081Z,https://wordstat.yandex.ru/?region=225&view=table&words=%D0%BD%D0%B0%D1%82%D0%B0%D0%BB%D1%8C%D0%BD%D0%B0%D1%8F%20%D0%BA%D0%B0%D1%80%D1%82%D0%B0
натальная карта рассчитать бесплатно по дате,natal,RELEVANT,2747,broad,Yandex external demand proxy,натальная карта,Россия,Смартфоны,2026-07-29T18:50:57.081Z,https://wordstat.yandex.ru/?region=225&view=table&words=%D0%BD%D0%B0%D1%82%D0%B0%D0%BB%D1%8C%D0%BD%D0%B0%D1%8F%20%D0%BA%D0%B0%D1%80%D1%82%D0%B0
гороскоп совместимость знаков зодиака мужчина женщина,compatibility,RELEVANT,2704,broad,Yandex external demand proxy,совместимость знаков зодиака,Россия,Смартфоны,2026-07-29T18:50:58.010Z,https://wordstat.yandex.ru/?region=225&view=table&words=%D1%81%D0%BE%D0%B2%D0%BC%D0%B5%D1%81%D1%82%D0%B8%D0%BC%D0%BE%D1%81%D1%82%D1%8C%20%D0%B7%D0%BD%D0%B0%D0%BA%D0%BE%D0%B2%20%D0%B7%D0%BE%D0%B4%D0%B8%D0%B0%D0%BA%D0%B0
натальная карта смотреть онлайн бесплатно,natal,RELEVANT,2683,broad,Yandex external demand proxy,натальная карта,Россия,Смартфоны,2026-07-29T18:50:57.081Z,https://wordstat.yandex.ru/?region=225&view=table&words=%D0%BD%D0%B0%D1%82%D0%B0%D0%BB%D1%8C%D0%BD%D0%B0%D1%8F%20%D0%BA%D0%B0%D1%80%D1%82%D0%B0
натальная карта astro,natal,RELEVANT,2669,broad,Yandex external demand proxy,натальная карта,Россия,Смартфоны,2026-07-29T18:50:57.081Z,https://wordstat.yandex.ru/?region=225&view=table&words=%D0%BD%D0%B0%D1%82%D0%B0%D0%BB%D1%8C%D0%BD%D0%B0%D1%8F%20%D0%BA%D0%B0%D1%80%D1%82%D0%B0
совместимость знаков зодиака в любви женщины,compatibility,RELEVANT,2661,broad,Yandex external demand proxy,совместимость знаков зодиака,Россия,Смартфоны,2026-07-29T18:50:58.010Z,https://wordstat.yandex.ru/?region=225&view=table&words=%D1%81%D0%BE%D0%B2%D0%BC%D0%B5%D1%81%D1%82%D0%B8%D0%BC%D0%BE%D1%81%D1%82%D1%8C%20%D0%B7%D0%BD%D0%B0%D0%BA%D0%BE%D0%B2%20%D0%B7%D0%BE%D0%B4%D0%B8%D0%B0%D0%BA%D0%B0
посмотреть натальную карту,natal,RELEVANT,2632,broad,Yandex external demand proxy,натальная карта,Россия,Смартфоны,2026-07-29T18:50:57.081Z,https://wordstat.yandex.ru/?region=225&view=table&words=%D0%BD%D0%B0%D1%82%D0%B0%D0%BB%D1%8C%D0%BD%D0%B0%D1%8F%20%D0%BA%D0%B0%D1%80%D1%82%D0%B0
натальную карту online,natal,RELEVANT,2629,broad,Yandex external demand proxy,натальная карта,Россия,Смартфоны,2026-07-29T18:50:57.081Z,https://wordstat.yandex.ru/?region=225&view=table&words=%D0%BD%D0%B0%D1%82%D0%B0%D0%BB%D1%8C%D0%BD%D0%B0%D1%8F%20%D0%BA%D0%B0%D1%80%D1%82%D0%B0
натальная карта ли,natal,RELEVANT,2618,broad,Yandex external demand proxy,натальная карта,Россия,Смартфоны,2026-07-29T18:50:57.081Z,https://wordstat.yandex.ru/?region=225&view=table&words=%D0%BD%D0%B0%D1%82%D0%B0%D0%BB%D1%8C%D0%BD%D0%B0%D1%8F%20%D0%BA%D0%B0%D1%80%D1%82%D0%B0
астрология скачать,astrology,RELEVANT,2602,broad,Yandex external demand proxy,астрология,Россия,Смартфоны,2026-07-29T18:51:01.061Z,https://wordstat.yandex.ru/?region=225&view=table&words=%D0%B0%D1%81%D1%82%D1%80%D0%BE%D0%BB%D0%BE%D0%B3%D0%B8%D1%8F
знаки зодиака совместимость в отношениях,compatibility,RELEVANT,2571,broad,Yandex external demand proxy,совместимость знаков зодиака,Россия,Смартфоны,2026-07-29T18:50:58.010Z,https://wordstat.yandex.ru/?region=225&view=table&words=%D1%81%D0%BE%D0%B2%D0%BC%D0%B5%D1%81%D1%82%D0%B8%D0%BC%D0%BE%D1%81%D1%82%D1%8C%20%D0%B7%D0%BD%D0%B0%D0%BA%D0%BE%D0%B2%20%D0%B7%D0%BE%D0%B4%D0%B8%D0%B0%D0%BA%D0%B0
построить натальную карту онлайн,natal,RELEVANT,2567,broad,Yandex external demand proxy,натальная карта,Россия,Смартфоны,2026-07-29T18:50:57.081Z,https://wordstat.yandex.ru/?region=225&view=table&words=%D0%BD%D0%B0%D1%82%D0%B0%D0%BB%D1%8C%D0%BD%D0%B0%D1%8F%20%D0%BA%D0%B0%D1%80%D1%82%D0%B0
натальная карта лебедев,natal,RELEVANT,2540,broad,Yandex external demand proxy,натальная карта,Россия,Смартфоны,2026-07-29T18:50:57.081Z,https://wordstat.yandex.ru/?region=225&view=table&words=%D0%BD%D0%B0%D1%82%D0%B0%D0%BB%D1%8C%D0%BD%D0%B0%D1%8F%20%D0%BA%D0%B0%D1%80%D1%82%D0%B0
совместимость знаков зодиака лев мужчина,compatibility,RELEVANT,2526,broad,Yandex external demand proxy,совместимость знаков зодиака,Россия,Смартфоны,2026-07-29T18:50:58.010Z,https://wordstat.yandex.ru/?region=225&view=table&words=%D1%81%D0%BE%D0%B2%D0%BC%D0%B5%D1%81%D1%82%D0%B8%D0%BC%D0%BE%D1%81%D1%82%D1%8C%20%D0%B7%D0%BD%D0%B0%D0%BA%D0%BE%D0%B2%20%D0%B7%D0%BE%D0%B4%D0%B8%D0%B0%D0%BA%D0%B0
совместимость знаков зодиака по дате,compatibility,RELEVANT,2493,broad,Yandex external demand proxy,совместимость знаков зодиака,Россия,Смартфоны,2026-07-29T18:50:58.010Z,https://wordstat.yandex.ru/?region=225&view=table&words=%D1%81%D0%BE%D0%B2%D0%BC%D0%B5%D1%81%D1%82%D0%B8%D0%BC%D0%BE%D1%81%D1%82%D1%8C%20%D0%B7%D0%BD%D0%B0%D0%BA%D0%BE%D0%B2%20%D0%B7%D0%BE%D0%B4%D0%B8%D0%B0%D0%BA%D0%B0
совместимость знаков зодиака рак мужчина,compatibility,RELEVANT,2489,broad,Yandex external demand proxy,совместимость знаков зодиака,Россия,Смартфоны,2026-07-29T18:50:58.010Z,https://wordstat.yandex.ru/?region=225&view=table&words=%D1%81%D0%BE%D0%B2%D0%BC%D0%B5%D1%81%D1%82%D0%B8%D0%BC%D0%BE%D1%81%D1%82%D1%8C%20%D0%B7%D0%BD%D0%B0%D0%BA%D0%BE%D0%B2%20%D0%B7%D0%BE%D0%B4%D0%B8%D0%B0%D0%BA%D0%B0
квадрат в натальной карте,natal,RELEVANT,2478,broad,Yandex external demand proxy,натальная карта,Россия,Смартфоны,2026-07-29T18:50:57.081Z,https://wordstat.yandex.ru/?region=225&view=table&words=%D0%BD%D0%B0%D1%82%D0%B0%D0%BB%D1%8C%D0%BD%D0%B0%D1%8F%20%D0%BA%D0%B0%D1%80%D1%82%D0%B0
сделать натальную карту,natal,RELEVANT,2474,broad,Yandex external demand proxy,натальная карта,Россия,Смартфоны,2026-07-29T18:50:57.081Z,https://wordstat.yandex.ru/?region=225&view=table&words=%D0%BD%D0%B0%D1%82%D0%B0%D0%BB%D1%8C%D0%BD%D0%B0%D1%8F%20%D0%BA%D0%B0%D1%80%D1%82%D0%B0
совместимость знаков зодиака в браке,compatibility,RELEVANT,2454,broad,Yandex external demand proxy,совместимость знаков зодиака,Россия,Смартфоны,2026-07-29T18:50:58.010Z,https://wordstat.yandex.ru/?region=225&view=table&words=%D1%81%D0%BE%D0%B2%D0%BC%D0%B5%D1%81%D1%82%D0%B8%D0%BC%D0%BE%D1%81%D1%82%D1%8C%20%D0%B7%D0%BD%D0%B0%D0%BA%D0%BE%D0%B2%20%D0%B7%D0%BE%D0%B4%D0%B8%D0%B0%D0%BA%D0%B0
натальная карта по рождению рассчитать бесплатно,natal,RELEVANT,2439,broad,Yandex external demand proxy,натальная карта,Россия,Смартфоны,2026-07-29T18:50:57.081Z,https://wordstat.yandex.ru/?region=225&view=table&words=%D0%BD%D0%B0%D1%82%D0%B0%D0%BB%D1%8C%D0%BD%D0%B0%D1%8F%20%D0%BA%D0%B0%D1%80%D1%82%D0%B0
астрология человек,astrology,RELEVANT,2439,broad,Yandex external demand proxy,астрология,Россия,Смартфоны,2026-07-29T18:51:01.061Z,https://wordstat.yandex.ru/?region=225&view=table&words=%D0%B0%D1%81%D1%82%D1%80%D0%BE%D0%BB%D0%BE%D0%B3%D0%B8%D1%8F
натальная карта онлайн шоу,natal,RELEVANT,2435,broad,Yandex external demand proxy,натальная карта,Россия,Смартфоны,2026-07-29T18:50:57.081Z,https://wordstat.yandex.ru/?region=225&view=table&words=%D0%BD%D0%B0%D1%82%D0%B0%D0%BB%D1%8C%D0%BD%D0%B0%D1%8F%20%D0%BA%D0%B0%D1%80%D1%82%D0%B0
натальная карта видео,natal,RELEVANT,2434,broad,Yandex external demand proxy,натальная карта,Россия,Смартфоны,2026-07-29T18:50:57.081Z,https://wordstat.yandex.ru/?region=225&view=table&words=%D0%BD%D0%B0%D1%82%D0%B0%D0%BB%D1%8C%D0%BD%D0%B0%D1%8F%20%D0%BA%D0%B0%D1%80%D1%82%D0%B0
натальная карта рассчитать по дате рождения бесплатно,natal,RELEVANT,2434,broad,Yandex external demand proxy,натальная карта,Россия,Смартфоны,2026-07-29T18:50:57.081Z,https://wordstat.yandex.ru/?region=225&view=table&words=%D0%BD%D0%B0%D1%82%D0%B0%D0%BB%D1%8C%D0%BD%D0%B0%D1%8F%20%D0%BA%D0%B0%D1%80%D1%82%D0%B0
натальная карта мусагалиев,natal,RELEVANT,2430,broad,Yandex external demand proxy,натальная карта,Россия,Смартфоны,2026-07-29T18:50:57.081Z,https://wordstat.yandex.ru/?region=225&view=table&words=%D0%BD%D0%B0%D1%82%D0%B0%D0%BB%D1%8C%D0%BD%D0%B0%D1%8F%20%D0%BA%D0%B0%D1%80%D1%82%D0%B0
знаки в натальной карте,natal,RELEVANT,2428,broad,Yandex external demand proxy,натальная карта,Россия,Смартфоны,2026-07-29T18:50:57.081Z,https://wordstat.yandex.ru/?region=225&view=table&words=%D0%BD%D0%B0%D1%82%D0%B0%D0%BB%D1%8C%D0%BD%D0%B0%D1%8F%20%D0%BA%D0%B0%D1%80%D1%82%D0%B0
geocult натальная карта,natal,RELEVANT,2406,broad,Yandex external demand proxy,натальная карта,Россия,Смартфоны,2026-07-29T18:50:57.081Z,https://wordstat.yandex.ru/?region=225&view=table&words=%D0%BD%D0%B0%D1%82%D0%B0%D0%BB%D1%8C%D0%BD%D0%B0%D1%8F%20%D0%BA%D0%B0%D1%80%D1%82%D0%B0
совместимость знаков зодиака рождения,compatibility,RELEVANT,2400,broad,Yandex external demand proxy,совместимость знаков зодиака,Россия,Смартфоны,2026-07-29T18:50:58.010Z,https://wordstat.yandex.ru/?region=225&view=table&words=%D1%81%D0%BE%D0%B2%D0%BC%D0%B5%D1%81%D1%82%D0%B8%D0%BC%D0%BE%D1%81%D1%82%D1%8C%20%D0%B7%D0%BD%D0%B0%D0%BA%D0%BE%D0%B2%20%D0%B7%D0%BE%D0%B4%D0%B8%D0%B0%D0%BA%D0%B0
меркурий в натальной карте,natal,RELEVANT,2377,broad,Yandex external demand proxy,натальная карта,Россия,Смартфоны,2026-07-29T18:50:57.081Z,https://wordstat.yandex.ru/?region=225&view=table&words=%D0%BD%D0%B0%D1%82%D0%B0%D0%BB%D1%8C%D0%BD%D0%B0%D1%8F%20%D0%BA%D0%B0%D1%80%D1%82%D0%B0
ведическая натальная карта,natal,RELEVANT,2377,broad,Yandex external demand proxy,натальная карта,Россия,Смартфоны,2026-07-29T18:50:57.081Z,https://wordstat.yandex.ru/?region=225&view=table&words=%D0%BD%D0%B0%D1%82%D0%B0%D0%BB%D1%8C%D0%BD%D0%B0%D1%8F%20%D0%BA%D0%B0%D1%80%D1%82%D0%B0
натальная карта билеты,natal,RELEVANT,2356,broad,Yandex external demand proxy,натальная карта,Россия,Смартфоны,2026-07-29T18:50:57.081Z,https://wordstat.yandex.ru/?region=225&view=table&words=%D0%BD%D0%B0%D1%82%D0%B0%D0%BB%D1%8C%D0%BD%D0%B0%D1%8F%20%D0%BA%D0%B0%D1%80%D1%82%D0%B0
натальная карта с лазаревым,natal,RELEVANT,2345,broad,Yandex external demand proxy,натальная карта,Россия,Смартфоны,2026-07-29T18:50:57.081Z,https://wordstat.yandex.ru/?region=225&view=table&words=%D0%BD%D0%B0%D1%82%D0%B0%D0%BB%D1%8C%D0%BD%D0%B0%D1%8F%20%D0%BA%D0%B0%D1%80%D1%82%D0%B0
скорпионы в натальной карте,natal,RELEVANT,2319,broad,Yandex external demand proxy,натальная карта,Россия,Смартфоны,2026-07-29T18:50:57.081Z,https://wordstat.yandex.ru/?region=225&view=table&words=%D0%BD%D0%B0%D1%82%D0%B0%D0%BB%D1%8C%D0%BD%D0%B0%D1%8F%20%D0%BA%D0%B0%D1%80%D1%82%D0%B0
совместимость знаков зодиака рак женщина,compatibility,RELEVANT,2313,broad,Yandex external demand proxy,совместимость знаков зодиака,Россия,Смартфоны,2026-07-29T18:50:58.010Z,https://wordstat.yandex.ru/?region=225&view=table&words=%D1%81%D0%BE%D0%B2%D0%BC%D0%B5%D1%81%D1%82%D0%B8%D0%BC%D0%BE%D1%81%D1%82%D1%8C%20%D0%B7%D0%BD%D0%B0%D0%BA%D0%BE%D0%B2%20%D0%B7%D0%BE%D0%B4%D0%B8%D0%B0%D0%BA%D0%B0
сатурн синастрия,synastry,RELEVANT,2288,broad,Yandex external demand proxy,синастрия,Россия,Смартфоны,2026-07-29T18:51:00.129Z,https://wordstat.yandex.ru/?region=225&view=table&words=%D1%81%D0%B8%D0%BD%D0%B0%D1%81%D1%82%D1%80%D0%B8%D1%8F
натальная карта стрелец,natal,RELEVANT,2279,broad,Yandex external demand proxy,натальная карта,Россия,Смартфоны,2026-07-29T18:50:57.081Z,https://wordstat.yandex.ru/?region=225&view=table&words=%D0%BD%D0%B0%D1%82%D0%B0%D0%BB%D1%8C%D0%BD%D0%B0%D1%8F%20%D0%BA%D0%B0%D1%80%D1%82%D0%B0
астрология воровка,astrology,RELEVANT,2274,broad,Yandex external demand proxy,астрология,Россия,Смартфоны,2026-07-29T18:51:01.061Z,https://wordstat.yandex.ru/?region=225&view=table&words=%D0%B0%D1%81%D1%82%D1%80%D0%BE%D0%BB%D0%BE%D0%B3%D0%B8%D1%8F
натальная карта львов,natal,RELEVANT,2259,broad,Yandex external demand proxy,натальная карта,Россия,Смартфоны,2026-07-29T18:50:57.081Z,https://wordstat.yandex.ru/?region=225&view=table&words=%D0%BD%D0%B0%D1%82%D0%B0%D0%BB%D1%8C%D0%BD%D0%B0%D1%8F%20%D0%BA%D0%B0%D1%80%D1%82%D0%B0
совместимость знаков зодиака в любви и браке,compatibility,RELEVANT,2254,broad,Yandex external demand proxy,совместимость знаков зодиака,Россия,Смартфоны,2026-07-29T18:50:58.010Z,https://wordstat.yandex.ru/?region=225&view=table&words=%D1%81%D0%BE%D0%B2%D0%BC%D0%B5%D1%81%D1%82%D0%B8%D0%BC%D0%BE%D1%81%D1%82%D1%8C%20%D0%B7%D0%BD%D0%B0%D0%BA%D0%BE%D0%B2%20%D0%B7%D0%BE%D0%B4%D0%B8%D0%B0%D0%BA%D0%B0
натальная карта лев,natal,RELEVANT,2245,broad,Yandex external demand proxy,натальная карта,Россия,Смартфоны,2026-07-29T18:50:57.081Z,https://wordstat.yandex.ru/?region=225&view=table&words=%D0%BD%D0%B0%D1%82%D0%B0%D0%BB%D1%8C%D0%BD%D0%B0%D1%8F%20%D0%BA%D0%B0%D1%80%D1%82%D0%B0
совместимость знаков зодиака лев женщина,compatibility,RELEVANT,2224,broad,Yandex external demand proxy,совместимость знаков зодиака,Россия,Смартфоны,2026-07-29T18:50:58.010Z,https://wordstat.yandex.ru/?region=225&view=table&words=%D1%81%D0%BE%D0%B2%D0%BC%D0%B5%D1%81%D1%82%D0%B8%D0%BC%D0%BE%D1%81%D1%82%D1%8C%20%D0%B7%D0%BD%D0%B0%D0%BA%D0%BE%D0%B2%20%D0%B7%D0%BE%D0%B4%D0%B8%D0%B0%D0%BA%D0%B0
совместимость знаков зодиака рыбы мужчина,compatibility,RELEVANT,2220,broad,Yandex external demand proxy,совместимость знаков зодиака,Россия,Смартфоны,2026-07-29T18:50:58.010Z,https://wordstat.yandex.ru/?region=225&view=table&words=%D1%81%D0%BE%D0%B2%D0%BC%D0%B5%D1%81%D1%82%D0%B8%D0%BC%D0%BE%D1%81%D1%82%D1%8C%20%D0%B7%D0%BD%D0%B0%D0%BA%D0%BE%D0%B2%20%D0%B7%D0%BE%D0%B4%D0%B8%D0%B0%D0%BA%D0%B0
дева знак зодиака мужчина совместимость,compatibility,RELEVANT,2213,broad,Yandex external demand proxy,совместимость знаков зодиака,Россия,Смартфоны,2026-07-29T18:50:58.010Z,https://wordstat.yandex.ru/?region=225&view=table&words=%D1%81%D0%BE%D0%B2%D0%BC%D0%B5%D1%81%D1%82%D0%B8%D0%BC%D0%BE%D1%81%D1%82%D1%8C%20%D0%B7%D0%BD%D0%B0%D0%BA%D0%BE%D0%B2%20%D0%B7%D0%BE%D0%B4%D0%B8%D0%B0%D0%BA%D0%B0
натальная карта расчет бесплатно,natal,RELEVANT,2197,broad,Yandex external demand proxy,натальная карта,Россия,Смартфоны,2026-07-29T18:50:57.081Z,https://wordstat.yandex.ru/?region=225&view=table&words=%D0%BD%D0%B0%D1%82%D0%B0%D0%BB%D1%8C%D0%BD%D0%B0%D1%8F%20%D0%BA%D0%B0%D1%80%D1%82%D0%B0
натальная карта sotis,natal,RELEVANT,2188,broad,Yandex external demand proxy,натальная карта,Россия,Смартфоны,2026-07-29T18:50:57.081Z,https://wordstat.yandex.ru/?region=225&view=table&words=%D0%BD%D0%B0%D1%82%D0%B0%D0%BB%D1%8C%D0%BD%D0%B0%D1%8F%20%D0%BA%D0%B0%D1%80%D1%82%D0%B0
построить натальную карту бесплатно,natal,RELEVANT,2184,broad,Yandex external demand proxy,натальная карта,Россия,Смартфоны,2026-07-29T18:50:57.081Z,https://wordstat.yandex.ru/?region=225&view=table&words=%D0%BD%D0%B0%D1%82%D0%B0%D0%BB%D1%8C%D0%BD%D0%B0%D1%8F%20%D0%BA%D0%B0%D1%80%D1%82%D0%B0
совместимость знаков зодиака скорпион мужчина,compatibility,RELEVANT,2164,broad,Yandex external demand proxy,совместимость знаков зодиака,Россия,Смартфоны,2026-07-29T18:50:58.010Z,https://wordstat.yandex.ru/?region=225&view=table&words=%D1%81%D0%BE%D0%B2%D0%BC%D0%B5%D1%81%D1%82%D0%B8%D0%BC%D0%BE%D1%81%D1%82%D1%8C%20%D0%B7%D0%BD%D0%B0%D0%BA%D0%BE%D0%B2%20%D0%B7%D0%BE%D0%B4%D0%B8%D0%B0%D0%BA%D0%B0
астрология значение,astrology,RELEVANT,2147,broad,Yandex external demand proxy,астрология,Россия,Смартфоны,2026-07-29T18:51:01.061Z,https://wordstat.yandex.ru/?region=225&view=table&words=%D0%B0%D1%81%D1%82%D1%80%D0%BE%D0%BB%D0%BE%D0%B3%D0%B8%D1%8F
узлы в натальной карте,natal,RELEVANT,2142,broad,Yandex external demand proxy,натальная карта,Россия,Смартфоны,2026-07-29T18:50:57.081Z,https://wordstat.yandex.ru/?region=225&view=table&words=%D0%BD%D0%B0%D1%82%D0%B0%D0%BB%D1%8C%D0%BD%D0%B0%D1%8F%20%D0%BA%D0%B0%D1%80%D1%82%D0%B0
астрология по дате,astrology,RELEVANT,2134,broad,Yandex external demand proxy,астрология,Россия,Смартфоны,2026-07-29T18:51:01.061Z,https://wordstat.yandex.ru/?region=225&view=table&words=%D0%B0%D1%81%D1%82%D1%80%D0%BE%D0%BB%D0%BE%D0%B3%D0%B8%D1%8F
астрология знаки зодиака,astrology,RELEVANT,2121,broad,Yandex external demand proxy,астрология,Россия,Смартфоны,2026-07-29T18:51:01.061Z,https://wordstat.yandex.ru/?region=225&view=table&words=%D0%B0%D1%81%D1%82%D1%80%D0%BE%D0%BB%D0%BE%D0%B3%D0%B8%D1%8F
совместимость знаков зодиака по дате рождения,compatibility,RELEVANT,2106,broad,Yandex external demand proxy,совместимость знаков зодиака,Россия,Смартфоны,2026-07-29T18:50:58.010Z,https://wordstat.yandex.ru/?region=225&view=table&words=%D1%81%D0%BE%D0%B2%D0%BC%D0%B5%D1%81%D1%82%D0%B8%D0%BC%D0%BE%D1%81%D1%82%D1%8C%20%D0%B7%D0%BD%D0%B0%D0%BA%D0%BE%D0%B2%20%D0%B7%D0%BE%D0%B4%D0%B8%D0%B0%D0%BA%D0%B0
натальная карта гости,natal,RELEVANT,2102,broad,Yandex external demand proxy,натальная карта,Россия,Смартфоны,2026-07-29T18:50:57.081Z,https://wordstat.yandex.ru/?region=225&view=table&words=%D0%BD%D0%B0%D1%82%D0%B0%D0%BB%D1%8C%D0%BD%D0%B0%D1%8F%20%D0%BA%D0%B0%D1%80%D1%82%D0%B0
синастрия партнеров,synastry,RELEVANT,2102,broad,Yandex external demand proxy,синастрия,Россия,Смартфоны,2026-07-29T18:51:00.129Z,https://wordstat.yandex.ru/?region=225&view=table&words=%D1%81%D0%B8%D0%BD%D0%B0%D1%81%D1%82%D1%80%D0%B8%D1%8F
совместимость знаков зодиака рыбы женщина,compatibility,RELEVANT,2086,broad,Yandex external demand proxy,совместимость знаков зодиака,Россия,Смартфоны,2026-07-29T18:50:58.010Z,https://wordstat.yandex.ru/?region=225&view=table&words=%D1%81%D0%BE%D0%B2%D0%BC%D0%B5%D1%81%D1%82%D0%B8%D0%BC%D0%BE%D1%81%D1%82%D1%8C%20%D0%B7%D0%BD%D0%B0%D0%BA%D0%BE%D0%B2%20%D0%B7%D0%BE%D0%B4%D0%B8%D0%B0%D0%BA%D0%B0
натальная карта лучшее,natal,RELEVANT,2084,broad,Yandex external demand proxy,натальная карта,Россия,Смартфоны,2026-07-29T18:50:57.081Z,https://wordstat.yandex.ru/?region=225&view=table&words=%D0%BD%D0%B0%D1%82%D0%B0%D0%BB%D1%8C%D0%BD%D0%B0%D1%8F%20%D0%BA%D0%B0%D1%80%D1%82%D0%B0
совместимость знаков зодиак девушек,compatibility,RELEVANT,2075,broad,Yandex external demand proxy,совместимость знаков зодиака,Россия,Смартфоны,2026-07-29T18:50:58.010Z,https://wordstat.yandex.ru/?region=225&view=table&words=%D1%81%D0%BE%D0%B2%D0%BC%D0%B5%D1%81%D1%82%D0%B8%D0%BC%D0%BE%D1%81%D1%82%D1%8C%20%D0%B7%D0%BD%D0%B0%D0%BA%D0%BE%D0%B2%20%D0%B7%D0%BE%D0%B4%D0%B8%D0%B0%D0%BA%D0%B0
натальная карта рак,natal,RELEVANT,2071,broad,Yandex external demand proxy,натальная карта,Россия,Смартфоны,2026-07-29T18:50:57.081Z,https://wordstat.yandex.ru/?region=225&view=table&words=%D0%BD%D0%B0%D1%82%D0%B0%D0%BB%D1%8C%D0%BD%D0%B0%D1%8F%20%D0%BA%D0%B0%D1%80%D1%82%D0%B0
натальная карта весы,natal,RELEVANT,2067,broad,Yandex external demand proxy,натальная карта,Россия,Смартфоны,2026-07-29T18:50:57.081Z,https://wordstat.yandex.ru/?region=225&view=table&words=%D0%BD%D0%B0%D1%82%D0%B0%D0%BB%D1%8C%D0%BD%D0%B0%D1%8F%20%D0%BA%D0%B0%D1%80%D1%82%D0%B0
звезды в астрологии,astrology,RELEVANT,2065,broad,Yandex external demand proxy,астрология,Россия,Смартфоны,2026-07-29T18:51:01.061Z,https://wordstat.yandex.ru/?region=225&view=table&words=%D0%B0%D1%81%D1%82%D1%80%D0%BE%D0%BB%D0%BE%D0%B3%D0%B8%D1%8F
натальная карта шоу смотреть онлайн,natal,RELEVANT,2053,broad,Yandex external demand proxy,натальная карта,Россия,Смартфоны,2026-07-29T18:50:57.081Z,https://wordstat.yandex.ru/?region=225&view=table&words=%D0%BD%D0%B0%D1%82%D0%B0%D0%BB%D1%8C%D0%BD%D0%B0%D1%8F%20%D0%BA%D0%B0%D1%80%D1%82%D0%B0
совместимость знаков зодиака скорпион женщина,compatibility,RELEVANT,2045,broad,Yandex external demand proxy,совместимость знаков зодиака,Россия,Смартфоны,2026-07-29T18:50:58.010Z,https://wordstat.yandex.ru/?region=225&view=table&words=%D1%81%D0%BE%D0%B2%D0%BC%D0%B5%D1%81%D1%82%D0%B8%D0%BC%D0%BE%D1%81%D1%82%D1%8C%20%D0%B7%D0%BD%D0%B0%D0%BA%D0%BE%D0%B2%20%D0%B7%D0%BE%D0%B4%D0%B8%D0%B0%D0%BA%D0%B0
натальная карта джабраилова,natal,RELEVANT,2044,broad,Yandex external demand proxy,натальная карта,Россия,Смартфоны,2026-07-29T18:50:57.081Z,https://wordstat.yandex.ru/?region=225&view=table&words=%D0%BD%D0%B0%D1%82%D0%B0%D0%BB%D1%8C%D0%BD%D0%B0%D1%8F%20%D0%BA%D0%B0%D1%80%D1%82%D0%B0
составить натальную карту бесплатно,natal,RELEVANT,2041,broad,Yandex external demand proxy,натальная карта,Россия,Смартфоны,2026-07-29T18:50:57.081Z,https://wordstat.yandex.ru/?region=225&view=table&words=%D0%BD%D0%B0%D1%82%D0%B0%D0%BB%D1%8C%D0%BD%D0%B0%D1%8F%20%D0%BA%D0%B0%D1%80%D1%82%D0%B0
астрология суть,astrology,RELEVANT,2039,broad,Yandex external demand proxy,астрология,Россия,Смартфоны,2026-07-29T18:51:01.061Z,https://wordstat.yandex.ru/?region=225&view=table&words=%D0%B0%D1%81%D1%82%D1%80%D0%BE%D0%BB%D0%BE%D0%B3%D0%B8%D1%8F
совместимость знаков зодиака мужчин близнецов,compatibility,RELEVANT,2027,broad,Yandex external demand proxy,совместимость знаков зодиака,Россия,Смартфоны,2026-07-29T18:50:58.010Z,https://wordstat.yandex.ru/?region=225&view=table&words=%D1%81%D0%BE%D0%B2%D0%BC%D0%B5%D1%81%D1%82%D0%B8%D0%BC%D0%BE%D1%81%D1%82%D1%8C%20%D0%B7%D0%BD%D0%B0%D0%BA%D0%BE%D0%B2%20%D0%B7%D0%BE%D0%B4%D0%B8%D0%B0%D0%BA%D0%B0
совместимость знаков зодиака весы мужчина,compatibility,RELEVANT,2020,broad,Yandex external demand proxy,совместимость знаков зодиака,Россия,Смартфоны,2026-07-29T18:50:58.010Z,https://wordstat.yandex.ru/?region=225&view=table&words=%D1%81%D0%BE%D0%B2%D0%BC%D0%B5%D1%81%D1%82%D0%B8%D0%BC%D0%BE%D1%81%D1%82%D1%8C%20%D0%B7%D0%BD%D0%B0%D0%BA%D0%BE%D0%B2%20%D0%B7%D0%BE%D0%B4%D0%B8%D0%B0%D0%BA%D0%B0
характеристика знаков зодиака мужчин совместимость,compatibility,RELEVANT,2014,broad,Yandex external demand proxy,совместимость знаков зодиака,Россия,Смартфоны,2026-07-29T18:50:58.010Z,https://wordstat.yandex.ru/?region=225&view=table&words=%D1%81%D0%BE%D0%B2%D0%BC%D0%B5%D1%81%D1%82%D0%B8%D0%BC%D0%BE%D1%81%D1%82%D1%8C%20%D0%B7%D0%BD%D0%B0%D0%BA%D0%BE%D0%B2%20%D0%B7%D0%BE%D0%B4%D0%B8%D0%B0%D0%BA%D0%B0
натальная карта водолея,natal,RELEVANT,2011,broad,Yandex external demand proxy,натальная карта,Россия,Смартфоны,2026-07-29T18:50:57.081Z,https://wordstat.yandex.ru/?region=225&view=table&words=%D0%BD%D0%B0%D1%82%D0%B0%D0%BB%D1%8C%D0%BD%D0%B0%D1%8F%20%D0%BA%D0%B0%D1%80%D1%82%D0%B0
совместимость знаков зодиака водолей мужчина,compatibility,RELEVANT,2006,broad,Yandex external demand proxy,совместимость знаков зодиака,Россия,Смартфоны,2026-07-29T18:50:58.010Z,https://wordstat.yandex.ru/?region=225&view=table&words=%D1%81%D0%BE%D0%B2%D0%BC%D0%B5%D1%81%D1%82%D0%B8%D0%BC%D0%BE%D1%81%D1%82%D1%8C%20%D0%B7%D0%BD%D0%B0%D0%BA%D0%BE%D0%B2%20%D0%B7%D0%BE%D0%B4%D0%B8%D0%B0%D0%BA%D0%B0
натальная карта рыбы,natal,RELEVANT,1998,broad,Yandex external demand proxy,натальная карта,Россия,Смартфоны,2026-07-29T18:50:57.081Z,https://wordstat.yandex.ru/?region=225&view=table&words=%D0%BD%D0%B0%D1%82%D0%B0%D0%BB%D1%8C%D0%BD%D0%B0%D1%8F%20%D0%BA%D0%B0%D1%80%D1%82%D0%B0
совместимость знаков зодиака овен мужчина,compatibility,RELEVANT,1996,broad,Yandex external demand proxy,совместимость знаков зодиака,Россия,Смартфоны,2026-07-29T18:50:58.010Z,https://wordstat.yandex.ru/?region=225&view=table&words=%D1%81%D0%BE%D0%B2%D0%BC%D0%B5%D1%81%D1%82%D0%B8%D0%BC%D0%BE%D1%81%D1%82%D1%8C%20%D0%B7%D0%BD%D0%B0%D0%BA%D0%BE%D0%B2%20%D0%B7%D0%BE%D0%B4%D0%B8%D0%B0%D0%BA%D0%B0
натальная карта азамата мусагалиева,natal,RELEVANT,1993,broad,Yandex external demand proxy,натальная карта,Россия,Смартфоны,2026-07-29T18:50:57.081Z,https://wordstat.yandex.ru/?region=225&view=table&words=%D0%BD%D0%B0%D1%82%D0%B0%D0%BB%D1%8C%D0%BD%D0%B0%D1%8F%20%D0%BA%D0%B0%D1%80%D1%82%D0%B0
уран в натальной карте,natal,RELEVANT,1987,broad,Yandex external demand proxy,натальная карта,Россия,Смартфоны,2026-07-29T18:50:57.081Z,https://wordstat.yandex.ru/?region=225&view=table&words=%D0%BD%D0%B0%D1%82%D0%B0%D0%BB%D1%8C%D0%BD%D0%B0%D1%8F%20%D0%BA%D0%B0%D1%80%D1%82%D0%B0
оппозиция в синастрии,synastry,RELEVANT,1978,broad,Yandex external demand proxy,синастрия,Россия,Смартфоны,2026-07-29T18:51:00.129Z,https://wordstat.yandex.ru/?region=225&view=table&words=%D1%81%D0%B8%D0%BD%D0%B0%D1%81%D1%82%D1%80%D0%B8%D1%8F
sotis online натальная карта,natal,RELEVANT,1959,broad,Yandex external demand proxy,натальная карта,Россия,Смартфоны,2026-07-29T18:50:57.081Z,https://wordstat.yandex.ru/?region=225&view=table&words=%D0%BD%D0%B0%D1%82%D0%B0%D0%BB%D1%8C%D0%BD%D0%B0%D1%8F%20%D0%BA%D0%B0%D1%80%D1%82%D0%B0
совместимость знаков зодиака овен женщина,compatibility,RELEVANT,1959,broad,Yandex external demand proxy,совместимость знаков зодиака,Россия,Смартфоны,2026-07-29T18:50:58.010Z,https://wordstat.yandex.ru/?region=225&view=table&words=%D1%81%D0%BE%D0%B2%D0%BC%D0%B5%D1%81%D1%82%D0%B8%D0%BC%D0%BE%D1%81%D1%82%D1%8C%20%D0%B7%D0%BD%D0%B0%D0%BA%D0%BE%D0%B2%20%D0%B7%D0%BE%D0%B4%D0%B8%D0%B0%D0%BA%D0%B0
когда выйдет натальная карта,natal,RELEVANT,1948,broad,Yandex external demand proxy,натальная карта,Россия,Смартфоны,2026-07-29T18:50:57.081Z,https://wordstat.yandex.ru/?region=225&view=table&words=%D0%BD%D0%B0%D1%82%D0%B0%D0%BB%D1%8C%D0%BD%D0%B0%D1%8F%20%D0%BA%D0%B0%D1%80%D1%82%D0%B0
совместимость знаков зодиака женщина водолей,compatibility,RELEVANT,1944,broad,Yandex external demand proxy,совместимость знаков зодиака,Россия,Смартфоны,2026-07-29T18:50:58.010Z,https://wordstat.yandex.ru/?region=225&view=table&words=%D1%81%D0%BE%D0%B2%D0%BC%D0%B5%D1%81%D1%82%D0%B8%D0%BC%D0%BE%D1%81%D1%82%D1%8C%20%D0%B7%D0%BD%D0%B0%D0%BA%D0%BE%D0%B2%20%D0%B7%D0%BE%D0%B4%D0%B8%D0%B0%D0%BA%D0%B0
совместимость знака зодиака стрельца мужчина,compatibility,RELEVANT,1939,broad,Yandex external demand proxy,совместимость знаков зодиака,Россия,Смартфоны,2026-07-29T18:50:58.010Z,https://wordstat.yandex.ru/?region=225&view=table&words=%D1%81%D0%BE%D0%B2%D0%BC%D0%B5%D1%81%D1%82%D0%B8%D0%BC%D0%BE%D1%81%D1%82%D1%8C%20%D0%B7%D0%BD%D0%B0%D0%BA%D0%BE%D0%B2%20%D0%B7%D0%BE%D0%B4%D0%B8%D0%B0%D0%BA%D0%B0
совместимость знаков зодиака телец мужчина,compatibility,RELEVANT,1939,broad,Yandex external demand proxy,совместимость знаков зодиака,Россия,Смартфоны,2026-07-29T18:50:58.010Z,https://wordstat.yandex.ru/?region=225&view=table&words=%D1%81%D0%BE%D0%B2%D0%BC%D0%B5%D1%81%D1%82%D0%B8%D0%BC%D0%BE%D1%81%D1%82%D1%8C%20%D0%B7%D0%BD%D0%B0%D0%BA%D0%BE%D0%B2%20%D0%B7%D0%BE%D0%B4%D0%B8%D0%B0%D0%BA%D0%B0
совместимость знаков зодиака козерог мужчина,compatibility,RELEVANT,1926,broad,Yandex external demand proxy,совместимость знаков зодиака,Россия,Смартфоны,2026-07-29T18:50:58.010Z,https://wordstat.yandex.ru/?region=225&view=table&words=%D1%81%D0%BE%D0%B2%D0%BC%D0%B5%D1%81%D1%82%D0%B8%D0%BC%D0%BE%D1%81%D1%82%D1%8C%20%D0%B7%D0%BD%D0%B0%D0%BA%D0%BE%D0%B2%20%D0%B7%D0%BE%D0%B4%D0%B8%D0%B0%D0%BA%D0%B0
джойтиш натальная карта,natal,RELEVANT,1922,broad,Yandex external demand proxy,натальная карта,Россия,Смартфоны,2026-07-29T18:50:57.081Z,https://wordstat.yandex.ru/?region=225&view=table&words=%D0%BD%D0%B0%D1%82%D0%B0%D0%BB%D1%8C%D0%BD%D0%B0%D1%8F%20%D0%BA%D0%B0%D1%80%D1%82%D0%B0
нептун в натальной карте,natal,RELEVANT,1917,broad,Yandex external demand proxy,натальная карта,Россия,Смартфоны,2026-07-29T18:50:57.081Z,https://wordstat.yandex.ru/?region=225&view=table&words=%D0%BD%D0%B0%D1%82%D0%B0%D0%BB%D1%8C%D0%BD%D0%B0%D1%8F%20%D0%BA%D0%B0%D1%80%D1%82%D0%B0
совместимость знаков зодиака дева женщина,compatibility,RELEVANT,1915,broad,Yandex external demand proxy,совместимость знаков зодиака,Россия,Смартфоны,2026-07-29T18:50:58.010Z,https://wordstat.yandex.ru/?region=225&view=table&words=%D1%81%D0%BE%D0%B2%D0%BC%D0%B5%D1%81%D1%82%D0%B8%D0%BC%D0%BE%D1%81%D1%82%D1%8C%20%D0%B7%D0%BD%D0%B0%D0%BA%D0%BE%D0%B2%20%D0%B7%D0%BE%D0%B4%D0%B8%D0%B0%D0%BA%D0%B0
совместимость знаков зодиака близнецы женщина,compatibility,RELEVANT,1913,broad,Yandex external demand proxy,совместимость знаков зодиака,Россия,Смартфоны,2026-07-29T18:50:58.010Z,https://wordstat.yandex.ru/?region=225&view=table&words=%D1%81%D0%BE%D0%B2%D0%BC%D0%B5%D1%81%D1%82%D0%B8%D0%BC%D0%BE%D1%81%D1%82%D1%8C%20%D0%B7%D0%BD%D0%B0%D0%BA%D0%BE%D0%B2%20%D0%B7%D0%BE%D0%B4%D0%B8%D0%B0%D0%BA%D0%B0
натальная карта ретроградный,natal,RELEVANT,1907,broad,Yandex external demand proxy,натальная карта,Россия,Смартфоны,2026-07-29T18:50:57.081Z,https://wordstat.yandex.ru/?region=225&view=table&words=%D0%BD%D0%B0%D1%82%D0%B0%D0%BB%D1%8C%D0%BD%D0%B0%D1%8F%20%D0%BA%D0%B0%D1%80%D1%82%D0%B0
синастрия карта,synastry,RELEVANT,1907,broad,Yandex external demand proxy,синастрия,Россия,Смартфоны,2026-07-29T18:51:00.129Z,https://wordstat.yandex.ru/?region=225&view=table&words=%D1%81%D0%B8%D0%BD%D0%B0%D1%81%D1%82%D1%80%D0%B8%D1%8F
геокульт натальная карта рассчитать,natal,RELEVANT,1902,broad,Yandex external demand proxy,натальная карта,Россия,Смартфоны,2026-07-29T18:50:57.081Z,https://wordstat.yandex.ru/?region=225&view=table&words=%D0%BD%D0%B0%D1%82%D0%B0%D0%BB%D1%8C%D0%BD%D0%B0%D1%8F%20%D0%BA%D0%B0%D1%80%D1%82%D0%B0
натальная карта какой дом,natal,RELEVANT,1880,broad,Yandex external demand proxy,натальная карта,Россия,Смартфоны,2026-07-29T18:50:57.081Z,https://wordstat.yandex.ru/?region=225&view=table&words=%D0%BD%D0%B0%D1%82%D0%B0%D0%BB%D1%8C%D0%BD%D0%B0%D1%8F%20%D0%BA%D0%B0%D1%80%D1%82%D0%B0
совместимость знаков зодиака весы женщина,compatibility,RELEVANT,1880,broad,Yandex external demand proxy,совместимость знаков зодиака,Россия,Смартфоны,2026-07-29T18:50:58.010Z,https://wordstat.yandex.ru/?region=225&view=table&words=%D1%81%D0%BE%D0%B2%D0%BC%D0%B5%D1%81%D1%82%D0%B8%D0%BC%D0%BE%D1%81%D1%82%D1%8C%20%D0%B7%D0%BD%D0%B0%D0%BA%D0%BE%D0%B2%20%D0%B7%D0%BE%D0%B4%D0%B8%D0%B0%D0%BA%D0%B0
натальная карта дева,natal,RELEVANT,1846,broad,Yandex external demand proxy,натальная карта,Россия,Смартфоны,2026-07-29T18:50:57.081Z,https://wordstat.yandex.ru/?region=225&view=table&words=%D0%BD%D0%B0%D1%82%D0%B0%D0%BB%D1%8C%D0%BD%D0%B0%D1%8F%20%D0%BA%D0%B0%D1%80%D1%82%D0%B0
совместимость между знаками зодиака,compatibility,RELEVANT,1843,broad,Yandex external demand proxy,совместимость знаков зодиака,Россия,Смартфоны,2026-07-29T18:50:58.010Z,https://wordstat.yandex.ru/?region=225&view=table&words=%D1%81%D0%BE%D0%B2%D0%BC%D0%B5%D1%81%D1%82%D0%B8%D0%BC%D0%BE%D1%81%D1%82%D1%8C%20%D0%B7%D0%BD%D0%B0%D0%BA%D0%BE%D0%B2%20%D0%B7%D0%BE%D0%B4%D0%B8%D0%B0%D0%BA%D0%B0
совместимость знаков зодиака козерог женщина,compatibility,RELEVANT,1835,broad,Yandex external demand proxy,совместимость знаков зодиака,Россия,Смартфоны,2026-07-29T18:50:58.010Z,https://wordstat.yandex.ru/?region=225&view=table&words=%D1%81%D0%BE%D0%B2%D0%BC%D0%B5%D1%81%D1%82%D0%B8%D0%BC%D0%BE%D1%81%D1%82%D1%8C%20%D0%B7%D0%BD%D0%B0%D0%BA%D0%BE%D0%B2%20%D0%B7%D0%BE%D0%B4%D0%B8%D0%B0%D0%BA%D0%B0
совместимость знаков зодиака телец женщина,compatibility,RELEVANT,1822,broad,Yandex external demand proxy,совместимость знаков зодиака,Россия,Смартфоны,2026-07-29T18:50:58.010Z,https://wordstat.yandex.ru/?region=225&view=table&words=%D1%81%D0%BE%D0%B2%D0%BC%D0%B5%D1%81%D1%82%D0%B8%D0%BC%D0%BE%D1%81%D1%82%D1%8C%20%D0%B7%D0%BD%D0%B0%D0%BA%D0%BE%D0%B2%20%D0%B7%D0%BE%D0%B4%D0%B8%D0%B0%D0%BA%D0%B0
за что отвечают дома в натальной карте,natal,RELEVANT,1808,broad,Yandex external demand proxy,натальная карта,Россия,Смартфоны,2026-07-29T18:50:57.081Z,https://wordstat.yandex.ru/?region=225&view=table&words=%D0%BD%D0%B0%D1%82%D0%B0%D0%BB%D1%8C%D0%BD%D0%B0%D1%8F%20%D0%BA%D0%B0%D1%80%D1%82%D0%B0
аспекты в натальной карте,natal,RELEVANT,1807,broad,Yandex external demand proxy,натальная карта,Россия,Смартфоны,2026-07-29T18:50:57.081Z,https://wordstat.yandex.ru/?region=225&view=table&words=%D0%BD%D0%B0%D1%82%D0%B0%D0%BB%D1%8C%D0%BD%D0%B0%D1%8F%20%D0%BA%D0%B0%D1%80%D1%82%D0%B0
натальная карта com,natal,RELEVANT,1802,broad,Yandex external demand proxy,натальная карта,Россия,Смартфоны,2026-07-29T18:50:57.081Z,https://wordstat.yandex.ru/?region=225&view=table&words=%D0%BD%D0%B0%D1%82%D0%B0%D0%BB%D1%8C%D0%BD%D0%B0%D1%8F%20%D0%BA%D0%B0%D1%80%D1%82%D0%B0
бурунов натальная карта,natal,RELEVANT,1794,broad,Yandex external demand proxy,натальная карта,Россия,Смартфоны,2026-07-29T18:50:57.081Z,https://wordstat.yandex.ru/?region=225&view=table&words=%D0%BD%D0%B0%D1%82%D0%B0%D0%BB%D1%8C%D0%BD%D0%B0%D1%8F%20%D0%BA%D0%B0%D1%80%D1%82%D0%B0
натальная карта бурунова,natal,RELEVANT,1793,broad,Yandex external demand proxy,натальная карта,Россия,Смартфоны,2026-07-29T18:50:57.081Z,https://wordstat.yandex.ru/?region=225&view=table&words=%D0%BD%D0%B0%D1%82%D0%B0%D0%BB%D1%8C%D0%BD%D0%B0%D1%8F%20%D0%BA%D0%B0%D1%80%D1%82%D0%B0
совместимость знаков зодиака стрелец женщина,compatibility,RELEVANT,1792,broad,Yandex external demand proxy,совместимость знаков зодиака,Россия,Смартфоны,2026-07-29T18:50:58.010Z,https://wordstat.yandex.ru/?region=225&view=table&words=%D1%81%D0%BE%D0%B2%D0%BC%D0%B5%D1%81%D1%82%D0%B8%D0%BC%D0%BE%D1%81%D1%82%D1%8C%20%D0%B7%D0%BD%D0%B0%D0%BA%D0%BE%D0%B2%20%D0%B7%D0%BE%D0%B4%D0%B8%D0%B0%D0%BA%D0%B0
натальная карта с азаматом,natal,RELEVANT,1785,broad,Yandex external demand proxy,натальная карта,Россия,Смартфоны,2026-07-29T18:50:57.081Z,https://wordstat.yandex.ru/?region=225&view=table&words=%D0%BD%D0%B0%D1%82%D0%B0%D0%BB%D1%8C%D0%BD%D0%B0%D1%8F%20%D0%BA%D0%B0%D1%80%D1%82%D0%B0
астрология сегодня,astrology,RELEVANT,1769,broad,Yandex external demand proxy,астрология,Россия,Смартфоны,2026-07-29T18:51:01.061Z,https://wordstat.yandex.ru/?region=225&view=table&words=%D0%B0%D1%81%D1%82%D1%80%D0%BE%D0%BB%D0%BE%D0%B3%D0%B8%D1%8F
натальная карта на год,natal,RELEVANT,1765,broad,Yandex external demand proxy,натальная карта,Россия,Смартфоны,2026-07-29T18:50:57.081Z,https://wordstat.yandex.ru/?region=225&view=table&words=%D0%BD%D0%B0%D1%82%D0%B0%D0%BB%D1%8C%D0%BD%D0%B0%D1%8F%20%D0%BA%D0%B0%D1%80%D1%82%D0%B0
натальная карта ребенка,natal,RELEVANT,1739,broad,Yandex external demand proxy,натальная карта,Россия,Смартфоны,2026-07-29T18:50:57.081Z,https://wordstat.yandex.ru/?region=225&view=table&words=%D0%BD%D0%B0%D1%82%D0%B0%D0%BB%D1%8C%D0%BD%D0%B0%D1%8F%20%D0%BA%D0%B0%D1%80%D1%82%D0%B0
натальная синастрия,synastry,RELEVANT,1729,broad,Yandex external demand proxy,синастрия,Россия,Смартфоны,2026-07-29T18:51:00.129Z,https://wordstat.yandex.ru/?region=225&view=table&words=%D1%81%D0%B8%D0%BD%D0%B0%D1%81%D1%82%D1%80%D0%B8%D1%8F
натальная карта овен,natal,RELEVANT,1727,broad,Yandex external demand proxy,натальная карта,Россия,Смартфоны,2026-07-29T18:50:57.081Z,https://wordstat.yandex.ru/?region=225&view=table&words=%D0%BD%D0%B0%D1%82%D0%B0%D0%BB%D1%8C%D0%BD%D0%B0%D1%8F%20%D0%BA%D0%B0%D1%80%D1%82%D0%B0
астрология по дате рождения,astrology,RELEVANT,1715,broad,Yandex external demand proxy,астрология,Россия,Смартфоны,2026-07-29T18:51:01.061Z,https://wordstat.yandex.ru/?region=225&view=table&words=%D0%B0%D1%81%D1%82%D1%80%D0%BE%D0%BB%D0%BE%D0%B3%D0%B8%D1%8F
совместимость знаков зодиака между женщинами,compatibility,RELEVANT,1712,broad,Yandex external demand proxy,совместимость знаков зодиака,Россия,Смартфоны,2026-07-29T18:50:58.010Z,https://wordstat.yandex.ru/?region=225&view=table&words=%D1%81%D0%BE%D0%B2%D0%BC%D0%B5%D1%81%D1%82%D0%B8%D0%BC%D0%BE%D1%81%D1%82%D1%8C%20%D0%B7%D0%BD%D0%B0%D0%BA%D0%BE%D0%B2%20%D0%B7%D0%BE%D0%B4%D0%B8%D0%B0%D0%BA%D0%B0
гороскоп натальная карта,natal,RELEVANT,1707,broad,Yandex external demand proxy,натальная карта,Россия,Смартфоны,2026-07-29T18:50:57.081Z,https://wordstat.yandex.ru/?region=225&view=table&words=%D0%BD%D0%B0%D1%82%D0%B0%D0%BB%D1%8C%D0%BD%D0%B0%D1%8F%20%D0%BA%D0%B0%D1%80%D1%82%D0%B0
солнце соединение солнце синастрии,synastry,RELEVANT,1703,broad,Yandex external demand proxy,синастрия,Россия,Смартфоны,2026-07-29T18:51:00.129Z,https://wordstat.yandex.ru/?region=225&view=table&words=%D1%81%D0%B8%D0%BD%D0%B0%D1%81%D1%82%D1%80%D0%B8%D1%8F
соединение лун в синастрии,synastry,RELEVANT,1682,broad,Yandex external demand proxy,синастрия,Россия,Смартфоны,2026-07-29T18:51:00.129Z,https://wordstat.yandex.ru/?region=225&view=table&words=%D1%81%D0%B8%D0%BD%D0%B0%D1%81%D1%82%D1%80%D0%B8%D1%8F
составить натальную карту онлайн,natal,RELEVANT,1677,broad,Yandex external demand proxy,натальная карта,Россия,Смартфоны,2026-07-29T18:50:57.081Z,https://wordstat.yandex.ru/?region=225&view=table&words=%D0%BD%D0%B0%D1%82%D0%B0%D0%BB%D1%8C%D0%BD%D0%B0%D1%8F%20%D0%BA%D0%B0%D1%80%D1%82%D0%B0
совместимость по знаку зодиака между мужчиной,compatibility,RELEVANT,1676,broad,Yandex external demand proxy,совместимость знаков зодиака,Россия,Смартфоны,2026-07-29T18:50:58.010Z,https://wordstat.yandex.ru/?region=225&view=table&words=%D1%81%D0%BE%D0%B2%D0%BC%D0%B5%D1%81%D1%82%D0%B8%D0%BC%D0%BE%D1%81%D1%82%D1%8C%20%D0%B7%D0%BD%D0%B0%D0%BA%D0%BE%D0%B2%20%D0%B7%D0%BE%D0%B4%D0%B8%D0%B0%D0%BA%D0%B0
натальная карта соляр,natal,RELEVANT,1670,broad,Yandex external demand proxy,натальная карта,Россия,Смартфоны,2026-07-29T18:50:57.081Z,https://wordstat.yandex.ru/?region=225&view=table&words=%D0%BD%D0%B0%D1%82%D0%B0%D0%BB%D1%8C%D0%BD%D0%B0%D1%8F%20%D0%BA%D0%B0%D1%80%D1%82%D0%B0
песня астрология,astrology,RELEVANT,1666,broad,Yandex external demand proxy,астрология,Россия,Смартфоны,2026-07-29T18:51:01.061Z,https://wordstat.yandex.ru/?region=225&view=table&words=%D0%B0%D1%81%D1%82%D1%80%D0%BE%D0%BB%D0%BE%D0%B3%D0%B8%D1%8F
астрология львов,astrology,RELEVANT,1658,broad,Yandex external demand proxy,астрология,Россия,Смартфоны,2026-07-29T18:51:01.061Z,https://wordstat.yandex.ru/?region=225&view=table&words=%D0%B0%D1%81%D1%82%D1%80%D0%BE%D0%BB%D0%BE%D0%B3%D0%B8%D1%8F
полная натальная карта,natal,RELEVANT,1654,broad,Yandex external demand proxy,натальная карта,Россия,Смартфоны,2026-07-29T18:50:57.081Z,https://wordstat.yandex.ru/?region=225&view=table&words=%D0%BD%D0%B0%D1%82%D0%B0%D0%BB%D1%8C%D0%BD%D0%B0%D1%8F%20%D0%BA%D0%B0%D1%80%D1%82%D0%B0
лев астрология,astrology,RELEVANT,1650,broad,Yandex external demand proxy,астрология,Россия,Смартфоны,2026-07-29T18:51:01.061Z,https://wordstat.yandex.ru/?region=225&view=table&words=%D0%B0%D1%81%D1%82%D1%80%D0%BE%D0%BB%D0%BE%D0%B3%D0%B8%D1%8F
натальная карта синастрия,natal,RELEVANT,1646,broad,Yandex external demand proxy,натальная карта,Россия,Смартфоны,2026-07-29T18:50:57.081Z,https://wordstat.yandex.ru/?region=225&view=table&words=%D0%BD%D0%B0%D1%82%D0%B0%D0%BB%D1%8C%D0%BD%D0%B0%D1%8F%20%D0%BA%D0%B0%D1%80%D1%82%D0%B0
венера в натальной карте женщины,natal,RELEVANT,1638,broad,Yandex external demand proxy,натальная карта,Россия,Смартфоны,2026-07-29T18:50:57.081Z,https://wordstat.yandex.ru/?region=225&view=table&words=%D0%BD%D0%B0%D1%82%D0%B0%D0%BB%D1%8C%D0%BD%D0%B0%D1%8F%20%D0%BA%D0%B0%D1%80%D1%82%D0%B0
оппозиция в натальной карте,natal,RELEVANT,1626,broad,Yandex external demand proxy,натальная карта,Россия,Смартфоны,2026-07-29T18:50:57.081Z,https://wordstat.yandex.ru/?region=225&view=table&words=%D0%BD%D0%B0%D1%82%D0%B0%D0%BB%D1%8C%D0%BD%D0%B0%D1%8F%20%D0%BA%D0%B0%D1%80%D1%82%D0%B0
астрология точка,astrology,RELEVANT,1626,broad,Yandex external demand proxy,астрология,Россия,Смартфоны,2026-07-29T18:51:01.061Z,https://wordstat.yandex.ru/?region=225&view=table&words=%D0%B0%D1%81%D1%82%D1%80%D0%BE%D0%BB%D0%BE%D0%B3%D0%B8%D1%8F
натальная карта сайт,natal,RELEVANT,1614,broad,Yandex external demand proxy,натальная карта,Россия,Смартфоны,2026-07-29T18:50:57.081Z,https://wordstat.yandex.ru/?region=225&view=table&words=%D0%BD%D0%B0%D1%82%D0%B0%D0%BB%D1%8C%D0%BD%D0%B0%D1%8F%20%D0%BA%D0%B0%D1%80%D1%82%D0%B0
луна в астрологии,astrology,RELEVANT,1607,broad,Yandex external demand proxy,астрология,Россия,Смартфоны,2026-07-29T18:51:01.061Z,https://wordstat.yandex.ru/?region=225&view=table&words=%D0%B0%D1%81%D1%82%D1%80%D0%BE%D0%BB%D0%BE%D0%B3%D0%B8%D1%8F
что значит астрология,astrology,RELEVANT,1600,broad,Yandex external demand proxy,астрология,Россия,Смартфоны,2026-07-29T18:51:01.061Z,https://wordstat.yandex.ru/?region=225&view=table&words=%D0%B0%D1%81%D1%82%D1%80%D0%BE%D0%BB%D0%BE%D0%B3%D0%B8%D1%8F
натальная карта джабраилов,natal,RELEVANT,1599,broad,Yandex external demand proxy,натальная карта,Россия,Смартфоны,2026-07-29T18:50:57.081Z,https://wordstat.yandex.ru/?region=225&view=table&words=%D0%BD%D0%B0%D1%82%D0%B0%D0%BB%D1%8C%D0%BD%D0%B0%D1%8F%20%D0%BA%D0%B0%D1%80%D1%82%D0%B0
натальная карта online ru,natal,RELEVANT,1595,broad,Yandex external demand proxy,натальная карта,Россия,Смартфоны,2026-07-29T18:50:57.081Z,https://wordstat.yandex.ru/?region=225&view=table&words=%D0%BD%D0%B0%D1%82%D0%B0%D0%BB%D1%8C%D0%BD%D0%B0%D1%8F%20%D0%BA%D0%B0%D1%80%D1%82%D0%B0
натальная карта бузову,natal,RELEVANT,1585,broad,Yandex external demand proxy,натальная карта,Россия,Смартфоны,2026-07-29T18:50:57.081Z,https://wordstat.yandex.ru/?region=225&view=table&words=%D0%BD%D0%B0%D1%82%D0%B0%D0%BB%D1%8C%D0%BD%D0%B0%D1%8F%20%D0%BA%D0%B0%D1%80%D1%82%D0%B0
синастрия рассчитать,synastry,RELEVANT,1582,broad,Yandex external demand proxy,синастрия,Россия,Смартфоны,2026-07-29T18:51:00.129Z,https://wordstat.yandex.ru/?region=225&view=table&words=%D1%81%D0%B8%D0%BD%D0%B0%D1%81%D1%82%D1%80%D0%B8%D1%8F
астрология гороскоп,astrology,RELEVANT,1581,broad,Yandex external demand proxy,астрология,Россия,Смартфоны,2026-07-29T18:51:01.061Z,https://wordstat.yandex.ru/?region=225&view=table&words=%D0%B0%D1%81%D1%82%D1%80%D0%BE%D0%BB%D0%BE%D0%B3%D0%B8%D1%8F
рассчитать натальную карту онлайн по дате,natal,RELEVANT,1578,broad,Yandex external demand proxy,натальная карта,Россия,Смартфоны,2026-07-29T18:50:57.081Z,https://wordstat.yandex.ru/?region=225&view=table&words=%D0%BD%D0%B0%D1%82%D0%B0%D0%BB%D1%8C%D0%BD%D0%B0%D1%8F%20%D0%BA%D0%B0%D1%80%D1%82%D0%B0
юпитер в астрологии,astrology,RELEVANT,1575,broad,Yandex external demand proxy,астрология,Россия,Смартфоны,2026-07-29T18:51:01.061Z,https://wordstat.yandex.ru/?region=225&view=table&words=%D0%B0%D1%81%D1%82%D1%80%D0%BE%D0%BB%D0%BE%D0%B3%D0%B8%D1%8F
натальная карта матвей,natal,RELEVANT,1572,broad,Yandex external demand proxy,натальная карта,Россия,Смартфоны,2026-07-29T18:50:57.081Z,https://wordstat.yandex.ru/?region=225&view=table&words=%D0%BD%D0%B0%D1%82%D0%B0%D0%BB%D1%8C%D0%BD%D0%B0%D1%8F%20%D0%BA%D0%B0%D1%80%D1%82%D0%B0
сатурн в астрологии,astrology,RELEVANT,1567,broad,Yandex external demand proxy,астрология,Россия,Смартфоны,2026-07-29T18:51:01.061Z,https://wordstat.yandex.ru/?region=225&view=table&words=%D0%B0%D1%81%D1%82%D1%80%D0%BE%D0%BB%D0%BE%D0%B3%D0%B8%D1%8F
натальная карта шоу бесплатно,natal,RELEVANT,1552,broad,Yandex external demand proxy,натальная карта,Россия,Смартфоны,2026-07-29T18:50:57.081Z,https://wordstat.yandex.ru/?region=225&view=table&words=%D0%BD%D0%B0%D1%82%D0%B0%D0%BB%D1%8C%D0%BD%D0%B0%D1%8F%20%D0%BA%D0%B0%D1%80%D1%82%D0%B0
козерог натальная карта,natal,RELEVANT,1550,broad,Yandex external demand proxy,натальная карта,Россия,Смартфоны,2026-07-29T18:50:57.081Z,https://wordstat.yandex.ru/?region=225&view=table&words=%D0%BD%D0%B0%D1%82%D0%B0%D0%BB%D1%8C%D0%BD%D0%B0%D1%8F%20%D0%BA%D0%B0%D1%80%D1%82%D0%B0
астрология женщины,astrology,RELEVANT,1549,broad,Yandex external demand proxy,астрология,Россия,Смартфоны,2026-07-29T18:51:01.061Z,https://wordstat.yandex.ru/?region=225&view=table&words=%D0%B0%D1%81%D1%82%D1%80%D0%BE%D0%BB%D0%BE%D0%B3%D0%B8%D1%8F
аспекты в синастрии,synastry,RELEVANT,1542,broad,Yandex external demand proxy,синастрия,Россия,Смартфоны,2026-07-29T18:51:00.129Z,https://wordstat.yandex.ru/?region=225&view=table&words=%D1%81%D0%B8%D0%BD%D0%B0%D1%81%D1%82%D1%80%D0%B8%D1%8F
натальная карта ру,natal,RELEVANT,1537,broad,Yandex external demand proxy,натальная карта,Россия,Смартфоны,2026-07-29T18:50:57.081Z,https://wordstat.yandex.ru/?region=225&view=table&words=%D0%BD%D0%B0%D1%82%D0%B0%D0%BB%D1%8C%D0%BD%D0%B0%D1%8F%20%D0%BA%D0%B0%D1%80%D1%82%D0%B0
совместимость знаков зодиака рак мужчина и женщина,compatibility,RELEVANT,1535,broad,Yandex external demand proxy,совместимость знаков зодиака,Россия,Смартфоны,2026-07-29T18:50:58.010Z,https://wordstat.yandex.ru/?region=225&view=table&words=%D1%81%D0%BE%D0%B2%D0%BC%D0%B5%D1%81%D1%82%D0%B8%D0%BC%D0%BE%D1%81%D1%82%D1%8C%20%D0%B7%D0%BD%D0%B0%D0%BA%D0%BE%D0%B2%20%D0%B7%D0%BE%D0%B4%D0%B8%D0%B0%D0%BA%D0%B0
натальная карта определить,natal,RELEVANT,1522,broad,Yandex external demand proxy,натальная карта,Россия,Смартфоны,2026-07-29T18:50:57.081Z,https://wordstat.yandex.ru/?region=225&view=table&words=%D0%BD%D0%B0%D1%82%D0%B0%D0%BB%D1%8C%D0%BD%D0%B0%D1%8F%20%D0%BA%D0%B0%D1%80%D1%82%D0%B0
что означает натальная карта,natal,RELEVANT,1510,broad,Yandex external demand proxy,натальная карта,Россия,Смартфоны,2026-07-29T18:50:57.081Z,https://wordstat.yandex.ru/?region=225&view=table&words=%D0%BD%D0%B0%D1%82%D0%B0%D0%BB%D1%8C%D0%BD%D0%B0%D1%8F%20%D0%BA%D0%B0%D1%80%D1%82%D0%B0
синастрия нептуна,synastry,RELEVANT,1501,broad,Yandex external demand proxy,синастрия,Россия,Смартфоны,2026-07-29T18:51:00.129Z,https://wordstat.yandex.ru/?region=225&view=table&words=%D1%81%D0%B8%D0%BD%D0%B0%D1%81%D1%82%D1%80%D0%B8%D1%8F
лучшие астрологии,astrology,RELEVANT,1494,broad,Yandex external demand proxy,астрология,Россия,Смартфоны,2026-07-29T18:51:01.061Z,https://wordstat.yandex.ru/?region=225&view=table&words=%D0%B0%D1%81%D1%82%D1%80%D0%BE%D0%BB%D0%BE%D0%B3%D0%B8%D1%8F
синастрия бесплатно,synastry,RELEVANT,1493,broad,Yandex external demand proxy,синастрия,Россия,Смартфоны,2026-07-29T18:51:00.129Z,https://wordstat.yandex.ru/?region=225&view=table&words=%D1%81%D0%B8%D0%BD%D0%B0%D1%81%D1%82%D1%80%D0%B8%D1%8F
натальная карта без,natal,RELEVANT,1490,broad,Yandex external demand proxy,натальная карта,Россия,Смартфоны,2026-07-29T18:50:57.081Z,https://wordstat.yandex.ru/?region=225&view=table&words=%D0%BD%D0%B0%D1%82%D0%B0%D0%BB%D1%8C%D0%BD%D0%B0%D1%8F%20%D0%BA%D0%B0%D1%80%D1%82%D0%B0
соединение лилит в синастрии,synastry,RELEVANT,1488,broad,Yandex external demand proxy,синастрия,Россия,Смартфоны,2026-07-29T18:51:00.129Z,https://wordstat.yandex.ru/?region=225&view=table&words=%D1%81%D0%B8%D0%BD%D0%B0%D1%81%D1%82%D1%80%D0%B8%D1%8F
асцендент в синастрии,synastry,RELEVANT,1486,broad,Yandex external demand proxy,синастрия,Россия,Смартфоны,2026-07-29T18:51:00.129Z,https://wordstat.yandex.ru/?region=225&view=table&words=%D1%81%D0%B8%D0%BD%D0%B0%D1%81%D1%82%D1%80%D0%B8%D1%8F
песня астрология воровка,astrology,RELEVANT,1480,broad,Yandex external demand proxy,астрология,Россия,Смартфоны,2026-07-29T18:51:01.061Z,https://wordstat.yandex.ru/?region=225&view=table&words=%D0%B0%D1%81%D1%82%D1%80%D0%BE%D0%BB%D0%BE%D0%B3%D0%B8%D1%8F
натальная карта шоу смотреть бесплатно,natal,RELEVANT,1478,broad,Yandex external demand proxy,натальная карта,Россия,Смартфоны,2026-07-29T18:50:57.081Z,https://wordstat.yandex.ru/?region=225&view=table&words=%D0%BD%D0%B0%D1%82%D0%B0%D0%BB%D1%8C%D0%BD%D0%B0%D1%8F%20%D0%BA%D0%B0%D1%80%D1%82%D0%B0
рассчитать натальную карту рождения онлайн,natal,RELEVANT,1467,broad,Yandex external demand proxy,натальная карта,Россия,Смартфоны,2026-07-29T18:50:57.081Z,https://wordstat.yandex.ru/?region=225&view=table&words=%D0%BD%D0%B0%D1%82%D0%B0%D0%BB%D1%8C%D0%BD%D0%B0%D1%8F%20%D0%BA%D0%B0%D1%80%D1%82%D0%B0
геокульт натальная карта онлайн,natal,RELEVANT,1463,broad,Yandex external demand proxy,натальная карта,Россия,Смартфоны,2026-07-29T18:50:57.081Z,https://wordstat.yandex.ru/?region=225&view=table&words=%D0%BD%D0%B0%D1%82%D0%B0%D0%BB%D1%8C%D0%BD%D0%B0%D1%8F%20%D0%BA%D0%B0%D1%80%D1%82%D0%B0
натальная карта телец,natal,RELEVANT,1457,broad,Yandex external demand proxy,натальная карта,Россия,Смартфоны,2026-07-29T18:50:57.081Z,https://wordstat.yandex.ru/?region=225&view=table&words=%D0%BD%D0%B0%D1%82%D0%B0%D0%BB%D1%8C%D0%BD%D0%B0%D1%8F%20%D0%BA%D0%B0%D1%80%D1%82%D0%B0
натальная карта надя,natal,RELEVANT,1457,broad,Yandex external demand proxy,натальная карта,Россия,Смартфоны,2026-07-29T18:50:57.081Z,https://wordstat.yandex.ru/?region=225&view=table&words=%D0%BD%D0%B0%D1%82%D0%B0%D0%BB%D1%8C%D0%BD%D0%B0%D1%8F%20%D0%BA%D0%B0%D1%80%D1%82%D0%B0
луна в натальной карте женщины,natal,RELEVANT,1456,broad,Yandex external demand proxy,натальная карта,Россия,Смартфоны,2026-07-29T18:50:57.081Z,https://wordstat.yandex.ru/?region=225&view=table&words=%D0%BD%D0%B0%D1%82%D0%B0%D0%BB%D1%8C%D0%BD%D0%B0%D1%8F%20%D0%BA%D0%B0%D1%80%D1%82%D0%B0
матвей сафонов натальная карта,natal,RELEVANT,1448,broad,Yandex external demand proxy,натальная карта,Россия,Смартфоны,2026-07-29T18:50:57.081Z,https://wordstat.yandex.ru/?region=225&view=table&words=%D0%BD%D0%B0%D1%82%D0%B0%D0%BB%D1%8C%D0%BD%D0%B0%D1%8F%20%D0%BA%D0%B0%D1%80%D1%82%D0%B0
совместимость знаков зодиака бесплатно,compatibility,RELEVANT,1448,broad,Yandex external demand proxy,совместимость знаков зодиака,Россия,Смартфоны,2026-07-29T18:50:58.010Z,https://wordstat.yandex.ru/?region=225&view=table&words=%D1%81%D0%BE%D0%B2%D0%BC%D0%B5%D1%81%D1%82%D0%B8%D0%BC%D0%BE%D1%81%D1%82%D1%8C%20%D0%B7%D0%BD%D0%B0%D0%BA%D0%BE%D0%B2%20%D0%B7%D0%BE%D0%B4%D0%B8%D0%B0%D0%BA%D0%B0
совместимость знаков зодиака лев женщина и мужчина,compatibility,RELEVANT,1446,broad,Yandex external demand proxy,совместимость знаков зодиака,Россия,Смартфоны,2026-07-29T18:50:58.010Z,https://wordstat.yandex.ru/?region=225&view=table&words=%D1%81%D0%BE%D0%B2%D0%BC%D0%B5%D1%81%D1%82%D0%B8%D0%BC%D0%BE%D1%81%D1%82%D1%8C%20%D0%B7%D0%BD%D0%B0%D0%BA%D0%BE%D0%B2%20%D0%B7%D0%BE%D0%B4%D0%B8%D0%B0%D0%BA%D0%B0
натальная карта по дате рождения рассчитать онлайн,natal,RELEVANT,1445,broad,Yandex external demand proxy,натальная карта,Россия,Смартфоны,2026-07-29T18:50:57.081Z,https://wordstat.yandex.ru/?region=225&view=table&words=%D0%BD%D0%B0%D1%82%D0%B0%D0%BB%D1%8C%D0%BD%D0%B0%D1%8F%20%D0%BA%D0%B0%D1%80%D1%82%D0%B0
сколько натальных карт,natal,RELEVANT,1440,broad,Yandex external demand proxy,натальная карта,Россия,Смартфоны,2026-07-29T18:50:57.081Z,https://wordstat.yandex.ru/?region=225&view=table&words=%D0%BD%D0%B0%D1%82%D0%B0%D0%BB%D1%8C%D0%BD%D0%B0%D1%8F%20%D0%BA%D0%B0%D1%80%D1%82%D0%B0
юпитер в синастрии,synastry,RELEVANT,1437,broad,Yandex external demand proxy,синастрия,Россия,Смартфоны,2026-07-29T18:51:00.129Z,https://wordstat.yandex.ru/?region=225&view=table&words=%D1%81%D0%B8%D0%BD%D0%B0%D1%81%D1%82%D1%80%D0%B8%D1%8F
натальная карта по времени рождения,natal,RELEVANT,1433,broad,Yandex external demand proxy,натальная карта,Россия,Смартфоны,2026-07-29T18:50:57.081Z,https://wordstat.yandex.ru/?region=225&view=table&words=%D0%BD%D0%B0%D1%82%D0%B0%D0%BB%D1%8C%D0%BD%D0%B0%D1%8F%20%D0%BA%D0%B0%D1%80%D1%82%D0%B0
натальная карта онлайн бесплатно шоу,natal,RELEVANT,1425,broad,Yandex external demand proxy,натальная карта,Россия,Смартфоны,2026-07-29T18:50:57.081Z,https://wordstat.yandex.ru/?region=225&view=table&words=%D0%BD%D0%B0%D1%82%D0%B0%D0%BB%D1%8C%D0%BD%D0%B0%D1%8F%20%D0%BA%D0%B0%D1%80%D1%82%D0%B0
натальная карта дзюба,natal,RELEVANT,1421,broad,Yandex external demand proxy,натальная карта,Россия,Смартфоны,2026-07-29T18:50:57.081Z,https://wordstat.yandex.ru/?region=225&view=table&words=%D0%BD%D0%B0%D1%82%D0%B0%D0%BB%D1%8C%D0%BD%D0%B0%D1%8F%20%D0%BA%D0%B0%D1%80%D1%82%D0%B0
синастрия трин,synastry,RELEVANT,1419,broad,Yandex external demand proxy,синастрия,Россия,Смартфоны,2026-07-29T18:51:00.129Z,https://wordstat.yandex.ru/?region=225&view=table&words=%D1%81%D0%B8%D0%BD%D0%B0%D1%81%D1%82%D1%80%D0%B8%D1%8F
какая планета астрология,astrology,RELEVANT,1404,broad,Yandex external demand proxy,астрология,Россия,Смартфоны,2026-07-29T18:51:01.061Z,https://wordstat.yandex.ru/?region=225&view=table&words=%D0%B0%D1%81%D1%82%D1%80%D0%BE%D0%BB%D0%BE%D0%B3%D0%B8%D1%8F
астрология прогноз,astrology,RELEVANT,1402,broad,Yandex external demand proxy,астрология,Россия,Смартфоны,2026-07-29T18:51:01.061Z,https://wordstat.yandex.ru/?region=225&view=table&words=%D0%B0%D1%81%D1%82%D1%80%D0%BE%D0%BB%D0%BE%D0%B3%D0%B8%D1%8F
управитель в натальной карте,natal,RELEVANT,1395,broad,Yandex external demand proxy,натальная карта,Россия,Смартфоны,2026-07-29T18:50:57.081Z,https://wordstat.yandex.ru/?region=225&view=table&words=%D0%BD%D0%B0%D1%82%D0%B0%D0%BB%D1%8C%D0%BD%D0%B0%D1%8F%20%D0%BA%D0%B0%D1%80%D1%82%D0%B0
совместимость знаков зодиака рыбы мужчина и женщина,compatibility,RELEVANT,1395,broad,Yandex external demand proxy,совместимость знаков зодиака,Россия,Смартфоны,2026-07-29T18:50:58.010Z,https://wordstat.yandex.ru/?region=225&view=table&words=%D1%81%D0%BE%D0%B2%D0%BC%D0%B5%D1%81%D1%82%D0%B8%D0%BC%D0%BE%D1%81%D1%82%D1%8C%20%D0%B7%D0%BD%D0%B0%D0%BA%D0%BE%D0%B2%20%D0%B7%D0%BE%D0%B4%D0%B8%D0%B0%D0%BA%D0%B0
астрология зрение,astrology,RELEVANT,1393,broad,Yandex external demand proxy,астрология,Россия,Смартфоны,2026-07-29T18:51:01.061Z,https://wordstat.yandex.ru/?region=225&view=table&words=%D0%B0%D1%81%D1%82%D1%80%D0%BE%D0%BB%D0%BE%D0%B3%D0%B8%D1%8F
узлы в синастрии,synastry,RELEVANT,1392,broad,Yandex external demand proxy,синастрия,Россия,Смартфоны,2026-07-29T18:51:00.129Z,https://wordstat.yandex.ru/?region=225&view=table&words=%D1%81%D0%B8%D0%BD%D0%B0%D1%81%D1%82%D1%80%D0%B8%D1%8F
синастрия дома партнера,synastry,RELEVANT,1388,broad,Yandex external demand proxy,синастрия,Россия,Смартфоны,2026-07-29T18:51:00.129Z,https://wordstat.yandex.ru/?region=225&view=table&words=%D1%81%D0%B8%D0%BD%D0%B0%D1%81%D1%82%D1%80%D0%B8%D1%8F
совместимость знаков зодиака женщины близнецы и мужчина,compatibility,RELEVANT,1381,broad,Yandex external demand proxy,совместимость знаков зодиака,Россия,Смартфоны,2026-07-29T18:50:58.010Z,https://wordstat.yandex.ru/?region=225&view=table&words=%D1%81%D0%BE%D0%B2%D0%BC%D0%B5%D1%81%D1%82%D0%B8%D0%BC%D0%BE%D1%81%D1%82%D1%8C%20%D0%B7%D0%BD%D0%B0%D0%BA%D0%BE%D0%B2%20%D0%B7%D0%BE%D0%B4%D0%B8%D0%B0%D0%BA%D0%B0
с точки зрения астрологии,astrology,RELEVANT,1373,broad,Yandex external demand proxy,астрология,Россия,Смартфоны,2026-07-29T18:51:01.061Z,https://wordstat.yandex.ru/?region=225&view=table&words=%D0%B0%D1%81%D1%82%D1%80%D0%BE%D0%BB%D0%BE%D0%B3%D0%B8%D1%8F
натальная карта шоу смотреть онлайн бесплатно,natal,RELEVANT,1369,broad,Yandex external demand proxy,натальная карта,Россия,Смартфоны,2026-07-29T18:50:57.081Z,https://wordstat.yandex.ru/?region=225&view=table&words=%D0%BD%D0%B0%D1%82%D0%B0%D0%BB%D1%8C%D0%BD%D0%B0%D1%8F%20%D0%BA%D0%B0%D1%80%D1%82%D0%B0
как понять натальную карту,natal,RELEVANT,1360,broad,Yandex external demand proxy,натальная карта,Россия,Смартфоны,2026-07-29T18:50:57.081Z,https://wordstat.yandex.ru/?region=225&view=table&words=%D0%BD%D0%B0%D1%82%D0%B0%D0%BB%D1%8C%D0%BD%D0%B0%D1%8F%20%D0%BA%D0%B0%D1%80%D1%82%D0%B0
совместимость знаков зодиака мужчин и женщин скорпион,compatibility,RELEVANT,1360,broad,Yandex external demand proxy,совместимость знаков зодиака,Россия,Смартфоны,2026-07-29T18:50:58.010Z,https://wordstat.yandex.ru/?region=225&view=table&words=%D1%81%D0%BE%D0%B2%D0%BC%D0%B5%D1%81%D1%82%D0%B8%D0%BC%D0%BE%D1%81%D1%82%D1%8C%20%D0%B7%D0%BD%D0%B0%D0%BA%D0%BE%D0%B2%20%D0%B7%D0%BE%D0%B4%D0%B8%D0%B0%D0%BA%D0%B0
натальная карта рассчитать совместимость,natal,RELEVANT,1356,broad,Yandex external demand proxy,натальная карта,Россия,Смартфоны,2026-07-29T18:50:57.081Z,https://wordstat.yandex.ru/?region=225&view=table&words=%D0%BD%D0%B0%D1%82%D0%B0%D0%BB%D1%8C%D0%BD%D0%B0%D1%8F%20%D0%BA%D0%B0%D1%80%D1%82%D0%B0
западная астрология,astrology,RELEVANT,1356,broad,Yandex external demand proxy,астрология,Россия,Смартфоны,2026-07-29T18:51:01.061Z,https://wordstat.yandex.ru/?region=225&view=table&words=%D0%B0%D1%81%D1%82%D1%80%D0%BE%D0%BB%D0%BE%D0%B3%D0%B8%D1%8F
astro com натальная карта,natal,RELEVANT,1355,broad,Yandex external demand proxy,натальная карта,Россия,Смартфоны,2026-07-29T18:50:57.081Z,https://wordstat.yandex.ru/?region=225&view=table&words=%D0%BD%D0%B0%D1%82%D0%B0%D0%BB%D1%8C%D0%BD%D0%B0%D1%8F%20%D0%BA%D0%B0%D1%80%D1%82%D0%B0
джйотиш астрология,astrology,RELEVANT,1350,broad,Yandex external demand proxy,астрология,Россия,Смартфоны,2026-07-29T18:51:01.061Z,https://wordstat.yandex.ru/?region=225&view=table&words=%D0%B0%D1%81%D1%82%D1%80%D0%BE%D0%BB%D0%BE%D0%B3%D0%B8%D1%8F
синастрия венера мужчины,synastry,RELEVANT,1342,broad,Yandex external demand proxy,синастрия,Россия,Смартфоны,2026-07-29T18:51:00.129Z,https://wordstat.yandex.ru/?region=225&view=table&words=%D1%81%D0%B8%D0%BD%D0%B0%D1%81%D1%82%D1%80%D0%B8%D1%8F
знаки зодиака совместимость в браке женщина,compatibility,RELEVANT,1335,broad,Yandex external demand proxy,совместимость знаков зодиака,Россия,Смартфоны,2026-07-29T18:50:58.010Z,https://wordstat.yandex.ru/?region=225&view=table&words=%D1%81%D0%BE%D0%B2%D0%BC%D0%B5%D1%81%D1%82%D0%B8%D0%BC%D0%BE%D1%81%D1%82%D1%8C%20%D0%B7%D0%BD%D0%B0%D0%BA%D0%BE%D0%B2%20%D0%B7%D0%BE%D0%B4%D0%B8%D0%B0%D0%BA%D0%B0
натальная карта партнеров,natal,RELEVANT,1327,broad,Yandex external demand proxy,натальная карта,Россия,Смартфоны,2026-07-29T18:50:57.081Z,https://wordstat.yandex.ru/?region=225&view=table&words=%D0%BD%D0%B0%D1%82%D0%B0%D0%BB%D1%8C%D0%BD%D0%B0%D1%8F%20%D0%BA%D0%B0%D1%80%D1%82%D0%B0
соединение марсов в синастрии,synastry,RELEVANT,1327,broad,Yandex external demand proxy,синастрия,Россия,Смартфоны,2026-07-29T18:51:00.129Z,https://wordstat.yandex.ru/?region=225&view=table&words=%D1%81%D0%B8%D0%BD%D0%B0%D1%81%D1%82%D1%80%D0%B8%D1%8F
совместимость знаков зодиака в процентах,compatibility,RELEVANT,1324,broad,Yandex external demand proxy,совместимость знаков зодиака,Россия,Смартфоны,2026-07-29T18:50:58.010Z,https://wordstat.yandex.ru/?region=225&view=table&words=%D1%81%D0%BE%D0%B2%D0%BC%D0%B5%D1%81%D1%82%D0%B8%D0%BC%D0%BE%D1%81%D1%82%D1%8C%20%D0%B7%D0%BD%D0%B0%D0%BA%D0%BE%D0%B2%20%D0%B7%D0%BE%D0%B4%D0%B8%D0%B0%D0%BA%D0%B0
натальная карта жизни,natal,RELEVANT,1322,broad,Yandex external demand proxy,натальная карта,Россия,Смартфоны,2026-07-29T18:50:57.081Z,https://wordstat.yandex.ru/?region=225&view=table&words=%D0%BD%D0%B0%D1%82%D0%B0%D0%BB%D1%8C%D0%BD%D0%B0%D1%8F%20%D0%BA%D0%B0%D1%80%D1%82%D0%B0
натальная карта журавлев иванченко,natal,RELEVANT,1321,broad,Yandex external demand proxy,натальная карта,Россия,Смартфоны,2026-07-29T18:50:57.081Z,https://wordstat.yandex.ru/?region=225&view=table&words=%D0%BD%D0%B0%D1%82%D0%B0%D0%BB%D1%8C%D0%BD%D0%B0%D1%8F%20%D0%BA%D0%B0%D1%80%D1%82%D0%B0
какой день астрологии,astrology,RELEVANT,1304,broad,Yandex external demand proxy,астрология,Россия,Смартфоны,2026-07-29T18:51:01.061Z,https://wordstat.yandex.ru/?region=225&view=table&words=%D0%B0%D1%81%D1%82%D1%80%D0%BE%D0%BB%D0%BE%D0%B3%D0%B8%D1%8F
астрология на июль,astrology,RELEVANT,1301,broad,Yandex external demand proxy,астрология,Россия,Смартфоны,2026-07-29T18:51:01.061Z,https://wordstat.yandex.ru/?region=225&view=table&words=%D0%B0%D1%81%D1%82%D1%80%D0%BE%D0%BB%D0%BE%D0%B3%D0%B8%D1%8F
аспекты в астрологии,astrology,RELEVANT,1283,broad,Yandex external demand proxy,астрология,Россия,Смартфоны,2026-07-29T18:51:01.061Z,https://wordstat.yandex.ru/?region=225&view=table&words=%D0%B0%D1%81%D1%82%D1%80%D0%BE%D0%BB%D0%BE%D0%B3%D0%B8%D1%8F
про астрологию дзен,astrology,RELEVANT,1278,broad,Yandex external demand proxy,астрология,Россия,Смартфоны,2026-07-29T18:51:01.061Z,https://wordstat.yandex.ru/?region=225&view=table&words=%D0%B0%D1%81%D1%82%D1%80%D0%BE%D0%BB%D0%BE%D0%B3%D0%B8%D1%8F
рак астрология,astrology,RELEVANT,1268,broad,Yandex external demand proxy,астрология,Россия,Смартфоны,2026-07-29T18:51:01.061Z,https://wordstat.yandex.ru/?region=225&view=table&words=%D0%B0%D1%81%D1%82%D1%80%D0%BE%D0%BB%D0%BE%D0%B3%D0%B8%D1%8F
почему астрологию,astrology,RELEVANT,1264,broad,Yandex external demand proxy,астрология,Россия,Смартфоны,2026-07-29T18:51:01.061Z,https://wordstat.yandex.ru/?region=225&view=table&words=%D0%B0%D1%81%D1%82%D1%80%D0%BE%D0%BB%D0%BE%D0%B3%D0%B8%D1%8F
совместимость со знаками зодиака,compatibility,RELEVANT,1255,broad,Yandex external demand proxy,совместимость знаков зодиака,Россия,Смартфоны,2026-07-29T18:50:58.010Z,https://wordstat.yandex.ru/?region=225&view=table&words=%D1%81%D0%BE%D0%B2%D0%BC%D0%B5%D1%81%D1%82%D0%B8%D0%BC%D0%BE%D1%81%D1%82%D1%8C%20%D0%B7%D0%BD%D0%B0%D0%BA%D0%BE%D0%B2%20%D0%B7%D0%BE%D0%B4%D0%B8%D0%B0%D0%BA%D0%B0
совместимость знаков зодиака водолей мужчина и женщина,compatibility,RELEVANT,1254,broad,Yandex external demand proxy,совместимость знаков зодиака,Россия,Смартфоны,2026-07-29T18:50:58.010Z,https://wordstat.yandex.ru/?region=225&view=table&words=%D1%81%D0%BE%D0%B2%D0%BC%D0%B5%D1%81%D1%82%D0%B8%D0%BC%D0%BE%D1%81%D1%82%D1%8C%20%D0%B7%D0%BD%D0%B0%D0%BA%D0%BE%D0%B2%20%D0%B7%D0%BE%D0%B4%D0%B8%D0%B0%D0%BA%D0%B0
венера в астрологии,astrology,RELEVANT,1254,broad,Yandex external demand proxy,астрология,Россия,Смартфоны,2026-07-29T18:51:01.061Z,https://wordstat.yandex.ru/?region=225&view=table&words=%D0%B0%D1%81%D1%82%D1%80%D0%BE%D0%BB%D0%BE%D0%B3%D0%B8%D1%8F
узлы в астрологии,astrology,RELEVANT,1253,broad,Yandex external demand proxy,астрология,Россия,Смартфоны,2026-07-29T18:51:01.061Z,https://wordstat.yandex.ru/?region=225&view=table&words=%D0%B0%D1%81%D1%82%D1%80%D0%BE%D0%BB%D0%BE%D0%B3%D0%B8%D1%8F
ведическая астрология карта,astrology,RELEVANT,1249,broad,Yandex external demand proxy,астрология,Россия,Смартфоны,2026-07-29T18:51:01.061Z,https://wordstat.yandex.ru/?region=225&view=table&words=%D0%B0%D1%81%D1%82%D1%80%D0%BE%D0%BB%D0%BE%D0%B3%D0%B8%D1%8F
астрология нумерология,astrology,RELEVANT,1244,broad,Yandex external demand proxy,астрология,Россия,Смартфоны,2026-07-29T18:51:01.061Z,https://wordstat.yandex.ru/?region=225&view=table&words=%D0%B0%D1%81%D1%82%D1%80%D0%BE%D0%BB%D0%BE%D0%B3%D0%B8%D1%8F
секстиль синастрия,synastry,RELEVANT,1227,broad,Yandex external demand proxy,синастрия,Россия,Смартфоны,2026-07-29T18:51:00.129Z,https://wordstat.yandex.ru/?region=225&view=table&words=%D1%81%D0%B8%D0%BD%D0%B0%D1%81%D1%82%D1%80%D0%B8%D1%8F
академия астрологии,astrology,RELEVANT,1226,broad,Yandex external demand proxy,астрология,Россия,Смартфоны,2026-07-29T18:51:01.061Z,https://wordstat.yandex.ru/?region=225&view=table&words=%D0%B0%D1%81%D1%82%D1%80%D0%BE%D0%BB%D0%BE%D0%B3%D0%B8%D1%8F
что означает астрология,astrology,RELEVANT,1225,broad,Yandex external demand proxy,астрология,Россия,Смартфоны,2026-07-29T18:51:01.061Z,https://wordstat.yandex.ru/?region=225&view=table&words=%D0%B0%D1%81%D1%82%D1%80%D0%BE%D0%BB%D0%BE%D0%B3%D0%B8%D1%8F
совместимость знаков зодиака мужчин и женщин овен,compatibility,RELEVANT,1217,broad,Yandex external demand proxy,совместимость знаков зодиака,Россия,Смартфоны,2026-07-29T18:50:58.010Z,https://wordstat.yandex.ru/?region=225&view=table&words=%D1%81%D0%BE%D0%B2%D0%BC%D0%B5%D1%81%D1%82%D0%B8%D0%BC%D0%BE%D1%81%D1%82%D1%8C%20%D0%B7%D0%BD%D0%B0%D0%BA%D0%BE%D0%B2%20%D0%B7%D0%BE%D0%B4%D0%B8%D0%B0%D0%BA%D0%B0
совместимость знаков зодиака мужчин и женщин козерог,compatibility,RELEVANT,1215,broad,Yandex external demand proxy,совместимость знаков зодиака,Россия,Смартфоны,2026-07-29T18:50:58.010Z,https://wordstat.yandex.ru/?region=225&view=table&words=%D1%81%D0%BE%D0%B2%D0%BC%D0%B5%D1%81%D1%82%D0%B8%D0%BC%D0%BE%D1%81%D1%82%D1%8C%20%D0%B7%D0%BD%D0%B0%D0%BA%D0%BE%D0%B2%20%D0%B7%D0%BE%D0%B4%D0%B8%D0%B0%D0%BA%D0%B0
астрология период,astrology,RELEVANT,1215,broad,Yandex external demand proxy,астрология,Россия,Смартфоны,2026-07-29T18:51:01.061Z,https://wordstat.yandex.ru/?region=225&view=table&words=%D0%B0%D1%81%D1%82%D1%80%D0%BE%D0%BB%D0%BE%D0%B3%D0%B8%D1%8F
меркурий в астрологии,astrology,RELEVANT,1207,broad,Yandex external demand proxy,астрология,Россия,Смартфоны,2026-07-29T18:51:01.061Z,https://wordstat.yandex.ru/?region=225&view=table&words=%D0%B0%D1%81%D1%82%D1%80%D0%BE%D0%BB%D0%BE%D0%B3%D0%B8%D1%8F
тригон синастрия,synastry,RELEVANT,1201,broad,Yandex external demand proxy,синастрия,Россия,Смартфоны,2026-07-29T18:51:00.129Z,https://wordstat.yandex.ru/?region=225&view=table&words=%D1%81%D0%B8%D0%BD%D0%B0%D1%81%D1%82%D1%80%D0%B8%D1%8F
книги по астрологии,astrology,RELEVANT,1198,broad,Yandex external demand proxy,астрология,Россия,Смартфоны,2026-07-29T18:51:01.061Z,https://wordstat.yandex.ru/?region=225&view=table&words=%D0%B0%D1%81%D1%82%D1%80%D0%BE%D0%BB%D0%BE%D0%B3%D0%B8%D1%8F
синастрия онлайн бесплатно,synastry,RELEVANT,1196,broad,Yandex external demand proxy,синастрия,Россия,Смартфоны,2026-07-29T18:51:00.129Z,https://wordstat.yandex.ru/?region=225&view=table&words=%D1%81%D0%B8%D0%BD%D0%B0%D1%81%D1%82%D1%80%D0%B8%D1%8F
обучение астрологии,astrology,RELEVANT,1193,broad,Yandex external demand proxy,астрология,Россия,Смартфоны,2026-07-29T18:51:01.061Z,https://wordstat.yandex.ru/?region=225&view=table&words=%D0%B0%D1%81%D1%82%D1%80%D0%BE%D0%BB%D0%BE%D0%B3%D0%B8%D1%8F
астрология воровка скачать,astrology,RELEVANT,1192,broad,Yandex external demand proxy,астрология,Россия,Смартфоны,2026-07-29T18:51:01.061Z,https://wordstat.yandex.ru/?region=225&view=table&words=%D0%B0%D1%81%D1%82%D1%80%D0%BE%D0%BB%D0%BE%D0%B3%D0%B8%D1%8F
венера женщины в синастрии,synastry,RELEVANT,1191,broad,Yandex external demand proxy,синастрия,Россия,Смартфоны,2026-07-29T18:51:00.129Z,https://wordstat.yandex.ru/?region=225&view=table&words=%D1%81%D0%B8%D0%BD%D0%B0%D1%81%D1%82%D1%80%D0%B8%D1%8F
совместимость знаков зодиака мужчин и женщин весы,compatibility,RELEVANT,1180,broad,Yandex external demand proxy,совместимость знаков зодиака,Россия,Смартфоны,2026-07-29T18:50:58.010Z,https://wordstat.yandex.ru/?region=225&view=table&words=%D1%81%D0%BE%D0%B2%D0%BC%D0%B5%D1%81%D1%82%D0%B8%D0%BC%D0%BE%D1%81%D1%82%D1%8C%20%D0%B7%D0%BD%D0%B0%D0%BA%D0%BE%D0%B2%20%D0%B7%D0%BE%D0%B4%D0%B8%D0%B0%D0%BA%D0%B0
астрология совместимость,astrology,RELEVANT,1144,broad,Yandex external demand proxy,астрология,Россия,Смартфоны,2026-07-29T18:51:01.061Z,https://wordstat.yandex.ru/?region=225&view=table&words=%D0%B0%D1%81%D1%82%D1%80%D0%BE%D0%BB%D0%BE%D0%B3%D0%B8%D1%8F
синастрия луна женщины,synastry,RELEVANT,1139,broad,Yandex external demand proxy,синастрия,Россия,Смартфоны,2026-07-29T18:51:00.129Z,https://wordstat.yandex.ru/?region=225&view=table&words=%D1%81%D0%B8%D0%BD%D0%B0%D1%81%D1%82%D1%80%D0%B8%D1%8F
астрология левина,astrology,RELEVANT,1137,broad,Yandex external demand proxy,астрология,Россия,Смартфоны,2026-07-29T18:51:01.061Z,https://wordstat.yandex.ru/?region=225&view=table&words=%D0%B0%D1%81%D1%82%D1%80%D0%BE%D0%BB%D0%BE%D0%B3%D0%B8%D1%8F
меркурий синастрия,synastry,RELEVANT,1130,broad,Yandex external demand proxy,синастрия,Россия,Смартфоны,2026-07-29T18:51:00.129Z,https://wordstat.yandex.ru/?region=225&view=table&words=%D1%81%D0%B8%D0%BD%D0%B0%D1%81%D1%82%D1%80%D0%B8%D1%8F
совместимость знаков зодиака мужчин и женщин стрелец,compatibility,RELEVANT,1118,broad,Yandex external demand proxy,совместимость знаков зодиака,Россия,Смартфоны,2026-07-29T18:50:58.010Z,https://wordstat.yandex.ru/?region=225&view=table&words=%D1%81%D0%BE%D0%B2%D0%BC%D0%B5%D1%81%D1%82%D0%B8%D0%BC%D0%BE%D1%81%D1%82%D1%8C%20%D0%B7%D0%BD%D0%B0%D0%BA%D0%BE%D0%B2%20%D0%B7%D0%BE%D0%B4%D0%B8%D0%B0%D0%BA%D0%B0
астрология онлайн бесплатно,astrology,RELEVANT,1094,broad,Yandex external demand proxy,астрология,Россия,Смартфоны,2026-07-29T18:51:01.061Z,https://wordstat.yandex.ru/?region=225&view=table&words=%D0%B0%D1%81%D1%82%D1%80%D0%BE%D0%BB%D0%BE%D0%B3%D0%B8%D1%8F
луна мужчины в синастрии,synastry,RELEVANT,1085,broad,Yandex external demand proxy,синастрия,Россия,Смартфоны,2026-07-29T18:51:00.129Z,https://wordstat.yandex.ru/?region=225&view=table&words=%D1%81%D0%B8%D0%BD%D0%B0%D1%81%D1%82%D1%80%D0%B8%D1%8F
синастрия уран,synastry,RELEVANT,1077,broad,Yandex external demand proxy,синастрия,Россия,Смартфоны,2026-07-29T18:51:00.129Z,https://wordstat.yandex.ru/?region=225&view=table&words=%D1%81%D0%B8%D0%BD%D0%B0%D1%81%D1%82%D1%80%D0%B8%D1%8F
раха астрология,astrology,RELEVANT,1066,broad,Yandex external demand proxy,астрология,Россия,Смартфоны,2026-07-29T18:51:01.061Z,https://wordstat.yandex.ru/?region=225&view=table&words=%D0%B0%D1%81%D1%82%D1%80%D0%BE%D0%BB%D0%BE%D0%B3%D0%B8%D1%8F
лучшая совместимость знаков зодиака,compatibility,RELEVANT,1061,broad,Yandex external demand proxy,совместимость знаков зодиака,Россия,Смартфоны,2026-07-29T18:50:58.010Z,https://wordstat.yandex.ru/?region=225&view=table&words=%D1%81%D0%BE%D0%B2%D0%BC%D0%B5%D1%81%D1%82%D0%B8%D0%BC%D0%BE%D1%81%D1%82%D1%8C%20%D0%B7%D0%BD%D0%B0%D0%BA%D0%BE%D0%B2%20%D0%B7%D0%BE%D0%B4%D0%B8%D0%B0%D0%BA%D0%B0
ведическая астрология натальная,astrology,RELEVANT,1055,broad,Yandex external demand proxy,астрология,Россия,Смартфоны,2026-07-29T18:51:01.061Z,https://wordstat.yandex.ru/?region=225&view=table&words=%D0%B0%D1%81%D1%82%D1%80%D0%BE%D0%BB%D0%BE%D0%B3%D0%B8%D1%8F
таблица совместимости знаков зодиака,compatibility,RELEVANT,1052,broad,Yandex external demand proxy,совместимость знаков зодиака,Россия,Смартфоны,2026-07-29T18:50:58.010Z,https://wordstat.yandex.ru/?region=225&view=table&words=%D1%81%D0%BE%D0%B2%D0%BC%D0%B5%D1%81%D1%82%D0%B8%D0%BC%D0%BE%D1%81%D1%82%D1%8C%20%D0%B7%D0%BD%D0%B0%D0%BA%D0%BE%D0%B2%20%D0%B7%D0%BE%D0%B4%D0%B8%D0%B0%D0%BA%D0%B0
астрология просто,astrology,RELEVANT,1049,broad,Yandex external demand proxy,астрология,Россия,Смартфоны,2026-07-29T18:51:01.061Z,https://wordstat.yandex.ru/?region=225&view=table&words=%D0%B0%D1%81%D1%82%D1%80%D0%BE%D0%BB%D0%BE%D0%B3%D0%B8%D1%8F
ведическая астрология натальная карта,astrology,RELEVANT,1041,broad,Yandex external demand proxy,астрология,Россия,Смартфоны,2026-07-29T18:51:01.061Z,https://wordstat.yandex.ru/?region=225&view=table&words=%D0%B0%D1%81%D1%82%D1%80%D0%BE%D0%BB%D0%BE%D0%B3%D0%B8%D1%8F
градусы в астрологии,astrology,RELEVANT,1028,broad,Yandex external demand proxy,астрология,Россия,Смартфоны,2026-07-29T18:51:01.061Z,https://wordstat.yandex.ru/?region=225&view=table&words=%D0%B0%D1%81%D1%82%D1%80%D0%BE%D0%BB%D0%BE%D0%B3%D0%B8%D1%8F
солнце в астрологии,astrology,RELEVANT,1027,broad,Yandex external demand proxy,астрология,Россия,Смартфоны,2026-07-29T18:51:01.061Z,https://wordstat.yandex.ru/?region=225&view=table&words=%D0%B0%D1%81%D1%82%D1%80%D0%BE%D0%BB%D0%BE%D0%B3%D0%B8%D1%8F
скачать песню астрология,astrology,RELEVANT,1016,broad,Yandex external demand proxy,астрология,Россия,Смартфоны,2026-07-29T18:51:01.061Z,https://wordstat.yandex.ru/?region=225&view=table&words=%D0%B0%D1%81%D1%82%D1%80%D0%BE%D0%BB%D0%BE%D0%B3%D0%B8%D1%8F
астрология время,astrology,RELEVANT,1003,broad,Yandex external demand proxy,астрология,Россия,Смартфоны,2026-07-29T18:51:01.061Z,https://wordstat.yandex.ru/?region=225&view=table&words=%D0%B0%D1%81%D1%82%D1%80%D0%BE%D0%BB%D0%BE%D0%B3%D0%B8%D1%8F
геокульт синастрия,synastry,RELEVANT,982,broad,Yandex external demand proxy,синастрия,Россия,Смартфоны,2026-07-29T18:51:00.129Z,https://wordstat.yandex.ru/?region=225&view=table&words=%D1%81%D0%B8%D0%BD%D0%B0%D1%81%D1%82%D1%80%D0%B8%D1%8F
весы астрология,astrology,RELEVANT,980,broad,Yandex external demand proxy,астрология,Россия,Смартфоны,2026-07-29T18:51:01.061Z,https://wordstat.yandex.ru/?region=225&view=table&words=%D0%B0%D1%81%D1%82%D1%80%D0%BE%D0%BB%D0%BE%D0%B3%D0%B8%D1%8F
плутон соединение плутон в синастрии,synastry,RELEVANT,978,broad,Yandex external demand proxy,синастрия,Россия,Смартфоны,2026-07-29T18:51:00.129Z,https://wordstat.yandex.ru/?region=225&view=table&words=%D1%81%D0%B8%D0%BD%D0%B0%D1%81%D1%82%D1%80%D0%B8%D1%8F
астрология девы,astrology,RELEVANT,976,broad,Yandex external demand proxy,астрология,Россия,Смартфоны,2026-07-29T18:51:01.061Z,https://wordstat.yandex.ru/?region=225&view=table&words=%D0%B0%D1%81%D1%82%D1%80%D0%BE%D0%BB%D0%BE%D0%B3%D0%B8%D1%8F
астрология мужчина,astrology,RELEVANT,969,broad,Yandex external demand proxy,астрология,Россия,Смартфоны,2026-07-29T18:51:01.061Z,https://wordstat.yandex.ru/?region=225&view=table&words=%D0%B0%D1%81%D1%82%D1%80%D0%BE%D0%BB%D0%BE%D0%B3%D0%B8%D1%8F
скачать песню астрология воровка,astrology,RELEVANT,963,broad,Yandex external demand proxy,астрология,Россия,Смартфоны,2026-07-29T18:51:01.061Z,https://wordstat.yandex.ru/?region=225&view=table&words=%D0%B0%D1%81%D1%82%D1%80%D0%BE%D0%BB%D0%BE%D0%B3%D0%B8%D1%8F
обозначения в астрологии,astrology,RELEVANT,939,broad,Yandex external demand proxy,астрология,Россия,Смартфоны,2026-07-29T18:51:01.061Z,https://wordstat.yandex.ru/?region=225&view=table&words=%D0%B0%D1%81%D1%82%D1%80%D0%BE%D0%BB%D0%BE%D0%B3%D0%B8%D1%8F
совместимость мужчины с другими знаками зодиака,compatibility,RELEVANT,929,broad,Yandex external demand proxy,совместимость знаков зодиака,Россия,Смартфоны,2026-07-29T18:50:58.010Z,https://wordstat.yandex.ru/?region=225&view=table&words=%D1%81%D0%BE%D0%B2%D0%BC%D0%B5%D1%81%D1%82%D0%B8%D0%BC%D0%BE%D1%81%D1%82%D1%8C%20%D0%B7%D0%BD%D0%B0%D0%BA%D0%BE%D0%B2%20%D0%B7%D0%BE%D0%B4%D0%B8%D0%B0%D0%BA%D0%B0
венера плутон в синастрии,synastry,RELEVANT,929,broad,Yandex external demand proxy,синастрия,Россия,Смартфоны,2026-07-29T18:51:00.129Z,https://wordstat.yandex.ru/?region=225&view=table&words=%D1%81%D0%B8%D0%BD%D0%B0%D1%81%D1%82%D1%80%D0%B8%D1%8F
венера марс синастрии,synastry,RELEVANT,920,broad,Yandex external demand proxy,синастрия,Россия,Смартфоны,2026-07-29T18:51:00.129Z,https://wordstat.yandex.ru/?region=225&view=table&words=%D1%81%D0%B8%D0%BD%D0%B0%D1%81%D1%82%D1%80%D0%B8%D1%8F
козероге астрология,astrology,RELEVANT,913,broad,Yandex external demand proxy,астрология,Россия,Смартфоны,2026-07-29T18:51:01.061Z,https://wordstat.yandex.ru/?region=225&view=table&words=%D0%B0%D1%81%D1%82%D1%80%D0%BE%D0%BB%D0%BE%D0%B3%D0%B8%D1%8F
синастрия с расшифровкой,synastry,RELEVANT,912,broad,Yandex external demand proxy,синастрия,Россия,Смартфоны,2026-07-29T18:51:00.129Z,https://wordstat.yandex.ru/?region=225&view=table&words=%D1%81%D0%B8%D0%BD%D0%B0%D1%81%D1%82%D1%80%D0%B8%D1%8F
астрология расшифровка,astrology,RELEVANT,897,broad,Yandex external demand proxy,астрология,Россия,Смартфоны,2026-07-29T18:51:01.061Z,https://wordstat.yandex.ru/?region=225&view=table&words=%D0%B0%D1%81%D1%82%D1%80%D0%BE%D0%BB%D0%BE%D0%B3%D0%B8%D1%8F
курсы астрологии,astrology,RELEVANT,894,broad,Yandex external demand proxy,астрология,Россия,Смартфоны,2026-07-29T18:51:01.061Z,https://wordstat.yandex.ru/?region=225&view=table&words=%D0%B0%D1%81%D1%82%D1%80%D0%BE%D0%BB%D0%BE%D0%B3%D0%B8%D1%8F
астрология близнецы,astrology,RELEVANT,886,broad,Yandex external demand proxy,астрология,Россия,Смартфоны,2026-07-29T18:51:01.061Z,https://wordstat.yandex.ru/?region=225&view=table&words=%D0%B0%D1%81%D1%82%D1%80%D0%BE%D0%BB%D0%BE%D0%B3%D0%B8%D1%8F
марс в астрологии,astrology,RELEVANT,885,broad,Yandex external demand proxy,астрология,Россия,Смартфоны,2026-07-29T18:51:01.061Z,https://wordstat.yandex.ru/?region=225&view=table&words=%D0%B0%D1%81%D1%82%D1%80%D0%BE%D0%BB%D0%BE%D0%B3%D0%B8%D1%8F
астрология расчет,astrology,RELEVANT,874,broad,Yandex external demand proxy,астрология,Россия,Смартфоны,2026-07-29T18:51:01.061Z,https://wordstat.yandex.ru/?region=225&view=table&words=%D0%B0%D1%81%D1%82%D1%80%D0%BE%D0%BB%D0%BE%D0%B3%D0%B8%D1%8F
символы астрологии,astrology,RELEVANT,871,broad,Yandex external demand proxy,астрология,Россия,Смартфоны,2026-07-29T18:51:01.061Z,https://wordstat.yandex.ru/?region=225&view=table&words=%D0%B0%D1%81%D1%82%D1%80%D0%BE%D0%BB%D0%BE%D0%B3%D0%B8%D1%8F
солнце мужчины в синастрии,synastry,RELEVANT,868,broad,Yandex external demand proxy,синастрия,Россия,Смартфоны,2026-07-29T18:51:00.129Z,https://wordstat.yandex.ru/?region=225&view=table&words=%D1%81%D0%B8%D0%BD%D0%B0%D1%81%D1%82%D1%80%D0%B8%D1%8F
солнце женщины в синастрии,synastry,RELEVANT,856,broad,Yandex external demand proxy,синастрия,Россия,Смартфоны,2026-07-29T18:51:00.129Z,https://wordstat.yandex.ru/?region=225&view=table&words=%D1%81%D0%B8%D0%BD%D0%B0%D1%81%D1%82%D1%80%D0%B8%D1%8F
астрология цветов,astrology,RELEVANT,847,broad,Yandex external demand proxy,астрология,Россия,Смартфоны,2026-07-29T18:51:01.061Z,https://wordstat.yandex.ru/?region=225&view=table&words=%D0%B0%D1%81%D1%82%D1%80%D0%BE%D0%BB%D0%BE%D0%B3%D0%B8%D1%8F
уран в астрологии,astrology,RELEVANT,842,broad,Yandex external demand proxy,астрология,Россия,Смартфоны,2026-07-29T18:51:01.061Z,https://wordstat.yandex.ru/?region=225&view=table&words=%D0%B0%D1%81%D1%82%D1%80%D0%BE%D0%BB%D0%BE%D0%B3%D0%B8%D1%8F
астрология видео,astrology,RELEVANT,841,broad,Yandex external demand proxy,астрология,Россия,Смартфоны,2026-07-29T18:51:01.061Z,https://wordstat.yandex.ru/?region=225&view=table&words=%D0%B0%D1%81%D1%82%D1%80%D0%BE%D0%BB%D0%BE%D0%B3%D0%B8%D1%8F
лилит в астрологии,astrology,RELEVANT,833,broad,Yandex external demand proxy,астрология,Россия,Смартфоны,2026-07-29T18:51:01.061Z,https://wordstat.yandex.ru/?region=225&view=table&words=%D0%B0%D1%81%D1%82%D1%80%D0%BE%D0%BB%D0%BE%D0%B3%D0%B8%D1%8F
ведическая астрология рассчитать,astrology,RELEVANT,826,broad,Yandex external demand proxy,астрология,Россия,Смартфоны,2026-07-29T18:51:01.061Z,https://wordstat.yandex.ru/?region=225&view=table&words=%D0%B0%D1%81%D1%82%D1%80%D0%BE%D0%BB%D0%BE%D0%B3%D0%B8%D1%8F
марс женщины синастрия,synastry,RELEVANT,821,broad,Yandex external demand proxy,синастрия,Россия,Смартфоны,2026-07-29T18:51:00.129Z,https://wordstat.yandex.ru/?region=225&view=table&words=%D1%81%D0%B8%D0%BD%D0%B0%D1%81%D1%82%D1%80%D0%B8%D1%8F
астрология павел,astrology,RELEVANT,818,broad,Yandex external demand proxy,астрология,Россия,Смартфоны,2026-07-29T18:51:01.061Z,https://wordstat.yandex.ru/?region=225&view=table&words=%D0%B0%D1%81%D1%82%D1%80%D0%BE%D0%BB%D0%BE%D0%B3%D0%B8%D1%8F
венера квадрат венера в синастрии,synastry,RELEVANT,817,broad,Yandex external demand proxy,синастрия,Россия,Смартфоны,2026-07-29T18:51:00.129Z,https://wordstat.yandex.ru/?region=225&view=table&words=%D1%81%D0%B8%D0%BD%D0%B0%D1%81%D1%82%D1%80%D0%B8%D1%8F
плутон в астрологии,astrology,RELEVANT,810,broad,Yandex external demand proxy,астрология,Россия,Смартфоны,2026-07-29T18:51:01.061Z,https://wordstat.yandex.ru/?region=225&view=table&words=%D0%B0%D1%81%D1%82%D1%80%D0%BE%D0%BB%D0%BE%D0%B3%D0%B8%D1%8F
соединение сатурнов синастрия,synastry,RELEVANT,799,broad,Yandex external demand proxy,синастрия,Россия,Смартфоны,2026-07-29T18:51:00.129Z,https://wordstat.yandex.ru/?region=225&view=table&words=%D1%81%D0%B8%D0%BD%D0%B0%D1%81%D1%82%D1%80%D0%B8%D1%8F
значки в астрологии,astrology,RELEVANT,794,broad,Yandex external demand proxy,астрология,Россия,Смартфоны,2026-07-29T18:51:01.061Z,https://wordstat.yandex.ru/?region=225&view=table&words=%D0%B0%D1%81%D1%82%D1%80%D0%BE%D0%BB%D0%BE%D0%B3%D0%B8%D1%8F
транзиты астрология,astrology,RELEVANT,788,broad,Yandex external demand proxy,астрология,Россия,Смартфоны,2026-07-29T18:51:01.061Z,https://wordstat.yandex.ru/?region=225&view=table&words=%D0%B0%D1%81%D1%82%D1%80%D0%BE%D0%BB%D0%BE%D0%B3%D0%B8%D1%8F
венера в соединении с венерой в синастрии,synastry,RELEVANT,787,broad,Yandex external demand proxy,синастрия,Россия,Смартфоны,2026-07-29T18:51:00.129Z,https://wordstat.yandex.ru/?region=225&view=table&words=%D1%81%D0%B8%D0%BD%D0%B0%D1%81%D1%82%D1%80%D0%B8%D1%8F
гороскоп совместимости по знакам зодиака в любви,compatibility,RELEVANT,783,broad,Yandex external demand proxy,совместимость знаков зодиака,Россия,Смартфоны,2026-07-29T18:50:58.010Z,https://wordstat.yandex.ru/?region=225&view=table&words=%D1%81%D0%BE%D0%B2%D0%BC%D0%B5%D1%81%D1%82%D0%B8%D0%BC%D0%BE%D1%81%D1%82%D1%8C%20%D0%B7%D0%BD%D0%B0%D0%BA%D0%BE%D0%B2%20%D0%B7%D0%BE%D0%B4%D0%B8%D0%B0%D0%BA%D0%B0
цвет астрологии,astrology,RELEVANT,783,broad,Yandex external demand proxy,астрология,Россия,Смартфоны,2026-07-29T18:51:01.061Z,https://wordstat.yandex.ru/?region=225&view=table&words=%D0%B0%D1%81%D1%82%D1%80%D0%BE%D0%BB%D0%BE%D0%B3%D0%B8%D1%8F
где астрология,astrology,RELEVANT,781,broad,Yandex external demand proxy,астрология,Россия,Смартфоны,2026-07-29T18:51:01.061Z,https://wordstat.yandex.ru/?region=225&view=table&words=%D0%B0%D1%81%D1%82%D1%80%D0%BE%D0%BB%D0%BE%D0%B3%D0%B8%D1%8F
астрология читаем,astrology,RELEVANT,780,broad,Yandex external demand proxy,астрология,Россия,Смартфоны,2026-07-29T18:51:01.061Z,https://wordstat.yandex.ru/?region=225&view=table&words=%D0%B0%D1%81%D1%82%D1%80%D0%BE%D0%BB%D0%BE%D0%B3%D0%B8%D1%8F
читать астрологию,astrology,RELEVANT,780,broad,Yandex external demand proxy,астрология,Россия,Смартфоны,2026-07-29T18:51:01.061Z,https://wordstat.yandex.ru/?region=225&view=table&words=%D0%B0%D1%81%D1%82%D1%80%D0%BE%D0%BB%D0%BE%D0%B3%D0%B8%D1%8F
марс мужчины в синастрии,synastry,RELEVANT,771,broad,Yandex external demand proxy,синастрия,Россия,Смартфоны,2026-07-29T18:51:00.129Z,https://wordstat.yandex.ru/?region=225&view=table&words=%D1%81%D0%B8%D0%BD%D0%B0%D1%81%D1%82%D1%80%D0%B8%D1%8F
лунная астрология,astrology,RELEVANT,766,broad,Yandex external demand proxy,астрология,Россия,Смартфоны,2026-07-29T18:51:01.061Z,https://wordstat.yandex.ru/?region=225&view=table&words=%D0%B0%D1%81%D1%82%D1%80%D0%BE%D0%BB%D0%BE%D0%B3%D0%B8%D1%8F
хирон в синастрии,synastry,RELEVANT,758,broad,Yandex external demand proxy,синастрия,Россия,Смартфоны,2026-07-29T18:51:00.129Z,https://wordstat.yandex.ru/?region=225&view=table&words=%D1%81%D0%B8%D0%BD%D0%B0%D1%81%D1%82%D1%80%D0%B8%D1%8F
скорпион в астрологии,astrology,RELEVANT,754,broad,Yandex external demand proxy,астрология,Россия,Смартфоны,2026-07-29T18:51:01.061Z,https://wordstat.yandex.ru/?region=225&view=table&words=%D0%B0%D1%81%D1%82%D1%80%D0%BE%D0%BB%D0%BE%D0%B3%D0%B8%D1%8F
раху в синастрии,synastry,RELEVANT,750,broad,Yandex external demand proxy,синастрия,Россия,Смартфоны,2026-07-29T18:51:00.129Z,https://wordstat.yandex.ru/?region=225&view=table&words=%D1%81%D0%B8%D0%BD%D0%B0%D1%81%D1%82%D1%80%D0%B8%D1%8F
соединение узлов синастрии,synastry,RELEVANT,744,broad,Yandex external demand proxy,синастрия,Россия,Смартфоны,2026-07-29T18:51:00.129Z,https://wordstat.yandex.ru/?region=225&view=table&words=%D1%81%D0%B8%D0%BD%D0%B0%D1%81%D1%82%D1%80%D0%B8%D1%8F
луна квадрат луна в синастрии,synastry,RELEVANT,733,broad,Yandex external demand proxy,синастрия,Россия,Смартфоны,2026-07-29T18:51:00.129Z,https://wordstat.yandex.ru/?region=225&view=table&words=%D1%81%D0%B8%D0%BD%D0%B0%D1%81%D1%82%D1%80%D0%B8%D1%8F
знаки зодиака совместимость в любви и отношениях,compatibility,RELEVANT,723,broad,Yandex external demand proxy,совместимость знаков зодиака,Россия,Смартфоны,2026-07-29T18:50:58.010Z,https://wordstat.yandex.ru/?region=225&view=table&words=%D1%81%D0%BE%D0%B2%D0%BC%D0%B5%D1%81%D1%82%D0%B8%D0%BC%D0%BE%D1%81%D1%82%D1%8C%20%D0%B7%D0%BD%D0%B0%D0%BA%D0%BE%D0%B2%20%D0%B7%D0%BE%D0%B4%D0%B8%D0%B0%D0%BA%D0%B0
синастрии форум,synastry,RELEVANT,722,broad,Yandex external demand proxy,синастрия,Россия,Смартфоны,2026-07-29T18:51:00.129Z,https://wordstat.yandex.ru/?region=225&view=table&words=%D1%81%D0%B8%D0%BD%D0%B0%D1%81%D1%82%D1%80%D0%B8%D1%8F
астрология андреев,astrology,RELEVANT,722,broad,Yandex external demand proxy,астрология,Россия,Смартфоны,2026-07-29T18:51:01.061Z,https://wordstat.yandex.ru/?region=225&view=table&words=%D0%B0%D1%81%D1%82%D1%80%D0%BE%D0%BB%D0%BE%D0%B3%D0%B8%D1%8F
астрология чисел,astrology,RELEVANT,717,broad,Yandex external demand proxy,астрология,Россия,Смартфоны,2026-07-29T18:51:01.061Z,https://wordstat.yandex.ru/?region=225&view=table&words=%D0%B0%D1%81%D1%82%D1%80%D0%BE%D0%BB%D0%BE%D0%B3%D0%B8%D1%8F
синастрия онлайн с расшифровкой,synastry,RELEVANT,708,broad,Yandex external demand proxy,синастрия,Россия,Смартфоны,2026-07-29T18:51:00.129Z,https://wordstat.yandex.ru/?region=225&view=table&words=%D1%81%D0%B8%D0%BD%D0%B0%D1%81%D1%82%D1%80%D0%B8%D1%8F
синастрии луна венера,synastry,RELEVANT,704,broad,Yandex external demand proxy,синастрия,Россия,Смартфоны,2026-07-29T18:51:00.129Z,https://wordstat.yandex.ru/?region=225&view=table&words=%D1%81%D0%B8%D0%BD%D0%B0%D1%81%D1%82%D1%80%D0%B8%D1%8F
квадрат плутонов синастрия,synastry,RELEVANT,702,broad,Yandex external demand proxy,синастрия,Россия,Смартфоны,2026-07-29T18:51:00.129Z,https://wordstat.yandex.ru/?region=225&view=table&words=%D1%81%D0%B8%D0%BD%D0%B0%D1%81%D1%82%D1%80%D0%B8%D1%8F
академия астрологии левина,astrology,RELEVANT,702,broad,Yandex external demand proxy,астрология,Россия,Смартфоны,2026-07-29T18:51:01.061Z,https://wordstat.yandex.ru/?region=225&view=table&words=%D0%B0%D1%81%D1%82%D1%80%D0%BE%D0%BB%D0%BE%D0%B3%D0%B8%D1%8F
венеры в домах в синастрии,synastry,RELEVANT,691,broad,Yandex external demand proxy,синастрия,Россия,Смартфоны,2026-07-29T18:51:00.129Z,https://wordstat.yandex.ru/?region=225&view=table&words=%D1%81%D0%B8%D0%BD%D0%B0%D1%81%D1%82%D1%80%D0%B8%D1%8F
рыбы в астрологии,astrology,RELEVANT,691,broad,Yandex external demand proxy,астрология,Россия,Смартфоны,2026-07-29T18:51:01.061Z,https://wordstat.yandex.ru/?region=225&view=table&words=%D0%B0%D1%81%D1%82%D1%80%D0%BE%D0%BB%D0%BE%D0%B3%D0%B8%D1%8F
знак ведической астрологии,astrology,RELEVANT,687,broad,Yandex external demand proxy,астрология,Россия,Смартфоны,2026-07-29T18:51:01.061Z,https://wordstat.yandex.ru/?region=225&view=table&words=%D0%B0%D1%81%D1%82%D1%80%D0%BE%D0%BB%D0%BE%D0%B3%D0%B8%D1%8F
луна плутон в синастрии,synastry,RELEVANT,686,broad,Yandex external demand proxy,синастрия,Россия,Смартфоны,2026-07-29T18:51:00.129Z,https://wordstat.yandex.ru/?region=225&view=table&words=%D1%81%D0%B8%D0%BD%D0%B0%D1%81%D1%82%D1%80%D0%B8%D1%8F
совместимость знаков зодиака в любви лев,compatibility,RELEVANT,685,broad,Yandex external demand proxy,совместимость знаков зодиака,Россия,Смартфоны,2026-07-29T18:50:58.010Z,https://wordstat.yandex.ru/?region=225&view=table&words=%D1%81%D0%BE%D0%B2%D0%BC%D0%B5%D1%81%D1%82%D0%B8%D0%BC%D0%BE%D1%81%D1%82%D1%8C%20%D0%B7%D0%BD%D0%B0%D0%BA%D0%BE%D0%B2%20%D0%B7%D0%BE%D0%B4%D0%B8%D0%B0%D0%BA%D0%B0
совместимость знаков зодиака в любви львов,compatibility,RELEVANT,685,broad,Yandex external demand proxy,совместимость знаков зодиака,Россия,Смартфоны,2026-07-29T18:50:58.010Z,https://wordstat.yandex.ru/?region=225&view=table&words=%D1%81%D0%BE%D0%B2%D0%BC%D0%B5%D1%81%D1%82%D0%B8%D0%BC%D0%BE%D1%81%D1%82%D1%8C%20%D0%B7%D0%BD%D0%B0%D0%BA%D0%BE%D0%B2%20%D0%B7%D0%BE%D0%B4%D0%B8%D0%B0%D0%BA%D0%B0
совместимость знаков зодиака лев и водолей,compatibility,RELEVANT,684,broad,Yandex external demand proxy,совместимость знаков зодиака,Россия,Смартфоны,2026-07-29T18:50:58.010Z,https://wordstat.yandex.ru/?region=225&view=table&words=%D1%81%D0%BE%D0%B2%D0%BC%D0%B5%D1%81%D1%82%D0%B8%D0%BC%D0%BE%D1%81%D1%82%D1%8C%20%D0%B7%D0%BD%D0%B0%D0%BA%D0%BE%D0%B2%20%D0%B7%D0%BE%D0%B4%D0%B8%D0%B0%D0%BA%D0%B0
нептун в астрологии,astrology,RELEVANT,683,broad,Yandex external demand proxy,астрология,Россия,Смартфоны,2026-07-29T18:51:01.061Z,https://wordstat.yandex.ru/?region=225&view=table&words=%D0%B0%D1%81%D1%82%D1%80%D0%BE%D0%BB%D0%BE%D0%B3%D0%B8%D1%8F
хорарная астрология онлайн,astrology,RELEVANT,679,broad,Yandex external demand proxy,астрология,Россия,Смартфоны,2026-07-29T18:51:01.061Z,https://wordstat.yandex.ru/?region=225&view=table&words=%D0%B0%D1%81%D1%82%D1%80%D0%BE%D0%BB%D0%BE%D0%B3%D0%B8%D1%8F
совместимости знаков зодиаков любовь рак,compatibility,RELEVANT,678,broad,Yandex external demand proxy,совместимость знаков зодиака,Россия,Смартфоны,2026-07-29T18:50:58.010Z,https://wordstat.yandex.ru/?region=225&view=table&words=%D1%81%D0%BE%D0%B2%D0%BC%D0%B5%D1%81%D1%82%D0%B8%D0%BC%D0%BE%D1%81%D1%82%D1%8C%20%D0%B7%D0%BD%D0%B0%D0%BA%D0%BE%D0%B2%20%D0%B7%D0%BE%D0%B4%D0%B8%D0%B0%D0%BA%D0%B0
совместимость знаков зодиака лев и рак,compatibility,RELEVANT,675,broad,Yandex external demand proxy,совместимость знаков зодиака,Россия,Смартфоны,2026-07-29T18:50:58.010Z,https://wordstat.yandex.ru/?region=225&view=table&words=%D1%81%D0%BE%D0%B2%D0%BC%D0%B5%D1%81%D1%82%D0%B8%D0%BC%D0%BE%D1%81%D1%82%D1%8C%20%D0%B7%D0%BD%D0%B0%D0%BA%D0%BE%D0%B2%20%D0%B7%D0%BE%D0%B4%D0%B8%D0%B0%D0%BA%D0%B0
луна в домах в синастрии,synastry,RELEVANT,674,broad,Yandex external demand proxy,синастрия,Россия,Смартфоны,2026-07-29T18:51:00.129Z,https://wordstat.yandex.ru/?region=225&view=table&words=%D1%81%D0%B8%D0%BD%D0%B0%D1%81%D1%82%D1%80%D0%B8%D1%8F
луна солнце синастрии,synastry,RELEVANT,673,broad,Yandex external demand proxy,синастрия,Россия,Смартфоны,2026-07-29T18:51:00.129Z,https://wordstat.yandex.ru/?region=225&view=table&words=%D1%81%D0%B8%D0%BD%D0%B0%D1%81%D1%82%D1%80%D0%B8%D1%8F
значение звезд астрология,astrology,RELEVANT,672,broad,Yandex external demand proxy,астрология,Россия,Смартфоны,2026-07-29T18:51:01.061Z,https://wordstat.yandex.ru/?region=225&view=table&words=%D0%B0%D1%81%D1%82%D1%80%D0%BE%D0%BB%D0%BE%D0%B3%D0%B8%D1%8F
оппозиция венер в синастрии,synastry,RELEVANT,667,broad,Yandex external demand proxy,синастрия,Россия,Смартфоны,2026-07-29T18:51:00.129Z,https://wordstat.yandex.ru/?region=225&view=table&words=%D1%81%D0%B8%D0%BD%D0%B0%D1%81%D1%82%D1%80%D0%B8%D1%8F
астрология скачать бесплатно,astrology,RELEVANT,657,broad,Yandex external demand proxy,астрология,Россия,Смартфоны,2026-07-29T18:51:01.061Z,https://wordstat.yandex.ru/?region=225&view=table&words=%D0%B0%D1%81%D1%82%D1%80%D0%BE%D0%BB%D0%BE%D0%B3%D0%B8%D1%8F
астрология сергея,astrology,RELEVANT,652,broad,Yandex external demand proxy,астрология,Россия,Смартфоны,2026-07-29T18:51:01.061Z,https://wordstat.yandex.ru/?region=225&view=table&words=%D0%B0%D1%81%D1%82%D1%80%D0%BE%D0%BB%D0%BE%D0%B3%D0%B8%D1%8F
лилит венера в синастрии,synastry,RELEVANT,650,broad,Yandex external demand proxy,синастрия,Россия,Смартфоны,2026-07-29T18:51:00.129Z,https://wordstat.yandex.ru/?region=225&view=table&words=%D1%81%D0%B8%D0%BD%D0%B0%D1%81%D1%82%D1%80%D0%B8%D1%8F
солнце венера в синастрии,synastry,RELEVANT,648,broad,Yandex external demand proxy,синастрия,Россия,Смартфоны,2026-07-29T18:51:00.129Z,https://wordstat.yandex.ru/?region=225&view=table&words=%D1%81%D0%B8%D0%BD%D0%B0%D1%81%D1%82%D1%80%D0%B8%D1%8F
зодиак совместимость знаков парень,compatibility,RELEVANT,647,broad,Yandex external demand proxy,совместимость знаков зодиака,Россия,Смартфоны,2026-07-29T18:50:58.010Z,https://wordstat.yandex.ru/?region=225&view=table&words=%D1%81%D0%BE%D0%B2%D0%BC%D0%B5%D1%81%D1%82%D0%B8%D0%BC%D0%BE%D1%81%D1%82%D1%8C%20%D0%B7%D0%BD%D0%B0%D0%BA%D0%BE%D0%B2%20%D0%B7%D0%BE%D0%B4%D0%B8%D0%B0%D0%BA%D0%B0
астрология отношений,astrology,RELEVANT,646,broad,Yandex external demand proxy,астрология,Россия,Смартфоны,2026-07-29T18:51:01.061Z,https://wordstat.yandex.ru/?region=225&view=table&words=%D0%B0%D1%81%D1%82%D1%80%D0%BE%D0%BB%D0%BE%D0%B3%D0%B8%D1%8F
павел андреев астрология,astrology,RELEVANT,644,broad,Yandex external demand proxy,астрология,Россия,Смартфоны,2026-07-29T18:51:01.061Z,https://wordstat.yandex.ru/?region=225&view=table&words=%D0%B0%D1%81%D1%82%D1%80%D0%BE%D0%BB%D0%BE%D0%B3%D0%B8%D1%8F
марс луна синастрии,synastry,RELEVANT,641,broad,Yandex external demand proxy,синастрия,Россия,Смартфоны,2026-07-29T18:51:00.129Z,https://wordstat.yandex.ru/?region=225&view=table&words=%D1%81%D0%B8%D0%BD%D0%B0%D1%81%D1%82%D1%80%D0%B8%D1%8F
совместимость знаков зодиака водолей и дева,compatibility,RELEVANT,640,broad,Yandex external demand proxy,совместимость знаков зодиака,Россия,Смартфоны,2026-07-29T18:50:58.010Z,https://wordstat.yandex.ru/?region=225&view=table&words=%D1%81%D0%BE%D0%B2%D0%BC%D0%B5%D1%81%D1%82%D0%B8%D0%BC%D0%BE%D1%81%D1%82%D1%8C%20%D0%B7%D0%BD%D0%B0%D0%BA%D0%BE%D0%B2%20%D0%B7%D0%BE%D0%B4%D0%B8%D0%B0%D0%BA%D0%B0
тибетская астрология,astrology,RELEVANT,636,broad,Yandex external demand proxy,астрология,Россия,Смартфоны,2026-07-29T18:51:01.061Z,https://wordstat.yandex.ru/?region=225&view=table&words=%D0%B0%D1%81%D1%82%D1%80%D0%BE%D0%BB%D0%BE%D0%B3%D0%B8%D1%8F
солнце в домах синастрии,synastry,RELEVANT,635,broad,Yandex external demand proxy,синастрия,Россия,Смартфоны,2026-07-29T18:51:00.129Z,https://wordstat.yandex.ru/?region=225&view=table&words=%D1%81%D0%B8%D0%BD%D0%B0%D1%81%D1%82%D1%80%D0%B8%D1%8F
астрология судьбы,astrology,RELEVANT,635,broad,Yandex external demand proxy,астрология,Россия,Смартфоны,2026-07-29T18:51:01.061Z,https://wordstat.yandex.ru/?region=225&view=table&words=%D0%B0%D1%81%D1%82%D1%80%D0%BE%D0%BB%D0%BE%D0%B3%D0%B8%D1%8F
астрология вопросы,astrology,RELEVANT,627,broad,Yandex external demand proxy,астрология,Россия,Смартфоны,2026-07-29T18:51:01.061Z,https://wordstat.yandex.ru/?region=225&view=table&words=%D0%B0%D1%81%D1%82%D1%80%D0%BE%D0%BB%D0%BE%D0%B3%D0%B8%D1%8F
дараган астрология,astrology,RELEVANT,625,broad,Yandex external demand proxy,астрология,Россия,Смартфоны,2026-07-29T18:51:01.061Z,https://wordstat.yandex.ru/?region=225&view=table&words=%D0%B0%D1%81%D1%82%D1%80%D0%BE%D0%BB%D0%BE%D0%B3%D0%B8%D1%8F
астрология затмение,astrology,RELEVANT,622,broad,Yandex external demand proxy,астрология,Россия,Смартфоны,2026-07-29T18:51:01.061Z,https://wordstat.yandex.ru/?region=225&view=table&words=%D0%B0%D1%81%D1%82%D1%80%D0%BE%D0%BB%D0%BE%D0%B3%D0%B8%D1%8F
дома в ведической астрологии,astrology,RELEVANT,619,broad,Yandex external demand proxy,астрология,Россия,Смартфоны,2026-07-29T18:51:01.061Z,https://wordstat.yandex.ru/?region=225&view=table&words=%D0%B0%D1%81%D1%82%D1%80%D0%BE%D0%BB%D0%BE%D0%B3%D0%B8%D1%8F
синастрия северный узел,synastry,RELEVANT,618,broad,Yandex external demand proxy,синастрия,Россия,Смартфоны,2026-07-29T18:51:00.129Z,https://wordstat.yandex.ru/?region=225&view=table&words=%D1%81%D0%B8%D0%BD%D0%B0%D1%81%D1%82%D1%80%D0%B8%D1%8F
синастрия лилит женщины,synastry,RELEVANT,616,broad,Yandex external demand proxy,синастрия,Россия,Смартфоны,2026-07-29T18:51:00.129Z,https://wordstat.yandex.ru/?region=225&view=table&words=%D1%81%D0%B8%D0%BD%D0%B0%D1%81%D1%82%D1%80%D0%B8%D1%8F
совместимость с тельцами знаки зодиака,compatibility,RELEVANT,613,broad,Yandex external demand proxy,совместимость знаков зодиака,Россия,Смартфоны,2026-07-29T18:50:58.010Z,https://wordstat.yandex.ru/?region=225&view=table&words=%D1%81%D0%BE%D0%B2%D0%BC%D0%B5%D1%81%D1%82%D0%B8%D0%BC%D0%BE%D1%81%D1%82%D1%8C%20%D0%B7%D0%BD%D0%B0%D0%BA%D0%BE%D0%B2%20%D0%B7%D0%BE%D0%B4%D0%B8%D0%B0%D0%BA%D0%B0
совместимость знаков зодиака тельцов с тельцами,compatibility,RELEVANT,612,broad,Yandex external demand proxy,совместимость знаков зодиака,Россия,Смартфоны,2026-07-29T18:50:58.010Z,https://wordstat.yandex.ru/?region=225&view=table&words=%D1%81%D0%BE%D0%B2%D0%BC%D0%B5%D1%81%D1%82%D0%B8%D0%BC%D0%BE%D1%81%D1%82%D1%8C%20%D0%B7%D0%BD%D0%B0%D0%BA%D0%BE%D0%B2%20%D0%B7%D0%BE%D0%B4%D0%B8%D0%B0%D0%BA%D0%B0
лилит мужчины в синастрии,synastry,RELEVANT,612,broad,Yandex external demand proxy,синастрия,Россия,Смартфоны,2026-07-29T18:51:00.129Z,https://wordstat.yandex.ru/?region=225&view=table&words=%D1%81%D0%B8%D0%BD%D0%B0%D1%81%D1%82%D1%80%D0%B8%D1%8F
знаки зодиака совместимость в отношениях лев,compatibility,RELEVANT,605,broad,Yandex external demand proxy,совместимость знаков зодиака,Россия,Смартфоны,2026-07-29T18:50:58.010Z,https://wordstat.yandex.ru/?region=225&view=table&words=%D1%81%D0%BE%D0%B2%D0%BC%D0%B5%D1%81%D1%82%D0%B8%D0%BC%D0%BE%D1%81%D1%82%D1%8C%20%D0%B7%D0%BD%D0%B0%D0%BA%D0%BE%D0%B2%20%D0%B7%D0%BE%D0%B4%D0%B8%D0%B0%D0%BA%D0%B0
астрология телец,astrology,RELEVANT,603,broad,Yandex external demand proxy,астрология,Россия,Смартфоны,2026-07-29T18:51:01.061Z,https://wordstat.yandex.ru/?region=225&view=table&words=%D0%B0%D1%81%D1%82%D1%80%D0%BE%D0%BB%D0%BE%D0%B3%D0%B8%D1%8F
соединение асцендентов в синастрии,synastry,RELEVANT,601,broad,Yandex external demand proxy,синастрия,Россия,Смартфоны,2026-07-29T18:51:00.129Z,https://wordstat.yandex.ru/?region=225&view=table&words=%D1%81%D0%B8%D0%BD%D0%B0%D1%81%D1%82%D1%80%D0%B8%D1%8F
синастрия соединение юпитеров,synastry,RELEVANT,600,broad,Yandex external demand proxy,синастрия,Россия,Смартфоны,2026-07-29T18:51:00.129Z,https://wordstat.yandex.ru/?region=225&view=table&words=%D1%81%D0%B8%D0%BD%D0%B0%D1%81%D1%82%D1%80%D0%B8%D1%8F
плутон мужчины синастрия,synastry,RELEVANT,597,broad,Yandex external demand proxy,синастрия,Россия,Смартфоны,2026-07-29T18:51:00.129Z,https://wordstat.yandex.ru/?region=225&view=table&words=%D1%81%D0%B8%D0%BD%D0%B0%D1%81%D1%82%D1%80%D0%B8%D1%8F
астрология сколько,astrology,RELEVANT,592,broad,Yandex external demand proxy,астрология,Россия,Смартфоны,2026-07-29T18:51:01.061Z,https://wordstat.yandex.ru/?region=225&view=table&words=%D0%B0%D1%81%D1%82%D1%80%D0%BE%D0%BB%D0%BE%D0%B3%D0%B8%D1%8F
ретроградная астрология,astrology,RELEVANT,591,broad,Yandex external demand proxy,астрология,Россия,Смартфоны,2026-07-29T18:51:01.061Z,https://wordstat.yandex.ru/?region=225&view=table&words=%D0%B0%D1%81%D1%82%D1%80%D0%BE%D0%BB%D0%BE%D0%B3%D0%B8%D1%8F
совместимость знаков зодиака рак и стрелец,compatibility,RELEVANT,589,broad,Yandex external demand proxy,совместимость знаков зодиака,Россия,Смартфоны,2026-07-29T18:50:58.010Z,https://wordstat.yandex.ru/?region=225&view=table&words=%D1%81%D0%BE%D0%B2%D0%BC%D0%B5%D1%81%D1%82%D0%B8%D0%BC%D0%BE%D1%81%D1%82%D1%8C%20%D0%B7%D0%BD%D0%B0%D0%BA%D0%BE%D0%B2%20%D0%B7%D0%BE%D0%B4%D0%B8%D0%B0%D0%BA%D0%B0
синастрия карта онлайн,synastry,RELEVANT,589,broad,Yandex external demand proxy,синастрия,Россия,Смартфоны,2026-07-29T18:51:00.129Z,https://wordstat.yandex.ru/?region=225&view=table&words=%D1%81%D0%B8%D0%BD%D0%B0%D1%81%D1%82%D1%80%D0%B8%D1%8F
совместимость знаков зодиака лев и стрелец,compatibility,RELEVANT,587,broad,Yandex external demand proxy,совместимость знаков зодиака,Россия,Смартфоны,2026-07-29T18:50:58.010Z,https://wordstat.yandex.ru/?region=225&view=table&words=%D1%81%D0%BE%D0%B2%D0%BC%D0%B5%D1%81%D1%82%D0%B8%D0%BC%D0%BE%D1%81%D1%82%D1%8C%20%D0%B7%D0%BD%D0%B0%D0%BA%D0%BE%D0%B2%20%D0%B7%D0%BE%D0%B4%D0%B8%D0%B0%D0%BA%D0%B0
астрология что происходит,astrology,RELEVANT,587,broad,Yandex external demand proxy,астрология,Россия,Смартфоны,2026-07-29T18:51:01.061Z,https://wordstat.yandex.ru/?region=225&view=table&words=%D0%B0%D1%81%D1%82%D1%80%D0%BE%D0%BB%D0%BE%D0%B3%D0%B8%D1%8F
совместимость знаков зодиака по годам,compatibility,RELEVANT,583,broad,Yandex external demand proxy,совместимость знаков зодиака,Россия,Смартфоны,2026-07-29T18:50:58.010Z,https://wordstat.yandex.ru/?region=225&view=table&words=%D1%81%D0%BE%D0%B2%D0%BC%D0%B5%D1%81%D1%82%D0%B8%D0%BC%D0%BE%D1%81%D1%82%D1%8C%20%D0%B7%D0%BD%D0%B0%D0%BA%D0%BE%D0%B2%20%D0%B7%D0%BE%D0%B4%D0%B8%D0%B0%D0%BA%D0%B0
лилит марс синастрия,synastry,RELEVANT,582,broad,Yandex external demand proxy,синастрия,Россия,Смартфоны,2026-07-29T18:51:00.129Z,https://wordstat.yandex.ru/?region=225&view=table&words=%D1%81%D0%B8%D0%BD%D0%B0%D1%81%D1%82%D1%80%D0%B8%D1%8F
квадрат марсов в синастрии,synastry,RELEVANT,579,broad,Yandex external demand proxy,синастрия,Россия,Смартфоны,2026-07-29T18:51:00.129Z,https://wordstat.yandex.ru/?region=225&view=table&words=%D1%81%D0%B8%D0%BD%D0%B0%D1%81%D1%82%D1%80%D0%B8%D1%8F
натальная синастрия онлайн,synastry,RELEVANT,579,broad,Yandex external demand proxy,синастрия,Россия,Смартфоны,2026-07-29T18:51:00.129Z,https://wordstat.yandex.ru/?region=225&view=table&words=%D1%81%D0%B8%D0%BD%D0%B0%D1%81%D1%82%D1%80%D0%B8%D1%8F
раху что это в астрологии,astrology,RELEVANT,579,broad,Yandex external demand proxy,астрология,Россия,Смартфоны,2026-07-29T18:51:01.061Z,https://wordstat.yandex.ru/?region=225&view=table&words=%D0%B0%D1%81%D1%82%D1%80%D0%BE%D0%BB%D0%BE%D0%B3%D0%B8%D1%8F
знаки планет в астрологии,astrology,RELEVANT,579,broad,Yandex external demand proxy,астрология,Россия,Смартфоны,2026-07-29T18:51:01.061Z,https://wordstat.yandex.ru/?region=225&view=table&words=%D0%B0%D1%81%D1%82%D1%80%D0%BE%D0%BB%D0%BE%D0%B3%D0%B8%D1%8F
астрология купить,astrology,RELEVANT,576,broad,Yandex external demand proxy,астрология,Россия,Смартфоны,2026-07-29T18:51:01.061Z,https://wordstat.yandex.ru/?region=225&view=table&words=%D0%B0%D1%81%D1%82%D1%80%D0%BE%D0%BB%D0%BE%D0%B3%D0%B8%D1%8F
совместимость знаков зодиака лев и скорпион,compatibility,RELEVANT,574,broad,Yandex external demand proxy,совместимость знаков зодиака,Россия,Смартфоны,2026-07-29T18:50:58.010Z,https://wordstat.yandex.ru/?region=225&view=table&words=%D1%81%D0%BE%D0%B2%D0%BC%D0%B5%D1%81%D1%82%D0%B8%D0%BC%D0%BE%D1%81%D1%82%D1%8C%20%D0%B7%D0%BD%D0%B0%D0%BA%D0%BE%D0%B2%20%D0%B7%D0%BE%D0%B4%D0%B8%D0%B0%D0%BA%D0%B0
оппозиция лун в синастрии,synastry,RELEVANT,574,broad,Yandex external demand proxy,синастрия,Россия,Смартфоны,2026-07-29T18:51:00.129Z,https://wordstat.yandex.ru/?region=225&view=table&words=%D1%81%D0%B8%D0%BD%D0%B0%D1%81%D1%82%D1%80%D0%B8%D1%8F
синастрия по дате рождения,synastry,RELEVANT,573,broad,Yandex external demand proxy,синастрия,Россия,Смартфоны,2026-07-29T18:51:00.129Z,https://wordstat.yandex.ru/?region=225&view=table&words=%D1%81%D0%B8%D0%BD%D0%B0%D1%81%D1%82%D1%80%D0%B8%D1%8F
совместимость знаков зодиака в дружбе,compatibility,RELEVANT,566,broad,Yandex external demand proxy,совместимость знаков зодиака,Россия,Смартфоны,2026-07-29T18:50:58.010Z,https://wordstat.yandex.ru/?region=225&view=table&words=%D1%81%D0%BE%D0%B2%D0%BC%D0%B5%D1%81%D1%82%D0%B8%D0%BC%D0%BE%D1%81%D1%82%D1%8C%20%D0%B7%D0%BD%D0%B0%D0%BA%D0%BE%D0%B2%20%D0%B7%D0%BE%D0%B4%D0%B8%D0%B0%D0%BA%D0%B0
северная астрология,astrology,RELEVANT,566,broad,Yandex external demand proxy,астрология,Россия,Смартфоны,2026-07-29T18:51:01.061Z,https://wordstat.yandex.ru/?region=225&view=table&words=%D0%B0%D1%81%D1%82%D1%80%D0%BE%D0%BB%D0%BE%D0%B3%D0%B8%D1%8F
ведическая астрология онлайн,astrology,RELEVANT,565,broad,Yandex external demand proxy,астрология,Россия,Смартфоны,2026-07-29T18:51:01.061Z,https://wordstat.yandex.ru/?region=225&view=table&words=%D0%B0%D1%81%D1%82%D1%80%D0%BE%D0%BB%D0%BE%D0%B3%D0%B8%D1%8F
совместимость по синастрии,synastry,RELEVANT,562,broad,Yandex external demand proxy,синастрия,Россия,Смартфоны,2026-07-29T18:51:00.129Z,https://wordstat.yandex.ru/?region=225&view=table&words=%D1%81%D0%B8%D0%BD%D0%B0%D1%81%D1%82%D1%80%D0%B8%D1%8F
лилит женщины в синастрии мужчины,synastry,RELEVANT,560,broad,Yandex external demand proxy,синастрия,Россия,Смартфоны,2026-07-29T18:51:00.129Z,https://wordstat.yandex.ru/?region=225&view=table&words=%D1%81%D0%B8%D0%BD%D0%B0%D1%81%D1%82%D1%80%D0%B8%D1%8F
плутон женщины в синастрии,synastry,RELEVANT,559,broad,Yandex external demand proxy,синастрия,Россия,Смартфоны,2026-07-29T18:51:00.129Z,https://wordstat.yandex.ru/?region=225&view=table&words=%D1%81%D0%B8%D0%BD%D0%B0%D1%81%D1%82%D1%80%D0%B8%D1%8F
солнце квадрат солнце в синастрии,synastry,RELEVANT,558,broad,Yandex external demand proxy,синастрия,Россия,Смартфоны,2026-07-29T18:51:00.129Z,https://wordstat.yandex.ru/?region=225&view=table&words=%D1%81%D0%B8%D0%BD%D0%B0%D1%81%D1%82%D1%80%D0%B8%D1%8F
институт астрологии,astrology,RELEVANT,552,broad,Yandex external demand proxy,астрология,Россия,Смартфоны,2026-07-29T18:51:01.061Z,https://wordstat.yandex.ru/?region=225&view=table&words=%D0%B0%D1%81%D1%82%D1%80%D0%BE%D0%BB%D0%BE%D0%B3%D0%B8%D1%8F
совместимость знаков зодиака весов и львов,compatibility,RELEVANT,551,broad,Yandex external demand proxy,совместимость знаков зодиака,Россия,Смартфоны,2026-07-29T18:50:58.010Z,https://wordstat.yandex.ru/?region=225&view=table&words=%D1%81%D0%BE%D0%B2%D0%BC%D0%B5%D1%81%D1%82%D0%B8%D0%BC%D0%BE%D1%81%D1%82%D1%8C%20%D0%B7%D0%BD%D0%B0%D0%BA%D0%BE%D0%B2%20%D0%B7%D0%BE%D0%B4%D0%B8%D0%B0%D0%BA%D0%B0
кармическая астрология,astrology,RELEVANT,550,broad,Yandex external demand proxy,астрология,Россия,Смартфоны,2026-07-29T18:51:01.061Z,https://wordstat.yandex.ru/?region=225&view=table&words=%D0%B0%D1%81%D1%82%D1%80%D0%BE%D0%BB%D0%BE%D0%B3%D0%B8%D1%8F
совместимость знаков зодиака лев и весы,compatibility,RELEVANT,549,broad,Yandex external demand proxy,совместимость знаков зодиака,Россия,Смартфоны,2026-07-29T18:50:58.010Z,https://wordstat.yandex.ru/?region=225&view=table&words=%D1%81%D0%BE%D0%B2%D0%BC%D0%B5%D1%81%D1%82%D0%B8%D0%BC%D0%BE%D1%81%D1%82%D1%8C%20%D0%B7%D0%BD%D0%B0%D0%BA%D0%BE%D0%B2%20%D0%B7%D0%BE%D0%B4%D0%B8%D0%B0%D0%BA%D0%B0
совместимость знаков зодиака лев и близнецы,compatibility,RELEVANT,548,broad,Yandex external demand proxy,совместимость знаков зодиака,Россия,Смартфоны,2026-07-29T18:50:58.010Z,https://wordstat.yandex.ru/?region=225&view=table&words=%D1%81%D0%BE%D0%B2%D0%BC%D0%B5%D1%81%D1%82%D0%B8%D0%BC%D0%BE%D1%81%D1%82%D1%8C%20%D0%B7%D0%BD%D0%B0%D0%BA%D0%BE%D0%B2%20%D0%B7%D0%BE%D0%B4%D0%B8%D0%B0%D0%BA%D0%B0
астрология неделя,astrology,RELEVANT,546,broad,Yandex external demand proxy,астрология,Россия,Смартфоны,2026-07-29T18:51:01.061Z,https://wordstat.yandex.ru/?region=225&view=table&words=%D0%B0%D1%81%D1%82%D1%80%D0%BE%D0%BB%D0%BE%D0%B3%D0%B8%D1%8F
дева знак зодиака совместимость в любви,compatibility,RELEVANT,545,broad,Yandex external demand proxy,совместимость знаков зодиака,Россия,Смартфоны,2026-07-29T18:50:58.010Z,https://wordstat.yandex.ru/?region=225&view=table&words=%D1%81%D0%BE%D0%B2%D0%BC%D0%B5%D1%81%D1%82%D0%B8%D0%BC%D0%BE%D1%81%D1%82%D1%8C%20%D0%B7%D0%BD%D0%B0%D0%BA%D0%BE%D0%B2%20%D0%B7%D0%BE%D0%B4%D0%B8%D0%B0%D0%BA%D0%B0
синастрия бесплатно с расшифровкой,synastry,RELEVANT,545,broad,Yandex external demand proxy,синастрия,Россия,Смартфоны,2026-07-29T18:51:00.129Z,https://wordstat.yandex.ru/?region=225&view=table&words=%D1%81%D0%B8%D0%BD%D0%B0%D1%81%D1%82%D1%80%D0%B8%D1%8F
татьяна астрология,astrology,RELEVANT,545,broad,Yandex external demand proxy,астрология,Россия,Смартфоны,2026-07-29T18:51:01.061Z,https://wordstat.yandex.ru/?region=225&view=table&words=%D0%B0%D1%81%D1%82%D1%80%D0%BE%D0%BB%D0%BE%D0%B3%D0%B8%D1%8F
астрология карта онлайн,astrology,RELEVANT,544,broad,Yandex external demand proxy,астрология,Россия,Смартфоны,2026-07-29T18:51:01.061Z,https://wordstat.yandex.ru/?region=225&view=table&words=%D0%B0%D1%81%D1%82%D1%80%D0%BE%D0%BB%D0%BE%D0%B3%D0%B8%D1%8F
астрономия и астрология,astrology,RELEVANT,542,broad,Yandex external demand proxy,астрология,Россия,Смартфоны,2026-07-29T18:51:01.061Z,https://wordstat.yandex.ru/?region=225&view=table&words=%D0%B0%D1%81%D1%82%D1%80%D0%BE%D0%BB%D0%BE%D0%B3%D0%B8%D1%8F
астрология россии,astrology,RELEVANT,540,broad,Yandex external demand proxy,астрология,Россия,Смартфоны,2026-07-29T18:51:01.061Z,https://wordstat.yandex.ru/?region=225&view=table&words=%D0%B0%D1%81%D1%82%D1%80%D0%BE%D0%BB%D0%BE%D0%B3%D0%B8%D1%8F
совместимость знака весы зодиака в любви,compatibility,RELEVANT,538,broad,Yandex external demand proxy,совместимость знаков зодиака,Россия,Смартфоны,2026-07-29T18:50:58.010Z,https://wordstat.yandex.ru/?region=225&view=table&words=%D1%81%D0%BE%D0%B2%D0%BC%D0%B5%D1%81%D1%82%D0%B8%D0%BC%D0%BE%D1%81%D1%82%D1%8C%20%D0%B7%D0%BD%D0%B0%D0%BA%D0%BE%D0%B2%20%D0%B7%D0%BE%D0%B4%D0%B8%D0%B0%D0%BA%D0%B0
натальная карта онлайн синастрия,synastry,RELEVANT,538,broad,Yandex external demand proxy,синастрия,Россия,Смартфоны,2026-07-29T18:51:00.129Z,https://wordstat.yandex.ru/?region=225&view=table&words=%D1%81%D0%B8%D0%BD%D0%B0%D1%81%D1%82%D1%80%D0%B8%D1%8F
совместимость знаков зодиака рак и дева,compatibility,RELEVANT,532,broad,Yandex external demand proxy,совместимость знаков зодиака,Россия,Смартфоны,2026-07-29T18:50:58.010Z,https://wordstat.yandex.ru/?region=225&view=table&words=%D1%81%D0%BE%D0%B2%D0%BC%D0%B5%D1%81%D1%82%D0%B8%D0%BC%D0%BE%D1%81%D1%82%D1%8C%20%D0%B7%D0%BD%D0%B0%D0%BA%D0%BE%D0%B2%20%D0%B7%D0%BE%D0%B4%D0%B8%D0%B0%D0%BA%D0%B0
астрология для начинающих,astrology,RELEVANT,525,broad,Yandex external demand proxy,астрология,Россия,Смартфоны,2026-07-29T18:51:01.061Z,https://wordstat.yandex.ru/?region=225&view=table&words=%D0%B0%D1%81%D1%82%D1%80%D0%BE%D0%BB%D0%BE%D0%B3%D0%B8%D1%8F
чандра что это в астрологии,astrology,RELEVANT,523,broad,Yandex external demand proxy,астрология,Россия,Смартфоны,2026-07-29T18:51:01.061Z,https://wordstat.yandex.ru/?region=225&view=table&words=%D0%B0%D1%81%D1%82%D1%80%D0%BE%D0%BB%D0%BE%D0%B3%D0%B8%D1%8F
астрология официальный,astrology,RELEVANT,523,broad,Yandex external demand proxy,астрология,Россия,Смартфоны,2026-07-29T18:51:01.061Z,https://wordstat.yandex.ru/?region=225&view=table&words=%D0%B0%D1%81%D1%82%D1%80%D0%BE%D0%BB%D0%BE%D0%B3%D0%B8%D1%8F
хирон в астрологии,astrology,RELEVANT,522,broad,Yandex external demand proxy,астрология,Россия,Смартфоны,2026-07-29T18:51:01.061Z,https://wordstat.yandex.ru/?region=225&view=table&words=%D0%B0%D1%81%D1%82%D1%80%D0%BE%D0%BB%D0%BE%D0%B3%D0%B8%D1%8F
характеристика астрологии,astrology,RELEVANT,522,broad,Yandex external demand proxy,астрология,Россия,Смартфоны,2026-07-29T18:51:01.061Z,https://wordstat.yandex.ru/?region=225&view=table&words=%D0%B0%D1%81%D1%82%D1%80%D0%BE%D0%BB%D0%BE%D0%B3%D0%B8%D1%8F
синастрия планет,synastry,RELEVANT,520,broad,Yandex external demand proxy,синастрия,Россия,Смартфоны,2026-07-29T18:51:00.129Z,https://wordstat.yandex.ru/?region=225&view=table&words=%D1%81%D0%B8%D0%BD%D0%B0%D1%81%D1%82%D1%80%D0%B8%D1%8F
день рождение астрология,astrology,RELEVANT,519,broad,Yandex external demand proxy,астрология,Россия,Смартфоны,2026-07-29T18:51:01.061Z,https://wordstat.yandex.ru/?region=225&view=table&words=%D0%B0%D1%81%D1%82%D1%80%D0%BE%D0%BB%D0%BE%D0%B3%D0%B8%D1%8F
астрология говорят,astrology,RELEVANT,518,broad,Yandex external demand proxy,астрология,Россия,Смартфоны,2026-07-29T18:51:01.061Z,https://wordstat.yandex.ru/?region=225&view=table&words=%D0%B0%D1%81%D1%82%D1%80%D0%BE%D0%BB%D0%BE%D0%B3%D0%B8%D1%8F
совместимость знаков зодиака близнецы и рак,compatibility,RELEVANT,515,broad,Yandex external demand proxy,совместимость знаков зодиака,Россия,Смартфоны,2026-07-29T18:50:58.010Z,https://wordstat.yandex.ru/?region=225&view=table&words=%D1%81%D0%BE%D0%B2%D0%BC%D0%B5%D1%81%D1%82%D0%B8%D0%BC%D0%BE%D1%81%D1%82%D1%8C%20%D0%B7%D0%BD%D0%B0%D0%BA%D0%BE%D0%B2%20%D0%B7%D0%BE%D0%B4%D0%B8%D0%B0%D0%BA%D0%B0
оппозиция солнц синастрия,synastry,RELEVANT,513,broad,Yandex external demand proxy,синастрия,Россия,Смартфоны,2026-07-29T18:51:00.129Z,https://wordstat.yandex.ru/?region=225&view=table&words=%D1%81%D0%B8%D0%BD%D0%B0%D1%81%D1%82%D1%80%D0%B8%D1%8F
северный узел в астрологии,astrology,RELEVANT,511,broad,Yandex external demand proxy,астрология,Россия,Смартфоны,2026-07-29T18:51:01.061Z,https://wordstat.yandex.ru/?region=225&view=table&words=%D0%B0%D1%81%D1%82%D1%80%D0%BE%D0%BB%D0%BE%D0%B3%D0%B8%D1%8F
гороскоп совместимости знаков зодиака в браке,compatibility,RELEVANT,508,broad,Yandex external demand proxy,совместимость знаков зодиака,Россия,Смартфоны,2026-07-29T18:50:58.010Z,https://wordstat.yandex.ru/?region=225&view=table&words=%D1%81%D0%BE%D0%B2%D0%BC%D0%B5%D1%81%D1%82%D0%B8%D0%BC%D0%BE%D1%81%D1%82%D1%8C%20%D0%B7%D0%BD%D0%B0%D0%BA%D0%BE%D0%B2%20%D0%B7%D0%BE%D0%B4%D0%B8%D0%B0%D0%BA%D0%B0
марс в доме синастрия,synastry,RELEVANT,507,broad,Yandex external demand proxy,синастрия,Россия,Смартфоны,2026-07-29T18:51:00.129Z,https://wordstat.yandex.ru/?region=225&view=table&words=%D1%81%D0%B8%D0%BD%D0%B0%D1%81%D1%82%D1%80%D0%B8%D1%8F
знаки зодиака совместимость в любви стрелец,compatibility,RELEVANT,506,broad,Yandex external demand proxy,совместимость знаков зодиака,Россия,Смартфоны,2026-07-29T18:50:58.010Z,https://wordstat.yandex.ru/?region=225&view=table&words=%D1%81%D0%BE%D0%B2%D0%BC%D0%B5%D1%81%D1%82%D0%B8%D0%BC%D0%BE%D1%81%D1%82%D1%8C%20%D0%B7%D0%BD%D0%B0%D0%BA%D0%BE%D0%B2%20%D0%B7%D0%BE%D0%B4%D0%B8%D0%B0%D0%BA%D0%B0
совместимость знаков зодиака скорпион и водолей,compatibility,RELEVANT,505,broad,Yandex external demand proxy,совместимость знаков зодиака,Россия,Смартфоны,2026-07-29T18:50:58.010Z,https://wordstat.yandex.ru/?region=225&view=table&words=%D1%81%D0%BE%D0%B2%D0%BC%D0%B5%D1%81%D1%82%D0%B8%D0%BC%D0%BE%D1%81%D1%82%D1%8C%20%D0%B7%D0%BD%D0%B0%D0%BA%D0%BE%D0%B2%20%D0%B7%D0%BE%D0%B4%D0%B8%D0%B0%D0%BA%D0%B0
отзыв астрология,astrology,RELEVANT,505,broad,Yandex external demand proxy,астрология,Россия,Смартфоны,2026-07-29T18:51:01.061Z,https://wordstat.yandex.ru/?region=225&view=table&words=%D0%B0%D1%81%D1%82%D1%80%D0%BE%D0%BB%D0%BE%D0%B3%D0%B8%D1%8F
можно ли астрология,astrology,RELEVANT,504,broad,Yandex external demand proxy,астрология,Россия,Смартфоны,2026-07-29T18:51:01.061Z,https://wordstat.yandex.ru/?region=225&view=table&words=%D0%B0%D1%81%D1%82%D1%80%D0%BE%D0%BB%D0%BE%D0%B3%D0%B8%D1%8F
совместимости знаков зодиаков любовь козерог,compatibility,RELEVANT,503,broad,Yandex external demand proxy,совместимость знаков зодиака,Россия,Смартфоны,2026-07-29T18:50:58.010Z,https://wordstat.yandex.ru/?region=225&view=table&words=%D1%81%D0%BE%D0%B2%D0%BC%D0%B5%D1%81%D1%82%D0%B8%D0%BC%D0%BE%D1%81%D1%82%D1%8C%20%D0%B7%D0%BD%D0%B0%D0%BA%D0%BE%D0%B2%20%D0%B7%D0%BE%D0%B4%D0%B8%D0%B0%D0%BA%D0%B0
медицинская астрология,astrology,RELEVANT,503,broad,Yandex external demand proxy,астрология,Россия,Смартфоны,2026-07-29T18:51:01.061Z,https://wordstat.yandex.ru/?region=225&view=table&words=%D0%B0%D1%81%D1%82%D1%80%D0%BE%D0%BB%D0%BE%D0%B3%D0%B8%D1%8F
совместимость знаков зодиака рак и весы,compatibility,RELEVANT,502,broad,Yandex external demand proxy,совместимость знаков зодиака,Россия,Смартфоны,2026-07-29T18:50:58.010Z,https://wordstat.yandex.ru/?region=225&view=table&words=%D1%81%D0%BE%D0%B2%D0%BC%D0%B5%D1%81%D1%82%D0%B8%D0%BC%D0%BE%D1%81%D1%82%D1%8C%20%D0%B7%D0%BD%D0%B0%D0%BA%D0%BE%D0%B2%20%D0%B7%D0%BE%D0%B4%D0%B8%D0%B0%D0%BA%D0%B0
астрология событий,astrology,RELEVANT,502,broad,Yandex external demand proxy,астрология,Россия,Смартфоны,2026-07-29T18:51:01.061Z,https://wordstat.yandex.ru/?region=225&view=table&words=%D0%B0%D1%81%D1%82%D1%80%D0%BE%D0%BB%D0%BE%D0%B3%D0%B8%D1%8F
любовь между знаками зодиака совместимость,compatibility,RELEVANT,496,broad,Yandex external demand proxy,совместимость знаков зодиака,Россия,Смартфоны,2026-07-29T18:50:58.010Z,https://wordstat.yandex.ru/?region=225&view=table&words=%D1%81%D0%BE%D0%B2%D0%BC%D0%B5%D1%81%D1%82%D0%B8%D0%BC%D0%BE%D1%81%D1%82%D1%8C%20%D0%B7%D0%BD%D0%B0%D0%BA%D0%BE%D0%B2%20%D0%B7%D0%BE%D0%B4%D0%B8%D0%B0%D0%BA%D0%B0
рак совместимость с другими знаками зодиака,compatibility,RELEVANT,494,broad,Yandex external demand proxy,совместимость знаков зодиака,Россия,Смартфоны,2026-07-29T18:50:58.010Z,https://wordstat.yandex.ru/?region=225&view=table&words=%D1%81%D0%BE%D0%B2%D0%BC%D0%B5%D1%81%D1%82%D0%B8%D0%BC%D0%BE%D1%81%D1%82%D1%8C%20%D0%B7%D0%BD%D0%B0%D0%BA%D0%BE%D0%B2%20%D0%B7%D0%BE%D0%B4%D0%B8%D0%B0%D0%BA%D0%B0
астрология бесплатно с расшифровкой,astrology,RELEVANT,494,broad,Yandex external demand proxy,астрология,Россия,Смартфоны,2026-07-29T18:51:01.061Z,https://wordstat.yandex.ru/?region=225&view=table&words=%D0%B0%D1%81%D1%82%D1%80%D0%BE%D0%BB%D0%BE%D0%B3%D0%B8%D1%8F
какая совместимость у знаков зодиака,compatibility,RELEVANT,487,broad,Yandex external demand proxy,совместимость знаков зодиака,Россия,Смартфоны,2026-07-29T18:50:58.010Z,https://wordstat.yandex.ru/?region=225&view=table&words=%D1%81%D0%BE%D0%B2%D0%BC%D0%B5%D1%81%D1%82%D0%B8%D0%BC%D0%BE%D1%81%D1%82%D1%8C%20%D0%B7%D0%BD%D0%B0%D0%BA%D0%BE%D0%B2%20%D0%B7%D0%BE%D0%B4%D0%B8%D0%B0%D0%BA%D0%B0
совместимость знаков зодиака мужчин и женщин бесплатно,compatibility,RELEVANT,487,broad,Yandex external demand proxy,совместимость знаков зодиака,Россия,Смартфоны,2026-07-29T18:50:58.010Z,https://wordstat.yandex.ru/?region=225&view=table&words=%D1%81%D0%BE%D0%B2%D0%BC%D0%B5%D1%81%D1%82%D0%B8%D0%BC%D0%BE%D1%81%D1%82%D1%8C%20%D0%B7%D0%BD%D0%B0%D0%BA%D0%BE%D0%B2%20%D0%B7%D0%BE%D0%B4%D0%B8%D0%B0%D0%BA%D0%B0
астрология безбородного,astrology,RELEVANT,483,broad,Yandex external demand proxy,астрология,Россия,Смартфоны,2026-07-29T18:51:01.061Z,https://wordstat.yandex.ru/?region=225&view=table&words=%D0%B0%D1%81%D1%82%D1%80%D0%BE%D0%BB%D0%BE%D0%B3%D0%B8%D1%8F
астрология нова,astrology,RELEVANT,483,broad,Yandex external demand proxy,астрология,Россия,Смартфоны,2026-07-29T18:51:01.061Z,https://wordstat.yandex.ru/?region=225&view=table&words=%D0%B0%D1%81%D1%82%D1%80%D0%BE%D0%BB%D0%BE%D0%B3%D0%B8%D1%8F
новая астрология,astrology,RELEVANT,483,broad,Yandex external demand proxy,астрология,Россия,Смартфоны,2026-07-29T18:51:01.061Z,https://wordstat.yandex.ru/?region=225&view=table&words=%D0%B0%D1%81%D1%82%D1%80%D0%BE%D0%BB%D0%BE%D0%B3%D0%B8%D1%8F
астрология имени,astrology,RELEVANT,481,broad,Yandex external demand proxy,астрология,Россия,Смартфоны,2026-07-29T18:51:01.061Z,https://wordstat.yandex.ru/?region=225&view=table&words=%D0%B0%D1%81%D1%82%D1%80%D0%BE%D0%BB%D0%BE%D0%B3%D0%B8%D1%8F
астрология это наука,astrology,RELEVANT,477,broad,Yandex external demand proxy,астрология,Россия,Смартфоны,2026-07-29T18:51:01.061Z,https://wordstat.yandex.ru/?region=225&view=table&words=%D0%B0%D1%81%D1%82%D1%80%D0%BE%D0%BB%D0%BE%D0%B3%D0%B8%D1%8F
овен в астрологии,astrology,RELEVANT,477,broad,Yandex external demand proxy,астрология,Россия,Смартфоны,2026-07-29T18:51:01.061Z,https://wordstat.yandex.ru/?region=225&view=table&words=%D0%B0%D1%81%D1%82%D1%80%D0%BE%D0%BB%D0%BE%D0%B3%D0%B8%D1%8F
астрология джойтиш,astrology,RELEVANT,475,broad,Yandex external demand proxy,астрология,Россия,Смартфоны,2026-07-29T18:51:01.061Z,https://wordstat.yandex.ru/?region=225&view=table&words=%D0%B0%D1%81%D1%82%D1%80%D0%BE%D0%BB%D0%BE%D0%B3%D0%B8%D1%8F
астрология какой сегодня,astrology,RELEVANT,474,broad,Yandex external demand proxy,астрология,Россия,Смартфоны,2026-07-29T18:51:01.061Z,https://wordstat.yandex.ru/?region=225&view=table&words=%D0%B0%D1%81%D1%82%D1%80%D0%BE%D0%BB%D0%BE%D0%B3%D0%B8%D1%8F
совместимость знаков зодиака рак и рыба,compatibility,RELEVANT,471,broad,Yandex external demand proxy,совместимость знаков зодиака,Россия,Смартфоны,2026-07-29T18:50:58.010Z,https://wordstat.yandex.ru/?region=225&view=table&words=%D1%81%D0%BE%D0%B2%D0%BC%D0%B5%D1%81%D1%82%D0%B8%D0%BC%D0%BE%D1%81%D1%82%D1%8C%20%D0%B7%D0%BD%D0%B0%D0%BA%D0%BE%D0%B2%20%D0%B7%D0%BE%D0%B4%D0%B8%D0%B0%D0%BA%D0%B0
совместимость имен и знаков зодиака,compatibility,RELEVANT,470,broad,Yandex external demand proxy,совместимость знаков зодиака,Россия,Смартфоны,2026-07-29T18:50:58.010Z,https://wordstat.yandex.ru/?region=225&view=table&words=%D1%81%D0%BE%D0%B2%D0%BC%D0%B5%D1%81%D1%82%D0%B8%D0%BC%D0%BE%D1%81%D1%82%D1%8C%20%D0%B7%D0%BD%D0%B0%D0%BA%D0%BE%D0%B2%20%D0%B7%D0%BE%D0%B4%D0%B8%D0%B0%D0%BA%D0%B0
стрелец совместимость с другими знаками зодиака,compatibility,RELEVANT,469,broad,Yandex external demand proxy,совместимость знаков зодиака,Россия,Смартфоны,2026-07-29T18:50:58.010Z,https://wordstat.yandex.ru/?region=225&view=table&words=%D1%81%D0%BE%D0%B2%D0%BC%D0%B5%D1%81%D1%82%D0%B8%D0%BC%D0%BE%D1%81%D1%82%D1%8C%20%D0%B7%D0%BD%D0%B0%D0%BA%D0%BE%D0%B2%20%D0%B7%D0%BE%D0%B4%D0%B8%D0%B0%D0%BA%D0%B0
совместимость знаков зодиака лев и дева,compatibility,RELEVANT,467,broad,Yandex external demand proxy,совместимость знаков зодиака,Россия,Смартфоны,2026-07-29T18:50:58.010Z,https://wordstat.yandex.ru/?region=225&view=table&words=%D1%81%D0%BE%D0%B2%D0%BC%D0%B5%D1%81%D1%82%D0%B8%D0%BC%D0%BE%D1%81%D1%82%D1%8C%20%D0%B7%D0%BD%D0%B0%D0%BA%D0%BE%D0%B2%20%D0%B7%D0%BE%D0%B4%D0%B8%D0%B0%D0%BA%D0%B0
астрология формул,astrology,RELEVANT,467,broad,Yandex external demand proxy,астрология,Россия,Смартфоны,2026-07-29T18:51:01.061Z,https://wordstat.yandex.ru/?region=225&view=table&words=%D0%B0%D1%81%D1%82%D1%80%D0%BE%D0%BB%D0%BE%D0%B3%D0%B8%D1%8F
совместимости знаков зодиаков любовь близнецы близнецы,compatibility,RELEVANT,466,broad,Yandex external demand proxy,совместимость знаков зодиака,Россия,Смартфоны,2026-07-29T18:50:58.010Z,https://wordstat.yandex.ru/?region=225&view=table&words=%D1%81%D0%BE%D0%B2%D0%BC%D0%B5%D1%81%D1%82%D0%B8%D0%BC%D0%BE%D1%81%D1%82%D1%8C%20%D0%B7%D0%BD%D0%B0%D0%BA%D0%BE%D0%B2%20%D0%B7%D0%BE%D0%B4%D0%B8%D0%B0%D0%BA%D0%B0
дева совместимость с другими знаками зодиака,compatibility,RELEVANT,465,broad,Yandex external demand proxy,совместимость знаков зодиака,Россия,Смартфоны,2026-07-29T18:50:58.010Z,https://wordstat.yandex.ru/?region=225&view=table&words=%D1%81%D0%BE%D0%B2%D0%BC%D0%B5%D1%81%D1%82%D0%B8%D0%BC%D0%BE%D1%81%D1%82%D1%8C%20%D0%B7%D0%BD%D0%B0%D0%BA%D0%BE%D0%B2%20%D0%B7%D0%BE%D0%B4%D0%B8%D0%B0%D0%BA%D0%B0
астрология любви,astrology,RELEVANT,465,broad,Yandex external demand proxy,астрология,Россия,Смартфоны,2026-07-29T18:51:01.061Z,https://wordstat.yandex.ru/?region=225&view=table&words=%D0%B0%D1%81%D1%82%D1%80%D0%BE%D0%BB%D0%BE%D0%B3%D0%B8%D1%8F
кету что это в астрологии,astrology,RELEVANT,465,broad,Yandex external demand proxy,астрология,Россия,Смартфоны,2026-07-29T18:51:01.061Z,https://wordstat.yandex.ru/?region=225&view=table&words=%D0%B0%D1%81%D1%82%D1%80%D0%BE%D0%BB%D0%BE%D0%B3%D0%B8%D1%8F
планеты ведической астрологии,astrology,RELEVANT,465,broad,Yandex external demand proxy,астрология,Россия,Смартфоны,2026-07-29T18:51:01.061Z,https://wordstat.yandex.ru/?region=225&view=table&words=%D0%B0%D1%81%D1%82%D1%80%D0%BE%D0%BB%D0%BE%D0%B3%D0%B8%D1%8F
астрология определить,astrology,RELEVANT,464,broad,Yandex external demand proxy,астрология,Россия,Смартфоны,2026-07-29T18:51:01.061Z,https://wordstat.yandex.ru/?region=225&view=table&words=%D0%B0%D1%81%D1%82%D1%80%D0%BE%D0%BB%D0%BE%D0%B3%D0%B8%D1%8F
совместимость знаков зодиака рыб и львов,compatibility,RELEVANT,463,broad,Yandex external demand proxy,совместимость знаков зодиака,Россия,Смартфоны,2026-07-29T18:50:58.010Z,https://wordstat.yandex.ru/?region=225&view=table&words=%D1%81%D0%BE%D0%B2%D0%BC%D0%B5%D1%81%D1%82%D0%B8%D0%BC%D0%BE%D1%81%D1%82%D1%8C%20%D0%B7%D0%BD%D0%B0%D0%BA%D0%BE%D0%B2%20%D0%B7%D0%BE%D0%B4%D0%B8%D0%B0%D0%BA%D0%B0
совместимость знаков зодиака лев и рыбы,compatibility,RELEVANT,462,broad,Yandex external demand proxy,совместимость знаков зодиака,Россия,Смартфоны,2026-07-29T18:50:58.010Z,https://wordstat.yandex.ru/?region=225&view=table&words=%D1%81%D0%BE%D0%B2%D0%BC%D0%B5%D1%81%D1%82%D0%B8%D0%BC%D0%BE%D1%81%D1%82%D1%8C%20%D0%B7%D0%BD%D0%B0%D0%BA%D0%BE%D0%B2%20%D0%B7%D0%BE%D0%B4%D0%B8%D0%B0%D0%BA%D0%B0
совместимость знаков зодиака дева и скорпион,compatibility,RELEVANT,462,broad,Yandex external demand proxy,совместимость знаков зодиака,Россия,Смартфоны,2026-07-29T18:50:58.010Z,https://wordstat.yandex.ru/?region=225&view=table&words=%D1%81%D0%BE%D0%B2%D0%BC%D0%B5%D1%81%D1%82%D0%B8%D0%BC%D0%BE%D1%81%D1%82%D1%8C%20%D0%B7%D0%BD%D0%B0%D0%BA%D0%BE%D0%B2%20%D0%B7%D0%BE%D0%B4%D0%B8%D0%B0%D0%BA%D0%B0
совместимость знаков зодиака лев и козерог,compatibility,RELEVANT,456,broad,Yandex external demand proxy,совместимость знаков зодиака,Россия,Смартфоны,2026-07-29T18:50:58.010Z,https://wordstat.yandex.ru/?region=225&view=table&words=%D1%81%D0%BE%D0%B2%D0%BC%D0%B5%D1%81%D1%82%D0%B8%D0%BC%D0%BE%D1%81%D1%82%D1%8C%20%D0%B7%D0%BD%D0%B0%D0%BA%D0%BE%D0%B2%20%D0%B7%D0%BE%D0%B4%D0%B8%D0%B0%D0%BA%D0%B0
синастрия онлайн с расшифровкой бесплатно,synastry,RELEVANT,454,broad,Yandex external demand proxy,синастрия,Россия,Смартфоны,2026-07-29T18:51:00.129Z,https://wordstat.yandex.ru/?region=225&view=table&words=%D1%81%D0%B8%D0%BD%D0%B0%D1%81%D1%82%D1%80%D0%B8%D1%8F
совместимость знаков зодиака в любви скорпионы,compatibility,RELEVANT,452,broad,Yandex external demand proxy,совместимость знаков зодиака,Россия,Смартфоны,2026-07-29T18:50:58.010Z,https://wordstat.yandex.ru/?region=225&view=table&words=%D1%81%D0%BE%D0%B2%D0%BC%D0%B5%D1%81%D1%82%D0%B8%D0%BC%D0%BE%D1%81%D1%82%D1%8C%20%D0%B7%D0%BD%D0%B0%D0%BA%D0%BE%D0%B2%20%D0%B7%D0%BE%D0%B4%D0%B8%D0%B0%D0%BA%D0%B0
нептун соединение нептун в синастрии,synastry,RELEVANT,446,broad,Yandex external demand proxy,синастрия,Россия,Смартфоны,2026-07-29T18:51:00.129Z,https://wordstat.yandex.ru/?region=225&view=table&words=%D1%81%D0%B8%D0%BD%D0%B0%D1%81%D1%82%D1%80%D0%B8%D1%8F
знаки зодиака совместимость в любви водолей,compatibility,RELEVANT,443,broad,Yandex external demand proxy,совместимость знаков зодиака,Россия,Смартфоны,2026-07-29T18:50:58.010Z,https://wordstat.yandex.ru/?region=225&view=table&words=%D1%81%D0%BE%D0%B2%D0%BC%D0%B5%D1%81%D1%82%D0%B8%D0%BC%D0%BE%D1%81%D1%82%D1%8C%20%D0%B7%D0%BD%D0%B0%D0%BA%D0%BE%D0%B2%20%D0%B7%D0%BE%D0%B4%D0%B8%D0%B0%D0%BA%D0%B0
синастрия оппозиция плутон,synastry,RELEVANT,443,broad,Yandex external demand proxy,синастрия,Россия,Смартфоны,2026-07-29T18:51:00.129Z,https://wordstat.yandex.ru/?region=225&view=table&words=%D1%81%D0%B8%D0%BD%D0%B0%D1%81%D1%82%D1%80%D0%B8%D1%8F
июль знак зодиака совместимость,compatibility,RELEVANT,441,broad,Yandex external demand proxy,совместимость знаков зодиака,Россия,Смартфоны,2026-07-29T18:50:58.010Z,https://wordstat.yandex.ru/?region=225&view=table&words=%D1%81%D0%BE%D0%B2%D0%BC%D0%B5%D1%81%D1%82%D0%B8%D0%BC%D0%BE%D1%81%D1%82%D1%8C%20%D0%B7%D0%BD%D0%B0%D0%BA%D0%BE%D0%B2%20%D0%B7%D0%BE%D0%B4%D0%B8%D0%B0%D0%BA%D0%B0
совместимость знаков зодиака рак и скорпион,compatibility,RELEVANT,440,broad,Yandex external demand proxy,совместимость знаков зодиака,Россия,Смартфоны,2026-07-29T18:50:58.010Z,https://wordstat.yandex.ru/?region=225&view=table&words=%D1%81%D0%BE%D0%B2%D0%BC%D0%B5%D1%81%D1%82%D0%B8%D0%BC%D0%BE%D1%81%D1%82%D1%8C%20%D0%B7%D0%BD%D0%B0%D0%BA%D0%BE%D0%B2%20%D0%B7%D0%BE%D0%B4%D0%B8%D0%B0%D0%BA%D0%B0
совместимость знаков зодиака овен и скорпион,compatibility,RELEVANT,439,broad,Yandex external demand proxy,совместимость знаков зодиака,Россия,Смартфоны,2026-07-29T18:50:58.010Z,https://wordstat.yandex.ru/?region=225&view=table&words=%D1%81%D0%BE%D0%B2%D0%BC%D0%B5%D1%81%D1%82%D0%B8%D0%BC%D0%BE%D1%81%D1%82%D1%8C%20%D0%B7%D0%BD%D0%B0%D0%BA%D0%BE%D0%B2%20%D0%B7%D0%BE%D0%B4%D0%B8%D0%B0%D0%BA%D0%B0
совместимость знаков зодиака рак и водолей,compatibility,RELEVANT,435,broad,Yandex external demand proxy,совместимость знаков зодиака,Россия,Смартфоны,2026-07-29T18:50:58.010Z,https://wordstat.yandex.ru/?region=225&view=table&words=%D1%81%D0%BE%D0%B2%D0%BC%D0%B5%D1%81%D1%82%D0%B8%D0%BC%D0%BE%D1%81%D1%82%D1%8C%20%D0%B7%D0%BD%D0%B0%D0%BA%D0%BE%D0%B2%20%D0%B7%D0%BE%D0%B4%D0%B8%D0%B0%D0%BA%D0%B0
селена в синастрии,synastry,RELEVANT,432,broad,Yandex external demand proxy,синастрия,Россия,Смартфоны,2026-07-29T18:51:00.129Z,https://wordstat.yandex.ru/?region=225&view=table&words=%D1%81%D0%B8%D0%BD%D0%B0%D1%81%D1%82%D1%80%D0%B8%D1%8F
знаки зодиака совместимость в отношениях дева,compatibility,RELEVANT,423,broad,Yandex external demand proxy,совместимость знаков зодиака,Россия,Смартфоны,2026-07-29T18:50:58.010Z,https://wordstat.yandex.ru/?region=225&view=table&words=%D1%81%D0%BE%D0%B2%D0%BC%D0%B5%D1%81%D1%82%D0%B8%D0%BC%D0%BE%D1%81%D1%82%D1%8C%20%D0%B7%D0%BD%D0%B0%D0%BA%D0%BE%D0%B2%20%D0%B7%D0%BE%D0%B4%D0%B8%D0%B0%D0%BA%D0%B0
знаки зодиака совместимость в отношениях рак,compatibility,RELEVANT,421,broad,Yandex external demand proxy,совместимость знаков зодиака,Россия,Смартфоны,2026-07-29T18:50:58.010Z,https://wordstat.yandex.ru/?region=225&view=table&words=%D1%81%D0%BE%D0%B2%D0%BC%D0%B5%D1%81%D1%82%D0%B8%D0%BC%D0%BE%D1%81%D1%82%D1%8C%20%D0%B7%D0%BD%D0%B0%D0%BA%D0%BE%D0%B2%20%D0%B7%D0%BE%D0%B4%D0%B8%D0%B0%D0%BA%D0%B0
меркурий соединение меркурий синастрия,synastry,RELEVANT,420,broad,Yandex external demand proxy,синастрия,Россия,Смартфоны,2026-07-29T18:51:00.129Z,https://wordstat.yandex.ru/?region=225&view=table&words=%D1%81%D0%B8%D0%BD%D0%B0%D1%81%D1%82%D1%80%D0%B8%D1%8F
теста совместимость знаков зодиака,compatibility,RELEVANT,417,broad,Yandex external demand proxy,совместимость знаков зодиака,Россия,Смартфоны,2026-07-29T18:50:58.010Z,https://wordstat.yandex.ru/?region=225&view=table&words=%D1%81%D0%BE%D0%B2%D0%BC%D0%B5%D1%81%D1%82%D0%B8%D0%BC%D0%BE%D1%81%D1%82%D1%8C%20%D0%B7%D0%BD%D0%B0%D0%BA%D0%BE%D0%B2%20%D0%B7%D0%BE%D0%B4%D0%B8%D0%B0%D0%BA%D0%B0
скорпион совместимость с другими знаками зодиака,compatibility,RELEVANT,417,broad,Yandex external demand proxy,совместимость знаков зодиака,Россия,Смартфоны,2026-07-29T18:50:58.010Z,https://wordstat.yandex.ru/?region=225&view=table&words=%D1%81%D0%BE%D0%B2%D0%BC%D0%B5%D1%81%D1%82%D0%B8%D0%BC%D0%BE%D1%81%D1%82%D1%8C%20%D0%B7%D0%BD%D0%B0%D0%BA%D0%BE%D0%B2%20%D0%B7%D0%BE%D0%B4%D0%B8%D0%B0%D0%BA%D0%B0
вертекс в синастрии,synastry,RELEVANT,416,broad,Yandex external demand proxy,синастрия,Россия,Смартфоны,2026-07-29T18:51:00.129Z,https://wordstat.yandex.ru/?region=225&view=table&words=%D1%81%D0%B8%D0%BD%D0%B0%D1%81%D1%82%D1%80%D0%B8%D1%8F
совместимость знака зодиака овна в любви,compatibility,RELEVANT,415,broad,Yandex external demand proxy,совместимость знаков зодиака,Россия,Смартфоны,2026-07-29T18:50:58.010Z,https://wordstat.yandex.ru/?region=225&view=table&words=%D1%81%D0%BE%D0%B2%D0%BC%D0%B5%D1%81%D1%82%D0%B8%D0%BC%D0%BE%D1%81%D1%82%D1%8C%20%D0%B7%D0%BD%D0%B0%D0%BA%D0%BE%D0%B2%20%D0%B7%D0%BE%D0%B4%D0%B8%D0%B0%D0%BA%D0%B0
совместимость знаков зодиака весы и козерог,compatibility,RELEVANT,415,broad,Yandex external demand proxy,совместимость знаков зодиака,Россия,Смартфоны,2026-07-29T18:50:58.010Z,https://wordstat.yandex.ru/?region=225&view=table&words=%D1%81%D0%BE%D0%B2%D0%BC%D0%B5%D1%81%D1%82%D0%B8%D0%BC%D0%BE%D1%81%D1%82%D1%8C%20%D0%B7%D0%BD%D0%B0%D0%BA%D0%BE%D0%B2%20%D0%B7%D0%BE%D0%B4%D0%B8%D0%B0%D0%BA%D0%B0
расчет синастрии,synastry,RELEVANT,415,broad,Yandex external demand proxy,синастрия,Россия,Смартфоны,2026-07-29T18:51:00.129Z,https://wordstat.yandex.ru/?region=225&view=table&words=%D1%81%D0%B8%D0%BD%D0%B0%D1%81%D1%82%D1%80%D0%B8%D1%8F
совместимость знаков зодиака козерог и дева,compatibility,RELEVANT,412,broad,Yandex external demand proxy,совместимость знаков зодиака,Россия,Смартфоны,2026-07-29T18:50:58.010Z,https://wordstat.yandex.ru/?region=225&view=table&words=%D1%81%D0%BE%D0%B2%D0%BC%D0%B5%D1%81%D1%82%D0%B8%D0%BC%D0%BE%D1%81%D1%82%D1%8C%20%D0%B7%D0%BD%D0%B0%D0%BA%D0%BE%D0%B2%20%D0%B7%D0%BE%D0%B4%D0%B8%D0%B0%D0%BA%D0%B0
весы совместимость с другими знаками зодиака,compatibility,RELEVANT,410,broad,Yandex external demand proxy,совместимость знаков зодиака,Россия,Смартфоны,2026-07-29T18:50:58.010Z,https://wordstat.yandex.ru/?region=225&view=table&words=%D1%81%D0%BE%D0%B2%D0%BC%D0%B5%D1%81%D1%82%D0%B8%D0%BC%D0%BE%D1%81%D1%82%D1%8C%20%D0%B7%D0%BD%D0%B0%D0%BA%D0%BE%D0%B2%20%D0%B7%D0%BE%D0%B4%D0%B8%D0%B0%D0%BA%D0%B0
синастрии солнце марс,synastry,RELEVANT,410,broad,Yandex external demand proxy,синастрия,Россия,Смартфоны,2026-07-29T18:51:00.129Z,https://wordstat.yandex.ru/?region=225&view=table&words=%D1%81%D0%B8%D0%BD%D0%B0%D1%81%D1%82%D1%80%D0%B8%D1%8F
соединение домов в синастрии,synastry,RELEVANT,409,broad,Yandex external demand proxy,синастрия,Россия,Смартфоны,2026-07-29T18:51:00.129Z,https://wordstat.yandex.ru/?region=225&view=table&words=%D1%81%D0%B8%D0%BD%D0%B0%D1%81%D1%82%D1%80%D0%B8%D1%8F
совместимость знаков зодиака весы и телец,compatibility,RELEVANT,400,broad,Yandex external demand proxy,совместимость знаков зодиака,Россия,Смартфоны,2026-07-29T18:50:58.010Z,https://wordstat.yandex.ru/?region=225&view=table&words=%D1%81%D0%BE%D0%B2%D0%BC%D0%B5%D1%81%D1%82%D0%B8%D0%BC%D0%BE%D1%81%D1%82%D1%8C%20%D0%B7%D0%BD%D0%B0%D0%BA%D0%BE%D0%B2%20%D0%B7%D0%BE%D0%B4%D0%B8%D0%B0%D0%BA%D0%B0
совместимость рыб с другими знаками зодиака,compatibility,RELEVANT,399,broad,Yandex external demand proxy,совместимость знаков зодиака,Россия,Смартфоны,2026-07-29T18:50:58.010Z,https://wordstat.yandex.ru/?region=225&view=table&words=%D1%81%D0%BE%D0%B2%D0%BC%D0%B5%D1%81%D1%82%D0%B8%D0%BC%D0%BE%D1%81%D1%82%D1%8C%20%D0%B7%D0%BD%D0%B0%D0%BA%D0%BE%D0%B2%20%D0%B7%D0%BE%D0%B4%D0%B8%D0%B0%D0%BA%D0%B0
таблица совместимости знаков зодиака в любви,compatibility,RELEVANT,397,broad,Yandex external demand proxy,совместимость знаков зодиака,Россия,Смартфоны,2026-07-29T18:50:58.010Z,https://wordstat.yandex.ru/?region=225&view=table&words=%D1%81%D0%BE%D0%B2%D0%BC%D0%B5%D1%81%D1%82%D0%B8%D0%BC%D0%BE%D1%81%D1%82%D1%8C%20%D0%B7%D0%BD%D0%B0%D0%BA%D0%BE%D0%B2%20%D0%B7%D0%BE%D0%B4%D0%B8%D0%B0%D0%BA%D0%B0
сколько совместимость знаков зодиака,compatibility,RELEVANT,395,broad,Yandex external demand proxy,совместимость знаков зодиака,Россия,Смартфоны,2026-07-29T18:50:58.010Z,https://wordstat.yandex.ru/?region=225&view=table&words=%D1%81%D0%BE%D0%B2%D0%BC%D0%B5%D1%81%D1%82%D0%B8%D0%BC%D0%BE%D1%81%D1%82%D1%8C%20%D0%B7%D0%BD%D0%B0%D0%BA%D0%BE%D0%B2%20%D0%B7%D0%BE%D0%B4%D0%B8%D0%B0%D0%BA%D0%B0
скорпионы в синастрии,synastry,RELEVANT,393,broad,Yandex external demand proxy,синастрия,Россия,Смартфоны,2026-07-29T18:51:00.129Z,https://wordstat.yandex.ru/?region=225&view=table&words=%D1%81%D0%B8%D0%BD%D0%B0%D1%81%D1%82%D1%80%D0%B8%D1%8F
совместимость по году рождения и знаку зодиака,compatibility,RELEVANT,391,broad,Yandex external demand proxy,совместимость знаков зодиака,Россия,Смартфоны,2026-07-29T18:50:58.010Z,https://wordstat.yandex.ru/?region=225&view=table&words=%D1%81%D0%BE%D0%B2%D0%BC%D0%B5%D1%81%D1%82%D0%B8%D0%BC%D0%BE%D1%81%D1%82%D1%8C%20%D0%B7%D0%BD%D0%B0%D0%BA%D0%BE%D0%B2%20%D0%B7%D0%BE%D0%B4%D0%B8%D0%B0%D0%BA%D0%B0
трин венер в синастрии,synastry,RELEVANT,391,broad,Yandex external demand proxy,синастрия,Россия,Смартфоны,2026-07-29T18:51:00.129Z,https://wordstat.yandex.ru/?region=225&view=table&words=%D1%81%D0%B8%D0%BD%D0%B0%D1%81%D1%82%D1%80%D0%B8%D1%8F
совместимость знаков зодиака весы и рыбы,compatibility,RELEVANT,390,broad,Yandex external demand proxy,совместимость знаков зодиака,Россия,Смартфоны,2026-07-29T18:50:58.010Z,https://wordstat.yandex.ru/?region=225&view=table&words=%D1%81%D0%BE%D0%B2%D0%BC%D0%B5%D1%81%D1%82%D0%B8%D0%BC%D0%BE%D1%81%D1%82%D1%8C%20%D0%B7%D0%BD%D0%B0%D0%BA%D0%BE%D0%B2%20%D0%B7%D0%BE%D0%B4%D0%B8%D0%B0%D0%BA%D0%B0
совместимость знаков зодиака девушка и парень,compatibility,RELEVANT,387,broad,Yandex external demand proxy,совместимость знаков зодиака,Россия,Смартфоны,2026-07-29T18:50:58.010Z,https://wordstat.yandex.ru/?region=225&view=table&words=%D1%81%D0%BE%D0%B2%D0%BC%D0%B5%D1%81%D1%82%D0%B8%D0%BC%D0%BE%D1%81%D1%82%D1%8C%20%D0%B7%D0%BD%D0%B0%D0%BA%D0%BE%D0%B2%20%D0%B7%D0%BE%D0%B4%D0%B8%D0%B0%D0%BA%D0%B0
совместимость знаков зодиака рыбы и близнецы,compatibility,RELEVANT,387,broad,Yandex external demand proxy,совместимость знаков зодиака,Россия,Смартфоны,2026-07-29T18:50:58.010Z,https://wordstat.yandex.ru/?region=225&view=table&words=%D1%81%D0%BE%D0%B2%D0%BC%D0%B5%D1%81%D1%82%D0%B8%D0%BC%D0%BE%D1%81%D1%82%D1%8C%20%D0%B7%D0%BD%D0%B0%D0%BA%D0%BE%D0%B2%20%D0%B7%D0%BE%D0%B4%D0%B8%D0%B0%D0%BA%D0%B0
синастрия лилит в домах,synastry,RELEVANT,387,broad,Yandex external demand proxy,синастрия,Россия,Смартфоны,2026-07-29T18:51:00.129Z,https://wordstat.yandex.ru/?region=225&view=table&words=%D1%81%D0%B8%D0%BD%D0%B0%D1%81%D1%82%D1%80%D0%B8%D1%8F
овен совместимость с другими знаками зодиака,compatibility,RELEVANT,386,broad,Yandex external demand proxy,совместимость знаков зодиака,Россия,Смартфоны,2026-07-29T18:50:58.010Z,https://wordstat.yandex.ru/?region=225&view=table&words=%D1%81%D0%BE%D0%B2%D0%BC%D0%B5%D1%81%D1%82%D0%B8%D0%BC%D0%BE%D1%81%D1%82%D1%8C%20%D0%B7%D0%BD%D0%B0%D0%BA%D0%BE%D0%B2%20%D0%B7%D0%BE%D0%B4%D0%B8%D0%B0%D0%BA%D0%B0
водолей совместимость с другими знаками зодиака,compatibility,RELEVANT,383,broad,Yandex external demand proxy,совместимость знаков зодиака,Россия,Смартфоны,2026-07-29T18:50:58.010Z,https://wordstat.yandex.ru/?region=225&view=table&words=%D1%81%D0%BE%D0%B2%D0%BC%D0%B5%D1%81%D1%82%D0%B8%D0%BC%D0%BE%D1%81%D1%82%D1%8C%20%D0%B7%D0%BD%D0%B0%D0%BA%D0%BE%D0%B2%20%D0%B7%D0%BE%D0%B4%D0%B8%D0%B0%D0%BA%D0%B0
совместимость брака в между знаками зодиака,compatibility,RELEVANT,383,broad,Yandex external demand proxy,совместимость знаков зодиака,Россия,Смартфоны,2026-07-29T18:50:58.010Z,https://wordstat.yandex.ru/?region=225&view=table&words=%D1%81%D0%BE%D0%B2%D0%BC%D0%B5%D1%81%D1%82%D0%B8%D0%BC%D0%BE%D1%81%D1%82%D1%8C%20%D0%B7%D0%BD%D0%B0%D0%BA%D0%BE%D0%B2%20%D0%B7%D0%BE%D0%B4%D0%B8%D0%B0%D0%BA%D0%B0
знаки зодиака совместимость в любви телец,compatibility,RELEVANT,380,broad,Yandex external demand proxy,совместимость знаков зодиака,Россия,Смартфоны,2026-07-29T18:50:58.010Z,https://wordstat.yandex.ru/?region=225&view=table&words=%D1%81%D0%BE%D0%B2%D0%BC%D0%B5%D1%81%D1%82%D0%B8%D0%BC%D0%BE%D1%81%D1%82%D1%8C%20%D0%B7%D0%BD%D0%B0%D0%BA%D0%BE%D0%B2%20%D0%B7%D0%BE%D0%B4%D0%B8%D0%B0%D0%BA%D0%B0
козерог совместимость с другими знаками зодиака,compatibility,RELEVANT,379,broad,Yandex external demand proxy,совместимость знаков зодиака,Россия,Смартфоны,2026-07-29T18:50:58.010Z,https://wordstat.yandex.ru/?region=225&view=table&words=%D1%81%D0%BE%D0%B2%D0%BC%D0%B5%D1%81%D1%82%D0%B8%D0%BC%D0%BE%D1%81%D1%82%D1%8C%20%D0%B7%D0%BD%D0%B0%D0%BA%D0%BE%D0%B2%20%D0%B7%D0%BE%D0%B4%D0%B8%D0%B0%D0%BA%D0%B0
совместимость львов с другими знаками зодиака,compatibility,RELEVANT,377,broad,Yandex external demand proxy,совместимость знаков зодиака,Россия,Смартфоны,2026-07-29T18:50:58.010Z,https://wordstat.yandex.ru/?region=225&view=table&words=%D1%81%D0%BE%D0%B2%D0%BC%D0%B5%D1%81%D1%82%D0%B8%D0%BC%D0%BE%D1%81%D1%82%D1%8C%20%D0%B7%D0%BD%D0%B0%D0%BA%D0%BE%D0%B2%20%D0%B7%D0%BE%D0%B4%D0%B8%D0%B0%D0%BA%D0%B0
марс плутон синастрии,synastry,RELEVANT,375,broad,Yandex external demand proxy,синастрия,Россия,Смартфоны,2026-07-29T18:51:00.129Z,https://wordstat.yandex.ru/?region=225&view=table&words=%D1%81%D0%B8%D0%BD%D0%B0%D1%81%D1%82%D1%80%D0%B8%D1%8F
лев знак зодиака девушка совместимость,compatibility,RELEVANT,374,broad,Yandex external demand proxy,совместимость знаков зодиака,Россия,Смартфоны,2026-07-29T18:50:58.010Z,https://wordstat.yandex.ru/?region=225&view=table&words=%D1%81%D0%BE%D0%B2%D0%BC%D0%B5%D1%81%D1%82%D0%B8%D0%BC%D0%BE%D1%81%D1%82%D1%8C%20%D0%B7%D0%BD%D0%B0%D0%BA%D0%BE%D0%B2%20%D0%B7%D0%BE%D0%B4%D0%B8%D0%B0%D0%BA%D0%B0
ноябрь знак зодиака совместимость,compatibility,RELEVANT,374,broad,Yandex external demand proxy,совместимость знаков зодиака,Россия,Смартфоны,2026-07-29T18:50:58.010Z,https://wordstat.yandex.ru/?region=225&view=table&words=%D1%81%D0%BE%D0%B2%D0%BC%D0%B5%D1%81%D1%82%D0%B8%D0%BC%D0%BE%D1%81%D1%82%D1%8C%20%D0%B7%D0%BD%D0%B0%D0%BA%D0%BE%D0%B2%20%D0%B7%D0%BE%D0%B4%D0%B8%D0%B0%D0%BA%D0%B0
кету в синастрии,synastry,RELEVANT,373,broad,Yandex external demand proxy,синастрия,Россия,Смартфоны,2026-07-29T18:51:00.129Z,https://wordstat.yandex.ru/?region=225&view=table&words=%D1%81%D0%B8%D0%BD%D0%B0%D1%81%D1%82%D1%80%D0%B8%D1%8F
совместимость знаков зодиака водолей и близнецы,compatibility,RELEVANT,372,broad,Yandex external demand proxy,совместимость знаков зодиака,Россия,Смартфоны,2026-07-29T18:50:58.010Z,https://wordstat.yandex.ru/?region=225&view=table&words=%D1%81%D0%BE%D0%B2%D0%BC%D0%B5%D1%81%D1%82%D0%B8%D0%BC%D0%BE%D1%81%D1%82%D1%8C%20%D0%B7%D0%BD%D0%B0%D0%BA%D0%BE%D0%B2%20%D0%B7%D0%BE%D0%B4%D0%B8%D0%B0%D0%BA%D0%B0
совместимость знаков зодиака овен и весы,compatibility,RELEVANT,371,broad,Yandex external demand proxy,совместимость знаков зодиака,Россия,Смартфоны,2026-07-29T18:50:58.010Z,https://wordstat.yandex.ru/?region=225&view=table&words=%D1%81%D0%BE%D0%B2%D0%BC%D0%B5%D1%81%D1%82%D0%B8%D0%BC%D0%BE%D1%81%D1%82%D1%8C%20%D0%B7%D0%BD%D0%B0%D0%BA%D0%BE%D0%B2%20%D0%B7%D0%BE%D0%B4%D0%B8%D0%B0%D0%BA%D0%B0
самые совместимость знаков зодиака,compatibility,RELEVANT,370,broad,Yandex external demand proxy,совместимость знаков зодиака,Россия,Смартфоны,2026-07-29T18:50:58.010Z,https://wordstat.yandex.ru/?region=225&view=table&words=%D1%81%D0%BE%D0%B2%D0%BC%D0%B5%D1%81%D1%82%D0%B8%D0%BC%D0%BE%D1%81%D1%82%D1%8C%20%D0%B7%D0%BD%D0%B0%D0%BA%D0%BE%D0%B2%20%D0%B7%D0%BE%D0%B4%D0%B8%D0%B0%D0%BA%D0%B0
соединение раху синастрия,synastry,RELEVANT,370,broad,Yandex external demand proxy,синастрия,Россия,Смартфоны,2026-07-29T18:51:00.129Z,https://wordstat.yandex.ru/?region=225&view=table&words=%D1%81%D0%B8%D0%BD%D0%B0%D1%81%D1%82%D1%80%D0%B8%D1%8F
совместимость знаков зодиака весы и водолей,compatibility,RELEVANT,369,broad,Yandex external demand proxy,совместимость знаков зодиака,Россия,Смартфоны,2026-07-29T18:50:58.010Z,https://wordstat.yandex.ru/?region=225&view=table&words=%D1%81%D0%BE%D0%B2%D0%BC%D0%B5%D1%81%D1%82%D0%B8%D0%BC%D0%BE%D1%81%D1%82%D1%8C%20%D0%B7%D0%BD%D0%B0%D0%BA%D0%BE%D0%B2%20%D0%B7%D0%BE%D0%B4%D0%B8%D0%B0%D0%BA%D0%B0
синастрия южный узел,synastry,RELEVANT,368,broad,Yandex external demand proxy,синастрия,Россия,Смартфоны,2026-07-29T18:51:00.129Z,https://wordstat.yandex.ru/?region=225&view=table&words=%D1%81%D0%B8%D0%BD%D0%B0%D1%81%D1%82%D1%80%D0%B8%D1%8F
дева знак зодиака девушка совместимость,compatibility,RELEVANT,367,broad,Yandex external demand proxy,совместимость знаков зодиака,Россия,Смартфоны,2026-07-29T18:50:58.010Z,https://wordstat.yandex.ru/?region=225&view=table&words=%D1%81%D0%BE%D0%B2%D0%BC%D0%B5%D1%81%D1%82%D0%B8%D0%BC%D0%BE%D1%81%D1%82%D1%8C%20%D0%B7%D0%BD%D0%B0%D0%BA%D0%BE%D0%B2%20%D0%B7%D0%BE%D0%B4%D0%B8%D0%B0%D0%BA%D0%B0
знаки зодиака совместимость в отношениях близнецы,compatibility,RELEVANT,367,broad,Yandex external demand proxy,совместимость знаков зодиака,Россия,Смартфоны,2026-07-29T18:50:58.010Z,https://wordstat.yandex.ru/?region=225&view=table&words=%D1%81%D0%BE%D0%B2%D0%BC%D0%B5%D1%81%D1%82%D0%B8%D0%BC%D0%BE%D1%81%D1%82%D1%8C%20%D0%B7%D0%BD%D0%B0%D0%BA%D0%BE%D0%B2%20%D0%B7%D0%BE%D0%B4%D0%B8%D0%B0%D0%BA%D0%B0
лев совместимость с другими знаками зодиака,compatibility,RELEVANT,366,broad,Yandex external demand proxy,совместимость знаков зодиака,Россия,Смартфоны,2026-07-29T18:50:58.010Z,https://wordstat.yandex.ru/?region=225&view=table&words=%D1%81%D0%BE%D0%B2%D0%BC%D0%B5%D1%81%D1%82%D0%B8%D0%BC%D0%BE%D1%81%D1%82%D1%8C%20%D0%B7%D0%BD%D0%B0%D0%BA%D0%BE%D0%B2%20%D0%B7%D0%BE%D0%B4%D0%B8%D0%B0%D0%BA%D0%B0
совместимость знаков зодиака козерог и скорпион,compatibility,RELEVANT,365,broad,Yandex external demand proxy,совместимость знаков зодиака,Россия,Смартфоны,2026-07-29T18:50:58.010Z,https://wordstat.yandex.ru/?region=225&view=table&words=%D1%81%D0%BE%D0%B2%D0%BC%D0%B5%D1%81%D1%82%D0%B8%D0%BC%D0%BE%D1%81%D1%82%D1%8C%20%D0%B7%D0%BD%D0%B0%D0%BA%D0%BE%D0%B2%20%D0%B7%D0%BE%D0%B4%D0%B8%D0%B0%D0%BA%D0%B0
лилит мужчины в синастрии соединение,synastry,RELEVANT,365,broad,Yandex external demand proxy,синастрия,Россия,Смартфоны,2026-07-29T18:51:00.129Z,https://wordstat.yandex.ru/?region=225&view=table&words=%D1%81%D0%B8%D0%BD%D0%B0%D1%81%D1%82%D1%80%D0%B8%D1%8F
квиконс в синастрии,synastry,RELEVANT,363,broad,Yandex external demand proxy,синастрия,Россия,Смартфоны,2026-07-29T18:51:00.129Z,https://wordstat.yandex.ru/?region=225&view=table&words=%D1%81%D0%B8%D0%BD%D0%B0%D1%81%D1%82%D1%80%D0%B8%D1%8F
синастрия соединение хиронов,synastry,RELEVANT,362,broad,Yandex external demand proxy,синастрия,Россия,Смартфоны,2026-07-29T18:51:00.129Z,https://wordstat.yandex.ru/?region=225&view=table&words=%D1%81%D0%B8%D0%BD%D0%B0%D1%81%D1%82%D1%80%D0%B8%D1%8F
синастрия груди,synastry,RELEVANT,361,broad,Yandex external demand proxy,синастрия,Россия,Смартфоны,2026-07-29T18:51:00.129Z,https://wordstat.yandex.ru/?region=225&view=table&words=%D1%81%D0%B8%D0%BD%D0%B0%D1%81%D1%82%D1%80%D0%B8%D1%8F
соединение лилит венера в синастрии,synastry,RELEVANT,360,broad,Yandex external demand proxy,синастрия,Россия,Смартфоны,2026-07-29T18:51:00.129Z,https://wordstat.yandex.ru/?region=225&view=table&words=%D1%81%D0%B8%D0%BD%D0%B0%D1%81%D1%82%D1%80%D0%B8%D1%8F
синастрия соединение уран уран,synastry,RELEVANT,359,broad,Yandex external demand proxy,синастрия,Россия,Смартфоны,2026-07-29T18:51:00.129Z,https://wordstat.yandex.ru/?region=225&view=table&words=%D1%81%D0%B8%D0%BD%D0%B0%D1%81%D1%82%D1%80%D0%B8%D1%8F
совместимость знаков зодиака рак и телец,compatibility,RELEVANT,357,broad,Yandex external demand proxy,совместимость знаков зодиака,Россия,Смартфоны,2026-07-29T18:50:58.010Z,https://wordstat.yandex.ru/?region=225&view=table&words=%D1%81%D0%BE%D0%B2%D0%BC%D0%B5%D1%81%D1%82%D0%B8%D0%BC%D0%BE%D1%81%D1%82%D1%8C%20%D0%B7%D0%BD%D0%B0%D0%BA%D0%BE%D0%B2%20%D0%B7%D0%BE%D0%B4%D0%B8%D0%B0%D0%BA%D0%B0
совместимость знаков зодиака онлайн,compatibility,RELEVANT,356,broad,Yandex external demand proxy,совместимость знаков зодиака,Россия,Смартфоны,2026-07-29T18:50:58.010Z,https://wordstat.yandex.ru/?region=225&view=table&words=%D1%81%D0%BE%D0%B2%D0%BC%D0%B5%D1%81%D1%82%D0%B8%D0%BC%D0%BE%D1%81%D1%82%D1%8C%20%D0%B7%D0%BD%D0%B0%D0%BA%D0%BE%D0%B2%20%D0%B7%D0%BE%D0%B4%D0%B8%D0%B0%D0%BA%D0%B0
совместимость знаков зодиака телец и водолей,compatibility,RELEVANT,355,broad,Yandex external demand proxy,совместимость знаков зодиака,Россия,Смартфоны,2026-07-29T18:50:58.010Z,https://wordstat.yandex.ru/?region=225&view=table&words=%D1%81%D0%BE%D0%B2%D0%BC%D0%B5%D1%81%D1%82%D0%B8%D0%BC%D0%BE%D1%81%D1%82%D1%8C%20%D0%B7%D0%BD%D0%B0%D0%BA%D0%BE%D0%B2%20%D0%B7%D0%BE%D0%B4%D0%B8%D0%B0%D0%BA%D0%B0
таблица совместимости знаков зодиака в браке,compatibility,RELEVANT,353,broad,Yandex external demand proxy,совместимость знаков зодиака,Россия,Смартфоны,2026-07-29T18:50:58.010Z,https://wordstat.yandex.ru/?region=225&view=table&words=%D1%81%D0%BE%D0%B2%D0%BC%D0%B5%D1%81%D1%82%D0%B8%D0%BC%D0%BE%D1%81%D1%82%D1%8C%20%D0%B7%D0%BD%D0%B0%D0%BA%D0%BE%D0%B2%20%D0%B7%D0%BE%D0%B4%D0%B8%D0%B0%D0%BA%D0%B0
лилит женщины в соединении синастрия,synastry,RELEVANT,352,broad,Yandex external demand proxy,синастрия,Россия,Смартфоны,2026-07-29T18:51:00.129Z,https://wordstat.yandex.ru/?region=225&view=table&words=%D1%81%D0%B8%D0%BD%D0%B0%D1%81%D1%82%D1%80%D0%B8%D1%8F
совместимость знаков зодиака овен и лев,compatibility,RELEVANT,350,broad,Yandex external demand proxy,совместимость знаков зодиака,Россия,Смартфоны,2026-07-29T18:50:58.010Z,https://wordstat.yandex.ru/?region=225&view=table&words=%D1%81%D0%BE%D0%B2%D0%BC%D0%B5%D1%81%D1%82%D0%B8%D0%BC%D0%BE%D1%81%D1%82%D1%8C%20%D0%B7%D0%BD%D0%B0%D0%BA%D0%BE%D0%B2%20%D0%B7%D0%BE%D0%B4%D0%B8%D0%B0%D0%BA%D0%B0
солнце плутон синастрия,synastry,RELEVANT,350,broad,Yandex external demand proxy,синастрия,Россия,Смартфоны,2026-07-29T18:51:00.129Z,https://wordstat.yandex.ru/?region=225&view=table&words=%D1%81%D0%B8%D0%BD%D0%B0%D1%81%D1%82%D1%80%D0%B8%D1%8F
совместимость знаков зодиака по дате бесплатно,compatibility,RELEVANT,345,broad,Yandex external demand proxy,совместимость знаков зодиака,Россия,Смартфоны,2026-07-29T18:50:58.010Z,https://wordstat.yandex.ru/?region=225&view=table&words=%D1%81%D0%BE%D0%B2%D0%BC%D0%B5%D1%81%D1%82%D0%B8%D0%BC%D0%BE%D1%81%D1%82%D1%8C%20%D0%B7%D0%BD%D0%B0%D0%BA%D0%BE%D0%B2%20%D0%B7%D0%BE%D0%B4%D0%B8%D0%B0%D0%BA%D0%B0
совместимость знаков зодиака скорпион и близнецы,compatibility,RELEVANT,344,broad,Yandex external demand proxy,совместимость знаков зодиака,Россия,Смартфоны,2026-07-29T18:50:58.010Z,https://wordstat.yandex.ru/?region=225&view=table&words=%D1%81%D0%BE%D0%B2%D0%BC%D0%B5%D1%81%D1%82%D0%B8%D0%BC%D0%BE%D1%81%D1%82%D1%8C%20%D0%B7%D0%BD%D0%B0%D0%BA%D0%BE%D0%B2%20%D0%B7%D0%BE%D0%B4%D0%B8%D0%B0%D0%BA%D0%B0
солнце сатурн синастрия,synastry,RELEVANT,341,broad,Yandex external demand proxy,синастрия,Россия,Смартфоны,2026-07-29T18:51:00.129Z,https://wordstat.yandex.ru/?region=225&view=table&words=%D1%81%D0%B8%D0%BD%D0%B0%D1%81%D1%82%D1%80%D0%B8%D1%8F
тест на совместимость знаков зодиака,compatibility,RELEVANT,338,broad,Yandex external demand proxy,совместимость знаков зодиака,Россия,Смартфоны,2026-07-29T18:50:58.010Z,https://wordstat.yandex.ru/?region=225&view=table&words=%D1%81%D0%BE%D0%B2%D0%BC%D0%B5%D1%81%D1%82%D0%B8%D0%BC%D0%BE%D1%81%D1%82%D1%8C%20%D0%B7%D0%BD%D0%B0%D0%BA%D0%BE%D0%B2%20%D0%B7%D0%BE%D0%B4%D0%B8%D0%B0%D0%BA%D0%B0
луна сатурн синастрия,synastry,RELEVANT,337,broad,Yandex external demand proxy,синастрия,Россия,Смартфоны,2026-07-29T18:51:00.129Z,https://wordstat.yandex.ru/?region=225&view=table&words=%D1%81%D0%B8%D0%BD%D0%B0%D1%81%D1%82%D1%80%D0%B8%D1%8F
синастрия восходящий узел,synastry,RELEVANT,334,broad,Yandex external demand proxy,синастрия,Россия,Смартфоны,2026-07-29T18:51:00.129Z,https://wordstat.yandex.ru/?region=225&view=table&words=%D1%81%D0%B8%D0%BD%D0%B0%D1%81%D1%82%D1%80%D0%B8%D1%8F
знаки зодиака совместимость в отношениях весы,compatibility,RELEVANT,332,broad,Yandex external demand proxy,совместимость знаков зодиака,Россия,Смартфоны,2026-07-29T18:50:58.010Z,https://wordstat.yandex.ru/?region=225&view=table&words=%D1%81%D0%BE%D0%B2%D0%BC%D0%B5%D1%81%D1%82%D0%B8%D0%BC%D0%BE%D1%81%D1%82%D1%8C%20%D0%B7%D0%BD%D0%B0%D0%BA%D0%BE%D0%B2%20%D0%B7%D0%BE%D0%B4%D0%B8%D0%B0%D0%BA%D0%B0
совместимость знаков зодиака по дате рождения бесплатно,compatibility,RELEVANT,331,broad,Yandex external demand proxy,совместимость знаков зодиака,Россия,Смартфоны,2026-07-29T18:50:58.010Z,https://wordstat.yandex.ru/?region=225&view=table&words=%D1%81%D0%BE%D0%B2%D0%BC%D0%B5%D1%81%D1%82%D0%B8%D0%BC%D0%BE%D1%81%D1%82%D1%8C%20%D0%B7%D0%BD%D0%B0%D0%BA%D0%BE%D0%B2%20%D0%B7%D0%BE%D0%B4%D0%B8%D0%B0%D0%BA%D0%B0
совместимость знаков зодиака дева и рыбы,compatibility,RELEVANT,331,broad,Yandex external demand proxy,совместимость знаков зодиака,Россия,Смартфоны,2026-07-29T18:50:58.010Z,https://wordstat.yandex.ru/?region=225&view=table&words=%D1%81%D0%BE%D0%B2%D0%BC%D0%B5%D1%81%D1%82%D0%B8%D0%BC%D0%BE%D1%81%D1%82%D1%8C%20%D0%B7%D0%BD%D0%B0%D0%BA%D0%BE%D0%B2%20%D0%B7%D0%BE%D0%B4%D0%B8%D0%B0%D0%BA%D0%B0
март знак зодиака совместимость,compatibility,RELEVANT,330,broad,Yandex external demand proxy,совместимость знаков зодиака,Россия,Смартфоны,2026-07-29T18:50:58.010Z,https://wordstat.yandex.ru/?region=225&view=table&words=%D1%81%D0%BE%D0%B2%D0%BC%D0%B5%D1%81%D1%82%D0%B8%D0%BC%D0%BE%D1%81%D1%82%D1%8C%20%D0%B7%D0%BD%D0%B0%D0%BA%D0%BE%D0%B2%20%D0%B7%D0%BE%D0%B4%D0%B8%D0%B0%D0%BA%D0%B0
совместимость знаков зодиака телец и рыбы,compatibility,RELEVANT,329,broad,Yandex external demand proxy,совместимость знаков зодиака,Россия,Смартфоны,2026-07-29T18:50:58.010Z,https://wordstat.yandex.ru/?region=225&view=table&words=%D1%81%D0%BE%D0%B2%D0%BC%D0%B5%D1%81%D1%82%D0%B8%D0%BC%D0%BE%D1%81%D1%82%D1%8C%20%D0%B7%D0%BD%D0%B0%D0%BA%D0%BE%D0%B2%20%D0%B7%D0%BE%D0%B4%D0%B8%D0%B0%D0%BA%D0%B0
процент совместимости знаков зодиака скорпион,compatibility,RELEVANT,328,broad,Yandex external demand proxy,совместимость знаков зодиака,Россия,Смартфоны,2026-07-29T18:50:58.010Z,https://wordstat.yandex.ru/?region=225&view=table&words=%D1%81%D0%BE%D0%B2%D0%BC%D0%B5%D1%81%D1%82%D0%B8%D0%BC%D0%BE%D1%81%D1%82%D1%8C%20%D0%B7%D0%BD%D0%B0%D0%BA%D0%BE%D0%B2%20%D0%B7%D0%BE%D0%B4%D0%B8%D0%B0%D0%BA%D0%B0
совместимость знаков зодиака овен и близнецы,compatibility,RELEVANT,328,broad,Yandex external demand proxy,совместимость знаков зодиака,Россия,Смартфоны,2026-07-29T18:50:58.010Z,https://wordstat.yandex.ru/?region=225&view=table&words=%D1%81%D0%BE%D0%B2%D0%BC%D0%B5%D1%81%D1%82%D0%B8%D0%BC%D0%BE%D1%81%D1%82%D1%8C%20%D0%B7%D0%BD%D0%B0%D0%BA%D0%BE%D0%B2%20%D0%B7%D0%BE%D0%B4%D0%B8%D0%B0%D0%BA%D0%B0
совместимость знаков зодиака овен и стрелец,compatibility,RELEVANT,324,broad,Yandex external demand proxy,совместимость знаков зодиака,Россия,Смартфоны,2026-07-29T18:50:58.010Z,https://wordstat.yandex.ru/?region=225&view=table&words=%D1%81%D0%BE%D0%B2%D0%BC%D0%B5%D1%81%D1%82%D0%B8%D0%BC%D0%BE%D1%81%D1%82%D1%8C%20%D0%B7%D0%BD%D0%B0%D0%BA%D0%BE%D0%B2%20%D0%B7%D0%BE%D0%B4%D0%B8%D0%B0%D0%BA%D0%B0
квадрат лилит лилит в синастрии,synastry,RELEVANT,324,broad,Yandex external demand proxy,синастрия,Россия,Смартфоны,2026-07-29T18:51:00.129Z,https://wordstat.yandex.ru/?region=225&view=table&words=%D1%81%D0%B8%D0%BD%D0%B0%D1%81%D1%82%D1%80%D0%B8%D1%8F
луна лилит в синастрии,synastry,RELEVANT,324,broad,Yandex external demand proxy,синастрия,Россия,Смартфоны,2026-07-29T18:51:00.129Z,https://wordstat.yandex.ru/?region=225&view=table&words=%D1%81%D0%B8%D0%BD%D0%B0%D1%81%D1%82%D1%80%D0%B8%D1%8F
совместимость знаков зодиака овен и рыбы,compatibility,RELEVANT,323,broad,Yandex external demand proxy,совместимость знаков зодиака,Россия,Смартфоны,2026-07-29T18:50:58.010Z,https://wordstat.yandex.ru/?region=225&view=table&words=%D1%81%D0%BE%D0%B2%D0%BC%D0%B5%D1%81%D1%82%D0%B8%D0%BC%D0%BE%D1%81%D1%82%D1%8C%20%D0%B7%D0%BD%D0%B0%D0%BA%D0%BE%D0%B2%20%D0%B7%D0%BE%D0%B4%D0%B8%D0%B0%D0%BA%D0%B0
совместимость знаков зодиака овен и рак,compatibility,RELEVANT,323,broad,Yandex external demand proxy,совместимость знаков зодиака,Россия,Смартфоны,2026-07-29T18:50:58.010Z,https://wordstat.yandex.ru/?region=225&view=table&words=%D1%81%D0%BE%D0%B2%D0%BC%D0%B5%D1%81%D1%82%D0%B8%D0%BC%D0%BE%D1%81%D1%82%D1%8C%20%D0%B7%D0%BD%D0%B0%D0%BA%D0%BE%D0%B2%20%D0%B7%D0%BE%D0%B4%D0%B8%D0%B0%D0%BA%D0%B0
совместимость знаков зодиака девушка близнецы,compatibility,RELEVANT,322,broad,Yandex external demand proxy,совместимость знаков зодиака,Россия,Смартфоны,2026-07-29T18:50:58.010Z,https://wordstat.yandex.ru/?region=225&view=table&words=%D1%81%D0%BE%D0%B2%D0%BC%D0%B5%D1%81%D1%82%D0%B8%D0%BC%D0%BE%D1%81%D1%82%D1%8C%20%D0%B7%D0%BD%D0%B0%D0%BA%D0%BE%D0%B2%20%D0%B7%D0%BE%D0%B4%D0%B8%D0%B0%D0%BA%D0%B0
декабрь знак зодиака совместимость,compatibility,RELEVANT,322,broad,Yandex external demand proxy,совместимость знаков зодиака,Россия,Смартфоны,2026-07-29T18:50:58.010Z,https://wordstat.yandex.ru/?region=225&view=table&words=%D1%81%D0%BE%D0%B2%D0%BC%D0%B5%D1%81%D1%82%D0%B8%D0%BC%D0%BE%D1%81%D1%82%D1%8C%20%D0%B7%D0%BD%D0%B0%D0%BA%D0%BE%D0%B2%20%D0%B7%D0%BE%D0%B4%D0%B8%D0%B0%D0%BA%D0%B0
совместимость знака зодиака рак девушка,compatibility,RELEVANT,321,broad,Yandex external demand proxy,совместимость знаков зодиака,Россия,Смартфоны,2026-07-29T18:50:58.010Z,https://wordstat.yandex.ru/?region=225&view=table&words=%D1%81%D0%BE%D0%B2%D0%BC%D0%B5%D1%81%D1%82%D0%B8%D0%BC%D0%BE%D1%81%D1%82%D1%8C%20%D0%B7%D0%BD%D0%B0%D0%BA%D0%BE%D0%B2%20%D0%B7%D0%BE%D0%B4%D0%B8%D0%B0%D0%BA%D0%B0
сатурн квадрат сатурн в синастрии,synastry,RELEVANT,320,broad,Yandex external demand proxy,синастрия,Россия,Смартфоны,2026-07-29T18:51:00.129Z,https://wordstat.yandex.ru/?region=225&view=table&words=%D1%81%D0%B8%D0%BD%D0%B0%D1%81%D1%82%D1%80%D0%B8%D1%8F
синастрия луна партнера,synastry,RELEVANT,317,broad,Yandex external demand proxy,синастрия,Россия,Смартфоны,2026-07-29T18:51:00.129Z,https://wordstat.yandex.ru/?region=225&view=table&words=%D1%81%D0%B8%D0%BD%D0%B0%D1%81%D1%82%D1%80%D0%B8%D1%8F
близнецы совместимость с другими знаками зодиака,compatibility,RELEVANT,316,broad,Yandex external demand proxy,совместимость знаков зодиака,Россия,Смартфоны,2026-07-29T18:50:58.010Z,https://wordstat.yandex.ru/?region=225&view=table&words=%D1%81%D0%BE%D0%B2%D0%BC%D0%B5%D1%81%D1%82%D0%B8%D0%BC%D0%BE%D1%81%D1%82%D1%8C%20%D0%B7%D0%BD%D0%B0%D0%BA%D0%BE%D0%B2%20%D0%B7%D0%BE%D0%B4%D0%B8%D0%B0%D0%BA%D0%B0
совместимость знаков зодиака дева и близнецы,compatibility,RELEVANT,316,broad,Yandex external demand proxy,совместимость знаков зодиака,Россия,Смартфоны,2026-07-29T18:50:58.010Z,https://wordstat.yandex.ru/?region=225&view=table&words=%D1%81%D0%BE%D0%B2%D0%BC%D0%B5%D1%81%D1%82%D0%B8%D0%BC%D0%BE%D1%81%D1%82%D1%8C%20%D0%B7%D0%BD%D0%B0%D0%BA%D0%BE%D0%B2%20%D0%B7%D0%BE%D0%B4%D0%B8%D0%B0%D0%BA%D0%B0
трин лун в синастрии,synastry,RELEVANT,316,broad,Yandex external demand proxy,синастрия,Россия,Смартфоны,2026-07-29T18:51:00.129Z,https://wordstat.yandex.ru/?region=225&view=table&words=%D1%81%D0%B8%D0%BD%D0%B0%D1%81%D1%82%D1%80%D0%B8%D1%8F
что значит синастрия,synastry,RELEVANT,315,broad,Yandex external demand proxy,синастрия,Россия,Смартфоны,2026-07-29T18:51:00.129Z,https://wordstat.yandex.ru/?region=225&view=table&words=%D1%81%D0%B8%D0%BD%D0%B0%D1%81%D1%82%D1%80%D0%B8%D1%8F
знаки зодиака совместимость в отношениях скорпион,compatibility,RELEVANT,314,broad,Yandex external demand proxy,совместимость знаков зодиака,Россия,Смартфоны,2026-07-29T18:50:58.010Z,https://wordstat.yandex.ru/?region=225&view=table&words=%D1%81%D0%BE%D0%B2%D0%BC%D0%B5%D1%81%D1%82%D0%B8%D0%BC%D0%BE%D1%81%D1%82%D1%8C%20%D0%B7%D0%BD%D0%B0%D0%BA%D0%BE%D0%B2%20%D0%B7%D0%BE%D0%B4%D0%B8%D0%B0%D0%BA%D0%B0
венера тригон венера в синастрии,synastry,RELEVANT,314,broad,Yandex external demand proxy,синастрия,Россия,Смартфоны,2026-07-29T18:51:00.129Z,https://wordstat.yandex.ru/?region=225&view=table&words=%D1%81%D0%B8%D0%BD%D0%B0%D1%81%D1%82%D1%80%D0%B8%D1%8F
рыбы знак зодиака характеристика совместимость,compatibility,RELEVANT,313,broad,Yandex external demand proxy,совместимость знаков зодиака,Россия,Смартфоны,2026-07-29T18:50:58.010Z,https://wordstat.yandex.ru/?region=225&view=table&words=%D1%81%D0%BE%D0%B2%D0%BC%D0%B5%D1%81%D1%82%D0%B8%D0%BC%D0%BE%D1%81%D1%82%D1%8C%20%D0%B7%D0%BD%D0%B0%D0%BA%D0%BE%D0%B2%20%D0%B7%D0%BE%D0%B4%D0%B8%D0%B0%D0%BA%D0%B0
апрель знак зодиака совместимость,compatibility,RELEVANT,312,broad,Yandex external demand proxy,совместимость знаков зодиака,Россия,Смартфоны,2026-07-29T18:50:58.010Z,https://wordstat.yandex.ru/?region=225&view=table&words=%D1%81%D0%BE%D0%B2%D0%BC%D0%B5%D1%81%D1%82%D0%B8%D0%BC%D0%BE%D1%81%D1%82%D1%8C%20%D0%B7%D0%BD%D0%B0%D0%BA%D0%BE%D0%B2%20%D0%B7%D0%BE%D0%B4%D0%B8%D0%B0%D0%BA%D0%B0
май знак зодиака совместимость,compatibility,RELEVANT,311,broad,Yandex external demand proxy,совместимость знаков зодиака,Россия,Смартфоны,2026-07-29T18:50:58.010Z,https://wordstat.yandex.ru/?region=225&view=table&words=%D1%81%D0%BE%D0%B2%D0%BC%D0%B5%D1%81%D1%82%D0%B8%D0%BC%D0%BE%D1%81%D1%82%D1%8C%20%D0%B7%D0%BD%D0%B0%D0%BA%D0%BE%D0%B2%20%D0%B7%D0%BE%D0%B4%D0%B8%D0%B0%D0%BA%D0%B0
совместимость знаков зодиака сколько процентов,compatibility,RELEVANT,311,broad,Yandex external demand proxy,совместимость знаков зодиака,Россия,Смартфоны,2026-07-29T18:50:58.010Z,https://wordstat.yandex.ru/?region=225&view=table&words=%D1%81%D0%BE%D0%B2%D0%BC%D0%B5%D1%81%D1%82%D0%B8%D0%BC%D0%BE%D1%81%D1%82%D1%8C%20%D0%B7%D0%BD%D0%B0%D0%BA%D0%BE%D0%B2%20%D0%B7%D0%BE%D0%B4%D0%B8%D0%B0%D0%BA%D0%B0
совместимость знаков зодиака лев и телец,compatibility,RELEVANT,311,broad,Yandex external demand proxy,совместимость знаков зодиака,Россия,Смартфоны,2026-07-29T18:50:58.010Z,https://wordstat.yandex.ru/?region=225&view=table&words=%D1%81%D0%BE%D0%B2%D0%BC%D0%B5%D1%81%D1%82%D0%B8%D0%BC%D0%BE%D1%81%D1%82%D1%8C%20%D0%B7%D0%BD%D0%B0%D0%BA%D0%BE%D0%B2%20%D0%B7%D0%BE%D0%B4%D0%B8%D0%B0%D0%BA%D0%B0
совместимость знаков зодиака стрелец и козерог,compatibility,RELEVANT,311,broad,Yandex external demand proxy,совместимость знаков зодиака,Россия,Смартфоны,2026-07-29T18:50:58.010Z,https://wordstat.yandex.ru/?region=225&view=table&words=%D1%81%D0%BE%D0%B2%D0%BC%D0%B5%D1%81%D1%82%D0%B8%D0%BC%D0%BE%D1%81%D1%82%D1%8C%20%D0%B7%D0%BD%D0%B0%D0%BA%D0%BE%D0%B2%20%D0%B7%D0%BE%D0%B4%D0%B8%D0%B0%D0%BA%D0%B0
телец совместимость с другими знаками зодиака,compatibility,RELEVANT,309,broad,Yandex external demand proxy,совместимость знаков зодиака,Россия,Смартфоны,2026-07-29T18:50:58.010Z,https://wordstat.yandex.ru/?region=225&view=table&words=%D1%81%D0%BE%D0%B2%D0%BC%D0%B5%D1%81%D1%82%D0%B8%D0%BC%D0%BE%D1%81%D1%82%D1%8C%20%D0%B7%D0%BD%D0%B0%D0%BA%D0%BE%D0%B2%20%D0%B7%D0%BE%D0%B4%D0%B8%D0%B0%D0%BA%D0%B0
проценты совместимости знаков зодиака в любви,compatibility,RELEVANT,308,broad,Yandex external demand proxy,совместимость знаков зодиака,Россия,Смартфоны,2026-07-29T18:50:58.010Z,https://wordstat.yandex.ru/?region=225&view=table&words=%D1%81%D0%BE%D0%B2%D0%BC%D0%B5%D1%81%D1%82%D0%B8%D0%BC%D0%BE%D1%81%D1%82%D1%8C%20%D0%B7%D0%BD%D0%B0%D0%BA%D0%BE%D0%B2%20%D0%B7%D0%BE%D0%B4%D0%B8%D0%B0%D0%BA%D0%B0
совместимость знаков зодиака телец и скорпион,compatibility,RELEVANT,306,broad,Yandex external demand proxy,совместимость знаков зодиака,Россия,Смартфоны,2026-07-29T18:50:58.010Z,https://wordstat.yandex.ru/?region=225&view=table&words=%D1%81%D0%BE%D0%B2%D0%BC%D0%B5%D1%81%D1%82%D0%B8%D0%BC%D0%BE%D1%81%D1%82%D1%8C%20%D0%B7%D0%BD%D0%B0%D0%BA%D0%BE%D0%B2%20%D0%B7%D0%BE%D0%B4%D0%B8%D0%B0%D0%BA%D0%B0
дева знак зодиака характеристика совместимость,compatibility,RELEVANT,306,broad,Yandex external demand proxy,совместимость знаков зодиака,Россия,Смартфоны,2026-07-29T18:50:58.010Z,https://wordstat.yandex.ru/?region=225&view=table&words=%D1%81%D0%BE%D0%B2%D0%BC%D0%B5%D1%81%D1%82%D0%B8%D0%BC%D0%BE%D1%81%D1%82%D1%8C%20%D0%B7%D0%BD%D0%B0%D0%BA%D0%BE%D0%B2%20%D0%B7%D0%BE%D0%B4%D0%B8%D0%B0%D0%BA%D0%B0
сатурн доме синастрии,synastry,RELEVANT,306,broad,Yandex external demand proxy,синастрия,Россия,Смартфоны,2026-07-29T18:51:00.129Z,https://wordstat.yandex.ru/?region=225&view=table&words=%D1%81%D0%B8%D0%BD%D0%B0%D1%81%D1%82%D1%80%D0%B8%D1%8F
синастрия соединение северных узлов,synastry,RELEVANT,302,broad,Yandex external demand proxy,синастрия,Россия,Смартфоны,2026-07-29T18:51:00.129Z,https://wordstat.yandex.ru/?region=225&view=table&words=%D1%81%D0%B8%D0%BD%D0%B0%D1%81%D1%82%D1%80%D0%B8%D1%8F
совместимость знаков зодиака козерог и рак,compatibility,RELEVANT,299,broad,Yandex external demand proxy,совместимость знаков зодиака,Россия,Смартфоны,2026-07-29T18:50:58.010Z,https://wordstat.yandex.ru/?region=225&view=table&words=%D1%81%D0%BE%D0%B2%D0%BC%D0%B5%D1%81%D1%82%D0%B8%D0%BC%D0%BE%D1%81%D1%82%D1%8C%20%D0%B7%D0%BD%D0%B0%D0%BA%D0%BE%D0%B2%20%D0%B7%D0%BE%D0%B4%D0%B8%D0%B0%D0%BA%D0%B0
совместимость знаков зодиака скорпион и стрелец,compatibility,RELEVANT,298,broad,Yandex external demand proxy,совместимость знаков зодиака,Россия,Смартфоны,2026-07-29T18:50:58.010Z,https://wordstat.yandex.ru/?region=225&view=table&words=%D1%81%D0%BE%D0%B2%D0%BC%D0%B5%D1%81%D1%82%D0%B8%D0%BC%D0%BE%D1%81%D1%82%D1%8C%20%D0%B7%D0%BD%D0%B0%D0%BA%D0%BE%D0%B2%20%D0%B7%D0%BE%D0%B4%D0%B8%D0%B0%D0%BA%D0%B0
даты знаков зодиака по годам совместимость,compatibility,RELEVANT,297,broad,Yandex external demand proxy,совместимость знаков зодиака,Россия,Смартфоны,2026-07-29T18:50:58.010Z,https://wordstat.yandex.ru/?region=225&view=table&words=%D1%81%D0%BE%D0%B2%D0%BC%D0%B5%D1%81%D1%82%D0%B8%D0%BC%D0%BE%D1%81%D1%82%D1%8C%20%D0%B7%D0%BD%D0%B0%D0%BA%D0%BE%D0%B2%20%D0%B7%D0%BE%D0%B4%D0%B8%D0%B0%D0%BA%D0%B0
знаки зодиака совместимость в отношениях стрелец,compatibility,RELEVANT,296,broad,Yandex external demand proxy,совместимость знаков зодиака,Россия,Смартфоны,2026-07-29T18:50:58.010Z,https://wordstat.yandex.ru/?region=225&view=table&words=%D1%81%D0%BE%D0%B2%D0%BC%D0%B5%D1%81%D1%82%D0%B8%D0%BC%D0%BE%D1%81%D1%82%D1%8C%20%D0%B7%D0%BD%D0%B0%D0%BA%D0%BE%D0%B2%20%D0%B7%D0%BE%D0%B4%D0%B8%D0%B0%D0%BA%D0%B0
синастрия совместимость по дате,synastry,RELEVANT,296,broad,Yandex external demand proxy,синастрия,Россия,Смартфоны,2026-07-29T18:51:00.129Z,https://wordstat.yandex.ru/?region=225&view=table&words=%D1%81%D0%B8%D0%BD%D0%B0%D1%81%D1%82%D1%80%D0%B8%D1%8F
солнце солнце трин синастрия,synastry,RELEVANT,296,broad,Yandex external demand proxy,синастрия,Россия,Смартфоны,2026-07-29T18:51:00.129Z,https://wordstat.yandex.ru/?region=225&view=table&words=%D1%81%D0%B8%D0%BD%D0%B0%D1%81%D1%82%D1%80%D0%B8%D1%8F
совместимость знаков зодиака рыбы и скорпион,compatibility,RELEVANT,295,broad,Yandex external demand proxy,совместимость знаков зодиака,Россия,Смартфоны,2026-07-29T18:50:58.010Z,https://wordstat.yandex.ru/?region=225&view=table&words=%D1%81%D0%BE%D0%B2%D0%BC%D0%B5%D1%81%D1%82%D0%B8%D0%BC%D0%BE%D1%81%D1%82%D1%8C%20%D0%B7%D0%BD%D0%B0%D0%BA%D0%BE%D0%B2%20%D0%B7%D0%BE%D0%B4%D0%B8%D0%B0%D0%BA%D0%B0
знаки зодиака по месяцам совместимость,compatibility,RELEVANT,295,broad,Yandex external demand proxy,совместимость знаков зодиака,Россия,Смартфоны,2026-07-29T18:50:58.010Z,https://wordstat.yandex.ru/?region=225&view=table&words=%D1%81%D0%BE%D0%B2%D0%BC%D0%B5%D1%81%D1%82%D0%B8%D0%BC%D0%BE%D1%81%D1%82%D1%8C%20%D0%B7%D0%BD%D0%B0%D0%BA%D0%BE%D0%B2%20%D0%B7%D0%BE%D0%B4%D0%B8%D0%B0%D0%BA%D0%B0
синастрия у женщин,synastry,RELEVANT,293,broad,Yandex external demand proxy,синастрия,Россия,Смартфоны,2026-07-29T18:51:00.129Z,https://wordstat.yandex.ru/?region=225&view=table&words=%D1%81%D0%B8%D0%BD%D0%B0%D1%81%D1%82%D1%80%D0%B8%D1%8F
совместимость знаков зодиака водолей и овен,compatibility,RELEVANT,292,broad,Yandex external demand proxy,совместимость знаков зодиака,Россия,Смартфоны,2026-07-29T18:50:58.010Z,https://wordstat.yandex.ru/?region=225&view=table&words=%D1%81%D0%BE%D0%B2%D0%BC%D0%B5%D1%81%D1%82%D0%B8%D0%BC%D0%BE%D1%81%D1%82%D1%8C%20%D0%B7%D0%BD%D0%B0%D0%BA%D0%BE%D0%B2%20%D0%B7%D0%BE%D0%B4%D0%B8%D0%B0%D0%BA%D0%B0
венера секстиль венера в синастрии,synastry,RELEVANT,290,broad,Yandex external demand proxy,синастрия,Россия,Смартфоны,2026-07-29T18:51:00.129Z,https://wordstat.yandex.ru/?region=225&view=table&words=%D1%81%D0%B8%D0%BD%D0%B0%D1%81%D1%82%D1%80%D0%B8%D1%8F
рассчитать синастрию онлайн,synastry,RELEVANT,288,broad,Yandex external demand proxy,синастрия,Россия,Смартфоны,2026-07-29T18:51:00.129Z,https://wordstat.yandex.ru/?region=225&view=table&words=%D1%81%D0%B8%D0%BD%D0%B0%D1%81%D1%82%D1%80%D0%B8%D1%8F
тригон луну луна синастрия,synastry,RELEVANT,287,broad,Yandex external demand proxy,синастрия,Россия,Смартфоны,2026-07-29T18:51:00.129Z,https://wordstat.yandex.ru/?region=225&view=table&words=%D1%81%D0%B8%D0%BD%D0%B0%D1%81%D1%82%D1%80%D0%B8%D1%8F
синастрия совместимость по дате рождения,synastry,RELEVANT,287,broad,Yandex external demand proxy,синастрия,Россия,Смартфоны,2026-07-29T18:51:00.129Z,https://wordstat.yandex.ru/?region=225&view=table&words=%D1%81%D0%B8%D0%BD%D0%B0%D1%81%D1%82%D1%80%D0%B8%D1%8F
плутон в домах синастрия,synastry,RELEVANT,283,broad,Yandex external demand proxy,синастрия,Россия,Смартфоны,2026-07-29T18:51:00.129Z,https://wordstat.yandex.ru/?region=225&view=table&words=%D1%81%D0%B8%D0%BD%D0%B0%D1%81%D1%82%D1%80%D0%B8%D1%8F
синастрия любви,synastry,RELEVANT,282,broad,Yandex external demand proxy,синастрия,Россия,Смартфоны,2026-07-29T18:51:00.129Z,https://wordstat.yandex.ru/?region=225&view=table&words=%D1%81%D0%B8%D0%BD%D0%B0%D1%81%D1%82%D1%80%D0%B8%D1%8F
узел синастрии в домах,synastry,RELEVANT,281,broad,Yandex external demand proxy,синастрия,Россия,Смартфоны,2026-07-29T18:51:00.129Z,https://wordstat.yandex.ru/?region=225&view=table&words=%D1%81%D0%B8%D0%BD%D0%B0%D1%81%D1%82%D1%80%D0%B8%D1%8F
соединение солнце венера в синастрии,synastry,RELEVANT,281,broad,Yandex external demand proxy,синастрия,Россия,Смартфоны,2026-07-29T18:51:00.129Z,https://wordstat.yandex.ru/?region=225&view=table&words=%D1%81%D0%B8%D0%BD%D0%B0%D1%81%D1%82%D1%80%D0%B8%D1%8F
соединение марс лилит в синастрии,synastry,RELEVANT,277,broad,Yandex external demand proxy,синастрия,Россия,Смартфоны,2026-07-29T18:51:00.129Z,https://wordstat.yandex.ru/?region=225&view=table&words=%D1%81%D0%B8%D0%BD%D0%B0%D1%81%D1%82%D1%80%D0%B8%D1%8F
синастрия соединение селена,synastry,RELEVANT,274,broad,Yandex external demand proxy,синастрия,Россия,Смартфоны,2026-07-29T18:51:00.129Z,https://wordstat.yandex.ru/?region=225&view=table&words=%D1%81%D0%B8%D0%BD%D0%B0%D1%81%D1%82%D1%80%D0%B8%D1%8F
венера юпитер синастрия,synastry,RELEVANT,274,broad,Yandex external demand proxy,синастрия,Россия,Смартфоны,2026-07-29T18:51:00.129Z,https://wordstat.yandex.ru/?region=225&view=table&words=%D1%81%D0%B8%D0%BD%D0%B0%D1%81%D1%82%D1%80%D0%B8%D1%8F
юпитер в домах синастрии,synastry,RELEVANT,273,broad,Yandex external demand proxy,синастрия,Россия,Смартфоны,2026-07-29T18:51:00.129Z,https://wordstat.yandex.ru/?region=225&view=table&words=%D1%81%D0%B8%D0%BD%D0%B0%D1%81%D1%82%D1%80%D0%B8%D1%8F
аспект венера синастрия,synastry,RELEVANT,271,broad,Yandex external demand proxy,синастрия,Россия,Смартфоны,2026-07-29T18:51:00.129Z,https://wordstat.yandex.ru/?region=225&view=table&words=%D1%81%D0%B8%D0%BD%D0%B0%D1%81%D1%82%D1%80%D0%B8%D1%8F
синастрия аспекты луны,synastry,RELEVANT,271,broad,Yandex external demand proxy,синастрия,Россия,Смартфоны,2026-07-29T18:51:00.129Z,https://wordstat.yandex.ru/?region=225&view=table&words=%D1%81%D0%B8%D0%BD%D0%B0%D1%81%D1%82%D1%80%D0%B8%D1%8F
синастрия какой аспект,synastry,RELEVANT,266,broad,Yandex external demand proxy,синастрия,Россия,Смартфоны,2026-07-29T18:51:00.129Z,https://wordstat.yandex.ru/?region=225&view=table&words=%D1%81%D0%B8%D0%BD%D0%B0%D1%81%D1%82%D1%80%D0%B8%D1%8F
секстиль луна луна в синастрии,synastry,RELEVANT,262,broad,Yandex external demand proxy,синастрия,Россия,Смартфоны,2026-07-29T18:51:00.129Z,https://wordstat.yandex.ru/?region=225&view=table&words=%D1%81%D0%B8%D0%BD%D0%B0%D1%81%D1%82%D1%80%D0%B8%D1%8F
кармическая синастрия,synastry,RELEVANT,262,broad,Yandex external demand proxy,синастрия,Россия,Смартфоны,2026-07-29T18:51:00.129Z,https://wordstat.yandex.ru/?region=225&view=table&words=%D1%81%D0%B8%D0%BD%D0%B0%D1%81%D1%82%D1%80%D0%B8%D1%8F
синастрия отношений,synastry,RELEVANT,261,broad,Yandex external demand proxy,синастрия,Россия,Смартфоны,2026-07-29T18:51:00.129Z,https://wordstat.yandex.ru/?region=225&view=table&words=%D1%81%D0%B8%D0%BD%D0%B0%D1%81%D1%82%D1%80%D0%B8%D1%8F
кету соединение кету синастрия,synastry,RELEVANT,261,broad,Yandex external demand proxy,синастрия,Россия,Смартфоны,2026-07-29T18:51:00.129Z,https://wordstat.yandex.ru/?region=225&view=table&words=%D1%81%D0%B8%D0%BD%D0%B0%D1%81%D1%82%D1%80%D0%B8%D1%8F
синастрия стрельца,synastry,RELEVANT,260,broad,Yandex external demand proxy,синастрия,Россия,Смартфоны,2026-07-29T18:51:00.129Z,https://wordstat.yandex.ru/?region=225&view=table&words=%D1%81%D0%B8%D0%BD%D0%B0%D1%81%D1%82%D1%80%D0%B8%D1%8F
венера нептун синастрия,synastry,RELEVANT,260,broad,Yandex external demand proxy,синастрия,Россия,Смартфоны,2026-07-29T18:51:00.129Z,https://wordstat.yandex.ru/?region=225&view=table&words=%D1%81%D0%B8%D0%BD%D0%B0%D1%81%D1%82%D1%80%D0%B8%D1%8F
синастрия аспекты плутон,synastry,RELEVANT,259,broad,Yandex external demand proxy,синастрия,Россия,Смартфоны,2026-07-29T18:51:00.129Z,https://wordstat.yandex.ru/?region=225&view=table&words=%D1%81%D0%B8%D0%BD%D0%B0%D1%81%D1%82%D1%80%D0%B8%D1%8F
нептун луна синастрия,synastry,RELEVANT,258,broad,Yandex external demand proxy,синастрия,Россия,Смартфоны,2026-07-29T18:51:00.129Z,https://wordstat.yandex.ru/?region=225&view=table&words=%D1%81%D0%B8%D0%BD%D0%B0%D1%81%D1%82%D1%80%D0%B8%D1%8F
раху в доме синастрии,synastry,RELEVANT,257,broad,Yandex external demand proxy,синастрия,Россия,Смартфоны,2026-07-29T18:51:00.129Z,https://wordstat.yandex.ru/?region=225&view=table&words=%D1%81%D0%B8%D0%BD%D0%B0%D1%81%D1%82%D1%80%D0%B8%D1%8F
солнце тригон солнце синастрия,synastry,RELEVANT,256,broad,Yandex external demand proxy,синастрия,Россия,Смартфоны,2026-07-29T18:51:00.129Z,https://wordstat.yandex.ru/?region=225&view=table&words=%D1%81%D0%B8%D0%BD%D0%B0%D1%81%D1%82%D1%80%D0%B8%D1%8F
солнце секстиль солнце в синастрии,synastry,RELEVANT,255,broad,Yandex external demand proxy,синастрия,Россия,Смартфоны,2026-07-29T18:51:00.129Z,https://wordstat.yandex.ru/?region=225&view=table&words=%D1%81%D0%B8%D0%BD%D0%B0%D1%81%D1%82%D1%80%D0%B8%D1%8F
нептун мужчины в синастрии,synastry,RELEVANT,255,broad,Yandex external demand proxy,синастрия,Россия,Смартфоны,2026-07-29T18:51:00.129Z,https://wordstat.yandex.ru/?region=225&view=table&words=%D1%81%D0%B8%D0%BD%D0%B0%D1%81%D1%82%D1%80%D0%B8%D1%8F
градусы в синастрии,synastry,RELEVANT,255,broad,Yandex external demand proxy,синастрия,Россия,Смартфоны,2026-07-29T18:51:00.129Z,https://wordstat.yandex.ru/?region=225&view=table&words=%D1%81%D0%B8%D0%BD%D0%B0%D1%81%D1%82%D1%80%D0%B8%D1%8F
синастрия онлайн совместимость,synastry,RELEVANT,255,broad,Yandex external demand proxy,синастрия,Россия,Смартфоны,2026-07-29T18:51:00.129Z,https://wordstat.yandex.ru/?region=225&view=table&words=%D1%81%D0%B8%D0%BD%D0%B0%D1%81%D1%82%D1%80%D0%B8%D1%8F
солнце лилит в синастрии,synastry,RELEVANT,251,broad,Yandex external demand proxy,синастрия,Россия,Смартфоны,2026-07-29T18:51:00.129Z,https://wordstat.yandex.ru/?region=225&view=table&words=%D1%81%D0%B8%D0%BD%D0%B0%D1%81%D1%82%D1%80%D0%B8%D1%8F
марс трин марс в синастрии,synastry,RELEVANT,250,broad,Yandex external demand proxy,синастрия,Россия,Смартфоны,2026-07-29T18:51:00.129Z,https://wordstat.yandex.ru/?region=225&view=table&words=%D1%81%D0%B8%D0%BD%D0%B0%D1%81%D1%82%D1%80%D0%B8%D1%8F
построить синастрию,synastry,RELEVANT,250,broad,Yandex external demand proxy,синастрия,Россия,Смартфоны,2026-07-29T18:51:00.129Z,https://wordstat.yandex.ru/?region=225&view=table&words=%D1%81%D0%B8%D0%BD%D0%B0%D1%81%D1%82%D1%80%D0%B8%D1%8F
синастрия оппозиция сатурн сатурн,synastry,RELEVANT,249,broad,Yandex external demand proxy,синастрия,Россия,Смартфоны,2026-07-29T18:51:00.129Z,https://wordstat.yandex.ru/?region=225&view=table&words=%D1%81%D0%B8%D0%BD%D0%B0%D1%81%D1%82%D1%80%D0%B8%D1%8F
венера в синастрии форум,synastry,RELEVANT,249,broad,Yandex external demand proxy,синастрия,Россия,Смартфоны,2026-07-29T18:51:00.129Z,https://wordstat.yandex.ru/?region=225&view=table&words=%D1%81%D0%B8%D0%BD%D0%B0%D1%81%D1%82%D1%80%D0%B8%D1%8F
оппозиция лилит в синастрии,synastry,RELEVANT,246,broad,Yandex external demand proxy,синастрия,Россия,Смартфоны,2026-07-29T18:51:00.129Z,https://wordstat.yandex.ru/?region=225&view=table&words=%D1%81%D0%B8%D0%BD%D0%B0%D1%81%D1%82%D1%80%D0%B8%D1%8F
соединение с марсом мужчины в синастрии,synastry,RELEVANT,243,broad,Yandex external demand proxy,синастрия,Россия,Смартфоны,2026-07-29T18:51:00.129Z,https://wordstat.yandex.ru/?region=225&view=table&words=%D1%81%D0%B8%D0%BD%D0%B0%D1%81%D1%82%D1%80%D0%B8%D1%8F
плутон квадрат луна синастрия,synastry,RELEVANT,236,broad,Yandex external demand proxy,синастрия,Россия,Смартфоны,2026-07-29T18:51:00.129Z,https://wordstat.yandex.ru/?region=225&view=table&words=%D1%81%D0%B8%D0%BD%D0%B0%D1%81%D1%82%D1%80%D0%B8%D1%8F
нептун солнце синастрия,synastry,RELEVANT,235,broad,Yandex external demand proxy,синастрия,Россия,Смартфоны,2026-07-29T18:51:00.129Z,https://wordstat.yandex.ru/?region=225&view=table&words=%D1%81%D0%B8%D0%BD%D0%B0%D1%81%D1%82%D1%80%D0%B8%D1%8F
секстиль плутон плутон синастрия,synastry,RELEVANT,232,broad,Yandex external demand proxy,синастрия,Россия,Смартфоны,2026-07-29T18:51:00.129Z,https://wordstat.yandex.ru/?region=225&view=table&words=%D1%81%D0%B8%D0%BD%D0%B0%D1%81%D1%82%D1%80%D0%B8%D1%8F
полная синастрия,synastry,RELEVANT,231,broad,Yandex external demand proxy,синастрия,Россия,Смартфоны,2026-07-29T18:51:00.129Z,https://wordstat.yandex.ru/?region=225&view=table&words=%D1%81%D0%B8%D0%BD%D0%B0%D1%81%D1%82%D1%80%D0%B8%D1%8F
синастрия солнце юпитер,synastry,RELEVANT,228,broad,Yandex external demand proxy,синастрия,Россия,Смартфоны,2026-07-29T18:51:00.129Z,https://wordstat.yandex.ru/?region=225&view=table&words=%D1%81%D0%B8%D0%BD%D0%B0%D1%81%D1%82%D1%80%D0%B8%D1%8F
синастрия человека,synastry,RELEVANT,224,broad,Yandex external demand proxy,синастрия,Россия,Смартфоны,2026-07-29T18:51:00.129Z,https://wordstat.yandex.ru/?region=225&view=table&words=%D1%81%D0%B8%D0%BD%D0%B0%D1%81%D1%82%D1%80%D0%B8%D1%8F
нептун доме синастрии,synastry,RELEVANT,224,broad,Yandex external demand proxy,синастрия,Россия,Смартфоны,2026-07-29T18:51:00.129Z,https://wordstat.yandex.ru/?region=225&view=table&words=%D1%81%D0%B8%D0%BD%D0%B0%D1%81%D1%82%D1%80%D0%B8%D1%8F
синастрия аспекты марса,synastry,RELEVANT,223,broad,Yandex external demand proxy,синастрия,Россия,Смартфоны,2026-07-29T18:51:00.129Z,https://wordstat.yandex.ru/?region=225&view=table&words=%D1%81%D0%B8%D0%BD%D0%B0%D1%81%D1%82%D1%80%D0%B8%D1%8F
фортуна синастрия,synastry,RELEVANT,223,broad,Yandex external demand proxy,синастрия,Россия,Смартфоны,2026-07-29T18:51:00.129Z,https://wordstat.yandex.ru/?region=225&view=table&words=%D1%81%D0%B8%D0%BD%D0%B0%D1%81%D1%82%D1%80%D0%B8%D1%8F
марс мужчины венера синастрия,synastry,RELEVANT,221,broad,Yandex external demand proxy,синастрия,Россия,Смартфоны,2026-07-29T18:51:00.129Z,https://wordstat.yandex.ru/?region=225&view=table&words=%D1%81%D0%B8%D0%BD%D0%B0%D1%81%D1%82%D1%80%D0%B8%D1%8F
полная синастрия бесплатно,synastry,RELEVANT,221,broad,Yandex external demand proxy,синастрия,Россия,Смартфоны,2026-07-29T18:51:00.129Z,https://wordstat.yandex.ru/?region=225&view=table&words=%D1%81%D0%B8%D0%BD%D0%B0%D1%81%D1%82%D1%80%D0%B8%D1%8F
полная синастрия онлайн,synastry,RELEVANT,219,broad,Yandex external demand proxy,синастрия,Россия,Смартфоны,2026-07-29T18:51:00.129Z,https://wordstat.yandex.ru/?region=225&view=table&words=%D1%81%D0%B8%D0%BD%D0%B0%D1%81%D1%82%D1%80%D0%B8%D1%8F
полная синастрия онлайн бесплатно,synastry,RELEVANT,219,broad,Yandex external demand proxy,синастрия,Россия,Смартфоны,2026-07-29T18:51:00.129Z,https://wordstat.yandex.ru/?region=225&view=table&words=%D1%81%D0%B8%D0%BD%D0%B0%D1%81%D1%82%D1%80%D0%B8%D1%8F
синастрия онлайн бесплатно с объяснением,synastry,RELEVANT,218,broad,Yandex external demand proxy,синастрия,Россия,Смартфоны,2026-07-29T18:51:00.129Z,https://wordstat.yandex.ru/?region=225&view=table&words=%D1%81%D0%B8%D0%BD%D0%B0%D1%81%D1%82%D1%80%D0%B8%D1%8F
синастрия онлайн бесплатно с полным объяснением,synastry,RELEVANT,218,broad,Yandex external demand proxy,синастрия,Россия,Смартфоны,2026-07-29T18:51:00.129Z,https://wordstat.yandex.ru/?region=225&view=table&words=%D1%81%D0%B8%D0%BD%D0%B0%D1%81%D1%82%D1%80%D0%B8%D1%8F
планеты в домах в синастрии,synastry,RELEVANT,216,broad,Yandex external demand proxy,синастрия,Россия,Смартфоны,2026-07-29T18:51:00.129Z,https://wordstat.yandex.ru/?region=225&view=table&words=%D1%81%D0%B8%D0%BD%D0%B0%D1%81%D1%82%D1%80%D0%B8%D1%8F
венера уран синастрия,synastry,RELEVANT,213,broad,Yandex external demand proxy,синастрия,Россия,Смартфоны,2026-07-29T18:51:00.129Z,https://wordstat.yandex.ru/?region=225&view=table&words=%D1%81%D0%B8%D0%BD%D0%B0%D1%81%D1%82%D1%80%D0%B8%D1%8F
синастрия венера узел,synastry,RELEVANT,210,broad,Yandex external demand proxy,синастрия,Россия,Смартфоны,2026-07-29T18:51:00.129Z,https://wordstat.yandex.ru/?region=225&view=table&words=%D1%81%D0%B8%D0%BD%D0%B0%D1%81%D1%82%D1%80%D0%B8%D1%8F
луна юпитер синастрия,synastry,RELEVANT,209,broad,Yandex external demand proxy,синастрия,Россия,Смартфоны,2026-07-29T18:51:00.129Z,https://wordstat.yandex.ru/?region=225&view=table&words=%D1%81%D0%B8%D0%BD%D0%B0%D1%81%D1%82%D1%80%D0%B8%D1%8F
вертекс вертекс соединение синастрия,synastry,RELEVANT,207,broad,Yandex external demand proxy,синастрия,Россия,Смартфоны,2026-07-29T18:51:00.129Z,https://wordstat.yandex.ru/?region=225&view=table&words=%D1%81%D0%B8%D0%BD%D0%B0%D1%81%D1%82%D1%80%D0%B8%D1%8F
трин плутона в синастрии,synastry,RELEVANT,207,broad,Yandex external demand proxy,синастрия,Россия,Смартфоны,2026-07-29T18:51:00.129Z,https://wordstat.yandex.ru/?region=225&view=table&words=%D1%81%D0%B8%D0%BD%D0%B0%D1%81%D1%82%D1%80%D0%B8%D1%8F
синастрии между женщинами,synastry,RELEVANT,203,broad,Yandex external demand proxy,синастрия,Россия,Смартфоны,2026-07-29T18:51:00.129Z,https://wordstat.yandex.ru/?region=225&view=table&words=%D1%81%D0%B8%D0%BD%D0%B0%D1%81%D1%82%D1%80%D0%B8%D1%8F
синастрия тригон марсов,synastry,RELEVANT,201,broad,Yandex external demand proxy,синастрия,Россия,Смартфоны,2026-07-29T18:51:00.129Z,https://wordstat.yandex.ru/?region=225&view=table&words=%D1%81%D0%B8%D0%BD%D0%B0%D1%81%D1%82%D1%80%D0%B8%D1%8F
астросик синастрия,synastry,RELEVANT,201,broad,Yandex external demand proxy,синастрия,Россия,Смартфоны,2026-07-29T18:51:00.129Z,https://wordstat.yandex.ru/?region=225&view=table&words=%D1%81%D0%B8%D0%BD%D0%B0%D1%81%D1%82%D1%80%D0%B8%D1%8F
синастрия между мужчиной и женщиной,synastry,RELEVANT,200,broad,Yandex external demand proxy,синастрия,Россия,Смартфоны,2026-07-29T18:51:00.129Z,https://wordstat.yandex.ru/?region=225&view=table&words=%D1%81%D0%B8%D0%BD%D0%B0%D1%81%D1%82%D1%80%D0%B8%D1%8F
