query,result_count_displayed,rank,package_id,title,category,rating,icon_url,collected_at,search_url,source_url
гороскоп,497,1,net.kosev.scoping,Гороскоп,Образ жизни,,,2026-07-29T18:37:02.152Z,https://www.rustore.ru/catalog/search?query=%D0%B3%D0%BE%D1%80%D0%BE%D1%81%D0%BA%D0%BE%D0%BF,https://www.rustore.ru/catalog/app/net.kosev.scoping
гороскоп,497,2,com.grupoprecedo.horoscope,Гороскоп,Образ жизни,,,2026-07-29T18:37:02.152Z,https://www.rustore.ru/catalog/search?query=%D0%B3%D0%BE%D1%80%D0%BE%D1%81%D0%BA%D0%BE%D0%BF,https://www.rustore.ru/catalog/app/com.grupoprecedo.horoscope
гороскоп,497,3,ru.mail.horo.android,Гороскопы,Образ жизни,,,2026-07-29T18:37:02.152Z,https://www.rustore.ru/catalog/search?query=%D0%B3%D0%BE%D1%80%D0%BE%D1%81%D0%BA%D0%BE%D0%BF,https://www.rustore.ru/catalog/app/ru.mail.horo.android
гороскоп,497,4,com.special_algorithmic_systems.engm_personal,Астрокалендарь ENIGMATA. Ежедневный гороскоп,Полезные инструменты·Образ жизни,,,2026-07-29T18:37:02.152Z,https://www.rustore.ru/catalog/search?query=%D0%B3%D0%BE%D1%80%D0%BE%D1%81%D0%BA%D0%BE%D0%BF,https://www.rustore.ru/catalog/app/com.special_algorithmic_systems.engm_personal
гороскоп,497,5,com.promobi.horo,Гороскоп,Образ жизни,,,2026-07-29T18:37:02.152Z,https://www.rustore.ru/catalog/search?query=%D0%B3%D0%BE%D1%80%D0%BE%D1%81%D0%BA%D0%BE%D0%BF,https://www.rustore.ru/catalog/app/com.promobi.horo
гороскоп,497,6,com.aiastrologer.app,"AI-Астролог, Таро, Астрология, Гороскоп, Астробот",Образ жизни,,,2026-07-29T18:37:02.152Z,https://www.rustore.ru/catalog/search?query=%D0%B3%D0%BE%D1%80%D0%BE%D1%81%D0%BA%D0%BE%D0%BF,https://www.rustore.ru/catalog/app/com.aiastrologer.app
гороскоп,497,7,com.foresko.horoscopes,Гороскоп на каждый день: Астрология & Гороскопы,Образ жизни,,,2026-07-29T18:37:02.152Z,https://www.rustore.ru/catalog/search?query=%D0%B3%D0%BE%D1%80%D0%BE%D1%81%D0%BA%D0%BE%D0%BF,https://www.rustore.ru/catalog/app/com.foresko.horoscopes
гороскоп,497,8,ru.smartbear.programs.horoscopenew,Гороскоп на каждый день 2026. По дате рождения,Образ жизни,,,2026-07-29T18:37:02.152Z,https://www.rustore.ru/catalog/search?query=%D0%B3%D0%BE%D1%80%D0%BE%D1%81%D0%BA%D0%BE%D0%BF,https://www.rustore.ru/catalog/app/ru.smartbear.programs.horoscopenew
гороскоп,497,9,com.daerhou.constellation,Гороскоп,Образ жизни,,,2026-07-29T18:37:02.152Z,https://www.rustore.ru/catalog/search?query=%D0%B3%D0%BE%D1%80%D0%BE%D1%81%D0%BA%D0%BE%D0%BF,https://www.rustore.ru/catalog/app/com.daerhou.constellation
гороскоп,497,10,com.zylonix.horoscope,Гороскоп на каждый день - онлайн,Образ жизни,,,2026-07-29T18:37:02.152Z,https://www.rustore.ru/catalog/search?query=%D0%B3%D0%BE%D1%80%D0%BE%D1%81%D0%BA%D0%BE%D0%BF,https://www.rustore.ru/catalog/app/com.zylonix.horoscope
гороскоп,497,11,com.vagasoft.horoscope.signs,Гороскоп,Образ жизни,,,2026-07-29T18:37:02.152Z,https://www.rustore.ru/catalog/search?query=%D0%B3%D0%BE%D1%80%D0%BE%D1%81%D0%BA%D0%BE%D0%BF,https://www.rustore.ru/catalog/app/com.vagasoft.horoscope.signs
гороскоп,497,12,ua.maksdenis.timeofbirth,Гороскоп Рождения,Образ жизни,,,2026-07-29T18:37:02.152Z,https://www.rustore.ru/catalog/search?query=%D0%B3%D0%BE%D1%80%D0%BE%D1%81%D0%BA%D0%BE%D0%BF,https://www.rustore.ru/catalog/app/ua.maksdenis.timeofbirth
гороскоп,497,13,com.P.E.O.AxioNika,"Гороскоп, Нумерология, Совместимость: ИИ AxioNika",Развлечения·Образ жизни,,,2026-07-29T18:37:02.152Z,https://www.rustore.ru/catalog/search?query=%D0%B3%D0%BE%D1%80%D0%BE%D1%81%D0%BA%D0%BE%D0%BF,https://www.rustore.ru/catalog/app/com.P.E.O.AxioNika
гороскоп,497,14,taurus.daily.horoscopes,"ТЕЛЕЦ Гороскоп на сегодня, завтра и на каждый день",Образ жизни·Развлечения,,,2026-07-29T18:37:02.152Z,https://www.rustore.ru/catalog/search?query=%D0%B3%D0%BE%D1%80%D0%BE%D1%81%D0%BA%D0%BE%D0%BF,https://www.rustore.ru/catalog/app/taurus.daily.horoscopes
гороскоп,497,15,com.idmobile.horoscope,Мой Гороскоп New,Образ жизни,,,2026-07-29T18:37:02.152Z,https://www.rustore.ru/catalog/search?query=%D0%B3%D0%BE%D1%80%D0%BE%D1%81%D0%BA%D0%BE%D0%BF,https://www.rustore.ru/catalog/app/com.idmobile.horoscope
гороскоп,497,16,com.antonovka.horoscope,Гороскоп NOVA,Образ жизни,,,2026-07-29T18:37:02.152Z,https://www.rustore.ru/catalog/search?query=%D0%B3%D0%BE%D1%80%D0%BE%D1%81%D0%BA%D0%BE%D0%BF,https://www.rustore.ru/catalog/app/com.antonovka.horoscope
гороскоп,497,17,com.Blogproger.Financial_horoscope,Финансовый гороскоп,Образ жизни,,,2026-07-29T18:37:02.152Z,https://www.rustore.ru/catalog/search?query=%D0%B3%D0%BE%D1%80%D0%BE%D1%81%D0%BA%D0%BE%D0%BF,https://www.rustore.ru/catalog/app/com.Blogproger.Financial_horoscope
гороскоп,497,18,pisces.daily.horoscopes,"РЫБЫ Гороскоп на сегодня, завтра и на каждый день",Образ жизни·Развлечения,,,2026-07-29T18:37:02.152Z,https://www.rustore.ru/catalog/search?query=%D0%B3%D0%BE%D1%80%D0%BE%D1%81%D0%BA%D0%BE%D0%BF,https://www.rustore.ru/catalog/app/pisces.daily.horoscopes
гороскоп,497,19,com.velstar,Velstar: гороскоп и карты таро,Образ жизни,,,2026-07-29T18:37:02.152Z,https://www.rustore.ru/catalog/search?query=%D0%B3%D0%BE%D1%80%D0%BE%D1%81%D0%BA%D0%BE%D0%BF,https://www.rustore.ru/catalog/app/com.velstar
гороскоп,497,20,com.sopelus.horoscope,"Гороскопы бесплатно, натальная карта",Образ жизни,,,2026-07-29T18:37:02.152Z,https://www.rustore.ru/catalog/search?query=%D0%B3%D0%BE%D1%80%D0%BE%D1%81%D0%BA%D0%BE%D0%BF,https://www.rustore.ru/catalog/app/com.sopelus.horoscope
гороскопы,497,1,ru.mail.horo.android,Гороскопы,Образ жизни,,,2026-07-29T18:37:03.478Z,https://www.rustore.ru/catalog/search?query=%D0%B3%D0%BE%D1%80%D0%BE%D1%81%D0%BA%D0%BE%D0%BF%D1%8B,https://www.rustore.ru/catalog/app/ru.mail.horo.android
гороскопы,497,2,net.kosev.scoping,Гороскоп,Образ жизни,,,2026-07-29T18:37:03.478Z,https://www.rustore.ru/catalog/search?query=%D0%B3%D0%BE%D1%80%D0%BE%D1%81%D0%BA%D0%BE%D0%BF%D1%8B,https://www.rustore.ru/catalog/app/net.kosev.scoping
гороскопы,497,3,com.sopelus.horoscope,"Гороскопы бесплатно, натальная карта",Образ жизни,,,2026-07-29T18:37:03.478Z,https://www.rustore.ru/catalog/search?query=%D0%B3%D0%BE%D1%80%D0%BE%D1%81%D0%BA%D0%BE%D0%BF%D1%8B,https://www.rustore.ru/catalog/app/com.sopelus.horoscope
гороскопы,497,4,com.foresko.horoscopes,Гороскоп на каждый день: Астрология & Гороскопы,Образ жизни,,,2026-07-29T18:37:03.478Z,https://www.rustore.ru/catalog/search?query=%D0%B3%D0%BE%D1%80%D0%BE%D1%81%D0%BA%D0%BE%D0%BF%D1%8B,https://www.rustore.ru/catalog/app/com.foresko.horoscopes
гороскопы,497,5,com.zylonix.horoscope,Гороскоп на каждый день - онлайн,Образ жизни,,,2026-07-29T18:37:03.478Z,https://www.rustore.ru/catalog/search?query=%D0%B3%D0%BE%D1%80%D0%BE%D1%81%D0%BA%D0%BE%D0%BF%D1%8B,https://www.rustore.ru/catalog/app/com.zylonix.horoscope
гороскопы,497,6,ua.maksdenis.timeofbirth,Гороскоп Рождения,Образ жизни,,,2026-07-29T18:37:03.478Z,https://www.rustore.ru/catalog/search?query=%D0%B3%D0%BE%D1%80%D0%BE%D1%81%D0%BA%D0%BE%D0%BF%D1%8B,https://www.rustore.ru/catalog/app/ua.maksdenis.timeofbirth
гороскопы,497,7,com.idmobile.horoscope,Мой Гороскоп New,Образ жизни,,,2026-07-29T18:37:03.478Z,https://www.rustore.ru/catalog/search?query=%D0%B3%D0%BE%D1%80%D0%BE%D1%81%D0%BA%D0%BE%D0%BF%D1%8B,https://www.rustore.ru/catalog/app/com.idmobile.horoscope
гороскопы,497,8,ru.smartbear.programs.horoscopenew,Гороскоп на каждый день 2026. По дате рождения,Образ жизни,,,2026-07-29T18:37:03.478Z,https://www.rustore.ru/catalog/search?query=%D0%B3%D0%BE%D1%80%D0%BE%D1%81%D0%BA%D0%BE%D0%BF%D1%8B,https://www.rustore.ru/catalog/app/ru.smartbear.programs.horoscopenew
гороскопы,497,9,com.velstar,Velstar: гороскоп и карты таро,Образ жизни,,,2026-07-29T18:37:03.478Z,https://www.rustore.ru/catalog/search?query=%D0%B3%D0%BE%D1%80%D0%BE%D1%81%D0%BA%D0%BE%D0%BF%D1%8B,https://www.rustore.ru/catalog/app/com.velstar
гороскопы,497,10,capricorn.daily.horoscopes,"КОЗЕРОГ Гороскоп сегодня, завтра и на каждый день",Образ жизни,,,2026-07-29T18:37:03.478Z,https://www.rustore.ru/catalog/search?query=%D0%B3%D0%BE%D1%80%D0%BE%D1%81%D0%BA%D0%BE%D0%BF%D1%8B,https://www.rustore.ru/catalog/app/capricorn.daily.horoscopes
гороскопы,497,11,com.pagestechnologies.zodiac,Гороскоп на каждый день,Образ жизни,,,2026-07-29T18:37:03.478Z,https://www.rustore.ru/catalog/search?query=%D0%B3%D0%BE%D1%80%D0%BE%D1%81%D0%BA%D0%BE%D0%BF%D1%8B,https://www.rustore.ru/catalog/app/com.pagestechnologies.zodiac
гороскопы,497,12,ru.yufic.horoscoperu,Ежедневный гороскоп - Yufic,Образ жизни,,,2026-07-29T18:37:03.478Z,https://www.rustore.ru/catalog/search?query=%D0%B3%D0%BE%D1%80%D0%BE%D1%81%D0%BA%D0%BE%D0%BF%D1%8B,https://www.rustore.ru/catalog/app/ru.yufic.horoscoperu
гороскопы,497,13,potencialmenteinteresante.personaldailyhoroscope,Eжедневный гороскоп,Образ жизни,,,2026-07-29T18:37:03.478Z,https://www.rustore.ru/catalog/search?query=%D0%B3%D0%BE%D1%80%D0%BE%D1%81%D0%BA%D0%BE%D0%BF%D1%8B,https://www.rustore.ru/catalog/app/potencialmenteinteresante.personaldailyhoroscope
гороскопы,497,14,pisces.daily.horoscopes,"РЫБЫ Гороскоп на сегодня, завтра и на каждый день",Образ жизни·Развлечения,,,2026-07-29T18:37:03.478Z,https://www.rustore.ru/catalog/search?query=%D0%B3%D0%BE%D1%80%D0%BE%D1%81%D0%BA%D0%BE%D0%BF%D1%8B,https://www.rustore.ru/catalog/app/pisces.daily.horoscopes
гороскопы,497,15,taurus.daily.horoscopes,"ТЕЛЕЦ Гороскоп на сегодня, завтра и на каждый день",Образ жизни·Развлечения,,,2026-07-29T18:37:03.478Z,https://www.rustore.ru/catalog/search?query=%D0%B3%D0%BE%D1%80%D0%BE%D1%81%D0%BA%D0%BE%D0%BF%D1%8B,https://www.rustore.ru/catalog/app/taurus.daily.horoscopes
гороскопы,497,16,com.jiy.tarot.android,Гадание Таро и гороскопы,Образ жизни,,,2026-07-29T18:37:03.478Z,https://www.rustore.ru/catalog/search?query=%D0%B3%D0%BE%D1%80%D0%BE%D1%81%D0%BA%D0%BE%D0%BF%D1%8B,https://www.rustore.ru/catalog/app/com.jiy.tarot.android
гороскопы,497,17,horoscope.astrology.zodiac.sign.daily,Гороскопы и астрология,Образ жизни,,,2026-07-29T18:37:03.478Z,https://www.rustore.ru/catalog/search?query=%D0%B3%D0%BE%D1%80%D0%BE%D1%81%D0%BA%D0%BE%D0%BF%D1%8B,https://www.rustore.ru/catalog/app/horoscope.astrology.zodiac.sign.daily
гороскопы,497,18,ru.rambler.horoscopes.twa,Рамблер/гороскопы,Образ жизни·Развлечения,,,2026-07-29T18:37:03.478Z,https://www.rustore.ru/catalog/search?query=%D0%B3%D0%BE%D1%80%D0%BE%D1%81%D0%BA%D0%BE%D0%BF%D1%8B,https://www.rustore.ru/catalog/app/ru.rambler.horoscopes.twa
гороскопы,497,19,com.vagasoft.horoscope.signs,Гороскоп,Образ жизни,,,2026-07-29T18:37:03.478Z,https://www.rustore.ru/catalog/search?query=%D0%B3%D0%BE%D1%80%D0%BE%D1%81%D0%BA%D0%BE%D0%BF%D1%8B,https://www.rustore.ru/catalog/app/com.vagasoft.horoscope.signs
гороскопы,497,20,com.grupoprecedo.horoscope,Гороскоп,Образ жизни,,,2026-07-29T18:37:03.478Z,https://www.rustore.ru/catalog/search?query=%D0%B3%D0%BE%D1%80%D0%BE%D1%81%D0%BA%D0%BE%D0%BF%D1%8B,https://www.rustore.ru/catalog/app/com.grupoprecedo.horoscope
гороскоп на сегодня,496,1,com.Blogproger.Horoscope,Гороскоп на сегодня,Образ жизни,,,2026-07-29T18:37:05.074Z,https://www.rustore.ru/catalog/search?query=%D0%B3%D0%BE%D1%80%D0%BE%D1%81%D0%BA%D0%BE%D0%BF%20%D0%BD%D0%B0%20%D1%81%D0%B5%D0%B3%D0%BE%D0%B4%D0%BD%D1%8F,https://www.rustore.ru/catalog/app/com.Blogproger.Horoscope
гороскоп на сегодня,496,2,com.rodkin.horoscopetodayai,Гороскоп на сегодня,Образ жизни,,,2026-07-29T18:37:05.074Z,https://www.rustore.ru/catalog/search?query=%D0%B3%D0%BE%D1%80%D0%BE%D1%81%D0%BA%D0%BE%D0%BF%20%D0%BD%D0%B0%20%D1%81%D0%B5%D0%B3%D0%BE%D0%B4%D0%BD%D1%8F,https://www.rustore.ru/catalog/app/com.rodkin.horoscopetodayai
гороскоп на сегодня,496,3,ru.mail.horo.android,Гороскопы,Образ жизни,,,2026-07-29T18:37:05.074Z,https://www.rustore.ru/catalog/search?query=%D0%B3%D0%BE%D1%80%D0%BE%D1%81%D0%BA%D0%BE%D0%BF%20%D0%BD%D0%B0%20%D1%81%D0%B5%D0%B3%D0%BE%D0%B4%D0%BD%D1%8F,https://www.rustore.ru/catalog/app/ru.mail.horo.android
гороскоп на сегодня,496,4,cancer.daily.horoscopes,"РАК Гороскоп на сегодня, завтра и на каждый день",Образ жизни,,,2026-07-29T18:37:05.074Z,https://www.rustore.ru/catalog/search?query=%D0%B3%D0%BE%D1%80%D0%BE%D1%81%D0%BA%D0%BE%D0%BF%20%D0%BD%D0%B0%20%D1%81%D0%B5%D0%B3%D0%BE%D0%B4%D0%BD%D1%8F,https://www.rustore.ru/catalog/app/cancer.daily.horoscopes
гороскоп на сегодня,496,5,leo.daily.horoscopes,"ЛЕВ Гороскоп на сегодня, завтра и на каждый день",Образ жизни,,,2026-07-29T18:37:05.074Z,https://www.rustore.ru/catalog/search?query=%D0%B3%D0%BE%D1%80%D0%BE%D1%81%D0%BA%D0%BE%D0%BF%20%D0%BD%D0%B0%20%D1%81%D0%B5%D0%B3%D0%BE%D0%B4%D0%BD%D1%8F,https://www.rustore.ru/catalog/app/leo.daily.horoscopes
гороскоп на сегодня,496,6,libra.daily.horoscopes,"ВЕСЫ Гороскоп на сегодня, завтра и на каждый день",Образ жизни,,,2026-07-29T18:37:05.074Z,https://www.rustore.ru/catalog/search?query=%D0%B3%D0%BE%D1%80%D0%BE%D1%81%D0%BA%D0%BE%D0%BF%20%D0%BD%D0%B0%20%D1%81%D0%B5%D0%B3%D0%BE%D0%B4%D0%BD%D1%8F,https://www.rustore.ru/catalog/app/libra.daily.horoscopes
гороскоп на сегодня,496,7,sagittarius.daily.horoscopes,"СТРЕЛЕЦ Гороскоп на сегодня, завтра и каждый день",Образ жизни,,,2026-07-29T18:37:05.074Z,https://www.rustore.ru/catalog/search?query=%D0%B3%D0%BE%D1%80%D0%BE%D1%81%D0%BA%D0%BE%D0%BF%20%D0%BD%D0%B0%20%D1%81%D0%B5%D0%B3%D0%BE%D0%B4%D0%BD%D1%8F,https://www.rustore.ru/catalog/app/sagittarius.daily.horoscopes
гороскоп на сегодня,496,8,aquarius.daily.horoscopes,"ВОДОЛЕЙ Гороскоп на сегодня, завтра и каждый день",Образ жизни,,,2026-07-29T18:37:05.074Z,https://www.rustore.ru/catalog/search?query=%D0%B3%D0%BE%D1%80%D0%BE%D1%81%D0%BA%D0%BE%D0%BF%20%D0%BD%D0%B0%20%D1%81%D0%B5%D0%B3%D0%BE%D0%B4%D0%BD%D1%8F,https://www.rustore.ru/catalog/app/aquarius.daily.horoscopes
гороскоп на сегодня,496,9,virgo.daily.horoscopes,"ДЕВА Гороскоп на сегодня, завтра и на каждый день",Образ жизни,,,2026-07-29T18:37:05.074Z,https://www.rustore.ru/catalog/search?query=%D0%B3%D0%BE%D1%80%D0%BE%D1%81%D0%BA%D0%BE%D0%BF%20%D0%BD%D0%B0%20%D1%81%D0%B5%D0%B3%D0%BE%D0%B4%D0%BD%D1%8F,https://www.rustore.ru/catalog/app/virgo.daily.horoscopes
гороскоп на сегодня,496,10,aries.daily.horoscopes,"ОВЕН Гороскоп на сегодня, завтра и на каждый день",Образ жизни,,,2026-07-29T18:37:05.074Z,https://www.rustore.ru/catalog/search?query=%D0%B3%D0%BE%D1%80%D0%BE%D1%81%D0%BA%D0%BE%D0%BF%20%D0%BD%D0%B0%20%D1%81%D0%B5%D0%B3%D0%BE%D0%B4%D0%BD%D1%8F,https://www.rustore.ru/catalog/app/aries.daily.horoscopes
гороскоп на сегодня,496,11,biz.astrolog.ariestoday,Овен – Гороскоп на сегодня,Образ жизни,,,2026-07-29T18:37:05.074Z,https://www.rustore.ru/catalog/search?query=%D0%B3%D0%BE%D1%80%D0%BE%D1%81%D0%BA%D0%BE%D0%BF%20%D0%BD%D0%B0%20%D1%81%D0%B5%D0%B3%D0%BE%D0%B4%D0%BD%D1%8F,https://www.rustore.ru/catalog/app/biz.astrolog.ariestoday
гороскоп на сегодня,496,12,taurus.daily.horoscopes,"ТЕЛЕЦ Гороскоп на сегодня, завтра и на каждый день",Образ жизни·Развлечения,,,2026-07-29T18:37:05.074Z,https://www.rustore.ru/catalog/search?query=%D0%B3%D0%BE%D1%80%D0%BE%D1%81%D0%BA%D0%BE%D0%BF%20%D0%BD%D0%B0%20%D1%81%D0%B5%D0%B3%D0%BE%D0%B4%D0%BD%D1%8F,https://www.rustore.ru/catalog/app/taurus.daily.horoscopes
гороскоп на сегодня,496,13,com.grupoprecedo.horoscope,Гороскоп,Образ жизни,,,2026-07-29T18:37:05.074Z,https://www.rustore.ru/catalog/search?query=%D0%B3%D0%BE%D1%80%D0%BE%D1%81%D0%BA%D0%BE%D0%BF%20%D0%BD%D0%B0%20%D1%81%D0%B5%D0%B3%D0%BE%D0%B4%D0%BD%D1%8F,https://www.rustore.ru/catalog/app/com.grupoprecedo.horoscope
гороскоп на сегодня,496,14,pisces.daily.horoscopes,"РЫБЫ Гороскоп на сегодня, завтра и на каждый день",Образ жизни·Развлечения,,,2026-07-29T18:37:05.074Z,https://www.rustore.ru/catalog/search?query=%D0%B3%D0%BE%D1%80%D0%BE%D1%81%D0%BA%D0%BE%D0%BF%20%D0%BD%D0%B0%20%D1%81%D0%B5%D0%B3%D0%BE%D0%B4%D0%BD%D1%8F,https://www.rustore.ru/catalog/app/pisces.daily.horoscopes
гороскоп на сегодня,496,15,scorpio.daily.horoscopes,"СКОРПИОН Гороскоп сегодня, завтра и на каждый день",Образ жизни,,,2026-07-29T18:37:05.074Z,https://www.rustore.ru/catalog/search?query=%D0%B3%D0%BE%D1%80%D0%BE%D1%81%D0%BA%D0%BE%D0%BF%20%D0%BD%D0%B0%20%D1%81%D0%B5%D0%B3%D0%BE%D0%B4%D0%BD%D1%8F,https://www.rustore.ru/catalog/app/scorpio.daily.horoscopes
гороскоп на сегодня,496,16,com.antonovka.horoscope,Гороскоп NOVA,Образ жизни,,,2026-07-29T18:37:05.074Z,https://www.rustore.ru/catalog/search?query=%D0%B3%D0%BE%D1%80%D0%BE%D1%81%D0%BA%D0%BE%D0%BF%20%D0%BD%D0%B0%20%D1%81%D0%B5%D0%B3%D0%BE%D0%B4%D0%BD%D1%8F,https://www.rustore.ru/catalog/app/com.antonovka.horoscope
гороскоп на сегодня,496,17,capricorn.daily.horoscopes,"КОЗЕРОГ Гороскоп сегодня, завтра и на каждый день",Образ жизни,,,2026-07-29T18:37:05.074Z,https://www.rustore.ru/catalog/search?query=%D0%B3%D0%BE%D1%80%D0%BE%D1%81%D0%BA%D0%BE%D0%BF%20%D0%BD%D0%B0%20%D1%81%D0%B5%D0%B3%D0%BE%D0%B4%D0%BD%D1%8F,https://www.rustore.ru/catalog/app/capricorn.daily.horoscopes
гороскоп на сегодня,496,18,com.envgeniipopov.goroscopy_app,Гороскоп на каждый день,Образ жизни,,,2026-07-29T18:37:05.074Z,https://www.rustore.ru/catalog/search?query=%D0%B3%D0%BE%D1%80%D0%BE%D1%81%D0%BA%D0%BE%D0%BF%20%D0%BD%D0%B0%20%D1%81%D0%B5%D0%B3%D0%BE%D0%B4%D0%BD%D1%8F,https://www.rustore.ru/catalog/app/com.envgeniipopov.goroscopy_app
гороскоп на сегодня,496,19,net.kosev.scoping,Гороскоп,Образ жизни,,,2026-07-29T18:37:05.074Z,https://www.rustore.ru/catalog/search?query=%D0%B3%D0%BE%D1%80%D0%BE%D1%81%D0%BA%D0%BE%D0%BF%20%D0%BD%D0%B0%20%D1%81%D0%B5%D0%B3%D0%BE%D0%B4%D0%BD%D1%8F,https://www.rustore.ru/catalog/app/net.kosev.scoping
гороскоп на сегодня,496,20,com.Blogproger.Financial_horoscope,Финансовый гороскоп,Образ жизни,,,2026-07-29T18:37:05.074Z,https://www.rustore.ru/catalog/search?query=%D0%B3%D0%BE%D1%80%D0%BE%D1%81%D0%BA%D0%BE%D0%BF%20%D0%BD%D0%B0%20%D1%81%D0%B5%D0%B3%D0%BE%D0%B4%D0%BD%D1%8F,https://www.rustore.ru/catalog/app/com.Blogproger.Financial_horoscope
гороскоп на завтра,497,1,com.Hurmeow.Horoscope_for_tomorrow,Гороскоп на завтра,Образ жизни·Развлечения,,,2026-07-29T18:37:06.125Z,https://www.rustore.ru/catalog/search?query=%D0%B3%D0%BE%D1%80%D0%BE%D1%81%D0%BA%D0%BE%D0%BF%20%D0%BD%D0%B0%20%D0%B7%D0%B0%D0%B2%D1%82%D1%80%D0%B0,https://www.rustore.ru/catalog/app/com.Hurmeow.Horoscope_for_tomorrow
гороскоп на завтра,497,2,taurus.daily.horoscopes,"ТЕЛЕЦ Гороскоп на сегодня, завтра и на каждый день",Образ жизни·Развлечения,,,2026-07-29T18:37:06.125Z,https://www.rustore.ru/catalog/search?query=%D0%B3%D0%BE%D1%80%D0%BE%D1%81%D0%BA%D0%BE%D0%BF%20%D0%BD%D0%B0%20%D0%B7%D0%B0%D0%B2%D1%82%D1%80%D0%B0,https://www.rustore.ru/catalog/app/taurus.daily.horoscopes
гороскоп на завтра,497,3,cancer.daily.horoscopes,"РАК Гороскоп на сегодня, завтра и на каждый день",Образ жизни,,,2026-07-29T18:37:06.125Z,https://www.rustore.ru/catalog/search?query=%D0%B3%D0%BE%D1%80%D0%BE%D1%81%D0%BA%D0%BE%D0%BF%20%D0%BD%D0%B0%20%D0%B7%D0%B0%D0%B2%D1%82%D1%80%D0%B0,https://www.rustore.ru/catalog/app/cancer.daily.horoscopes
гороскоп на завтра,497,4,sagittarius.daily.horoscopes,"СТРЕЛЕЦ Гороскоп на сегодня, завтра и каждый день",Образ жизни,,,2026-07-29T18:37:06.125Z,https://www.rustore.ru/catalog/search?query=%D0%B3%D0%BE%D1%80%D0%BE%D1%81%D0%BA%D0%BE%D0%BF%20%D0%BD%D0%B0%20%D0%B7%D0%B0%D0%B2%D1%82%D1%80%D0%B0,https://www.rustore.ru/catalog/app/sagittarius.daily.horoscopes
гороскоп на завтра,497,5,libra.daily.horoscopes,"ВЕСЫ Гороскоп на сегодня, завтра и на каждый день",Образ жизни,,,2026-07-29T18:37:06.125Z,https://www.rustore.ru/catalog/search?query=%D0%B3%D0%BE%D1%80%D0%BE%D1%81%D0%BA%D0%BE%D0%BF%20%D0%BD%D0%B0%20%D0%B7%D0%B0%D0%B2%D1%82%D1%80%D0%B0,https://www.rustore.ru/catalog/app/libra.daily.horoscopes
гороскоп на завтра,497,6,aquarius.daily.horoscopes,"ВОДОЛЕЙ Гороскоп на сегодня, завтра и каждый день",Образ жизни,,,2026-07-29T18:37:06.125Z,https://www.rustore.ru/catalog/search?query=%D0%B3%D0%BE%D1%80%D0%BE%D1%81%D0%BA%D0%BE%D0%BF%20%D0%BD%D0%B0%20%D0%B7%D0%B0%D0%B2%D1%82%D1%80%D0%B0,https://www.rustore.ru/catalog/app/aquarius.daily.horoscopes
гороскоп на завтра,497,7,pisces.daily.horoscopes,"РЫБЫ Гороскоп на сегодня, завтра и на каждый день",Образ жизни·Развлечения,,,2026-07-29T18:37:06.125Z,https://www.rustore.ru/catalog/search?query=%D0%B3%D0%BE%D1%80%D0%BE%D1%81%D0%BA%D0%BE%D0%BF%20%D0%BD%D0%B0%20%D0%B7%D0%B0%D0%B2%D1%82%D1%80%D0%B0,https://www.rustore.ru/catalog/app/pisces.daily.horoscopes
гороскоп на завтра,497,8,virgo.daily.horoscopes,"ДЕВА Гороскоп на сегодня, завтра и на каждый день",Образ жизни,,,2026-07-29T18:37:06.125Z,https://www.rustore.ru/catalog/search?query=%D0%B3%D0%BE%D1%80%D0%BE%D1%81%D0%BA%D0%BE%D0%BF%20%D0%BD%D0%B0%20%D0%B7%D0%B0%D0%B2%D1%82%D1%80%D0%B0,https://www.rustore.ru/catalog/app/virgo.daily.horoscopes
гороскоп на завтра,497,9,com.Blogproger.Horoscope,Гороскоп на сегодня,Образ жизни,,,2026-07-29T18:37:06.125Z,https://www.rustore.ru/catalog/search?query=%D0%B3%D0%BE%D1%80%D0%BE%D1%81%D0%BA%D0%BE%D0%BF%20%D0%BD%D0%B0%20%D0%B7%D0%B0%D0%B2%D1%82%D1%80%D0%B0,https://www.rustore.ru/catalog/app/com.Blogproger.Horoscope
гороскоп на завтра,497,10,leo.daily.horoscopes,"ЛЕВ Гороскоп на сегодня, завтра и на каждый день",Образ жизни,,,2026-07-29T18:37:06.125Z,https://www.rustore.ru/catalog/search?query=%D0%B3%D0%BE%D1%80%D0%BE%D1%81%D0%BA%D0%BE%D0%BF%20%D0%BD%D0%B0%20%D0%B7%D0%B0%D0%B2%D1%82%D1%80%D0%B0,https://www.rustore.ru/catalog/app/leo.daily.horoscopes
гороскоп на завтра,497,11,aries.daily.horoscopes,"ОВЕН Гороскоп на сегодня, завтра и на каждый день",Образ жизни,,,2026-07-29T18:37:06.125Z,https://www.rustore.ru/catalog/search?query=%D0%B3%D0%BE%D1%80%D0%BE%D1%81%D0%BA%D0%BE%D0%BF%20%D0%BD%D0%B0%20%D0%B7%D0%B0%D0%B2%D1%82%D1%80%D0%B0,https://www.rustore.ru/catalog/app/aries.daily.horoscopes
гороскоп на завтра,497,12,scorpio.daily.horoscopes,"СКОРПИОН Гороскоп сегодня, завтра и на каждый день",Образ жизни,,,2026-07-29T18:37:06.125Z,https://www.rustore.ru/catalog/search?query=%D0%B3%D0%BE%D1%80%D0%BE%D1%81%D0%BA%D0%BE%D0%BF%20%D0%BD%D0%B0%20%D0%B7%D0%B0%D0%B2%D1%82%D1%80%D0%B0,https://www.rustore.ru/catalog/app/scorpio.daily.horoscopes
гороскоп на завтра,497,13,capricorn.daily.horoscopes,"КОЗЕРОГ Гороскоп сегодня, завтра и на каждый день",Образ жизни,,,2026-07-29T18:37:06.125Z,https://www.rustore.ru/catalog/search?query=%D0%B3%D0%BE%D1%80%D0%BE%D1%81%D0%BA%D0%BE%D0%BF%20%D0%BD%D0%B0%20%D0%B7%D0%B0%D0%B2%D1%82%D1%80%D0%B0,https://www.rustore.ru/catalog/app/capricorn.daily.horoscopes
гороскоп на завтра,497,14,gemini.daily.horoscopes,"БЛИЗНЕЦЫ Гороскоп сегодня, завтра и на каждый день",Образ жизни,,,2026-07-29T18:37:06.125Z,https://www.rustore.ru/catalog/search?query=%D0%B3%D0%BE%D1%80%D0%BE%D1%81%D0%BA%D0%BE%D0%BF%20%D0%BD%D0%B0%20%D0%B7%D0%B0%D0%B2%D1%82%D1%80%D0%B0,https://www.rustore.ru/catalog/app/gemini.daily.horoscopes
гороскоп на завтра,497,15,com.grupoprecedo.horoscope,Гороскоп,Образ жизни,,,2026-07-29T18:37:06.125Z,https://www.rustore.ru/catalog/search?query=%D0%B3%D0%BE%D1%80%D0%BE%D1%81%D0%BA%D0%BE%D0%BF%20%D0%BD%D0%B0%20%D0%B7%D0%B0%D0%B2%D1%82%D1%80%D0%B0,https://www.rustore.ru/catalog/app/com.grupoprecedo.horoscope
гороскоп на завтра,497,16,com.yodhaapp.dailyhoroscope,Yodha — Гороскоп,Образ жизни,,,2026-07-29T18:37:06.125Z,https://www.rustore.ru/catalog/search?query=%D0%B3%D0%BE%D1%80%D0%BE%D1%81%D0%BA%D0%BE%D0%BF%20%D0%BD%D0%B0%20%D0%B7%D0%B0%D0%B2%D1%82%D1%80%D0%B0,https://www.rustore.ru/catalog/app/com.yodhaapp.dailyhoroscope
гороскоп на завтра,497,17,com.P.E.O.AxioNika,"Гороскоп, Нумерология, Совместимость: ИИ AxioNika",Развлечения·Образ жизни,,,2026-07-29T18:37:06.125Z,https://www.rustore.ru/catalog/search?query=%D0%B3%D0%BE%D1%80%D0%BE%D1%81%D0%BA%D0%BE%D0%BF%20%D0%BD%D0%B0%20%D0%B7%D0%B0%D0%B2%D1%82%D1%80%D0%B0,https://www.rustore.ru/catalog/app/com.P.E.O.AxioNika
гороскоп на завтра,497,18,ru.rambler.horoscopes.twa,Рамблер/гороскопы,Образ жизни·Развлечения,,,2026-07-29T18:37:06.125Z,https://www.rustore.ru/catalog/search?query=%D0%B3%D0%BE%D1%80%D0%BE%D1%81%D0%BA%D0%BE%D0%BF%20%D0%BD%D0%B0%20%D0%B7%D0%B0%D0%B2%D1%82%D1%80%D0%B0,https://www.rustore.ru/catalog/app/ru.rambler.horoscopes.twa
гороскоп на завтра,497,19,com.Blogproger.Financial_horoscope,Финансовый гороскоп,Образ жизни,,,2026-07-29T18:37:06.125Z,https://www.rustore.ru/catalog/search?query=%D0%B3%D0%BE%D1%80%D0%BE%D1%81%D0%BA%D0%BE%D0%BF%20%D0%BD%D0%B0%20%D0%B7%D0%B0%D0%B2%D1%82%D1%80%D0%B0,https://www.rustore.ru/catalog/app/com.Blogproger.Financial_horoscope
гороскоп на завтра,497,20,com.yufi.horoscope,Юфик Гороскоп на каждый день 2026!,Образ жизни,,,2026-07-29T18:37:06.125Z,https://www.rustore.ru/catalog/search?query=%D0%B3%D0%BE%D1%80%D0%BE%D1%81%D0%BA%D0%BE%D0%BF%20%D0%BD%D0%B0%20%D0%B7%D0%B0%D0%B2%D1%82%D1%80%D0%B0,https://www.rustore.ru/catalog/app/com.yufi.horoscope
гороскоп на каждый день,493,1,com.pagestechnologies.zodiac,Гороскоп на каждый день,Образ жизни,,,2026-07-29T18:37:07.251Z,https://www.rustore.ru/catalog/search?query=%D0%B3%D0%BE%D1%80%D0%BE%D1%81%D0%BA%D0%BE%D0%BF%20%D0%BD%D0%B0%20%D0%BA%D0%B0%D0%B6%D0%B4%D1%8B%D0%B9%20%D0%B4%D0%B5%D0%BD%D1%8C,https://www.rustore.ru/catalog/app/com.pagestechnologies.zodiac
гороскоп на каждый день,493,2,com.foresko.horoscopes,Гороскоп на каждый день: Астрология & Гороскопы,Образ жизни,,,2026-07-29T18:37:07.251Z,https://www.rustore.ru/catalog/search?query=%D0%B3%D0%BE%D1%80%D0%BE%D1%81%D0%BA%D0%BE%D0%BF%20%D0%BD%D0%B0%20%D0%BA%D0%B0%D0%B6%D0%B4%D1%8B%D0%B9%20%D0%B4%D0%B5%D0%BD%D1%8C,https://www.rustore.ru/catalog/app/com.foresko.horoscopes
гороскоп на каждый день,493,3,ru.mail.horo.android,Гороскопы,Образ жизни,,,2026-07-29T18:37:07.251Z,https://www.rustore.ru/catalog/search?query=%D0%B3%D0%BE%D1%80%D0%BE%D1%81%D0%BA%D0%BE%D0%BF%20%D0%BD%D0%B0%20%D0%BA%D0%B0%D0%B6%D0%B4%D1%8B%D0%B9%20%D0%B4%D0%B5%D0%BD%D1%8C,https://www.rustore.ru/catalog/app/ru.mail.horo.android
гороскоп на каждый день,493,4,ru.smartbear.programs.horoscopenew,Гороскоп на каждый день 2026. По дате рождения,Образ жизни,,,2026-07-29T18:37:07.251Z,https://www.rustore.ru/catalog/search?query=%D0%B3%D0%BE%D1%80%D0%BE%D1%81%D0%BA%D0%BE%D0%BF%20%D0%BD%D0%B0%20%D0%BA%D0%B0%D0%B6%D0%B4%D1%8B%D0%B9%20%D0%B4%D0%B5%D0%BD%D1%8C,https://www.rustore.ru/catalog/app/ru.smartbear.programs.horoscopenew
гороскоп на каждый день,493,5,com.envgeniipopov.goroscopy_app,Гороскоп на каждый день,Образ жизни,,,2026-07-29T18:37:07.251Z,https://www.rustore.ru/catalog/search?query=%D0%B3%D0%BE%D1%80%D0%BE%D1%81%D0%BA%D0%BE%D0%BF%20%D0%BD%D0%B0%20%D0%BA%D0%B0%D0%B6%D0%B4%D1%8B%D0%B9%20%D0%B4%D0%B5%D0%BD%D1%8C,https://www.rustore.ru/catalog/app/com.envgeniipopov.goroscopy_app
гороскоп на каждый день,493,6,com.zylonix.horoscope,Гороскоп на каждый день - онлайн,Образ жизни,,,2026-07-29T18:37:07.251Z,https://www.rustore.ru/catalog/search?query=%D0%B3%D0%BE%D1%80%D0%BE%D1%81%D0%BA%D0%BE%D0%BF%20%D0%BD%D0%B0%20%D0%BA%D0%B0%D0%B6%D0%B4%D1%8B%D0%B9%20%D0%B4%D0%B5%D0%BD%D1%8C,https://www.rustore.ru/catalog/app/com.zylonix.horoscope
гороскоп на каждый день,493,7,ru.astreya.app,"Астрея: гороскоп, натальная карта, таро",Образ жизни,,,2026-07-29T18:37:07.251Z,https://www.rustore.ru/catalog/search?query=%D0%B3%D0%BE%D1%80%D0%BE%D1%81%D0%BA%D0%BE%D0%BF%20%D0%BD%D0%B0%20%D0%BA%D0%B0%D0%B6%D0%B4%D1%8B%D0%B9%20%D0%B4%D0%B5%D0%BD%D1%8C,https://www.rustore.ru/catalog/app/ru.astreya.app
гороскоп на каждый день,493,8,com.galactic_horoscope,Гороскоп | Гороскоп на каждый день | Нейрогороскоп,Развлечения·Образ жизни,,,2026-07-29T18:37:07.251Z,https://www.rustore.ru/catalog/search?query=%D0%B3%D0%BE%D1%80%D0%BE%D1%81%D0%BA%D0%BE%D0%BF%20%D0%BD%D0%B0%20%D0%BA%D0%B0%D0%B6%D0%B4%D1%8B%D0%B9%20%D0%B4%D0%B5%D0%BD%D1%8C,https://www.rustore.ru/catalog/app/com.galactic_horoscope
гороскоп на каждый день,493,9,ru.yufic.horoscoperu,Ежедневный гороскоп - Yufic,Образ жизни,,,2026-07-29T18:37:07.251Z,https://www.rustore.ru/catalog/search?query=%D0%B3%D0%BE%D1%80%D0%BE%D1%81%D0%BA%D0%BE%D0%BF%20%D0%BD%D0%B0%20%D0%BA%D0%B0%D0%B6%D0%B4%D1%8B%D0%B9%20%D0%B4%D0%B5%D0%BD%D1%8C,https://www.rustore.ru/catalog/app/ru.yufic.horoscoperu
гороскоп на каждый день,493,10,aquarius.daily.horoscopes,"ВОДОЛЕЙ Гороскоп на сегодня, завтра и каждый день",Образ жизни,,,2026-07-29T18:37:07.251Z,https://www.rustore.ru/catalog/search?query=%D0%B3%D0%BE%D1%80%D0%BE%D1%81%D0%BA%D0%BE%D0%BF%20%D0%BD%D0%B0%20%D0%BA%D0%B0%D0%B6%D0%B4%D1%8B%D0%B9%20%D0%B4%D0%B5%D0%BD%D1%8C,https://www.rustore.ru/catalog/app/aquarius.daily.horoscopes
гороскоп на каждый день,493,11,taurus.daily.horoscopes,"ТЕЛЕЦ Гороскоп на сегодня, завтра и на каждый день",Образ жизни·Развлечения,,,2026-07-29T18:37:07.251Z,https://www.rustore.ru/catalog/search?query=%D0%B3%D0%BE%D1%80%D0%BE%D1%81%D0%BA%D0%BE%D0%BF%20%D0%BD%D0%B0%20%D0%BA%D0%B0%D0%B6%D0%B4%D1%8B%D0%B9%20%D0%B4%D0%B5%D0%BD%D1%8C,https://www.rustore.ru/catalog/app/taurus.daily.horoscopes
гороскоп на каждый день,493,12,com.vagasoft.horoscope.signs,Гороскоп,Образ жизни,,,2026-07-29T18:37:07.251Z,https://www.rustore.ru/catalog/search?query=%D0%B3%D0%BE%D1%80%D0%BE%D1%81%D0%BA%D0%BE%D0%BF%20%D0%BD%D0%B0%20%D0%BA%D0%B0%D0%B6%D0%B4%D1%8B%D0%B9%20%D0%B4%D0%B5%D0%BD%D1%8C,https://www.rustore.ru/catalog/app/com.vagasoft.horoscope.signs
гороскоп на каждый день,493,13,virgo.daily.horoscopes,"ДЕВА Гороскоп на сегодня, завтра и на каждый день",Образ жизни,,,2026-07-29T18:37:07.251Z,https://www.rustore.ru/catalog/search?query=%D0%B3%D0%BE%D1%80%D0%BE%D1%81%D0%BA%D0%BE%D0%BF%20%D0%BD%D0%B0%20%D0%BA%D0%B0%D0%B6%D0%B4%D1%8B%D0%B9%20%D0%B4%D0%B5%D0%BD%D1%8C,https://www.rustore.ru/catalog/app/virgo.daily.horoscopes
гороскоп на каждый день,493,14,com.sopelus.horoscope,"Гороскопы бесплатно, натальная карта",Образ жизни,,,2026-07-29T18:37:07.251Z,https://www.rustore.ru/catalog/search?query=%D0%B3%D0%BE%D1%80%D0%BE%D1%81%D0%BA%D0%BE%D0%BF%20%D0%BD%D0%B0%20%D0%BA%D0%B0%D0%B6%D0%B4%D1%8B%D0%B9%20%D0%B4%D0%B5%D0%BD%D1%8C,https://www.rustore.ru/catalog/app/com.sopelus.horoscope
гороскоп на каждый день,493,15,cancer.daily.horoscopes,"РАК Гороскоп на сегодня, завтра и на каждый день",Образ жизни,,,2026-07-29T18:37:07.251Z,https://www.rustore.ru/catalog/search?query=%D0%B3%D0%BE%D1%80%D0%BE%D1%81%D0%BA%D0%BE%D0%BF%20%D0%BD%D0%B0%20%D0%BA%D0%B0%D0%B6%D0%B4%D1%8B%D0%B9%20%D0%B4%D0%B5%D0%BD%D1%8C,https://www.rustore.ru/catalog/app/cancer.daily.horoscopes
гороскоп на каждый день,493,16,com.special_algorithmic_systems.engm_personal,Астрокалендарь ENIGMATA. Ежедневный гороскоп,Полезные инструменты·Образ жизни,,,2026-07-29T18:37:07.251Z,https://www.rustore.ru/catalog/search?query=%D0%B3%D0%BE%D1%80%D0%BE%D1%81%D0%BA%D0%BE%D0%BF%20%D0%BD%D0%B0%20%D0%BA%D0%B0%D0%B6%D0%B4%D1%8B%D0%B9%20%D0%B4%D0%B5%D0%BD%D1%8C,https://www.rustore.ru/catalog/app/com.special_algorithmic_systems.engm_personal
гороскоп на каждый день,493,17,com.grupoprecedo.horoscope,Гороскоп,Образ жизни,,,2026-07-29T18:37:07.251Z,https://www.rustore.ru/catalog/search?query=%D0%B3%D0%BE%D1%80%D0%BE%D1%81%D0%BA%D0%BE%D0%BF%20%D0%BD%D0%B0%20%D0%BA%D0%B0%D0%B6%D0%B4%D1%8B%D0%B9%20%D0%B4%D0%B5%D0%BD%D1%8C,https://www.rustore.ru/catalog/app/com.grupoprecedo.horoscope
гороскоп на каждый день,493,18,leo.daily.horoscopes,"ЛЕВ Гороскоп на сегодня, завтра и на каждый день",Образ жизни,,,2026-07-29T18:37:07.251Z,https://www.rustore.ru/catalog/search?query=%D0%B3%D0%BE%D1%80%D0%BE%D1%81%D0%BA%D0%BE%D0%BF%20%D0%BD%D0%B0%20%D0%BA%D0%B0%D0%B6%D0%B4%D1%8B%D0%B9%20%D0%B4%D0%B5%D0%BD%D1%8C,https://www.rustore.ru/catalog/app/leo.daily.horoscopes
гороскоп на каждый день,493,19,net.kosev.scoping,Гороскоп,Образ жизни,,,2026-07-29T18:37:07.251Z,https://www.rustore.ru/catalog/search?query=%D0%B3%D0%BE%D1%80%D0%BE%D1%81%D0%BA%D0%BE%D0%BF%20%D0%BD%D0%B0%20%D0%BA%D0%B0%D0%B6%D0%B4%D1%8B%D0%B9%20%D0%B4%D0%B5%D0%BD%D1%8C,https://www.rustore.ru/catalog/app/net.kosev.scoping
гороскоп на каждый день,493,20,com.yufi.horoscope,Юфик Гороскоп на каждый день 2026!,Образ жизни,,,2026-07-29T18:37:07.251Z,https://www.rustore.ru/catalog/search?query=%D0%B3%D0%BE%D1%80%D0%BE%D1%81%D0%BA%D0%BE%D0%BF%20%D0%BD%D0%B0%20%D0%BA%D0%B0%D0%B6%D0%B4%D1%8B%D0%B9%20%D0%B4%D0%B5%D0%BD%D1%8C,https://www.rustore.ru/catalog/app/com.yufi.horoscope
ежедневный гороскоп,493,1,daily.horoscope.face,Ежедневный гороскоп,Образ жизни,,,2026-07-29T18:37:08.474Z,https://www.rustore.ru/catalog/search?query=%D0%B5%D0%B6%D0%B5%D0%B4%D0%BD%D0%B5%D0%B2%D0%BD%D1%8B%D0%B9%20%D0%B3%D0%BE%D1%80%D0%BE%D1%81%D0%BA%D0%BE%D0%BF,https://www.rustore.ru/catalog/app/daily.horoscope.face
ежедневный гороскоп,493,2,info.vazquezsoftware.daily.horoscope,Ежедневный гороскоп,Образ жизни,,,2026-07-29T18:37:08.474Z,https://www.rustore.ru/catalog/search?query=%D0%B5%D0%B6%D0%B5%D0%B4%D0%BD%D0%B5%D0%B2%D0%BD%D1%8B%D0%B9%20%D0%B3%D0%BE%D1%80%D0%BE%D1%81%D0%BA%D0%BE%D0%BF,https://www.rustore.ru/catalog/app/info.vazquezsoftware.daily.horoscope
ежедневный гороскоп,493,3,ru.yufic.horoscoperu,Ежедневный гороскоп - Yufic,Образ жизни,,,2026-07-29T18:37:08.474Z,https://www.rustore.ru/catalog/search?query=%D0%B5%D0%B6%D0%B5%D0%B4%D0%BD%D0%B5%D0%B2%D0%BD%D1%8B%D0%B9%20%D0%B3%D0%BE%D1%80%D0%BE%D1%81%D0%BA%D0%BE%D0%BF,https://www.rustore.ru/catalog/app/ru.yufic.horoscoperu
ежедневный гороскоп,493,4,kras.example.vhoroscope,Гороскоп (ежедневный),Образ жизни,,,2026-07-29T18:37:08.474Z,https://www.rustore.ru/catalog/search?query=%D0%B5%D0%B6%D0%B5%D0%B4%D0%BD%D0%B5%D0%B2%D0%BD%D1%8B%D0%B9%20%D0%B3%D0%BE%D1%80%D0%BE%D1%81%D0%BA%D0%BE%D0%BF,https://www.rustore.ru/catalog/app/kras.example.vhoroscope
ежедневный гороскоп,493,5,com.horoscope.daily,Ежедневный гороскоп — знаки зодиака,Развлечения,,,2026-07-29T18:37:08.474Z,https://www.rustore.ru/catalog/search?query=%D0%B5%D0%B6%D0%B5%D0%B4%D0%BD%D0%B5%D0%B2%D0%BD%D1%8B%D0%B9%20%D0%B3%D0%BE%D1%80%D0%BE%D1%81%D0%BA%D0%BE%D0%BF,https://www.rustore.ru/catalog/app/com.horoscope.daily
ежедневный гороскоп,493,6,com.idmobile.horoscopepremium,Мой ежедневный гороскоп PRO,Развлечения,,,2026-07-29T18:37:08.474Z,https://www.rustore.ru/catalog/search?query=%D0%B5%D0%B6%D0%B5%D0%B4%D0%BD%D0%B5%D0%B2%D0%BD%D1%8B%D0%B9%20%D0%B3%D0%BE%D1%80%D0%BE%D1%81%D0%BA%D0%BE%D0%BF,https://www.rustore.ru/catalog/app/com.idmobile.horoscopepremium
ежедневный гороскоп,493,7,tr.com.pher.horoscope,Ежедневные гороскопы,Образ жизни,,,2026-07-29T18:37:08.474Z,https://www.rustore.ru/catalog/search?query=%D0%B5%D0%B6%D0%B5%D0%B4%D0%BD%D0%B5%D0%B2%D0%BD%D1%8B%D0%B9%20%D0%B3%D0%BE%D1%80%D0%BE%D1%81%D0%BA%D0%BE%D0%BF,https://www.rustore.ru/catalog/app/tr.com.pher.horoscope
ежедневный гороскоп,493,8,net.kosev.scoping,Гороскоп,Образ жизни,,,2026-07-29T18:37:08.474Z,https://www.rustore.ru/catalog/search?query=%D0%B5%D0%B6%D0%B5%D0%B4%D0%BD%D0%B5%D0%B2%D0%BD%D1%8B%D0%B9%20%D0%B3%D0%BE%D1%80%D0%BE%D1%81%D0%BA%D0%BE%D0%BF,https://www.rustore.ru/catalog/app/net.kosev.scoping
ежедневный гороскоп,493,9,com.vagasoft.horoscope.signs,Гороскоп,Образ жизни,,,2026-07-29T18:37:08.474Z,https://www.rustore.ru/catalog/search?query=%D0%B5%D0%B6%D0%B5%D0%B4%D0%BD%D0%B5%D0%B2%D0%BD%D1%8B%D0%B9%20%D0%B3%D0%BE%D1%80%D0%BE%D1%81%D0%BA%D0%BE%D0%BF,https://www.rustore.ru/catalog/app/com.vagasoft.horoscope.signs
ежедневный гороскоп,493,10,com.IVR.tuhoroscopodiario,Tu Horóscopo Diario: Ваш ежедневный гороскоп,Образ жизни,,,2026-07-29T18:37:08.474Z,https://www.rustore.ru/catalog/search?query=%D0%B5%D0%B6%D0%B5%D0%B4%D0%BD%D0%B5%D0%B2%D0%BD%D1%8B%D0%B9%20%D0%B3%D0%BE%D1%80%D0%BE%D1%81%D0%BA%D0%BE%D0%BF,https://www.rustore.ru/catalog/app/com.IVR.tuhoroscopodiario
ежедневный гороскоп,493,11,com.special_algorithmic_systems.engm_personal,Астрокалендарь ENIGMATA. Ежедневный гороскоп,Полезные инструменты·Образ жизни,,,2026-07-29T18:37:08.474Z,https://www.rustore.ru/catalog/search?query=%D0%B5%D0%B6%D0%B5%D0%B4%D0%BD%D0%B5%D0%B2%D0%BD%D1%8B%D0%B9%20%D0%B3%D0%BE%D1%80%D0%BE%D1%81%D0%BA%D0%BE%D0%BF,https://www.rustore.ru/catalog/app/com.special_algorithmic_systems.engm_personal
ежедневный гороскоп,493,12,potencialmenteinteresante.personaldailyhoroscope,Eжедневный гороскоп,Образ жизни,,,2026-07-29T18:37:08.474Z,https://www.rustore.ru/catalog/search?query=%D0%B5%D0%B6%D0%B5%D0%B4%D0%BD%D0%B5%D0%B2%D0%BD%D1%8B%D0%B9%20%D0%B3%D0%BE%D1%80%D0%BE%D1%81%D0%BA%D0%BE%D0%BF,https://www.rustore.ru/catalog/app/potencialmenteinteresante.personaldailyhoroscope
ежедневный гороскоп,493,13,com.zylonix.horoscope,Гороскоп на каждый день - онлайн,Образ жизни,,,2026-07-29T18:37:08.474Z,https://www.rustore.ru/catalog/search?query=%D0%B5%D0%B6%D0%B5%D0%B4%D0%BD%D0%B5%D0%B2%D0%BD%D1%8B%D0%B9%20%D0%B3%D0%BE%D1%80%D0%BE%D1%81%D0%BA%D0%BE%D0%BF,https://www.rustore.ru/catalog/app/com.zylonix.horoscope
ежедневный гороскоп,493,14,ru.mail.horo.android,Гороскопы,Образ жизни,,,2026-07-29T18:37:08.474Z,https://www.rustore.ru/catalog/search?query=%D0%B5%D0%B6%D0%B5%D0%B4%D0%BD%D0%B5%D0%B2%D0%BD%D1%8B%D0%B9%20%D0%B3%D0%BE%D1%80%D0%BE%D1%81%D0%BA%D0%BE%D0%BF,https://www.rustore.ru/catalog/app/ru.mail.horo.android
ежедневный гороскоп,493,15,com.daerhou.constellation,Гороскоп,Образ жизни,,,2026-07-29T18:37:08.474Z,https://www.rustore.ru/catalog/search?query=%D0%B5%D0%B6%D0%B5%D0%B4%D0%BD%D0%B5%D0%B2%D0%BD%D1%8B%D0%B9%20%D0%B3%D0%BE%D1%80%D0%BE%D1%81%D0%BA%D0%BE%D0%BF,https://www.rustore.ru/catalog/app/com.daerhou.constellation
ежедневный гороскоп,493,16,com.pagestechnologies.zodiac,Гороскоп на каждый день,Образ жизни,,,2026-07-29T18:37:08.474Z,https://www.rustore.ru/catalog/search?query=%D0%B5%D0%B6%D0%B5%D0%B4%D0%BD%D0%B5%D0%B2%D0%BD%D1%8B%D0%B9%20%D0%B3%D0%BE%D1%80%D0%BE%D1%81%D0%BA%D0%BE%D0%BF,https://www.rustore.ru/catalog/app/com.pagestechnologies.zodiac
ежедневный гороскоп,493,17,com.user75.numerology2,Numia: Гороскоп и астрология,Образ жизни,,,2026-07-29T18:37:08.474Z,https://www.rustore.ru/catalog/search?query=%D0%B5%D0%B6%D0%B5%D0%B4%D0%BD%D0%B5%D0%B2%D0%BD%D1%8B%D0%B9%20%D0%B3%D0%BE%D1%80%D0%BE%D1%81%D0%BA%D0%BE%D0%BF,https://www.rustore.ru/catalog/app/com.user75.numerology2
ежедневный гороскоп,493,18,com.HoroscopoDiario,Daily horoscope,Образ жизни,,,2026-07-29T18:37:08.474Z,https://www.rustore.ru/catalog/search?query=%D0%B5%D0%B6%D0%B5%D0%B4%D0%BD%D0%B5%D0%B2%D0%BD%D1%8B%D0%B9%20%D0%B3%D0%BE%D1%80%D0%BE%D1%81%D0%BA%D0%BE%D0%BF,https://www.rustore.ru/catalog/app/com.HoroscopoDiario
ежедневный гороскоп,493,19,com.SoftMotion.Magiccards,Гороскоп и Карта дня,Образ жизни·Развлечения,,,2026-07-29T18:37:08.474Z,https://www.rustore.ru/catalog/search?query=%D0%B5%D0%B6%D0%B5%D0%B4%D0%BD%D0%B5%D0%B2%D0%BD%D1%8B%D0%B9%20%D0%B3%D0%BE%D1%80%D0%BE%D1%81%D0%BA%D0%BE%D0%BF,https://www.rustore.ru/catalog/app/com.SoftMotion.Magiccards
ежедневный гороскоп,493,20,com.example.horoscope_app,Гороскоп Июль 2026,Образ жизни,,,2026-07-29T18:37:08.474Z,https://www.rustore.ru/catalog/search?query=%D0%B5%D0%B6%D0%B5%D0%B4%D0%BD%D0%B5%D0%B2%D0%BD%D1%8B%D0%B9%20%D0%B3%D0%BE%D1%80%D0%BE%D1%81%D0%BA%D0%BE%D0%BF,https://www.rustore.ru/catalog/app/com.example.horoscope_app
персональный гороскоп,494,1,com.example.flutter_horoscope,Персональный гороскоп,Образ жизни,,,2026-07-29T18:37:09.530Z,https://www.rustore.ru/catalog/search?query=%D0%BF%D0%B5%D1%80%D1%81%D0%BE%D0%BD%D0%B0%D0%BB%D1%8C%D0%BD%D1%8B%D0%B9%20%D0%B3%D0%BE%D1%80%D0%BE%D1%81%D0%BA%D0%BE%D0%BF,https://www.rustore.ru/catalog/app/com.example.flutter_horoscope
персональный гороскоп,494,2,ru.astreya.app,"Астрея: гороскоп, натальная карта, таро",Образ жизни,,,2026-07-29T18:37:09.530Z,https://www.rustore.ru/catalog/search?query=%D0%BF%D0%B5%D1%80%D1%81%D0%BE%D0%BD%D0%B0%D0%BB%D1%8C%D0%BD%D1%8B%D0%B9%20%D0%B3%D0%BE%D1%80%D0%BE%D1%81%D0%BA%D0%BE%D0%BF,https://www.rustore.ru/catalog/app/ru.astreya.app
персональный гороскоп,494,3,com.niami.niami_horoscope,"Гороскоп Niami: личный гороскоп, анализ и прогноз",Образ жизни·Развлечения,,,2026-07-29T18:37:09.530Z,https://www.rustore.ru/catalog/search?query=%D0%BF%D0%B5%D1%80%D1%81%D0%BE%D0%BD%D0%B0%D0%BB%D1%8C%D0%BD%D1%8B%D0%B9%20%D0%B3%D0%BE%D1%80%D0%BE%D1%81%D0%BA%D0%BE%D0%BF,https://www.rustore.ru/catalog/app/com.niami.niami_horoscope
персональный гороскоп,494,4,ru.smartbear.programs.horoscopenew,Гороскоп на каждый день 2026. По дате рождения,Образ жизни,,,2026-07-29T18:37:09.530Z,https://www.rustore.ru/catalog/search?query=%D0%BF%D0%B5%D1%80%D1%81%D0%BE%D0%BD%D0%B0%D0%BB%D1%8C%D0%BD%D1%8B%D0%B9%20%D0%B3%D0%BE%D1%80%D0%BE%D1%81%D0%BA%D0%BE%D0%BF,https://www.rustore.ru/catalog/app/ru.smartbear.programs.horoscopenew
персональный гороскоп,494,5,com.astropersona,AstroPersona — твой гороскоп и натальная карта,Образ жизни,,,2026-07-29T18:37:09.530Z,https://www.rustore.ru/catalog/search?query=%D0%BF%D0%B5%D1%80%D1%81%D0%BE%D0%BD%D0%B0%D0%BB%D1%8C%D0%BD%D1%8B%D0%B9%20%D0%B3%D0%BE%D1%80%D0%BE%D1%81%D0%BA%D0%BE%D0%BF,https://www.rustore.ru/catalog/app/com.astropersona
персональный гороскоп,494,6,com.P.E.O.AxioNika,"Гороскоп, Нумерология, Совместимость: ИИ AxioNika",Развлечения·Образ жизни,,,2026-07-29T18:37:09.530Z,https://www.rustore.ru/catalog/search?query=%D0%BF%D0%B5%D1%80%D1%81%D0%BE%D0%BD%D0%B0%D0%BB%D1%8C%D0%BD%D1%8B%D0%B9%20%D0%B3%D0%BE%D1%80%D0%BE%D1%81%D0%BA%D0%BE%D0%BF,https://www.rustore.ru/catalog/app/com.P.E.O.AxioNika
персональный гороскоп,494,7,ua.maksdenis.timeofbirth,Гороскоп Рождения,Образ жизни,,,2026-07-29T18:37:09.530Z,https://www.rustore.ru/catalog/search?query=%D0%BF%D0%B5%D1%80%D1%81%D0%BE%D0%BD%D0%B0%D0%BB%D1%8C%D0%BD%D1%8B%D0%B9%20%D0%B3%D0%BE%D1%80%D0%BE%D1%81%D0%BA%D0%BE%D0%BF,https://www.rustore.ru/catalog/app/ua.maksdenis.timeofbirth
персональный гороскоп,494,8,com.zylonix.horoscope,Гороскоп на каждый день - онлайн,Образ жизни,,,2026-07-29T18:37:09.530Z,https://www.rustore.ru/catalog/search?query=%D0%BF%D0%B5%D1%80%D1%81%D0%BE%D0%BD%D0%B0%D0%BB%D1%8C%D0%BD%D1%8B%D0%B9%20%D0%B3%D0%BE%D1%80%D0%BE%D1%81%D0%BA%D0%BE%D0%BF,https://www.rustore.ru/catalog/app/com.zylonix.horoscope
персональный гороскоп,494,9,com.aiastrologer.app,"AI-Астролог, Таро, Астрология, Гороскоп, Астробот",Образ жизни,,,2026-07-29T18:37:09.530Z,https://www.rustore.ru/catalog/search?query=%D0%BF%D0%B5%D1%80%D1%81%D0%BE%D0%BD%D0%B0%D0%BB%D1%8C%D0%BD%D1%8B%D0%B9%20%D0%B3%D0%BE%D1%80%D0%BE%D1%81%D0%BA%D0%BE%D0%BF,https://www.rustore.ru/catalog/app/com.aiastrologer.app
персональный гороскоп,494,10,calendar.good.day,Гороскоп и лунный календарь Norbu,Образ жизни,,,2026-07-29T18:37:09.530Z,https://www.rustore.ru/catalog/search?query=%D0%BF%D0%B5%D1%80%D1%81%D0%BE%D0%BD%D0%B0%D0%BB%D1%8C%D0%BD%D1%8B%D0%B9%20%D0%B3%D0%BE%D1%80%D0%BE%D1%81%D0%BA%D0%BE%D0%BF,https://www.rustore.ru/catalog/app/calendar.good.day
персональный гороскоп,494,11,com.velstar,Velstar: гороскоп и карты таро,Образ жизни,,,2026-07-29T18:37:09.530Z,https://www.rustore.ru/catalog/search?query=%D0%BF%D0%B5%D1%80%D1%81%D0%BE%D0%BD%D0%B0%D0%BB%D1%8C%D0%BD%D1%8B%D0%B9%20%D0%B3%D0%BE%D1%80%D0%BE%D1%81%D0%BA%D0%BE%D0%BF,https://www.rustore.ru/catalog/app/com.velstar
персональный гороскоп,494,12,com.sopelus.horoscope,"Гороскопы бесплатно, натальная карта",Образ жизни,,,2026-07-29T18:37:09.530Z,https://www.rustore.ru/catalog/search?query=%D0%BF%D0%B5%D1%80%D1%81%D0%BE%D0%BD%D0%B0%D0%BB%D1%8C%D0%BD%D1%8B%D0%B9%20%D0%B3%D0%BE%D1%80%D0%BE%D1%81%D0%BA%D0%BE%D0%BF,https://www.rustore.ru/catalog/app/com.sopelus.horoscope
персональный гороскоп,494,13,com.matricasudbu.app.astro,Натальная карта. Астрология. Матрица Судьбы,Образ жизни·Развлечения,,,2026-07-29T18:37:09.530Z,https://www.rustore.ru/catalog/search?query=%D0%BF%D0%B5%D1%80%D1%81%D0%BE%D0%BD%D0%B0%D0%BB%D1%8C%D0%BD%D1%8B%D0%B9%20%D0%B3%D0%BE%D1%80%D0%BE%D1%81%D0%BA%D0%BE%D0%BF,https://www.rustore.ru/catalog/app/com.matricasudbu.app.astro
персональный гороскоп,494,14,com.horoscope.horoscope_app,Мой Гороскоп,Развлечения,,,2026-07-29T18:37:09.530Z,https://www.rustore.ru/catalog/search?query=%D0%BF%D0%B5%D1%80%D1%81%D0%BE%D0%BD%D0%B0%D0%BB%D1%8C%D0%BD%D1%8B%D0%B9%20%D0%B3%D0%BE%D1%80%D0%BE%D1%81%D0%BA%D0%BE%D0%BF,https://www.rustore.ru/catalog/app/com.horoscope.horoscope_app
персональный гороскоп,494,15,com.apm2studio.horoscope,Astronym - Личный гороскоп,Образ жизни,,,2026-07-29T18:37:09.530Z,https://www.rustore.ru/catalog/search?query=%D0%BF%D0%B5%D1%80%D1%81%D0%BE%D0%BD%D0%B0%D0%BB%D1%8C%D0%BD%D1%8B%D0%B9%20%D0%B3%D0%BE%D1%80%D0%BE%D1%81%D0%BA%D0%BE%D0%BF,https://www.rustore.ru/catalog/app/com.apm2studio.horoscope
персональный гороскоп,494,16,com.vagasoft.horoscope.signs,Гороскоп,Образ жизни,,,2026-07-29T18:37:09.530Z,https://www.rustore.ru/catalog/search?query=%D0%BF%D0%B5%D1%80%D1%81%D0%BE%D0%BD%D0%B0%D0%BB%D1%8C%D0%BD%D1%8B%D0%B9%20%D0%B3%D0%BE%D1%80%D0%BE%D1%81%D0%BA%D0%BE%D0%BF,https://www.rustore.ru/catalog/app/com.vagasoft.horoscope.signs
персональный гороскоп,494,17,com.cinfer.horoscope_app,Hella,Образ жизни,,,2026-07-29T18:37:09.530Z,https://www.rustore.ru/catalog/search?query=%D0%BF%D0%B5%D1%80%D1%81%D0%BE%D0%BD%D0%B0%D0%BB%D1%8C%D0%BD%D1%8B%D0%B9%20%D0%B3%D0%BE%D1%80%D0%BE%D1%81%D0%BA%D0%BE%D0%BF,https://www.rustore.ru/catalog/app/com.cinfer.horoscope_app
персональный гороскоп,494,18,ru.astrelle.app,Astrelle — персональный ИИ-астролог,Образ жизни,,,2026-07-29T18:37:09.530Z,https://www.rustore.ru/catalog/search?query=%D0%BF%D0%B5%D1%80%D1%81%D0%BE%D0%BD%D0%B0%D0%BB%D1%8C%D0%BD%D1%8B%D0%B9%20%D0%B3%D0%BE%D1%80%D0%BE%D1%81%D0%BA%D0%BE%D0%BF,https://www.rustore.ru/catalog/app/ru.astrelle.app
персональный гороскоп,494,19,com.user75.numerology2,Numia: Гороскоп и астрология,Образ жизни,,,2026-07-29T18:37:09.530Z,https://www.rustore.ru/catalog/search?query=%D0%BF%D0%B5%D1%80%D1%81%D0%BE%D0%BD%D0%B0%D0%BB%D1%8C%D0%BD%D1%8B%D0%B9%20%D0%B3%D0%BE%D1%80%D0%BE%D1%81%D0%BA%D0%BE%D0%BF,https://www.rustore.ru/catalog/app/com.user75.numerology2
персональный гороскоп,494,20,ru.astrolloai.app,Astrollo AI — натальная карта и гороскопы,Образ жизни,,,2026-07-29T18:37:09.530Z,https://www.rustore.ru/catalog/search?query=%D0%BF%D0%B5%D1%80%D1%81%D0%BE%D0%BD%D0%B0%D0%BB%D1%8C%D0%BD%D1%8B%D0%B9%20%D0%B3%D0%BE%D1%80%D0%BE%D1%81%D0%BA%D0%BE%D0%BF,https://www.rustore.ru/catalog/app/ru.astrolloai.app
личный гороскоп,494,1,com.example.flutter_horoscope,Персональный гороскоп,Образ жизни,,,2026-07-29T18:37:11.260Z,https://www.rustore.ru/catalog/search?query=%D0%BB%D0%B8%D1%87%D0%BD%D1%8B%D0%B9%20%D0%B3%D0%BE%D1%80%D0%BE%D1%81%D0%BA%D0%BE%D0%BF,https://www.rustore.ru/catalog/app/com.example.flutter_horoscope
личный гороскоп,494,2,com.apm2studio.horoscope,Astronym - Личный гороскоп,Образ жизни,,,2026-07-29T18:37:11.260Z,https://www.rustore.ru/catalog/search?query=%D0%BB%D0%B8%D1%87%D0%BD%D1%8B%D0%B9%20%D0%B3%D0%BE%D1%80%D0%BE%D1%81%D0%BA%D0%BE%D0%BF,https://www.rustore.ru/catalog/app/com.apm2studio.horoscope
личный гороскоп,494,3,com.niami.niami_horoscope,"Гороскоп Niami: личный гороскоп, анализ и прогноз",Образ жизни·Развлечения,,,2026-07-29T18:37:11.260Z,https://www.rustore.ru/catalog/search?query=%D0%BB%D0%B8%D1%87%D0%BD%D1%8B%D0%B9%20%D0%B3%D0%BE%D1%80%D0%BE%D1%81%D0%BA%D0%BE%D0%BF,https://www.rustore.ru/catalog/app/com.niami.niami_horoscope
личный гороскоп,494,4,com.aiastrologer.app,"AI-Астролог, Таро, Астрология, Гороскоп, Астробот",Образ жизни,,,2026-07-29T18:37:11.260Z,https://www.rustore.ru/catalog/search?query=%D0%BB%D0%B8%D1%87%D0%BD%D1%8B%D0%B9%20%D0%B3%D0%BE%D1%80%D0%BE%D1%81%D0%BA%D0%BE%D0%BF,https://www.rustore.ru/catalog/app/com.aiastrologer.app
личный гороскоп,494,5,ru.mail.horo.android,Гороскопы,Образ жизни,,,2026-07-29T18:37:11.260Z,https://www.rustore.ru/catalog/search?query=%D0%BB%D0%B8%D1%87%D0%BD%D1%8B%D0%B9%20%D0%B3%D0%BE%D1%80%D0%BE%D1%81%D0%BA%D0%BE%D0%BF,https://www.rustore.ru/catalog/app/ru.mail.horo.android
личный гороскоп,494,6,com.vagasoft.horoscope.signs,Гороскоп,Образ жизни,,,2026-07-29T18:37:11.260Z,https://www.rustore.ru/catalog/search?query=%D0%BB%D0%B8%D1%87%D0%BD%D1%8B%D0%B9%20%D0%B3%D0%BE%D1%80%D0%BE%D1%81%D0%BA%D0%BE%D0%BF,https://www.rustore.ru/catalog/app/com.vagasoft.horoscope.signs
личный гороскоп,494,7,com.P.E.O.AxioNika,"Гороскоп, Нумерология, Совместимость: ИИ AxioNika",Развлечения·Образ жизни,,,2026-07-29T18:37:11.260Z,https://www.rustore.ru/catalog/search?query=%D0%BB%D0%B8%D1%87%D0%BD%D1%8B%D0%B9%20%D0%B3%D0%BE%D1%80%D0%BE%D1%81%D0%BA%D0%BE%D0%BF,https://www.rustore.ru/catalog/app/com.P.E.O.AxioNika
личный гороскоп,494,8,ru.astreya.app,"Астрея: гороскоп, натальная карта, таро",Образ жизни,,,2026-07-29T18:37:11.260Z,https://www.rustore.ru/catalog/search?query=%D0%BB%D0%B8%D1%87%D0%BD%D1%8B%D0%B9%20%D0%B3%D0%BE%D1%80%D0%BE%D1%81%D0%BA%D0%BE%D0%BF,https://www.rustore.ru/catalog/app/ru.astreya.app
личный гороскоп,494,9,com.astropersona,AstroPersona — твой гороскоп и натальная карта,Образ жизни,,,2026-07-29T18:37:11.260Z,https://www.rustore.ru/catalog/search?query=%D0%BB%D0%B8%D1%87%D0%BD%D1%8B%D0%B9%20%D0%B3%D0%BE%D1%80%D0%BE%D1%81%D0%BA%D0%BE%D0%BF,https://www.rustore.ru/catalog/app/com.astropersona
личный гороскоп,494,10,calendar.good.day,Гороскоп и лунный календарь Norbu,Образ жизни,,,2026-07-29T18:37:11.260Z,https://www.rustore.ru/catalog/search?query=%D0%BB%D0%B8%D1%87%D0%BD%D1%8B%D0%B9%20%D0%B3%D0%BE%D1%80%D0%BE%D1%81%D0%BA%D0%BE%D0%BF,https://www.rustore.ru/catalog/app/calendar.good.day
личный гороскоп,494,11,ru.smartbear.programs.horoscopenew,Гороскоп на каждый день 2026. По дате рождения,Образ жизни,,,2026-07-29T18:37:11.260Z,https://www.rustore.ru/catalog/search?query=%D0%BB%D0%B8%D1%87%D0%BD%D1%8B%D0%B9%20%D0%B3%D0%BE%D1%80%D0%BE%D1%81%D0%BA%D0%BE%D0%BF,https://www.rustore.ru/catalog/app/ru.smartbear.programs.horoscopenew
личный гороскоп,494,12,com.sopelus.horoscope,"Гороскопы бесплатно, натальная карта",Образ жизни,,,2026-07-29T18:37:11.260Z,https://www.rustore.ru/catalog/search?query=%D0%BB%D0%B8%D1%87%D0%BD%D1%8B%D0%B9%20%D0%B3%D0%BE%D1%80%D0%BE%D1%81%D0%BA%D0%BE%D0%BF,https://www.rustore.ru/catalog/app/com.sopelus.horoscope
личный гороскоп,494,13,ru.astrolloai.app,Astrollo AI — натальная карта и гороскопы,Образ жизни,,,2026-07-29T18:37:11.260Z,https://www.rustore.ru/catalog/search?query=%D0%BB%D0%B8%D1%87%D0%BD%D1%8B%D0%B9%20%D0%B3%D0%BE%D1%80%D0%BE%D1%81%D0%BA%D0%BE%D0%BF,https://www.rustore.ru/catalog/app/ru.astrolloai.app
личный гороскоп,494,14,ru.mynatalchart.app,Натальная карта рассчитать с расшифровкой онлайн,Образ жизни,,,2026-07-29T18:37:11.260Z,https://www.rustore.ru/catalog/search?query=%D0%BB%D0%B8%D1%87%D0%BD%D1%8B%D0%B9%20%D0%B3%D0%BE%D1%80%D0%BE%D1%81%D0%BA%D0%BE%D0%BF,https://www.rustore.ru/catalog/app/ru.mynatalchart.app
личный гороскоп,494,15,ru.rambler.horoscopes.twa,Рамблер/гороскопы,Образ жизни·Развлечения,,,2026-07-29T18:37:11.260Z,https://www.rustore.ru/catalog/search?query=%D0%BB%D0%B8%D1%87%D0%BD%D1%8B%D0%B9%20%D0%B3%D0%BE%D1%80%D0%BE%D1%81%D0%BA%D0%BE%D0%BF,https://www.rustore.ru/catalog/app/ru.rambler.horoscopes.twa
личный гороскоп,494,16,com.zylonix.horoscope,Гороскоп на каждый день - онлайн,Образ жизни,,,2026-07-29T18:37:11.260Z,https://www.rustore.ru/catalog/search?query=%D0%BB%D0%B8%D1%87%D0%BD%D1%8B%D0%B9%20%D0%B3%D0%BE%D1%80%D0%BE%D1%81%D0%BA%D0%BE%D0%BF,https://www.rustore.ru/catalog/app/com.zylonix.horoscope
личный гороскоп,494,17,com.Goriskop,Гороскоп,Образ жизни,,,2026-07-29T18:37:11.260Z,https://www.rustore.ru/catalog/search?query=%D0%BB%D0%B8%D1%87%D0%BD%D1%8B%D0%B9%20%D0%B3%D0%BE%D1%80%D0%BE%D1%81%D0%BA%D0%BE%D0%BF,https://www.rustore.ru/catalog/app/com.Goriskop
личный гороскоп,494,18,com.foresko.dreambook,"Luna AI Сонник, Гороскоп, Дневник Cнов, Тoлкование",Образ жизни,,,2026-07-29T18:37:11.260Z,https://www.rustore.ru/catalog/search?query=%D0%BB%D0%B8%D1%87%D0%BD%D1%8B%D0%B9%20%D0%B3%D0%BE%D1%80%D0%BE%D1%81%D0%BA%D0%BE%D0%BF,https://www.rustore.ru/catalog/app/com.foresko.dreambook
личный гороскоп,494,19,com.idmobile.horoscopepremium,Мой ежедневный гороскоп PRO,Развлечения,,,2026-07-29T18:37:11.260Z,https://www.rustore.ru/catalog/search?query=%D0%BB%D0%B8%D1%87%D0%BD%D1%8B%D0%B9%20%D0%B3%D0%BE%D1%80%D0%BE%D1%81%D0%BA%D0%BE%D0%BF,https://www.rustore.ru/catalog/app/com.idmobile.horoscopepremium
личный гороскоп,494,20,com.horoscope.mydailyhoroscope.mydailyhoroscope,Мой Гороскоп,Образ жизни,,,2026-07-29T18:37:11.260Z,https://www.rustore.ru/catalog/search?query=%D0%BB%D0%B8%D1%87%D0%BD%D1%8B%D0%B9%20%D0%B3%D0%BE%D1%80%D0%BE%D1%81%D0%BA%D0%BE%D0%BF,https://www.rustore.ru/catalog/app/com.horoscope.mydailyhoroscope.mydailyhoroscope
точный гороскоп,495,1,ru.allastro.lab,Allastro: все ответы здесь.,Образ жизни,,,2026-07-29T18:37:12.346Z,https://www.rustore.ru/catalog/search?query=%D1%82%D0%BE%D1%87%D0%BD%D1%8B%D0%B9%20%D0%B3%D0%BE%D1%80%D0%BE%D1%81%D0%BA%D0%BE%D0%BF,https://www.rustore.ru/catalog/app/ru.allastro.lab
точный гороскоп,495,2,com.foresko.horoscopes,Гороскоп на каждый день: Астрология & Гороскопы,Образ жизни,,,2026-07-29T18:37:12.346Z,https://www.rustore.ru/catalog/search?query=%D1%82%D0%BE%D1%87%D0%BD%D1%8B%D0%B9%20%D0%B3%D0%BE%D1%80%D0%BE%D1%81%D0%BA%D0%BE%D0%BF,https://www.rustore.ru/catalog/app/com.foresko.horoscopes
точный гороскоп,495,3,ru.smartbear.programs.horoscopenew,Гороскоп на каждый день 2026. По дате рождения,Образ жизни,,,2026-07-29T18:37:12.346Z,https://www.rustore.ru/catalog/search?query=%D1%82%D0%BE%D1%87%D0%BD%D1%8B%D0%B9%20%D0%B3%D0%BE%D1%80%D0%BE%D1%81%D0%BA%D0%BE%D0%BF,https://www.rustore.ru/catalog/app/ru.smartbear.programs.horoscopenew
точный гороскоп,495,4,ru.mail.horo.android,Гороскопы,Образ жизни,,,2026-07-29T18:37:12.346Z,https://www.rustore.ru/catalog/search?query=%D1%82%D0%BE%D1%87%D0%BD%D1%8B%D0%B9%20%D0%B3%D0%BE%D1%80%D0%BE%D1%81%D0%BA%D0%BE%D0%BF,https://www.rustore.ru/catalog/app/ru.mail.horo.android
точный гороскоп,495,5,com.sopelus.horoscope,"Гороскопы бесплатно, натальная карта",Образ жизни,,,2026-07-29T18:37:12.346Z,https://www.rustore.ru/catalog/search?query=%D1%82%D0%BE%D1%87%D0%BD%D1%8B%D0%B9%20%D0%B3%D0%BE%D1%80%D0%BE%D1%81%D0%BA%D0%BE%D0%BF,https://www.rustore.ru/catalog/app/com.sopelus.horoscope
точный гороскоп,495,6,ru.yufic.horoscoperu,Ежедневный гороскоп - Yufic,Образ жизни,,,2026-07-29T18:37:12.346Z,https://www.rustore.ru/catalog/search?query=%D1%82%D0%BE%D1%87%D0%BD%D1%8B%D0%B9%20%D0%B3%D0%BE%D1%80%D0%BE%D1%81%D0%BA%D0%BE%D0%BF,https://www.rustore.ru/catalog/app/ru.yufic.horoscoperu
точный гороскоп,495,7,calendar.good.day,Гороскоп и лунный календарь Norbu,Образ жизни,,,2026-07-29T18:37:12.346Z,https://www.rustore.ru/catalog/search?query=%D1%82%D0%BE%D1%87%D0%BD%D1%8B%D0%B9%20%D0%B3%D0%BE%D1%80%D0%BE%D1%81%D0%BA%D0%BE%D0%BF,https://www.rustore.ru/catalog/app/calendar.good.day
точный гороскоп,495,8,com.user75.numerology2,Numia: Гороскоп и астрология,Образ жизни,,,2026-07-29T18:37:12.346Z,https://www.rustore.ru/catalog/search?query=%D1%82%D0%BE%D1%87%D0%BD%D1%8B%D0%B9%20%D0%B3%D0%BE%D1%80%D0%BE%D1%81%D0%BA%D0%BE%D0%BF,https://www.rustore.ru/catalog/app/com.user75.numerology2
точный гороскоп,495,9,com.Blogproger.Horoscope,Гороскоп на сегодня,Образ жизни,,,2026-07-29T18:37:12.346Z,https://www.rustore.ru/catalog/search?query=%D1%82%D0%BE%D1%87%D0%BD%D1%8B%D0%B9%20%D0%B3%D0%BE%D1%80%D0%BE%D1%81%D0%BA%D0%BE%D0%BF,https://www.rustore.ru/catalog/app/com.Blogproger.Horoscope
точный гороскоп,495,10,com.bytepace.horoscope,Мой Гороскоп и Таро - Мир Звезд,Образ жизни,,,2026-07-29T18:37:12.346Z,https://www.rustore.ru/catalog/search?query=%D1%82%D0%BE%D1%87%D0%BD%D1%8B%D0%B9%20%D0%B3%D0%BE%D1%80%D0%BE%D1%81%D0%BA%D0%BE%D0%BF,https://www.rustore.ru/catalog/app/com.bytepace.horoscope
точный гороскоп,495,11,com.yufi.horoscope,Юфик Гороскоп на каждый день 2026!,Образ жизни,,,2026-07-29T18:37:12.346Z,https://www.rustore.ru/catalog/search?query=%D1%82%D0%BE%D1%87%D0%BD%D1%8B%D0%B9%20%D0%B3%D0%BE%D1%80%D0%BE%D1%81%D0%BA%D0%BE%D0%BF,https://www.rustore.ru/catalog/app/com.yufi.horoscope
точный гороскоп,495,12,com.zylonix.horoscope,Гороскоп на каждый день - онлайн,Образ жизни,,,2026-07-29T18:37:12.346Z,https://www.rustore.ru/catalog/search?query=%D1%82%D0%BE%D1%87%D0%BD%D1%8B%D0%B9%20%D0%B3%D0%BE%D1%80%D0%BE%D1%81%D0%BA%D0%BE%D0%BF,https://www.rustore.ru/catalog/app/com.zylonix.horoscope
точный гороскоп,495,13,com.example.flutter_horoscope,Персональный гороскоп,Образ жизни,,,2026-07-29T18:37:12.346Z,https://www.rustore.ru/catalog/search?query=%D1%82%D0%BE%D1%87%D0%BD%D1%8B%D0%B9%20%D0%B3%D0%BE%D1%80%D0%BE%D1%81%D0%BA%D0%BE%D0%BF,https://www.rustore.ru/catalog/app/com.example.flutter_horoscope
точный гороскоп,495,14,com.foresko.dreambook,"Luna AI Сонник, Гороскоп, Дневник Cнов, Тoлкование",Образ жизни,,,2026-07-29T18:37:12.346Z,https://www.rustore.ru/catalog/search?query=%D1%82%D0%BE%D1%87%D0%BD%D1%8B%D0%B9%20%D0%B3%D0%BE%D1%80%D0%BE%D1%81%D0%BA%D0%BE%D0%BF,https://www.rustore.ru/catalog/app/com.foresko.dreambook
точный гороскоп,495,15,com.rodkin.horoscopetodayai,Гороскоп на сегодня,Образ жизни,,,2026-07-29T18:37:12.346Z,https://www.rustore.ru/catalog/search?query=%D1%82%D0%BE%D1%87%D0%BD%D1%8B%D0%B9%20%D0%B3%D0%BE%D1%80%D0%BE%D1%81%D0%BA%D0%BE%D0%BF,https://www.rustore.ru/catalog/app/com.rodkin.horoscopetodayai
точный гороскоп,495,16,aries.daily.horoscopes,"ОВЕН Гороскоп на сегодня, завтра и на каждый день",Образ жизни,,,2026-07-29T18:37:12.346Z,https://www.rustore.ru/catalog/search?query=%D1%82%D0%BE%D1%87%D0%BD%D1%8B%D0%B9%20%D0%B3%D0%BE%D1%80%D0%BE%D1%81%D0%BA%D0%BE%D0%BF,https://www.rustore.ru/catalog/app/aries.daily.horoscopes
точный гороскоп,495,17,cancer.daily.horoscopes,"РАК Гороскоп на сегодня, завтра и на каждый день",Образ жизни,,,2026-07-29T18:37:12.346Z,https://www.rustore.ru/catalog/search?query=%D1%82%D0%BE%D1%87%D0%BD%D1%8B%D0%B9%20%D0%B3%D0%BE%D1%80%D0%BE%D1%81%D0%BA%D0%BE%D0%BF,https://www.rustore.ru/catalog/app/cancer.daily.horoscopes
точный гороскоп,495,18,ua.maksdenis.timeofbirth,Гороскоп Рождения,Образ жизни,,,2026-07-29T18:37:12.346Z,https://www.rustore.ru/catalog/search?query=%D1%82%D0%BE%D1%87%D0%BD%D1%8B%D0%B9%20%D0%B3%D0%BE%D1%80%D0%BE%D1%81%D0%BA%D0%BE%D0%BF,https://www.rustore.ru/catalog/app/ua.maksdenis.timeofbirth
точный гороскоп,495,19,com.vagasoft.horoscope.signs,Гороскоп,Образ жизни,,,2026-07-29T18:37:12.346Z,https://www.rustore.ru/catalog/search?query=%D1%82%D0%BE%D1%87%D0%BD%D1%8B%D0%B9%20%D0%B3%D0%BE%D1%80%D0%BE%D1%81%D0%BA%D0%BE%D0%BF,https://www.rustore.ru/catalog/app/com.vagasoft.horoscope.signs
точный гороскоп,495,20,taurus.daily.horoscopes,"ТЕЛЕЦ Гороскоп на сегодня, завтра и на каждый день",Образ жизни·Развлечения,,,2026-07-29T18:37:12.346Z,https://www.rustore.ru/catalog/search?query=%D1%82%D0%BE%D1%87%D0%BD%D1%8B%D0%B9%20%D0%B3%D0%BE%D1%80%D0%BE%D1%81%D0%BA%D0%BE%D0%BF,https://www.rustore.ru/catalog/app/taurus.daily.horoscopes
гороскоп по дате рождения,494,1,ua.maksdenis.timeofbirth,Гороскоп Рождения,Образ жизни,,,2026-07-29T18:37:13.138Z,https://www.rustore.ru/catalog/search?query=%D0%B3%D0%BE%D1%80%D0%BE%D1%81%D0%BA%D0%BE%D0%BF%20%D0%BF%D0%BE%20%D0%B4%D0%B0%D1%82%D0%B5%20%D1%80%D0%BE%D0%B6%D0%B4%D0%B5%D0%BD%D0%B8%D1%8F,https://www.rustore.ru/catalog/app/ua.maksdenis.timeofbirth
гороскоп по дате рождения,494,2,ru.smartbear.programs.horoscopenew,Гороскоп на каждый день 2026. По дате рождения,Образ жизни,,,2026-07-29T18:37:13.138Z,https://www.rustore.ru/catalog/search?query=%D0%B3%D0%BE%D1%80%D0%BE%D1%81%D0%BA%D0%BE%D0%BF%20%D0%BF%D0%BE%20%D0%B4%D0%B0%D1%82%D0%B5%20%D1%80%D0%BE%D0%B6%D0%B4%D0%B5%D0%BD%D0%B8%D1%8F,https://www.rustore.ru/catalog/app/ru.smartbear.programs.horoscopenew
гороскоп по дате рождения,494,3,com.zylonix.horoscope,Гороскоп на каждый день - онлайн,Образ жизни,,,2026-07-29T18:37:13.138Z,https://www.rustore.ru/catalog/search?query=%D0%B3%D0%BE%D1%80%D0%BE%D1%81%D0%BA%D0%BE%D0%BF%20%D0%BF%D0%BE%20%D0%B4%D0%B0%D1%82%D0%B5%20%D1%80%D0%BE%D0%B6%D0%B4%D0%B5%D0%BD%D0%B8%D1%8F,https://www.rustore.ru/catalog/app/com.zylonix.horoscope
гороскоп по дате рождения,494,4,ru.yufic.horoscoperu,Ежедневный гороскоп - Yufic,Образ жизни,,,2026-07-29T18:37:13.138Z,https://www.rustore.ru/catalog/search?query=%D0%B3%D0%BE%D1%80%D0%BE%D1%81%D0%BA%D0%BE%D0%BF%20%D0%BF%D0%BE%20%D0%B4%D0%B0%D1%82%D0%B5%20%D1%80%D0%BE%D0%B6%D0%B4%D0%B5%D0%BD%D0%B8%D1%8F,https://www.rustore.ru/catalog/app/ru.yufic.horoscoperu
гороскоп по дате рождения,494,5,com.foresko.horoscopes,Гороскоп на каждый день: Астрология & Гороскопы,Образ жизни,,,2026-07-29T18:37:13.138Z,https://www.rustore.ru/catalog/search?query=%D0%B3%D0%BE%D1%80%D0%BE%D1%81%D0%BA%D0%BE%D0%BF%20%D0%BF%D0%BE%20%D0%B4%D0%B0%D1%82%D0%B5%20%D1%80%D0%BE%D0%B6%D0%B4%D0%B5%D0%BD%D0%B8%D1%8F,https://www.rustore.ru/catalog/app/com.foresko.horoscopes
гороскоп по дате рождения,494,6,calendar.good.day,Гороскоп и лунный календарь Norbu,Образ жизни,,,2026-07-29T18:37:13.138Z,https://www.rustore.ru/catalog/search?query=%D0%B3%D0%BE%D1%80%D0%BE%D1%81%D0%BA%D0%BE%D0%BF%20%D0%BF%D0%BE%20%D0%B4%D0%B0%D1%82%D0%B5%20%D1%80%D0%BE%D0%B6%D0%B4%D0%B5%D0%BD%D0%B8%D1%8F,https://www.rustore.ru/catalog/app/calendar.good.day
гороскоп по дате рождения,494,7,com.example.flutter_horoscope,Персональный гороскоп,Образ жизни,,,2026-07-29T18:37:13.138Z,https://www.rustore.ru/catalog/search?query=%D0%B3%D0%BE%D1%80%D0%BE%D1%81%D0%BA%D0%BE%D0%BF%20%D0%BF%D0%BE%20%D0%B4%D0%B0%D1%82%D0%B5%20%D1%80%D0%BE%D0%B6%D0%B4%D0%B5%D0%BD%D0%B8%D1%8F,https://www.rustore.ru/catalog/app/com.example.flutter_horoscope
гороскоп по дате рождения,494,8,com.velstar,Velstar: гороскоп и карты таро,Образ жизни,,,2026-07-29T18:37:13.138Z,https://www.rustore.ru/catalog/search?query=%D0%B3%D0%BE%D1%80%D0%BE%D1%81%D0%BA%D0%BE%D0%BF%20%D0%BF%D0%BE%20%D0%B4%D0%B0%D1%82%D0%B5%20%D1%80%D0%BE%D0%B6%D0%B4%D0%B5%D0%BD%D0%B8%D1%8F,https://www.rustore.ru/catalog/app/com.velstar
гороскоп по дате рождения,494,9,com.user75.numerology2,Numia: Гороскоп и астрология,Образ жизни,,,2026-07-29T18:37:13.138Z,https://www.rustore.ru/catalog/search?query=%D0%B3%D0%BE%D1%80%D0%BE%D1%81%D0%BA%D0%BE%D0%BF%20%D0%BF%D0%BE%20%D0%B4%D0%B0%D1%82%D0%B5%20%D1%80%D0%BE%D0%B6%D0%B4%D0%B5%D0%BD%D0%B8%D1%8F,https://www.rustore.ru/catalog/app/com.user75.numerology2
гороскоп по дате рождения,494,10,ru.mail.horo.android,Гороскопы,Образ жизни,,,2026-07-29T18:37:13.138Z,https://www.rustore.ru/catalog/search?query=%D0%B3%D0%BE%D1%80%D0%BE%D1%81%D0%BA%D0%BE%D0%BF%20%D0%BF%D0%BE%20%D0%B4%D0%B0%D1%82%D0%B5%20%D1%80%D0%BE%D0%B6%D0%B4%D0%B5%D0%BD%D0%B8%D1%8F,https://www.rustore.ru/catalog/app/ru.mail.horo.android
гороскоп по дате рождения,494,11,com.special_algorithmic_systems.engm_personal,Астрокалендарь ENIGMATA. Ежедневный гороскоп,Полезные инструменты·Образ жизни,,,2026-07-29T18:37:13.138Z,https://www.rustore.ru/catalog/search?query=%D0%B3%D0%BE%D1%80%D0%BE%D1%81%D0%BA%D0%BE%D0%BF%20%D0%BF%D0%BE%20%D0%B4%D0%B0%D1%82%D0%B5%20%D1%80%D0%BE%D0%B6%D0%B4%D0%B5%D0%BD%D0%B8%D1%8F,https://www.rustore.ru/catalog/app/com.special_algorithmic_systems.engm_personal
гороскоп по дате рождения,494,12,com.aiastrologer.app,"AI-Астролог, Таро, Астрология, Гороскоп, Астробот",Образ жизни,,,2026-07-29T18:37:13.138Z,https://www.rustore.ru/catalog/search?query=%D0%B3%D0%BE%D1%80%D0%BE%D1%81%D0%BA%D0%BE%D0%BF%20%D0%BF%D0%BE%20%D0%B4%D0%B0%D1%82%D0%B5%20%D1%80%D0%BE%D0%B6%D0%B4%D0%B5%D0%BD%D0%B8%D1%8F,https://www.rustore.ru/catalog/app/com.aiastrologer.app
гороскоп по дате рождения,494,13,ru.mynatalchart.app,Натальная карта рассчитать с расшифровкой онлайн,Образ жизни,,,2026-07-29T18:37:13.138Z,https://www.rustore.ru/catalog/search?query=%D0%B3%D0%BE%D1%80%D0%BE%D1%81%D0%BA%D0%BE%D0%BF%20%D0%BF%D0%BE%20%D0%B4%D0%B0%D1%82%D0%B5%20%D1%80%D0%BE%D0%B6%D0%B4%D0%B5%D0%BD%D0%B8%D1%8F,https://www.rustore.ru/catalog/app/ru.mynatalchart.app
гороскоп по дате рождения,494,14,net.kosev.scoping,Гороскоп,Образ жизни,,,2026-07-29T18:37:13.138Z,https://www.rustore.ru/catalog/search?query=%D0%B3%D0%BE%D1%80%D0%BE%D1%81%D0%BA%D0%BE%D0%BF%20%D0%BF%D0%BE%20%D0%B4%D0%B0%D1%82%D0%B5%20%D1%80%D0%BE%D0%B6%D0%B4%D0%B5%D0%BD%D0%B8%D1%8F,https://www.rustore.ru/catalog/app/net.kosev.scoping
гороскоп по дате рождения,494,15,com.daerhou.constellation,Гороскоп,Образ жизни,,,2026-07-29T18:37:13.138Z,https://www.rustore.ru/catalog/search?query=%D0%B3%D0%BE%D1%80%D0%BE%D1%81%D0%BA%D0%BE%D0%BF%20%D0%BF%D0%BE%20%D0%B4%D0%B0%D1%82%D0%B5%20%D1%80%D0%BE%D0%B6%D0%B4%D0%B5%D0%BD%D0%B8%D1%8F,https://www.rustore.ru/catalog/app/com.daerhou.constellation
гороскоп по дате рождения,494,16,com.niami.niami_horoscope,"Гороскоп Niami: личный гороскоп, анализ и прогноз",Образ жизни·Развлечения,,,2026-07-29T18:37:13.138Z,https://www.rustore.ru/catalog/search?query=%D0%B3%D0%BE%D1%80%D0%BE%D1%81%D0%BA%D0%BE%D0%BF%20%D0%BF%D0%BE%20%D0%B4%D0%B0%D1%82%D0%B5%20%D1%80%D0%BE%D0%B6%D0%B4%D0%B5%D0%BD%D0%B8%D1%8F,https://www.rustore.ru/catalog/app/com.niami.niami_horoscope
гороскоп по дате рождения,494,17,com.internetdesignzone.numerology,Полная нумерология и гороскоп,Образ жизни,,,2026-07-29T18:37:13.138Z,https://www.rustore.ru/catalog/search?query=%D0%B3%D0%BE%D1%80%D0%BE%D1%81%D0%BA%D0%BE%D0%BF%20%D0%BF%D0%BE%20%D0%B4%D0%B0%D1%82%D0%B5%20%D1%80%D0%BE%D0%B6%D0%B4%D0%B5%D0%BD%D0%B8%D1%8F,https://www.rustore.ru/catalog/app/com.internetdesignzone.numerology
гороскоп по дате рождения,494,18,capricorn.daily.horoscopes,"КОЗЕРОГ Гороскоп сегодня, завтра и на каждый день",Образ жизни,,,2026-07-29T18:37:13.138Z,https://www.rustore.ru/catalog/search?query=%D0%B3%D0%BE%D1%80%D0%BE%D1%81%D0%BA%D0%BE%D0%BF%20%D0%BF%D0%BE%20%D0%B4%D0%B0%D1%82%D0%B5%20%D1%80%D0%BE%D0%B6%D0%B4%D0%B5%D0%BD%D0%B8%D1%8F,https://www.rustore.ru/catalog/app/capricorn.daily.horoscopes
гороскоп по дате рождения,494,19,virgo.daily.horoscopes,"ДЕВА Гороскоп на сегодня, завтра и на каждый день",Образ жизни,,,2026-07-29T18:37:13.138Z,https://www.rustore.ru/catalog/search?query=%D0%B3%D0%BE%D1%80%D0%BE%D1%81%D0%BA%D0%BE%D0%BF%20%D0%BF%D0%BE%20%D0%B4%D0%B0%D1%82%D0%B5%20%D1%80%D0%BE%D0%B6%D0%B4%D0%B5%D0%BD%D0%B8%D1%8F,https://www.rustore.ru/catalog/app/virgo.daily.horoscopes
гороскоп по дате рождения,494,20,com.P.E.O.AxioNika,"Гороскоп, Нумерология, Совместимость: ИИ AxioNika",Развлечения·Образ жизни,,,2026-07-29T18:37:13.138Z,https://www.rustore.ru/catalog/search?query=%D0%B3%D0%BE%D1%80%D0%BE%D1%81%D0%BA%D0%BE%D0%BF%20%D0%BF%D0%BE%20%D0%B4%D0%B0%D1%82%D0%B5%20%D1%80%D0%BE%D0%B6%D0%B4%D0%B5%D0%BD%D0%B8%D1%8F,https://www.rustore.ru/catalog/app/com.P.E.O.AxioNika
гороскоп на неделю,497,1,ru.mail.horo.android,Гороскопы,Образ жизни,,,2026-07-29T18:37:20.276Z,https://www.rustore.ru/catalog/search?query=%D0%B3%D0%BE%D1%80%D0%BE%D1%81%D0%BA%D0%BE%D0%BF%20%D0%BD%D0%B0%20%D0%BD%D0%B5%D0%B4%D0%B5%D0%BB%D1%8E,https://www.rustore.ru/catalog/app/ru.mail.horo.android
гороскоп на неделю,497,2,com.bytepace.horoscope,Мой Гороскоп и Таро - Мир Звезд,Образ жизни,,,2026-07-29T18:37:20.276Z,https://www.rustore.ru/catalog/search?query=%D0%B3%D0%BE%D1%80%D0%BE%D1%81%D0%BA%D0%BE%D0%BF%20%D0%BD%D0%B0%20%D0%BD%D0%B5%D0%B4%D0%B5%D0%BB%D1%8E,https://www.rustore.ru/catalog/app/com.bytepace.horoscope
гороскоп на неделю,497,3,net.kosev.scoping,Гороскоп,Образ жизни,,,2026-07-29T18:37:20.276Z,https://www.rustore.ru/catalog/search?query=%D0%B3%D0%BE%D1%80%D0%BE%D1%81%D0%BA%D0%BE%D0%BF%20%D0%BD%D0%B0%20%D0%BD%D0%B5%D0%B4%D0%B5%D0%BB%D1%8E,https://www.rustore.ru/catalog/app/net.kosev.scoping
гороскоп на неделю,497,4,aquarius.daily.horoscopes,"ВОДОЛЕЙ Гороскоп на сегодня, завтра и каждый день",Образ жизни,,,2026-07-29T18:37:20.276Z,https://www.rustore.ru/catalog/search?query=%D0%B3%D0%BE%D1%80%D0%BE%D1%81%D0%BA%D0%BE%D0%BF%20%D0%BD%D0%B0%20%D0%BD%D0%B5%D0%B4%D0%B5%D0%BB%D1%8E,https://www.rustore.ru/catalog/app/aquarius.daily.horoscopes
гороскоп на неделю,497,5,virgo.daily.horoscopes,"ДЕВА Гороскоп на сегодня, завтра и на каждый день",Образ жизни,,,2026-07-29T18:37:20.276Z,https://www.rustore.ru/catalog/search?query=%D0%B3%D0%BE%D1%80%D0%BE%D1%81%D0%BA%D0%BE%D0%BF%20%D0%BD%D0%B0%20%D0%BD%D0%B5%D0%B4%D0%B5%D0%BB%D1%8E,https://www.rustore.ru/catalog/app/virgo.daily.horoscopes
гороскоп на неделю,497,6,aries.daily.horoscopes,"ОВЕН Гороскоп на сегодня, завтра и на каждый день",Образ жизни,,,2026-07-29T18:37:20.276Z,https://www.rustore.ru/catalog/search?query=%D0%B3%D0%BE%D1%80%D0%BE%D1%81%D0%BA%D0%BE%D0%BF%20%D0%BD%D0%B0%20%D0%BD%D0%B5%D0%B4%D0%B5%D0%BB%D1%8E,https://www.rustore.ru/catalog/app/aries.daily.horoscopes
гороскоп на неделю,497,7,com.unfoxteam.horoscope,Твой гороскоп,Образ жизни,,,2026-07-29T18:37:20.276Z,https://www.rustore.ru/catalog/search?query=%D0%B3%D0%BE%D1%80%D0%BE%D1%81%D0%BA%D0%BE%D0%BF%20%D0%BD%D0%B0%20%D0%BD%D0%B5%D0%B4%D0%B5%D0%BB%D1%8E,https://www.rustore.ru/catalog/app/com.unfoxteam.horoscope
гороскоп на неделю,497,8,com.grupoprecedo.horoscope,Гороскоп,Образ жизни,,,2026-07-29T18:37:20.276Z,https://www.rustore.ru/catalog/search?query=%D0%B3%D0%BE%D1%80%D0%BE%D1%81%D0%BA%D0%BE%D0%BF%20%D0%BD%D0%B0%20%D0%BD%D0%B5%D0%B4%D0%B5%D0%BB%D1%8E,https://www.rustore.ru/catalog/app/com.grupoprecedo.horoscope
гороскоп на неделю,497,9,libra.daily.horoscopes,"ВЕСЫ Гороскоп на сегодня, завтра и на каждый день",Образ жизни,,,2026-07-29T18:37:20.276Z,https://www.rustore.ru/catalog/search?query=%D0%B3%D0%BE%D1%80%D0%BE%D1%81%D0%BA%D0%BE%D0%BF%20%D0%BD%D0%B0%20%D0%BD%D0%B5%D0%B4%D0%B5%D0%BB%D1%8E,https://www.rustore.ru/catalog/app/libra.daily.horoscopes
гороскоп на неделю,497,10,cancer.daily.horoscopes,"РАК Гороскоп на сегодня, завтра и на каждый день",Образ жизни,,,2026-07-29T18:37:20.276Z,https://www.rustore.ru/catalog/search?query=%D0%B3%D0%BE%D1%80%D0%BE%D1%81%D0%BA%D0%BE%D0%BF%20%D0%BD%D0%B0%20%D0%BD%D0%B5%D0%B4%D0%B5%D0%BB%D1%8E,https://www.rustore.ru/catalog/app/cancer.daily.horoscopes
гороскоп на неделю,497,11,com.zylonix.horoscope,Гороскоп на каждый день - онлайн,Образ жизни,,,2026-07-29T18:37:20.276Z,https://www.rustore.ru/catalog/search?query=%D0%B3%D0%BE%D1%80%D0%BE%D1%81%D0%BA%D0%BE%D0%BF%20%D0%BD%D0%B0%20%D0%BD%D0%B5%D0%B4%D0%B5%D0%BB%D1%8E,https://www.rustore.ru/catalog/app/com.zylonix.horoscope
гороскоп на неделю,497,12,leo.daily.horoscopes,"ЛЕВ Гороскоп на сегодня, завтра и на каждый день",Образ жизни,,,2026-07-29T18:37:20.276Z,https://www.rustore.ru/catalog/search?query=%D0%B3%D0%BE%D1%80%D0%BE%D1%81%D0%BA%D0%BE%D0%BF%20%D0%BD%D0%B0%20%D0%BD%D0%B5%D0%B4%D0%B5%D0%BB%D1%8E,https://www.rustore.ru/catalog/app/leo.daily.horoscopes
гороскоп на неделю,497,13,scorpio.daily.horoscopes,"СКОРПИОН Гороскоп сегодня, завтра и на каждый день",Образ жизни,,,2026-07-29T18:37:20.276Z,https://www.rustore.ru/catalog/search?query=%D0%B3%D0%BE%D1%80%D0%BE%D1%81%D0%BA%D0%BE%D0%BF%20%D0%BD%D0%B0%20%D0%BD%D0%B5%D0%B4%D0%B5%D0%BB%D1%8E,https://www.rustore.ru/catalog/app/scorpio.daily.horoscopes
гороскоп на неделю,497,14,sagittarius.daily.horoscopes,"СТРЕЛЕЦ Гороскоп на сегодня, завтра и каждый день",Образ жизни,,,2026-07-29T18:37:20.276Z,https://www.rustore.ru/catalog/search?query=%D0%B3%D0%BE%D1%80%D0%BE%D1%81%D0%BA%D0%BE%D0%BF%20%D0%BD%D0%B0%20%D0%BD%D0%B5%D0%B4%D0%B5%D0%BB%D1%8E,https://www.rustore.ru/catalog/app/sagittarius.daily.horoscopes
гороскоп на неделю,497,15,taurus.daily.horoscopes,"ТЕЛЕЦ Гороскоп на сегодня, завтра и на каждый день",Образ жизни·Развлечения,,,2026-07-29T18:37:20.276Z,https://www.rustore.ru/catalog/search?query=%D0%B3%D0%BE%D1%80%D0%BE%D1%81%D0%BA%D0%BE%D0%BF%20%D0%BD%D0%B0%20%D0%BD%D0%B5%D0%B4%D0%B5%D0%BB%D1%8E,https://www.rustore.ru/catalog/app/taurus.daily.horoscopes
гороскоп на неделю,497,16,capricorn.daily.horoscopes,"КОЗЕРОГ Гороскоп сегодня, завтра и на каждый день",Образ жизни,,,2026-07-29T18:37:20.276Z,https://www.rustore.ru/catalog/search?query=%D0%B3%D0%BE%D1%80%D0%BE%D1%81%D0%BA%D0%BE%D0%BF%20%D0%BD%D0%B0%20%D0%BD%D0%B5%D0%B4%D0%B5%D0%BB%D1%8E,https://www.rustore.ru/catalog/app/capricorn.daily.horoscopes
гороскоп на неделю,497,17,com.foresko.horoscopes,Гороскоп на каждый день: Астрология & Гороскопы,Образ жизни,,,2026-07-29T18:37:20.276Z,https://www.rustore.ru/catalog/search?query=%D0%B3%D0%BE%D1%80%D0%BE%D1%81%D0%BA%D0%BE%D0%BF%20%D0%BD%D0%B0%20%D0%BD%D0%B5%D0%B4%D0%B5%D0%BB%D1%8E,https://www.rustore.ru/catalog/app/com.foresko.horoscopes
гороскоп на неделю,497,18,ru.rambler.horoscopes.twa,Рамблер/гороскопы,Образ жизни·Развлечения,,,2026-07-29T18:37:20.276Z,https://www.rustore.ru/catalog/search?query=%D0%B3%D0%BE%D1%80%D0%BE%D1%81%D0%BA%D0%BE%D0%BF%20%D0%BD%D0%B0%20%D0%BD%D0%B5%D0%B4%D0%B5%D0%BB%D1%8E,https://www.rustore.ru/catalog/app/ru.rambler.horoscopes.twa
гороскоп на неделю,497,19,com.internetdesignzone.numerology,Полная нумерология и гороскоп,Образ жизни,,,2026-07-29T18:37:20.276Z,https://www.rustore.ru/catalog/search?query=%D0%B3%D0%BE%D1%80%D0%BE%D1%81%D0%BA%D0%BE%D0%BF%20%D0%BD%D0%B0%20%D0%BD%D0%B5%D0%B4%D0%B5%D0%BB%D1%8E,https://www.rustore.ru/catalog/app/com.internetdesignzone.numerology
гороскоп на неделю,497,20,com.yufi.horoscope,Юфик Гороскоп на каждый день 2026!,Образ жизни,,,2026-07-29T18:37:20.276Z,https://www.rustore.ru/catalog/search?query=%D0%B3%D0%BE%D1%80%D0%BE%D1%81%D0%BA%D0%BE%D0%BF%20%D0%BD%D0%B0%20%D0%BD%D0%B5%D0%B4%D0%B5%D0%BB%D1%8E,https://www.rustore.ru/catalog/app/com.yufi.horoscope
гороскоп на месяц,497,1,com.vagasoft.horoscope.signs,Гороскоп,Образ жизни,,,2026-07-29T18:37:22.036Z,https://www.rustore.ru/catalog/search?query=%D0%B3%D0%BE%D1%80%D0%BE%D1%81%D0%BA%D0%BE%D0%BF%20%D0%BD%D0%B0%20%D0%BC%D0%B5%D1%81%D1%8F%D1%86,https://www.rustore.ru/catalog/app/com.vagasoft.horoscope.signs
гороскоп на месяц,497,2,ru.allastro.lab,Allastro: все ответы здесь.,Образ жизни,,,2026-07-29T18:37:22.036Z,https://www.rustore.ru/catalog/search?query=%D0%B3%D0%BE%D1%80%D0%BE%D1%81%D0%BA%D0%BE%D0%BF%20%D0%BD%D0%B0%20%D0%BC%D0%B5%D1%81%D1%8F%D1%86,https://www.rustore.ru/catalog/app/ru.allastro.lab
гороскоп на месяц,497,3,com.foresko.horoscopes,Гороскоп на каждый день: Астрология & Гороскопы,Образ жизни,,,2026-07-29T18:37:22.036Z,https://www.rustore.ru/catalog/search?query=%D0%B3%D0%BE%D1%80%D0%BE%D1%81%D0%BA%D0%BE%D0%BF%20%D0%BD%D0%B0%20%D0%BC%D0%B5%D1%81%D1%8F%D1%86,https://www.rustore.ru/catalog/app/com.foresko.horoscopes
гороскоп на месяц,497,4,cancer.daily.horoscopes,"РАК Гороскоп на сегодня, завтра и на каждый день",Образ жизни,,,2026-07-29T18:37:22.036Z,https://www.rustore.ru/catalog/search?query=%D0%B3%D0%BE%D1%80%D0%BE%D1%81%D0%BA%D0%BE%D0%BF%20%D0%BD%D0%B0%20%D0%BC%D0%B5%D1%81%D1%8F%D1%86,https://www.rustore.ru/catalog/app/cancer.daily.horoscopes
гороскоп на месяц,497,5,com.astropersona,AstroPersona — твой гороскоп и натальная карта,Образ жизни,,,2026-07-29T18:37:22.036Z,https://www.rustore.ru/catalog/search?query=%D0%B3%D0%BE%D1%80%D0%BE%D1%81%D0%BA%D0%BE%D0%BF%20%D0%BD%D0%B0%20%D0%BC%D0%B5%D1%81%D1%8F%D1%86,https://www.rustore.ru/catalog/app/com.astropersona
гороскоп на месяц,497,6,libra.daily.horoscopes,"ВЕСЫ Гороскоп на сегодня, завтра и на каждый день",Образ жизни,,,2026-07-29T18:37:22.036Z,https://www.rustore.ru/catalog/search?query=%D0%B3%D0%BE%D1%80%D0%BE%D1%81%D0%BA%D0%BE%D0%BF%20%D0%BD%D0%B0%20%D0%BC%D0%B5%D1%81%D1%8F%D1%86,https://www.rustore.ru/catalog/app/libra.daily.horoscopes
гороскоп на месяц,497,7,aries.daily.horoscopes,"ОВЕН Гороскоп на сегодня, завтра и на каждый день",Образ жизни,,,2026-07-29T18:37:22.036Z,https://www.rustore.ru/catalog/search?query=%D0%B3%D0%BE%D1%80%D0%BE%D1%81%D0%BA%D0%BE%D0%BF%20%D0%BD%D0%B0%20%D0%BC%D0%B5%D1%81%D1%8F%D1%86,https://www.rustore.ru/catalog/app/aries.daily.horoscopes
гороскоп на месяц,497,8,com.Blogproger.Horoscope,Гороскоп на сегодня,Образ жизни,,,2026-07-29T18:37:22.036Z,https://www.rustore.ru/catalog/search?query=%D0%B3%D0%BE%D1%80%D0%BE%D1%81%D0%BA%D0%BE%D0%BF%20%D0%BD%D0%B0%20%D0%BC%D0%B5%D1%81%D1%8F%D1%86,https://www.rustore.ru/catalog/app/com.Blogproger.Horoscope
гороскоп на месяц,497,9,com.Hurmeow.Horoscope_for_tomorrow,Гороскоп на завтра,Образ жизни·Развлечения,,,2026-07-29T18:37:22.036Z,https://www.rustore.ru/catalog/search?query=%D0%B3%D0%BE%D1%80%D0%BE%D1%81%D0%BA%D0%BE%D0%BF%20%D0%BD%D0%B0%20%D0%BC%D0%B5%D1%81%D1%8F%D1%86,https://www.rustore.ru/catalog/app/com.Hurmeow.Horoscope_for_tomorrow
гороскоп на месяц,497,10,capricorn.daily.horoscopes,"КОЗЕРОГ Гороскоп сегодня, завтра и на каждый день",Образ жизни,,,2026-07-29T18:37:22.036Z,https://www.rustore.ru/catalog/search?query=%D0%B3%D0%BE%D1%80%D0%BE%D1%81%D0%BA%D0%BE%D0%BF%20%D0%BD%D0%B0%20%D0%BC%D0%B5%D1%81%D1%8F%D1%86,https://www.rustore.ru/catalog/app/capricorn.daily.horoscopes
гороскоп на месяц,497,11,scorpio.daily.horoscopes,"СКОРПИОН Гороскоп сегодня, завтра и на каждый день",Образ жизни,,,2026-07-29T18:37:22.036Z,https://www.rustore.ru/catalog/search?query=%D0%B3%D0%BE%D1%80%D0%BE%D1%81%D0%BA%D0%BE%D0%BF%20%D0%BD%D0%B0%20%D0%BC%D0%B5%D1%81%D1%8F%D1%86,https://www.rustore.ru/catalog/app/scorpio.daily.horoscopes
гороскоп на месяц,497,12,aquarius.daily.horoscopes,"ВОДОЛЕЙ Гороскоп на сегодня, завтра и каждый день",Образ жизни,,,2026-07-29T18:37:22.036Z,https://www.rustore.ru/catalog/search?query=%D0%B3%D0%BE%D1%80%D0%BE%D1%81%D0%BA%D0%BE%D0%BF%20%D0%BD%D0%B0%20%D0%BC%D0%B5%D1%81%D1%8F%D1%86,https://www.rustore.ru/catalog/app/aquarius.daily.horoscopes
гороскоп на месяц,497,13,horoscope.astrology.zodiac.sign.daily,Гороскопы и астрология,Образ жизни,,,2026-07-29T18:37:22.036Z,https://www.rustore.ru/catalog/search?query=%D0%B3%D0%BE%D1%80%D0%BE%D1%81%D0%BA%D0%BE%D0%BF%20%D0%BD%D0%B0%20%D0%BC%D0%B5%D1%81%D1%8F%D1%86,https://www.rustore.ru/catalog/app/horoscope.astrology.zodiac.sign.daily
гороскоп на месяц,497,14,com.zylonix.horoscope,Гороскоп на каждый день - онлайн,Образ жизни,,,2026-07-29T18:37:22.036Z,https://www.rustore.ru/catalog/search?query=%D0%B3%D0%BE%D1%80%D0%BE%D1%81%D0%BA%D0%BE%D0%BF%20%D0%BD%D0%B0%20%D0%BC%D0%B5%D1%81%D1%8F%D1%86,https://www.rustore.ru/catalog/app/com.zylonix.horoscope
гороскоп на месяц,497,15,com.sopelus.horoscope,"Гороскопы бесплатно, натальная карта",Образ жизни,,,2026-07-29T18:37:22.036Z,https://www.rustore.ru/catalog/search?query=%D0%B3%D0%BE%D1%80%D0%BE%D1%81%D0%BA%D0%BE%D0%BF%20%D0%BD%D0%B0%20%D0%BC%D0%B5%D1%81%D1%8F%D1%86,https://www.rustore.ru/catalog/app/com.sopelus.horoscope
гороскоп на месяц,497,16,leo.daily.horoscopes,"ЛЕВ Гороскоп на сегодня, завтра и на каждый день",Образ жизни,,,2026-07-29T18:37:22.036Z,https://www.rustore.ru/catalog/search?query=%D0%B3%D0%BE%D1%80%D0%BE%D1%81%D0%BA%D0%BE%D0%BF%20%D0%BD%D0%B0%20%D0%BC%D0%B5%D1%81%D1%8F%D1%86,https://www.rustore.ru/catalog/app/leo.daily.horoscopes
гороскоп на месяц,497,17,virgo.daily.horoscopes,"ДЕВА Гороскоп на сегодня, завтра и на каждый день",Образ жизни,,,2026-07-29T18:37:22.036Z,https://www.rustore.ru/catalog/search?query=%D0%B3%D0%BE%D1%80%D0%BE%D1%81%D0%BA%D0%BE%D0%BF%20%D0%BD%D0%B0%20%D0%BC%D0%B5%D1%81%D1%8F%D1%86,https://www.rustore.ru/catalog/app/virgo.daily.horoscopes
гороскоп на месяц,497,18,gemini.daily.horoscopes,"БЛИЗНЕЦЫ Гороскоп сегодня, завтра и на каждый день",Образ жизни,,,2026-07-29T18:37:22.036Z,https://www.rustore.ru/catalog/search?query=%D0%B3%D0%BE%D1%80%D0%BE%D1%81%D0%BA%D0%BE%D0%BF%20%D0%BD%D0%B0%20%D0%BC%D0%B5%D1%81%D1%8F%D1%86,https://www.rustore.ru/catalog/app/gemini.daily.horoscopes
гороскоп на месяц,497,19,sagittarius.daily.horoscopes,"СТРЕЛЕЦ Гороскоп на сегодня, завтра и каждый день",Образ жизни,,,2026-07-29T18:37:22.036Z,https://www.rustore.ru/catalog/search?query=%D0%B3%D0%BE%D1%80%D0%BE%D1%81%D0%BA%D0%BE%D0%BF%20%D0%BD%D0%B0%20%D0%BC%D0%B5%D1%81%D1%8F%D1%86,https://www.rustore.ru/catalog/app/sagittarius.daily.horoscopes
гороскоп на месяц,497,20,ru.rambler.horoscopes.twa,Рамблер/гороскопы,Образ жизни·Развлечения,,,2026-07-29T18:37:22.036Z,https://www.rustore.ru/catalog/search?query=%D0%B3%D0%BE%D1%80%D0%BE%D1%81%D0%BA%D0%BE%D0%BF%20%D0%BD%D0%B0%20%D0%BC%D0%B5%D1%81%D1%8F%D1%86,https://www.rustore.ru/catalog/app/ru.rambler.horoscopes.twa
гороскоп на год,495,1,com.foresko.horoscopes,Гороскоп на каждый день: Астрология & Гороскопы,Образ жизни,,,2026-07-29T18:37:23.295Z,https://www.rustore.ru/catalog/search?query=%D0%B3%D0%BE%D1%80%D0%BE%D1%81%D0%BA%D0%BE%D0%BF%20%D0%BD%D0%B0%20%D0%B3%D0%BE%D0%B4,https://www.rustore.ru/catalog/app/com.foresko.horoscopes
гороскоп на год,495,2,ru.mail.horo.android,Гороскопы,Образ жизни,,,2026-07-29T18:37:23.295Z,https://www.rustore.ru/catalog/search?query=%D0%B3%D0%BE%D1%80%D0%BE%D1%81%D0%BA%D0%BE%D0%BF%20%D0%BD%D0%B0%20%D0%B3%D0%BE%D0%B4,https://www.rustore.ru/catalog/app/ru.mail.horo.android
гороскоп на год,495,3,com.vagasoft.horoscope.signs,Гороскоп,Образ жизни,,,2026-07-29T18:37:23.295Z,https://www.rustore.ru/catalog/search?query=%D0%B3%D0%BE%D1%80%D0%BE%D1%81%D0%BA%D0%BE%D0%BF%20%D0%BD%D0%B0%20%D0%B3%D0%BE%D0%B4,https://www.rustore.ru/catalog/app/com.vagasoft.horoscope.signs
гороскоп на год,495,4,com.promobi.horo,Гороскоп,Образ жизни,,,2026-07-29T18:37:23.295Z,https://www.rustore.ru/catalog/search?query=%D0%B3%D0%BE%D1%80%D0%BE%D1%81%D0%BA%D0%BE%D0%BF%20%D0%BD%D0%B0%20%D0%B3%D0%BE%D0%B4,https://www.rustore.ru/catalog/app/com.promobi.horo
гороскоп на год,495,5,com.grupoprecedo.horoscope,Гороскоп,Образ жизни,,,2026-07-29T18:37:23.295Z,https://www.rustore.ru/catalog/search?query=%D0%B3%D0%BE%D1%80%D0%BE%D1%81%D0%BA%D0%BE%D0%BF%20%D0%BD%D0%B0%20%D0%B3%D0%BE%D0%B4,https://www.rustore.ru/catalog/app/com.grupoprecedo.horoscope
гороскоп на год,495,6,net.kosev.scoping,Гороскоп,Образ жизни,,,2026-07-29T18:37:23.295Z,https://www.rustore.ru/catalog/search?query=%D0%B3%D0%BE%D1%80%D0%BE%D1%81%D0%BA%D0%BE%D0%BF%20%D0%BD%D0%B0%20%D0%B3%D0%BE%D0%B4,https://www.rustore.ru/catalog/app/net.kosev.scoping
гороскоп на год,495,7,com.Blogproger.Horoscope,Гороскоп на сегодня,Образ жизни,,,2026-07-29T18:37:23.295Z,https://www.rustore.ru/catalog/search?query=%D0%B3%D0%BE%D1%80%D0%BE%D1%81%D0%BA%D0%BE%D0%BF%20%D0%BD%D0%B0%20%D0%B3%D0%BE%D0%B4,https://www.rustore.ru/catalog/app/com.Blogproger.Horoscope
гороскоп на год,495,8,ru.smartbear.programs.horoscopenew,Гороскоп на каждый день 2026. По дате рождения,Образ жизни,,,2026-07-29T18:37:23.295Z,https://www.rustore.ru/catalog/search?query=%D0%B3%D0%BE%D1%80%D0%BE%D1%81%D0%BA%D0%BE%D0%BF%20%D0%BD%D0%B0%20%D0%B3%D0%BE%D0%B4,https://www.rustore.ru/catalog/app/ru.smartbear.programs.horoscopenew
гороскоп на год,495,9,potencialmenteinteresante.personaldailyhoroscope,Eжедневный гороскоп,Образ жизни,,,2026-07-29T18:37:23.295Z,https://www.rustore.ru/catalog/search?query=%D0%B3%D0%BE%D1%80%D0%BE%D1%81%D0%BA%D0%BE%D0%BF%20%D0%BD%D0%B0%20%D0%B3%D0%BE%D0%B4,https://www.rustore.ru/catalog/app/potencialmenteinteresante.personaldailyhoroscope
гороскоп на год,495,10,ru.allastro.lab,Allastro: все ответы здесь.,Образ жизни,,,2026-07-29T18:37:23.295Z,https://www.rustore.ru/catalog/search?query=%D0%B3%D0%BE%D1%80%D0%BE%D1%81%D0%BA%D0%BE%D0%BF%20%D0%BD%D0%B0%20%D0%B3%D0%BE%D0%B4,https://www.rustore.ru/catalog/app/ru.allastro.lab
гороскоп на год,495,11,com.horoscope.taro.astrology.sign.daily.zodiac.numerology,Китайский гороскоп,Образ жизни,,,2026-07-29T18:37:23.295Z,https://www.rustore.ru/catalog/search?query=%D0%B3%D0%BE%D1%80%D0%BE%D1%81%D0%BA%D0%BE%D0%BF%20%D0%BD%D0%B0%20%D0%B3%D0%BE%D0%B4,https://www.rustore.ru/catalog/app/com.horoscope.taro.astrology.sign.daily.zodiac.numerology
гороскоп на год,495,12,com.foresko.dreambook,"Luna AI Сонник, Гороскоп, Дневник Cнов, Тoлкование",Образ жизни,,,2026-07-29T18:37:23.295Z,https://www.rustore.ru/catalog/search?query=%D0%B3%D0%BE%D1%80%D0%BE%D1%81%D0%BA%D0%BE%D0%BF%20%D0%BD%D0%B0%20%D0%B3%D0%BE%D0%B4,https://www.rustore.ru/catalog/app/com.foresko.dreambook
гороскоп на год,495,13,aries.daily.horoscopes,"ОВЕН Гороскоп на сегодня, завтра и на каждый день",Образ жизни,,,2026-07-29T18:37:23.295Z,https://www.rustore.ru/catalog/search?query=%D0%B3%D0%BE%D1%80%D0%BE%D1%81%D0%BA%D0%BE%D0%BF%20%D0%BD%D0%B0%20%D0%B3%D0%BE%D0%B4,https://www.rustore.ru/catalog/app/aries.daily.horoscopes
гороскоп на год,495,14,cancer.daily.horoscopes,"РАК Гороскоп на сегодня, завтра и на каждый день",Образ жизни,,,2026-07-29T18:37:23.295Z,https://www.rustore.ru/catalog/search?query=%D0%B3%D0%BE%D1%80%D0%BE%D1%81%D0%BA%D0%BE%D0%BF%20%D0%BD%D0%B0%20%D0%B3%D0%BE%D0%B4,https://www.rustore.ru/catalog/app/cancer.daily.horoscopes
гороскоп на год,495,15,virgo.daily.horoscopes,"ДЕВА Гороскоп на сегодня, завтра и на каждый день",Образ жизни,,,2026-07-29T18:37:23.295Z,https://www.rustore.ru/catalog/search?query=%D0%B3%D0%BE%D1%80%D0%BE%D1%81%D0%BA%D0%BE%D0%BF%20%D0%BD%D0%B0%20%D0%B3%D0%BE%D0%B4,https://www.rustore.ru/catalog/app/virgo.daily.horoscopes
гороскоп на год,495,16,com.P.E.O.AxioNika,"Гороскоп, Нумерология, Совместимость: ИИ AxioNika",Развлечения·Образ жизни,,,2026-07-29T18:37:23.295Z,https://www.rustore.ru/catalog/search?query=%D0%B3%D0%BE%D1%80%D0%BE%D1%81%D0%BA%D0%BE%D0%BF%20%D0%BD%D0%B0%20%D0%B3%D0%BE%D0%B4,https://www.rustore.ru/catalog/app/com.P.E.O.AxioNika
гороскоп на год,495,17,libra.daily.horoscopes,"ВЕСЫ Гороскоп на сегодня, завтра и на каждый день",Образ жизни,,,2026-07-29T18:37:23.295Z,https://www.rustore.ru/catalog/search?query=%D0%B3%D0%BE%D1%80%D0%BE%D1%81%D0%BA%D0%BE%D0%BF%20%D0%BD%D0%B0%20%D0%B3%D0%BE%D0%B4,https://www.rustore.ru/catalog/app/libra.daily.horoscopes
гороскоп на год,495,18,com.zylonix.horoscope,Гороскоп на каждый день - онлайн,Образ жизни,,,2026-07-29T18:37:23.295Z,https://www.rustore.ru/catalog/search?query=%D0%B3%D0%BE%D1%80%D0%BE%D1%81%D0%BA%D0%BE%D0%BF%20%D0%BD%D0%B0%20%D0%B3%D0%BE%D0%B4,https://www.rustore.ru/catalog/app/com.zylonix.horoscope
гороскоп на год,495,19,com.DDBros.FingerScan,Гороскоп по отпечатку 2026,Образ жизни,,,2026-07-29T18:37:23.295Z,https://www.rustore.ru/catalog/search?query=%D0%B3%D0%BE%D1%80%D0%BE%D1%81%D0%BA%D0%BE%D0%BF%20%D0%BD%D0%B0%20%D0%B3%D0%BE%D0%B4,https://www.rustore.ru/catalog/app/com.DDBros.FingerScan
гороскоп на год,495,20,aquarius.daily.horoscopes,"ВОДОЛЕЙ Гороскоп на сегодня, завтра и каждый день",Образ жизни,,,2026-07-29T18:37:23.295Z,https://www.rustore.ru/catalog/search?query=%D0%B3%D0%BE%D1%80%D0%BE%D1%81%D0%BA%D0%BE%D0%BF%20%D0%BD%D0%B0%20%D0%B3%D0%BE%D0%B4,https://www.rustore.ru/catalog/app/aquarius.daily.horoscopes
любовный гороскоп,499,1,com.Blogproger.Love_horoscope,Любовный гороскоп,Образ жизни,,,2026-07-29T18:37:24.503Z,https://www.rustore.ru/catalog/search?query=%D0%BB%D1%8E%D0%B1%D0%BE%D0%B2%D0%BD%D1%8B%D0%B9%20%D0%B3%D0%BE%D1%80%D0%BE%D1%81%D0%BA%D0%BE%D0%BF,https://www.rustore.ru/catalog/app/com.Blogproger.Love_horoscope
любовный гороскоп,499,2,com.lovehoroscope.app,Любовный гороскоп — отношения и чувства,Развлечения·Образ жизни,,,2026-07-29T18:37:24.503Z,https://www.rustore.ru/catalog/search?query=%D0%BB%D1%8E%D0%B1%D0%BE%D0%B2%D0%BD%D1%8B%D0%B9%20%D0%B3%D0%BE%D1%80%D0%BE%D1%81%D0%BA%D0%BE%D0%BF,https://www.rustore.ru/catalog/app/com.lovehoroscope.app
любовный гороскоп,499,3,ru.smartbear.programs.horoscopenew,Гороскоп на каждый день 2026. По дате рождения,Образ жизни,,,2026-07-29T18:37:24.503Z,https://www.rustore.ru/catalog/search?query=%D0%BB%D1%8E%D0%B1%D0%BE%D0%B2%D0%BD%D1%8B%D0%B9%20%D0%B3%D0%BE%D1%80%D0%BE%D1%81%D0%BA%D0%BE%D0%BF,https://www.rustore.ru/catalog/app/ru.smartbear.programs.horoscopenew
любовный гороскоп,499,4,ua.maksdenis.timeofbirth,Гороскоп Рождения,Образ жизни,,,2026-07-29T18:37:24.503Z,https://www.rustore.ru/catalog/search?query=%D0%BB%D1%8E%D0%B1%D0%BE%D0%B2%D0%BD%D1%8B%D0%B9%20%D0%B3%D0%BE%D1%80%D0%BE%D1%81%D0%BA%D0%BE%D0%BF,https://www.rustore.ru/catalog/app/ua.maksdenis.timeofbirth
любовный гороскоп,499,5,com.promobi.horo,Гороскоп,Образ жизни,,,2026-07-29T18:37:24.503Z,https://www.rustore.ru/catalog/search?query=%D0%BB%D1%8E%D0%B1%D0%BE%D0%B2%D0%BD%D1%8B%D0%B9%20%D0%B3%D0%BE%D1%80%D0%BE%D1%81%D0%BA%D0%BE%D0%BF,https://www.rustore.ru/catalog/app/com.promobi.horo
любовный гороскоп,499,6,com.Blogproger.Find_out_the_love_compatibility_of_zodiac_signs,Узнай любовную совместимость знаков зодиака,Образ жизни,,,2026-07-29T18:37:24.503Z,https://www.rustore.ru/catalog/search?query=%D0%BB%D1%8E%D0%B1%D0%BE%D0%B2%D0%BD%D1%8B%D0%B9%20%D0%B3%D0%BE%D1%80%D0%BE%D1%81%D0%BA%D0%BE%D0%BF,https://www.rustore.ru/catalog/app/com.Blogproger.Find_out_the_love_compatibility_of_zodiac_signs
любовный гороскоп,499,7,com.yufi.horoscope,Юфик Гороскоп на каждый день 2026!,Образ жизни,,,2026-07-29T18:37:24.503Z,https://www.rustore.ru/catalog/search?query=%D0%BB%D1%8E%D0%B1%D0%BE%D0%B2%D0%BD%D1%8B%D0%B9%20%D0%B3%D0%BE%D1%80%D0%BE%D1%81%D0%BA%D0%BE%D0%BF,https://www.rustore.ru/catalog/app/com.yufi.horoscope
любовный гороскоп,499,8,com.polysoftstudios.www.namelovetestcalculatorprank,Horoscope Love Test Prank,Образ жизни,,,2026-07-29T18:37:24.503Z,https://www.rustore.ru/catalog/search?query=%D0%BB%D1%8E%D0%B1%D0%BE%D0%B2%D0%BD%D1%8B%D0%B9%20%D0%B3%D0%BE%D1%80%D0%BE%D1%81%D0%BA%D0%BE%D0%BF,https://www.rustore.ru/catalog/app/com.polysoftstudios.www.namelovetestcalculatorprank
любовный гороскоп,499,9,com.sopelus.horoscope,"Гороскопы бесплатно, натальная карта",Образ жизни,,,2026-07-29T18:37:24.503Z,https://www.rustore.ru/catalog/search?query=%D0%BB%D1%8E%D0%B1%D0%BE%D0%B2%D0%BD%D1%8B%D0%B9%20%D0%B3%D0%BE%D1%80%D0%BE%D1%81%D0%BA%D0%BE%D0%BF,https://www.rustore.ru/catalog/app/com.sopelus.horoscope
любовный гороскоп,499,10,ru.yufic.horoscoperu,Ежедневный гороскоп - Yufic,Образ жизни,,,2026-07-29T18:37:24.503Z,https://www.rustore.ru/catalog/search?query=%D0%BB%D1%8E%D0%B1%D0%BE%D0%B2%D0%BD%D1%8B%D0%B9%20%D0%B3%D0%BE%D1%80%D0%BE%D1%81%D0%BA%D0%BE%D0%BF,https://www.rustore.ru/catalog/app/ru.yufic.horoscoperu
любовный гороскоп,499,11,com.foresko.dreambook,"Luna AI Сонник, Гороскоп, Дневник Cнов, Тoлкование",Образ жизни,,,2026-07-29T18:37:24.503Z,https://www.rustore.ru/catalog/search?query=%D0%BB%D1%8E%D0%B1%D0%BE%D0%B2%D0%BD%D1%8B%D0%B9%20%D0%B3%D0%BE%D1%80%D0%BE%D1%81%D0%BA%D0%BE%D0%BF,https://www.rustore.ru/catalog/app/com.foresko.dreambook
любовный гороскоп,499,12,com.pagestechnologies.zodiac,Гороскоп на каждый день,Образ жизни,,,2026-07-29T18:37:24.503Z,https://www.rustore.ru/catalog/search?query=%D0%BB%D1%8E%D0%B1%D0%BE%D0%B2%D0%BD%D1%8B%D0%B9%20%D0%B3%D0%BE%D1%80%D0%BE%D1%81%D0%BA%D0%BE%D0%BF,https://www.rustore.ru/catalog/app/com.pagestechnologies.zodiac
любовный гороскоп,499,13,com.female.horoscope,Женский гороскоп — любовь и гармония,Развлечения·Образ жизни,,,2026-07-29T18:37:24.503Z,https://www.rustore.ru/catalog/search?query=%D0%BB%D1%8E%D0%B1%D0%BE%D0%B2%D0%BD%D1%8B%D0%B9%20%D0%B3%D0%BE%D1%80%D0%BE%D1%81%D0%BA%D0%BE%D0%BF,https://www.rustore.ru/catalog/app/com.female.horoscope
любовный гороскоп,499,14,com.antonovka.horoscope,Гороскоп NOVA,Образ жизни,,,2026-07-29T18:37:24.503Z,https://www.rustore.ru/catalog/search?query=%D0%BB%D1%8E%D0%B1%D0%BE%D0%B2%D0%BD%D1%8B%D0%B9%20%D0%B3%D0%BE%D1%80%D0%BE%D1%81%D0%BA%D0%BE%D0%BF,https://www.rustore.ru/catalog/app/com.antonovka.horoscope
любовный гороскоп,499,15,com.grupoprecedo.horoscope,Гороскоп,Образ жизни,,,2026-07-29T18:37:24.503Z,https://www.rustore.ru/catalog/search?query=%D0%BB%D1%8E%D0%B1%D0%BE%D0%B2%D0%BD%D1%8B%D0%B9%20%D0%B3%D0%BE%D1%80%D0%BE%D1%81%D0%BA%D0%BE%D0%BF,https://www.rustore.ru/catalog/app/com.grupoprecedo.horoscope
любовный гороскоп,499,16,com.zylonix.horoscope,Гороскоп на каждый день - онлайн,Образ жизни,,,2026-07-29T18:37:24.503Z,https://www.rustore.ru/catalog/search?query=%D0%BB%D1%8E%D0%B1%D0%BE%D0%B2%D0%BD%D1%8B%D0%B9%20%D0%B3%D0%BE%D1%80%D0%BE%D1%81%D0%BA%D0%BE%D0%BF,https://www.rustore.ru/catalog/app/com.zylonix.horoscope
любовный гороскоп,499,17,ru.evgeniykim.aihoroscope,ИИ Гороскоп,Полезные инструменты·Образ жизни,,,2026-07-29T18:37:24.503Z,https://www.rustore.ru/catalog/search?query=%D0%BB%D1%8E%D0%B1%D0%BE%D0%B2%D0%BD%D1%8B%D0%B9%20%D0%B3%D0%BE%D1%80%D0%BE%D1%81%D0%BA%D0%BE%D0%BF,https://www.rustore.ru/catalog/app/ru.evgeniykim.aihoroscope
любовный гороскоп,499,18,com.vagasoft.horoscope.signs,Гороскоп,Образ жизни,,,2026-07-29T18:37:24.503Z,https://www.rustore.ru/catalog/search?query=%D0%BB%D1%8E%D0%B1%D0%BE%D0%B2%D0%BD%D1%8B%D0%B9%20%D0%B3%D0%BE%D1%80%D0%BE%D1%81%D0%BA%D0%BE%D0%BF,https://www.rustore.ru/catalog/app/com.vagasoft.horoscope.signs
любовный гороскоп,499,19,com.niami.niami_horoscope,"Гороскоп Niami: личный гороскоп, анализ и прогноз",Образ жизни·Развлечения,,,2026-07-29T18:37:24.503Z,https://www.rustore.ru/catalog/search?query=%D0%BB%D1%8E%D0%B1%D0%BE%D0%B2%D0%BD%D1%8B%D0%B9%20%D0%B3%D0%BE%D1%80%D0%BE%D1%81%D0%BA%D0%BE%D0%BF,https://www.rustore.ru/catalog/app/com.niami.niami_horoscope
любовный гороскоп,499,20,com.lavgoroskop.lav_goroskop,Лав Гороскоп,Образ жизни·Развлечения,,,2026-07-29T18:37:24.503Z,https://www.rustore.ru/catalog/search?query=%D0%BB%D1%8E%D0%B1%D0%BE%D0%B2%D0%BD%D1%8B%D0%B9%20%D0%B3%D0%BE%D1%80%D0%BE%D1%81%D0%BA%D0%BE%D0%BF,https://www.rustore.ru/catalog/app/com.lavgoroskop.lav_goroskop
астрологический прогноз,497,1,com.aiastrologer.app,"AI-Астролог, Таро, Астрология, Гороскоп, Астробот",Образ жизни,,,2026-07-29T18:37:26.324Z,https://www.rustore.ru/catalog/search?query=%D0%B0%D1%81%D1%82%D1%80%D0%BE%D0%BB%D0%BE%D0%B3%D0%B8%D1%87%D0%B5%D1%81%D0%BA%D0%B8%D0%B9%20%D0%BF%D1%80%D0%BE%D0%B3%D0%BD%D0%BE%D0%B7,https://www.rustore.ru/catalog/app/com.aiastrologer.app
астрологический прогноз,497,2,com.bytepace.horoscope,Мой Гороскоп и Таро - Мир Звезд,Образ жизни,,,2026-07-29T18:37:26.324Z,https://www.rustore.ru/catalog/search?query=%D0%B0%D1%81%D1%82%D1%80%D0%BE%D0%BB%D0%BE%D0%B3%D0%B8%D1%87%D0%B5%D1%81%D0%BA%D0%B8%D0%B9%20%D0%BF%D1%80%D0%BE%D0%B3%D0%BD%D0%BE%D0%B7,https://www.rustore.ru/catalog/app/com.bytepace.horoscope
астрологический прогноз,497,3,com.example.mysticalapp,Астрологический прогноз на день,Развлечения,,,2026-07-29T18:37:26.324Z,https://www.rustore.ru/catalog/search?query=%D0%B0%D1%81%D1%82%D1%80%D0%BE%D0%BB%D0%BE%D0%B3%D0%B8%D1%87%D0%B5%D1%81%D0%BA%D0%B8%D0%B9%20%D0%BF%D1%80%D0%BE%D0%B3%D0%BD%D0%BE%D0%B7,https://www.rustore.ru/catalog/app/com.example.mysticalapp
астрологический прогноз,497,4,com.sopelus.horoscope,"Гороскопы бесплатно, натальная карта",Образ жизни,,,2026-07-29T18:37:26.324Z,https://www.rustore.ru/catalog/search?query=%D0%B0%D1%81%D1%82%D1%80%D0%BE%D0%BB%D0%BE%D0%B3%D0%B8%D1%87%D0%B5%D1%81%D0%BA%D0%B8%D0%B9%20%D0%BF%D1%80%D0%BE%D0%B3%D0%BD%D0%BE%D0%B7,https://www.rustore.ru/catalog/app/com.sopelus.horoscope
астрологический прогноз,497,5,com.P.E.O.AxioNika,"Гороскоп, Нумерология, Совместимость: ИИ AxioNika",Развлечения·Образ жизни,,,2026-07-29T18:37:26.324Z,https://www.rustore.ru/catalog/search?query=%D0%B0%D1%81%D1%82%D1%80%D0%BE%D0%BB%D0%BE%D0%B3%D0%B8%D1%87%D0%B5%D1%81%D0%BA%D0%B8%D0%B9%20%D0%BF%D1%80%D0%BE%D0%B3%D0%BD%D0%BE%D0%B7,https://www.rustore.ru/catalog/app/com.P.E.O.AxioNika
астрологический прогноз,497,6,ru.yufic.horoscoperu,Ежедневный гороскоп - Yufic,Образ жизни,,,2026-07-29T18:37:26.324Z,https://www.rustore.ru/catalog/search?query=%D0%B0%D1%81%D1%82%D1%80%D0%BE%D0%BB%D0%BE%D0%B3%D0%B8%D1%87%D0%B5%D1%81%D0%BA%D0%B8%D0%B9%20%D0%BF%D1%80%D0%BE%D0%B3%D0%BD%D0%BE%D0%B7,https://www.rustore.ru/catalog/app/ru.yufic.horoscoperu
астрологический прогноз,497,7,com.zylonix.horoscope,Гороскоп на каждый день - онлайн,Образ жизни,,,2026-07-29T18:37:26.324Z,https://www.rustore.ru/catalog/search?query=%D0%B0%D1%81%D1%82%D1%80%D0%BE%D0%BB%D0%BE%D0%B3%D0%B8%D1%87%D0%B5%D1%81%D0%BA%D0%B8%D0%B9%20%D0%BF%D1%80%D0%BE%D0%B3%D0%BD%D0%BE%D0%B7,https://www.rustore.ru/catalog/app/com.zylonix.horoscope
астрологический прогноз,497,8,com.user75.numerology2,Numia: Гороскоп и астрология,Образ жизни,,,2026-07-29T18:37:26.324Z,https://www.rustore.ru/catalog/search?query=%D0%B0%D1%81%D1%82%D1%80%D0%BE%D0%BB%D0%BE%D0%B3%D0%B8%D1%87%D0%B5%D1%81%D0%BA%D0%B8%D0%B9%20%D0%BF%D1%80%D0%BE%D0%B3%D0%BD%D0%BE%D0%B7,https://www.rustore.ru/catalog/app/com.user75.numerology2
астрологический прогноз,497,9,com.special_algorithmic_systems.engm_personal,Астрокалендарь ENIGMATA. Ежедневный гороскоп,Полезные инструменты·Образ жизни,,,2026-07-29T18:37:26.324Z,https://www.rustore.ru/catalog/search?query=%D0%B0%D1%81%D1%82%D1%80%D0%BE%D0%BB%D0%BE%D0%B3%D0%B8%D1%87%D0%B5%D1%81%D0%BA%D0%B8%D0%B9%20%D0%BF%D1%80%D0%BE%D0%B3%D0%BD%D0%BE%D0%B7,https://www.rustore.ru/catalog/app/com.special_algorithmic_systems.engm_personal
астрологический прогноз,497,10,calendar.good.day,Гороскоп и лунный календарь Norbu,Образ жизни,,,2026-07-29T18:37:26.324Z,https://www.rustore.ru/catalog/search?query=%D0%B0%D1%81%D1%82%D1%80%D0%BE%D0%BB%D0%BE%D0%B3%D0%B8%D1%87%D0%B5%D1%81%D0%BA%D0%B8%D0%B9%20%D0%BF%D1%80%D0%BE%D0%B3%D0%BD%D0%BE%D0%B7,https://www.rustore.ru/catalog/app/calendar.good.day
астрологический прогноз,497,11,com.foresko.horoscopes,Гороскоп на каждый день: Астрология & Гороскопы,Образ жизни,,,2026-07-29T18:37:26.324Z,https://www.rustore.ru/catalog/search?query=%D0%B0%D1%81%D1%82%D1%80%D0%BE%D0%BB%D0%BE%D0%B3%D0%B8%D1%87%D0%B5%D1%81%D0%BA%D0%B8%D0%B9%20%D0%BF%D1%80%D0%BE%D0%B3%D0%BD%D0%BE%D0%B7,https://www.rustore.ru/catalog/app/com.foresko.horoscopes
астрологический прогноз,497,12,com.example.astrology,Sky Calendar 2025,Образ жизни,,,2026-07-29T18:37:26.324Z,https://www.rustore.ru/catalog/search?query=%D0%B0%D1%81%D1%82%D1%80%D0%BE%D0%BB%D0%BE%D0%B3%D0%B8%D1%87%D0%B5%D1%81%D0%BA%D0%B8%D0%B9%20%D0%BF%D1%80%D0%BE%D0%B3%D0%BD%D0%BE%D0%B7,https://www.rustore.ru/catalog/app/com.example.astrology
астрологический прогноз,497,13,scorpio.daily.horoscopes,"СКОРПИОН Гороскоп сегодня, завтра и на каждый день",Образ жизни,,,2026-07-29T18:37:26.324Z,https://www.rustore.ru/catalog/search?query=%D0%B0%D1%81%D1%82%D1%80%D0%BE%D0%BB%D0%BE%D0%B3%D0%B8%D1%87%D0%B5%D1%81%D0%BA%D0%B8%D0%B9%20%D0%BF%D1%80%D0%BE%D0%B3%D0%BD%D0%BE%D0%B7,https://www.rustore.ru/catalog/app/scorpio.daily.horoscopes
астрологический прогноз,497,14,com.apm2studio.horoscope,Astronym - Личный гороскоп,Образ жизни,,,2026-07-29T18:37:26.324Z,https://www.rustore.ru/catalog/search?query=%D0%B0%D1%81%D1%82%D1%80%D0%BE%D0%BB%D0%BE%D0%B3%D0%B8%D1%87%D0%B5%D1%81%D0%BA%D0%B8%D0%B9%20%D0%BF%D1%80%D0%BE%D0%B3%D0%BD%D0%BE%D0%B7,https://www.rustore.ru/catalog/app/com.apm2studio.horoscope
астрологический прогноз,497,15,ae.stargaz.app,Stargaze Гороскоп и Астрология,Образ жизни,,,2026-07-29T18:37:26.324Z,https://www.rustore.ru/catalog/search?query=%D0%B0%D1%81%D1%82%D1%80%D0%BE%D0%BB%D0%BE%D0%B3%D0%B8%D1%87%D0%B5%D1%81%D0%BA%D0%B8%D0%B9%20%D0%BF%D1%80%D0%BE%D0%B3%D0%BD%D0%BE%D0%B7,https://www.rustore.ru/catalog/app/ae.stargaz.app
астрологический прогноз,497,16,aquarius.daily.horoscopes,"ВОДОЛЕЙ Гороскоп на сегодня, завтра и каждый день",Образ жизни,,,2026-07-29T18:37:26.324Z,https://www.rustore.ru/catalog/search?query=%D0%B0%D1%81%D1%82%D1%80%D0%BE%D0%BB%D0%BE%D0%B3%D0%B8%D1%87%D0%B5%D1%81%D0%BA%D0%B8%D0%B9%20%D0%BF%D1%80%D0%BE%D0%B3%D0%BD%D0%BE%D0%B7,https://www.rustore.ru/catalog/app/aquarius.daily.horoscopes
астрологический прогноз,497,17,daily.horoscope.face,Ежедневный гороскоп,Образ жизни,,,2026-07-29T18:37:26.324Z,https://www.rustore.ru/catalog/search?query=%D0%B0%D1%81%D1%82%D1%80%D0%BE%D0%BB%D0%BE%D0%B3%D0%B8%D1%87%D0%B5%D1%81%D0%BA%D0%B8%D0%B9%20%D0%BF%D1%80%D0%BE%D0%B3%D0%BD%D0%BE%D0%B7,https://www.rustore.ru/catalog/app/daily.horoscope.face
астрологический прогноз,497,18,com.vagasoft.horoscope.signs,Гороскоп,Образ жизни,,,2026-07-29T18:37:26.324Z,https://www.rustore.ru/catalog/search?query=%D0%B0%D1%81%D1%82%D1%80%D0%BE%D0%BB%D0%BE%D0%B3%D0%B8%D1%87%D0%B5%D1%81%D0%BA%D0%B8%D0%B9%20%D0%BF%D1%80%D0%BE%D0%B3%D0%BD%D0%BE%D0%B7,https://www.rustore.ru/catalog/app/com.vagasoft.horoscope.signs
астрологический прогноз,497,19,cancer.daily.horoscopes,"РАК Гороскоп на сегодня, завтра и на каждый день",Образ жизни,,,2026-07-29T18:37:26.324Z,https://www.rustore.ru/catalog/search?query=%D0%B0%D1%81%D1%82%D1%80%D0%BE%D0%BB%D0%BE%D0%B3%D0%B8%D1%87%D0%B5%D1%81%D0%BA%D0%B8%D0%B9%20%D0%BF%D1%80%D0%BE%D0%B3%D0%BD%D0%BE%D0%B7,https://www.rustore.ru/catalog/app/cancer.daily.horoscopes
астрологический прогноз,497,20,leo.daily.horoscopes,"ЛЕВ Гороскоп на сегодня, завтра и на каждый день",Образ жизни,,,2026-07-29T18:37:26.324Z,https://www.rustore.ru/catalog/search?query=%D0%B0%D1%81%D1%82%D1%80%D0%BE%D0%BB%D0%BE%D0%B3%D0%B8%D1%87%D0%B5%D1%81%D0%BA%D0%B8%D0%B9%20%D0%BF%D1%80%D0%BE%D0%B3%D0%BD%D0%BE%D0%B7,https://www.rustore.ru/catalog/app/leo.daily.horoscopes
персональный прогноз,494,1,com.niami.niami_horoscope,"Гороскоп Niami: личный гороскоп, анализ и прогноз",Образ жизни·Развлечения,,,2026-07-29T18:37:27.478Z,https://www.rustore.ru/catalog/search?query=%D0%BF%D0%B5%D1%80%D1%81%D0%BE%D0%BD%D0%B0%D0%BB%D1%8C%D0%BD%D1%8B%D0%B9%20%D0%BF%D1%80%D0%BE%D0%B3%D0%BD%D0%BE%D0%B7,https://www.rustore.ru/catalog/app/com.niami.niami_horoscope
персональный прогноз,494,2,ru.matrixprofi.faybrognoz,Прогноз на день по Матрице судьбы,Образ жизни·Образование,,,2026-07-29T18:37:27.478Z,https://www.rustore.ru/catalog/search?query=%D0%BF%D0%B5%D1%80%D1%81%D0%BE%D0%BD%D0%B0%D0%BB%D1%8C%D0%BD%D1%8B%D0%B9%20%D0%BF%D1%80%D0%BE%D0%B3%D0%BD%D0%BE%D0%B7,https://www.rustore.ru/catalog/app/ru.matrixprofi.faybrognoz
персональный прогноз,494,3,com.example.flutter_horoscope,Персональный гороскоп,Образ жизни,,,2026-07-29T18:37:27.478Z,https://www.rustore.ru/catalog/search?query=%D0%BF%D0%B5%D1%80%D1%81%D0%BE%D0%BD%D0%B0%D0%BB%D1%8C%D0%BD%D1%8B%D0%B9%20%D0%BF%D1%80%D0%BE%D0%B3%D0%BD%D0%BE%D0%B7,https://www.rustore.ru/catalog/app/com.example.flutter_horoscope
персональный прогноз,494,4,com.ttg.predskazaniyagadaniya2,Гороскоп на сегодня и совместимость,Развлечения·Образ жизни,,,2026-07-29T18:37:27.478Z,https://www.rustore.ru/catalog/search?query=%D0%BF%D0%B5%D1%80%D1%81%D0%BE%D0%BD%D0%B0%D0%BB%D1%8C%D0%BD%D1%8B%D0%B9%20%D0%BF%D1%80%D0%BE%D0%B3%D0%BD%D0%BE%D0%B7,https://www.rustore.ru/catalog/app/com.ttg.predskazaniyagadaniya2
персональный прогноз,494,5,ru.mynatalchart.app,Натальная карта рассчитать с расшифровкой онлайн,Образ жизни,,,2026-07-29T18:37:27.478Z,https://www.rustore.ru/catalog/search?query=%D0%BF%D0%B5%D1%80%D1%81%D0%BE%D0%BD%D0%B0%D0%BB%D1%8C%D0%BD%D1%8B%D0%B9%20%D0%BF%D1%80%D0%BE%D0%B3%D0%BD%D0%BE%D0%B7,https://www.rustore.ru/catalog/app/ru.mynatalchart.app
персональный прогноз,494,6,com.redev111.tarot,Таро судьбы,Образ жизни,,,2026-07-29T18:37:27.478Z,https://www.rustore.ru/catalog/search?query=%D0%BF%D0%B5%D1%80%D1%81%D0%BE%D0%BD%D0%B0%D0%BB%D1%8C%D0%BD%D1%8B%D0%B9%20%D0%BF%D1%80%D0%BE%D0%B3%D0%BD%D0%BE%D0%B7,https://www.rustore.ru/catalog/app/com.redev111.tarot
персональный прогноз,494,7,com.prognosi.app.sport.ru,Прогнозы на спорт,Спорт,,,2026-07-29T18:37:27.478Z,https://www.rustore.ru/catalog/search?query=%D0%BF%D0%B5%D1%80%D1%81%D0%BE%D0%BD%D0%B0%D0%BB%D1%8C%D0%BD%D1%8B%D0%B9%20%D0%BF%D1%80%D0%BE%D0%B3%D0%BD%D0%BE%D0%B7,https://www.rustore.ru/catalog/app/com.prognosi.app.sport.ru
персональный прогноз,494,8,com.aiastrologer.app,"AI-Астролог, Таро, Астрология, Гороскоп, Астробот",Образ жизни,,,2026-07-29T18:37:27.478Z,https://www.rustore.ru/catalog/search?query=%D0%BF%D0%B5%D1%80%D1%81%D0%BE%D0%BD%D0%B0%D0%BB%D1%8C%D0%BD%D1%8B%D0%B9%20%D0%BF%D1%80%D0%BE%D0%B3%D0%BD%D0%BE%D0%B7,https://www.rustore.ru/catalog/app/com.aiastrologer.app
персональный прогноз,494,9,com.money.horoscope,Денежный гороскоп — прогноз дохода и удачи,Развлечения·Образ жизни,,,2026-07-29T18:37:27.478Z,https://www.rustore.ru/catalog/search?query=%D0%BF%D0%B5%D1%80%D1%81%D0%BE%D0%BD%D0%B0%D0%BB%D1%8C%D0%BD%D1%8B%D0%B9%20%D0%BF%D1%80%D0%BE%D0%B3%D0%BD%D0%BE%D0%B7,https://www.rustore.ru/catalog/app/com.money.horoscope
персональный прогноз,494,10,com.P.E.O.AxioNika,"Гороскоп, Нумерология, Совместимость: ИИ AxioNika",Развлечения·Образ жизни,,,2026-07-29T18:37:27.478Z,https://www.rustore.ru/catalog/search?query=%D0%BF%D0%B5%D1%80%D1%81%D0%BE%D0%BD%D0%B0%D0%BB%D1%8C%D0%BD%D1%8B%D0%B9%20%D0%BF%D1%80%D0%BE%D0%B3%D0%BD%D0%BE%D0%B7,https://www.rustore.ru/catalog/app/com.P.E.O.AxioNika
персональный прогноз,494,11,net.kosev.scoping,Гороскоп,Образ жизни,,,2026-07-29T18:37:27.478Z,https://www.rustore.ru/catalog/search?query=%D0%BF%D0%B5%D1%80%D1%81%D0%BE%D0%BD%D0%B0%D0%BB%D1%8C%D0%BD%D1%8B%D0%B9%20%D0%BF%D1%80%D0%BE%D0%B3%D0%BD%D0%BE%D0%B7,https://www.rustore.ru/catalog/app/net.kosev.scoping
персональный прогноз,494,12,com.astropersona,AstroPersona — твой гороскоп и натальная карта,Образ жизни,,,2026-07-29T18:37:27.478Z,https://www.rustore.ru/catalog/search?query=%D0%BF%D0%B5%D1%80%D1%81%D0%BE%D0%BD%D0%B0%D0%BB%D1%8C%D0%BD%D1%8B%D0%B9%20%D0%BF%D1%80%D0%BE%D0%B3%D0%BD%D0%BE%D0%B7,https://www.rustore.ru/catalog/app/com.astropersona
персональный прогноз,494,13,ru.astrolloai.app,Astrollo AI — натальная карта и гороскопы,Образ жизни,,,2026-07-29T18:37:27.478Z,https://www.rustore.ru/catalog/search?query=%D0%BF%D0%B5%D1%80%D1%81%D0%BE%D0%BD%D0%B0%D0%BB%D1%8C%D0%BD%D1%8B%D0%B9%20%D0%BF%D1%80%D0%BE%D0%B3%D0%BD%D0%BE%D0%B7,https://www.rustore.ru/catalog/app/ru.astrolloai.app
персональный прогноз,494,14,com.career.horoscope,Карьерный гороскоп — работа и успех,Развлечения·Образ жизни,,,2026-07-29T18:37:27.478Z,https://www.rustore.ru/catalog/search?query=%D0%BF%D0%B5%D1%80%D1%81%D0%BE%D0%BD%D0%B0%D0%BB%D1%8C%D0%BD%D1%8B%D0%B9%20%D0%BF%D1%80%D0%BE%D0%B3%D0%BD%D0%BE%D0%B7,https://www.rustore.ru/catalog/app/com.career.horoscope
персональный прогноз,494,15,com.vagasoft.horoscope.signs,Гороскоп,Образ жизни,,,2026-07-29T18:37:27.478Z,https://www.rustore.ru/catalog/search?query=%D0%BF%D0%B5%D1%80%D1%81%D0%BE%D0%BD%D0%B0%D0%BB%D1%8C%D0%BD%D1%8B%D0%B9%20%D0%BF%D1%80%D0%BE%D0%B3%D0%BD%D0%BE%D0%B7,https://www.rustore.ru/catalog/app/com.vagasoft.horoscope.signs
персональный прогноз,494,16,com.health.horoscope,Гороскоп здоровья — самочувствие и энергия,Развлечения·Образ жизни,,,2026-07-29T18:37:27.478Z,https://www.rustore.ru/catalog/search?query=%D0%BF%D0%B5%D1%80%D1%81%D0%BE%D0%BD%D0%B0%D0%BB%D1%8C%D0%BD%D1%8B%D0%B9%20%D0%BF%D1%80%D0%BE%D0%B3%D0%BD%D0%BE%D0%B7,https://www.rustore.ru/catalog/app/com.health.horoscope
персональный прогноз,494,17,com.example.visionwise,VisionWise - Астрологический советник,Образ жизни,,,2026-07-29T18:37:27.478Z,https://www.rustore.ru/catalog/search?query=%D0%BF%D0%B5%D1%80%D1%81%D0%BE%D0%BD%D0%B0%D0%BB%D1%8C%D0%BD%D1%8B%D0%B9%20%D0%BF%D1%80%D0%BE%D0%B3%D0%BD%D0%BE%D0%B7,https://www.rustore.ru/catalog/app/com.example.visionwise
персональный прогноз,494,18,com.apm2studio.horoscope,Astronym - Личный гороскоп,Образ жизни,,,2026-07-29T18:37:27.478Z,https://www.rustore.ru/catalog/search?query=%D0%BF%D0%B5%D1%80%D1%81%D0%BE%D0%BD%D0%B0%D0%BB%D1%8C%D0%BD%D1%8B%D0%B9%20%D0%BF%D1%80%D0%BE%D0%B3%D0%BD%D0%BE%D0%B7,https://www.rustore.ru/catalog/app/com.apm2studio.horoscope
персональный прогноз,494,19,com.rodkin.horoscopetodayai,Гороскоп на сегодня,Образ жизни,,,2026-07-29T18:37:27.478Z,https://www.rustore.ru/catalog/search?query=%D0%BF%D0%B5%D1%80%D1%81%D0%BE%D0%BD%D0%B0%D0%BB%D1%8C%D0%BD%D1%8B%D0%B9%20%D0%BF%D1%80%D0%BE%D0%B3%D0%BD%D0%BE%D0%B7,https://www.rustore.ru/catalog/app/com.rodkin.horoscopetodayai
персональный прогноз,494,20,ru.rafaelmund.astro,Рафаэль Мунд Астро-гид,Образ жизни,,,2026-07-29T18:37:27.478Z,https://www.rustore.ru/catalog/search?query=%D0%BF%D0%B5%D1%80%D1%81%D0%BE%D0%BD%D0%B0%D0%BB%D1%8C%D0%BD%D1%8B%D0%B9%20%D0%BF%D1%80%D0%BE%D0%B3%D0%BD%D0%BE%D0%B7,https://www.rustore.ru/catalog/app/ru.rafaelmund.astro
знаки зодиака,498,1,com.techmynd.zodiacsignsbook.AOUYXAQRBOJCGRAEA,Книга Знаки Зодиака,Книги,,,2026-07-29T18:37:28.876Z,https://www.rustore.ru/catalog/search?query=%D0%B7%D0%BD%D0%B0%D0%BA%D0%B8%20%D0%B7%D0%BE%D0%B4%D0%B8%D0%B0%D0%BA%D0%B0,https://www.rustore.ru/catalog/app/com.techmynd.zodiacsignsbook.AOUYXAQRBOJCGRAEA
знаки зодиака,498,2,com.foresko.horoscopes,Гороскоп на каждый день: Астрология & Гороскопы,Образ жизни,,,2026-07-29T18:37:28.876Z,https://www.rustore.ru/catalog/search?query=%D0%B7%D0%BD%D0%B0%D0%BA%D0%B8%20%D0%B7%D0%BE%D0%B4%D0%B8%D0%B0%D0%BA%D0%B0,https://www.rustore.ru/catalog/app/com.foresko.horoscopes
знаки зодиака,498,3,com.zodiak.app,Совместимость знаков зодиака,Образ жизни,,,2026-07-29T18:37:28.876Z,https://www.rustore.ru/catalog/search?query=%D0%B7%D0%BD%D0%B0%D0%BA%D0%B8%20%D0%B7%D0%BE%D0%B4%D0%B8%D0%B0%D0%BA%D0%B0,https://www.rustore.ru/catalog/app/com.zodiak.app
знаки зодиака,498,4,com.zodiacmatch.app,Совместимость знаков зодиака - ZodiMatch,Образ жизни,,,2026-07-29T18:37:28.876Z,https://www.rustore.ru/catalog/search?query=%D0%B7%D0%BD%D0%B0%D0%BA%D0%B8%20%D0%B7%D0%BE%D0%B4%D0%B8%D0%B0%D0%BA%D0%B0,https://www.rustore.ru/catalog/app/com.zodiacmatch.app
знаки зодиака,498,5,ru.tismo.themes.zodiac_fakty,Факты о знаках зодиака,Образование·Образ жизни,,,2026-07-29T18:37:28.876Z,https://www.rustore.ru/catalog/search?query=%D0%B7%D0%BD%D0%B0%D0%BA%D0%B8%20%D0%B7%D0%BE%D0%B4%D0%B8%D0%B0%D0%BA%D0%B0,https://www.rustore.ru/catalog/app/ru.tismo.themes.zodiac_fakty
знаки зодиака,498,6,com.blackbirdwallpapers.neonzodiacsigns,Знаки Зодиака Живые Обои,Полезные инструменты,,,2026-07-29T18:37:28.876Z,https://www.rustore.ru/catalog/search?query=%D0%B7%D0%BD%D0%B0%D0%BA%D0%B8%20%D0%B7%D0%BE%D0%B4%D0%B8%D0%B0%D0%BA%D0%B0,https://www.rustore.ru/catalog/app/com.blackbirdwallpapers.neonzodiacsigns
знаки зодиака,498,7,com.notisplay.goroskop,Гороскоп: Совместимость Знаков Зодиака,Образ жизни,,,2026-07-29T18:37:28.876Z,https://www.rustore.ru/catalog/search?query=%D0%B7%D0%BD%D0%B0%D0%BA%D0%B8%20%D0%B7%D0%BE%D0%B4%D0%B8%D0%B0%D0%BA%D0%B0,https://www.rustore.ru/catalog/app/com.notisplay.goroskop
знаки зодиака,498,8,com.zylonix.horoscope,Гороскоп на каждый день - онлайн,Образ жизни,,,2026-07-29T18:37:28.876Z,https://www.rustore.ru/catalog/search?query=%D0%B7%D0%BD%D0%B0%D0%BA%D0%B8%20%D0%B7%D0%BE%D0%B4%D0%B8%D0%B0%D0%BA%D0%B0,https://www.rustore.ru/catalog/app/com.zylonix.horoscope
знаки зодиака,498,9,cancer.daily.horoscopes,"РАК Гороскоп на сегодня, завтра и на каждый день",Образ жизни,,,2026-07-29T18:37:28.876Z,https://www.rustore.ru/catalog/search?query=%D0%B7%D0%BD%D0%B0%D0%BA%D0%B8%20%D0%B7%D0%BE%D0%B4%D0%B8%D0%B0%D0%BA%D0%B0,https://www.rustore.ru/catalog/app/cancer.daily.horoscopes
знаки зодиака,498,10,com.foresko.dreambook,"Luna AI Сонник, Гороскоп, Дневник Cнов, Тoлкование",Образ жизни,,,2026-07-29T18:37:28.876Z,https://www.rustore.ru/catalog/search?query=%D0%B7%D0%BD%D0%B0%D0%BA%D0%B8%20%D0%B7%D0%BE%D0%B4%D0%B8%D0%B0%D0%BA%D0%B0,https://www.rustore.ru/catalog/app/com.foresko.dreambook
знаки зодиака,498,11,ru.mail.horo.android,Гороскопы,Образ жизни,,,2026-07-29T18:37:28.876Z,https://www.rustore.ru/catalog/search?query=%D0%B7%D0%BD%D0%B0%D0%BA%D0%B8%20%D0%B7%D0%BE%D0%B4%D0%B8%D0%B0%D0%BA%D0%B0,https://www.rustore.ru/catalog/app/ru.mail.horo.android
знаки зодиака,498,12,ru.tismo.themes.zodiac_otn,Как строить отношения с разными знаками зодиака,Образ жизни,,,2026-07-29T18:37:28.876Z,https://www.rustore.ru/catalog/search?query=%D0%B7%D0%BD%D0%B0%D0%BA%D0%B8%20%D0%B7%D0%BE%D0%B4%D0%B8%D0%B0%D0%BA%D0%B0,https://www.rustore.ru/catalog/app/ru.tismo.themes.zodiac_otn
знаки зодиака,498,13,com.example.flutter_horoscope,Персональный гороскоп,Образ жизни,,,2026-07-29T18:37:28.876Z,https://www.rustore.ru/catalog/search?query=%D0%B7%D0%BD%D0%B0%D0%BA%D0%B8%20%D0%B7%D0%BE%D0%B4%D0%B8%D0%B0%D0%BA%D0%B0,https://www.rustore.ru/catalog/app/com.example.flutter_horoscope
знаки зодиака,498,14,com.horoscope.daily,Ежедневный гороскоп — знаки зодиака,Развлечения,,,2026-07-29T18:37:28.876Z,https://www.rustore.ru/catalog/search?query=%D0%B7%D0%BD%D0%B0%D0%BA%D0%B8%20%D0%B7%D0%BE%D0%B4%D0%B8%D0%B0%D0%BA%D0%B0,https://www.rustore.ru/catalog/app/com.horoscope.daily
знаки зодиака,498,15,com.aiastrologer.app,"AI-Астролог, Таро, Астрология, Гороскоп, Астробот",Образ жизни,,,2026-07-29T18:37:28.876Z,https://www.rustore.ru/catalog/search?query=%D0%B7%D0%BD%D0%B0%D0%BA%D0%B8%20%D0%B7%D0%BE%D0%B4%D0%B8%D0%B0%D0%BA%D0%B0,https://www.rustore.ru/catalog/app/com.aiastrologer.app
знаки зодиака,498,16,com.koshina.zodiacssigns_compatibility,Совместимость по знаку зодиака,Развлечения,,,2026-07-29T18:37:28.876Z,https://www.rustore.ru/catalog/search?query=%D0%B7%D0%BD%D0%B0%D0%BA%D0%B8%20%D0%B7%D0%BE%D0%B4%D0%B8%D0%B0%D0%BA%D0%B0,https://www.rustore.ru/catalog/app/com.koshina.zodiacssigns_compatibility
знаки зодиака,498,17,ru.tismo.themes.zodiac_vlij,Как влиять на свой знак зодиака,Образ жизни,,,2026-07-29T18:37:28.876Z,https://www.rustore.ru/catalog/search?query=%D0%B7%D0%BD%D0%B0%D0%BA%D0%B8%20%D0%B7%D0%BE%D0%B4%D0%B8%D0%B0%D0%BA%D0%B0,https://www.rustore.ru/catalog/app/ru.tismo.themes.zodiac_vlij
знаки зодиака,498,18,aquarius.daily.horoscopes,"ВОДОЛЕЙ Гороскоп на сегодня, завтра и каждый день",Образ жизни,,,2026-07-29T18:37:28.876Z,https://www.rustore.ru/catalog/search?query=%D0%B7%D0%BD%D0%B0%D0%BA%D0%B8%20%D0%B7%D0%BE%D0%B4%D0%B8%D0%B0%D0%BA%D0%B0,https://www.rustore.ru/catalog/app/aquarius.daily.horoscopes
знаки зодиака,498,19,sagittarius.daily.horoscopes,"СТРЕЛЕЦ Гороскоп на сегодня, завтра и каждый день",Образ жизни,,,2026-07-29T18:37:28.876Z,https://www.rustore.ru/catalog/search?query=%D0%B7%D0%BD%D0%B0%D0%BA%D0%B8%20%D0%B7%D0%BE%D0%B4%D0%B8%D0%B0%D0%BA%D0%B0,https://www.rustore.ru/catalog/app/sagittarius.daily.horoscopes
знаки зодиака,498,20,com.user75.numerology2,Numia: Гороскоп и астрология,Образ жизни,,,2026-07-29T18:37:28.876Z,https://www.rustore.ru/catalog/search?query=%D0%B7%D0%BD%D0%B0%D0%BA%D0%B8%20%D0%B7%D0%BE%D0%B4%D0%B8%D0%B0%D0%BA%D0%B0,https://www.rustore.ru/catalog/app/com.user75.numerology2
натальная карта,489,1,com.natalchart.natalchartapp,Натальная карта,Образ жизни,,,2026-07-29T18:37:30.117Z,https://www.rustore.ru/catalog/search?query=%D0%BD%D0%B0%D1%82%D0%B0%D0%BB%D1%8C%D0%BD%D0%B0%D1%8F%20%D0%BA%D0%B0%D1%80%D1%82%D0%B0,https://www.rustore.ru/catalog/app/com.natalchart.natalchartapp
натальная карта,489,2,ru.mynatalchart.app,Натальная карта рассчитать с расшифровкой онлайн,Образ жизни,,,2026-07-29T18:37:30.117Z,https://www.rustore.ru/catalog/search?query=%D0%BD%D0%B0%D1%82%D0%B0%D0%BB%D1%8C%D0%BD%D0%B0%D1%8F%20%D0%BA%D0%B0%D1%80%D1%82%D0%B0,https://www.rustore.ru/catalog/app/ru.mynatalchart.app
натальная карта,489,3,com.matricasudbu.app.astro,Натальная карта. Астрология. Матрица Судьбы,Образ жизни·Развлечения,,,2026-07-29T18:37:30.117Z,https://www.rustore.ru/catalog/search?query=%D0%BD%D0%B0%D1%82%D0%B0%D0%BB%D1%8C%D0%BD%D0%B0%D1%8F%20%D0%BA%D0%B0%D1%80%D1%82%D0%B0,https://www.rustore.ru/catalog/app/com.matricasudbu.app.astro
натальная карта,489,4,ru.astreya.app,"Астрея: гороскоп, натальная карта, таро",Образ жизни,,,2026-07-29T18:37:30.117Z,https://www.rustore.ru/catalog/search?query=%D0%BD%D0%B0%D1%82%D0%B0%D0%BB%D1%8C%D0%BD%D0%B0%D1%8F%20%D0%BA%D0%B0%D1%80%D1%82%D0%B0,https://www.rustore.ru/catalog/app/ru.astreya.app
натальная карта,489,5,com.special_algorithmic_systems.engm_personal,Астрокалендарь ENIGMATA. Ежедневный гороскоп,Полезные инструменты·Образ жизни,,,2026-07-29T18:37:30.117Z,https://www.rustore.ru/catalog/search?query=%D0%BD%D0%B0%D1%82%D0%B0%D0%BB%D1%8C%D0%BD%D0%B0%D1%8F%20%D0%BA%D0%B0%D1%80%D1%82%D0%B0,https://www.rustore.ru/catalog/app/com.special_algorithmic_systems.engm_personal
натальная карта,489,6,com.aiastrologer.app,"AI-Астролог, Таро, Астрология, Гороскоп, Астробот",Образ жизни,,,2026-07-29T18:37:30.117Z,https://www.rustore.ru/catalog/search?query=%D0%BD%D0%B0%D1%82%D0%B0%D0%BB%D1%8C%D0%BD%D0%B0%D1%8F%20%D0%BA%D0%B0%D1%80%D1%82%D0%B0,https://www.rustore.ru/catalog/app/com.aiastrologer.app
натальная карта,489,7,ru.astrolloai.app,Astrollo AI — натальная карта и гороскопы,Образ жизни,,,2026-07-29T18:37:30.117Z,https://www.rustore.ru/catalog/search?query=%D0%BD%D0%B0%D1%82%D0%B0%D0%BB%D1%8C%D0%BD%D0%B0%D1%8F%20%D0%BA%D0%B0%D1%80%D1%82%D0%B0,https://www.rustore.ru/catalog/app/ru.astrolloai.app
натальная карта,489,8,ru.neurodzen.app,"Нейродзен — Натальная Карта, Гороскоп, Астрология",Развлечения·Образ жизни,,,2026-07-29T18:37:30.117Z,https://www.rustore.ru/catalog/search?query=%D0%BD%D0%B0%D1%82%D0%B0%D0%BB%D1%8C%D0%BD%D0%B0%D1%8F%20%D0%BA%D0%B0%D1%80%D1%82%D0%B0,https://www.rustore.ru/catalog/app/ru.neurodzen.app
натальная карта,489,9,ru.astro.chartslite,Астрологические Карты Lite,Образ жизни,,,2026-07-29T18:37:30.117Z,https://www.rustore.ru/catalog/search?query=%D0%BD%D0%B0%D1%82%D0%B0%D0%BB%D1%8C%D0%BD%D0%B0%D1%8F%20%D0%BA%D0%B0%D1%80%D1%82%D0%B0,https://www.rustore.ru/catalog/app/ru.astro.chartslite
натальная карта,489,10,com.birth.chart.natal.horoscope.astrology.tarot,Натальная карта - AstroChart,Образ жизни,,,2026-07-29T18:37:30.117Z,https://www.rustore.ru/catalog/search?query=%D0%BD%D0%B0%D1%82%D0%B0%D0%BB%D1%8C%D0%BD%D0%B0%D1%8F%20%D0%BA%D0%B0%D1%80%D1%82%D0%B0,https://www.rustore.ru/catalog/app/com.birth.chart.natal.horoscope.astrology.tarot
натальная карта,489,11,com.semnon.astrovfr,AstroVizor,Образ жизни,,,2026-07-29T18:37:30.117Z,https://www.rustore.ru/catalog/search?query=%D0%BD%D0%B0%D1%82%D0%B0%D0%BB%D1%8C%D0%BD%D0%B0%D1%8F%20%D0%BA%D0%B0%D1%80%D1%82%D0%B0,https://www.rustore.ru/catalog/app/com.semnon.astrovfr
натальная карта,489,12,com.astropersona,AstroPersona — твой гороскоп и натальная карта,Образ жизни,,,2026-07-29T18:37:30.117Z,https://www.rustore.ru/catalog/search?query=%D0%BD%D0%B0%D1%82%D0%B0%D0%BB%D1%8C%D0%BD%D0%B0%D1%8F%20%D0%BA%D0%B0%D1%80%D1%82%D0%B0,https://www.rustore.ru/catalog/app/com.astropersona
натальная карта,489,13,com.sopelus.horoscope,"Гороскопы бесплатно, натальная карта",Образ жизни,,,2026-07-29T18:37:30.117Z,https://www.rustore.ru/catalog/search?query=%D0%BD%D0%B0%D1%82%D0%B0%D0%BB%D1%8C%D0%BD%D0%B0%D1%8F%20%D0%BA%D0%B0%D1%80%D1%82%D0%B0,https://www.rustore.ru/catalog/app/com.sopelus.horoscope
натальная карта,489,14,ru.z9games.astroscope,АстроСкоп: гороскоп и натальная карта,Образ жизни,,,2026-07-29T18:37:30.117Z,https://www.rustore.ru/catalog/search?query=%D0%BD%D0%B0%D1%82%D0%B0%D0%BB%D1%8C%D0%BD%D0%B0%D1%8F%20%D0%BA%D0%B0%D1%80%D1%82%D0%B0,https://www.rustore.ru/catalog/app/ru.z9games.astroscope
натальная карта,489,15,com.dixtalescat.astrocode,АстроКод: натальная карта,Образ жизни·Развлечения,,,2026-07-29T18:37:30.117Z,https://www.rustore.ru/catalog/search?query=%D0%BD%D0%B0%D1%82%D0%B0%D0%BB%D1%8C%D0%BD%D0%B0%D1%8F%20%D0%BA%D0%B0%D1%80%D1%82%D0%B0,https://www.rustore.ru/catalog/app/com.dixtalescat.astrocode
натальная карта,489,16,ru.astrostar.yakuba.android,"AstroStar: Гороскопы, Астрология, Натальная карта",Образ жизни,,,2026-07-29T18:37:30.117Z,https://www.rustore.ru/catalog/search?query=%D0%BD%D0%B0%D1%82%D0%B0%D0%BB%D1%8C%D0%BD%D0%B0%D1%8F%20%D0%BA%D0%B0%D1%80%D1%82%D0%B0,https://www.rustore.ru/catalog/app/ru.astrostar.yakuba.android
натальная карта,489,17,com.kundalini.astroapp,Анима: Натальная карта и совместимость,Образ жизни,,,2026-07-29T18:37:30.117Z,https://www.rustore.ru/catalog/search?query=%D0%BD%D0%B0%D1%82%D0%B0%D0%BB%D1%8C%D0%BD%D0%B0%D1%8F%20%D0%BA%D0%B0%D1%80%D1%82%D0%B0,https://www.rustore.ru/catalog/app/com.kundalini.astroapp
натальная карта,489,18,com.natalis.flutter_app,Natalist,Образ жизни,,,2026-07-29T18:37:30.117Z,https://www.rustore.ru/catalog/search?query=%D0%BD%D0%B0%D1%82%D0%B0%D0%BB%D1%8C%D0%BD%D0%B0%D1%8F%20%D0%BA%D0%B0%D1%80%D1%82%D0%B0,https://www.rustore.ru/catalog/app/com.natalis.flutter_app
натальная карта,489,19,ru.astrai.app,AstrAi — натальная карта и гороскоп,Образ жизни,,,2026-07-29T18:37:30.117Z,https://www.rustore.ru/catalog/search?query=%D0%BD%D0%B0%D1%82%D0%B0%D0%BB%D1%8C%D0%BD%D0%B0%D1%8F%20%D0%BA%D0%B0%D1%80%D1%82%D0%B0,https://www.rustore.ru/catalog/app/ru.astrai.app
натальная карта,489,20,com.fateai.app,"Гороскоп, Таро, Сонник, Натальная карта Fate AI",Образ жизни,,,2026-07-29T18:37:30.117Z,https://www.rustore.ru/catalog/search?query=%D0%BD%D0%B0%D1%82%D0%B0%D0%BB%D1%8C%D0%BD%D0%B0%D1%8F%20%D0%BA%D0%B0%D1%80%D1%82%D0%B0,https://www.rustore.ru/catalog/app/com.fateai.app
натальная карта бесплатно,491,1,ru.mynatalchart.app,Натальная карта рассчитать с расшифровкой онлайн,Образ жизни,,,2026-07-29T18:37:31.588Z,https://www.rustore.ru/catalog/search?query=%D0%BD%D0%B0%D1%82%D0%B0%D0%BB%D1%8C%D0%BD%D0%B0%D1%8F%20%D0%BA%D0%B0%D1%80%D1%82%D0%B0%20%D0%B1%D0%B5%D1%81%D0%BF%D0%BB%D0%B0%D1%82%D0%BD%D0%BE,https://www.rustore.ru/catalog/app/ru.mynatalchart.app
натальная карта бесплатно,491,2,com.birth.chart.natal.horoscope.astrology.tarot,Натальная карта - AstroChart,Образ жизни,,,2026-07-29T18:37:31.588Z,https://www.rustore.ru/catalog/search?query=%D0%BD%D0%B0%D1%82%D0%B0%D0%BB%D1%8C%D0%BD%D0%B0%D1%8F%20%D0%BA%D0%B0%D1%80%D1%82%D0%B0%20%D0%B1%D0%B5%D1%81%D0%BF%D0%BB%D0%B0%D1%82%D0%BD%D0%BE,https://www.rustore.ru/catalog/app/com.birth.chart.natal.horoscope.astrology.tarot
натальная карта бесплатно,491,3,com.sopelus.horoscope,"Гороскопы бесплатно, натальная карта",Образ жизни,,,2026-07-29T18:37:31.588Z,https://www.rustore.ru/catalog/search?query=%D0%BD%D0%B0%D1%82%D0%B0%D0%BB%D1%8C%D0%BD%D0%B0%D1%8F%20%D0%BA%D0%B0%D1%80%D1%82%D0%B0%20%D0%B1%D0%B5%D1%81%D0%BF%D0%BB%D0%B0%D1%82%D0%BD%D0%BE,https://www.rustore.ru/catalog/app/com.sopelus.horoscope
натальная карта бесплатно,491,4,com.dixtalescat.astrocode,АстроКод: натальная карта,Образ жизни·Развлечения,,,2026-07-29T18:37:31.588Z,https://www.rustore.ru/catalog/search?query=%D0%BD%D0%B0%D1%82%D0%B0%D0%BB%D1%8C%D0%BD%D0%B0%D1%8F%20%D0%BA%D0%B0%D1%80%D1%82%D0%B0%20%D0%B1%D0%B5%D1%81%D0%BF%D0%BB%D0%B0%D1%82%D0%BD%D0%BE,https://www.rustore.ru/catalog/app/com.dixtalescat.astrocode
натальная карта бесплатно,491,5,ru.neurodzen.app,"Нейродзен — Натальная Карта, Гороскоп, Астрология",Развлечения·Образ жизни,,,2026-07-29T18:37:31.588Z,https://www.rustore.ru/catalog/search?query=%D0%BD%D0%B0%D1%82%D0%B0%D0%BB%D1%8C%D0%BD%D0%B0%D1%8F%20%D0%BA%D0%B0%D1%80%D1%82%D0%B0%20%D0%B1%D0%B5%D1%81%D0%BF%D0%BB%D0%B0%D1%82%D0%BD%D0%BE,https://www.rustore.ru/catalog/app/ru.neurodzen.app
натальная карта бесплатно,491,6,com.natalchart.natalchartapp,Натальная карта,Образ жизни,,,2026-07-29T18:37:31.588Z,https://www.rustore.ru/catalog/search?query=%D0%BD%D0%B0%D1%82%D0%B0%D0%BB%D1%8C%D0%BD%D0%B0%D1%8F%20%D0%BA%D0%B0%D1%80%D1%82%D0%B0%20%D0%B1%D0%B5%D1%81%D0%BF%D0%BB%D0%B0%D1%82%D0%BD%D0%BE,https://www.rustore.ru/catalog/app/com.natalchart.natalchartapp
натальная карта бесплатно,491,7,ru.astrolloai.app,Astrollo AI — натальная карта и гороскопы,Образ жизни,,,2026-07-29T18:37:31.588Z,https://www.rustore.ru/catalog/search?query=%D0%BD%D0%B0%D1%82%D0%B0%D0%BB%D1%8C%D0%BD%D0%B0%D1%8F%20%D0%BA%D0%B0%D1%80%D1%82%D0%B0%20%D0%B1%D0%B5%D1%81%D0%BF%D0%BB%D0%B0%D1%82%D0%BD%D0%BE,https://www.rustore.ru/catalog/app/ru.astrolloai.app
натальная карта бесплатно,491,8,com.matricasudbu.app.astro,Натальная карта. Астрология. Матрица Судьбы,Образ жизни·Развлечения,,,2026-07-29T18:37:31.588Z,https://www.rustore.ru/catalog/search?query=%D0%BD%D0%B0%D1%82%D0%B0%D0%BB%D1%8C%D0%BD%D0%B0%D1%8F%20%D0%BA%D0%B0%D1%80%D1%82%D0%B0%20%D0%B1%D0%B5%D1%81%D0%BF%D0%BB%D0%B0%D1%82%D0%BD%D0%BE,https://www.rustore.ru/catalog/app/com.matricasudbu.app.astro
натальная карта бесплатно,491,9,ru.astreya.app,"Астрея: гороскоп, натальная карта, таро",Образ жизни,,,2026-07-29T18:37:31.588Z,https://www.rustore.ru/catalog/search?query=%D0%BD%D0%B0%D1%82%D0%B0%D0%BB%D1%8C%D0%BD%D0%B0%D1%8F%20%D0%BA%D0%B0%D1%80%D1%82%D0%B0%20%D0%B1%D0%B5%D1%81%D0%BF%D0%BB%D0%B0%D1%82%D0%BD%D0%BE,https://www.rustore.ru/catalog/app/ru.astreya.app
натальная карта бесплатно,491,10,ru.astrai.app,AstrAi — натальная карта и гороскоп,Образ жизни,,,2026-07-29T18:37:31.588Z,https://www.rustore.ru/catalog/search?query=%D0%BD%D0%B0%D1%82%D0%B0%D0%BB%D1%8C%D0%BD%D0%B0%D1%8F%20%D0%BA%D0%B0%D1%80%D1%82%D0%B0%20%D0%B1%D0%B5%D1%81%D0%BF%D0%BB%D0%B0%D1%82%D0%BD%D0%BE,https://www.rustore.ru/catalog/app/ru.astrai.app
натальная карта бесплатно,491,11,com.aiastrologer.app,"AI-Астролог, Таро, Астрология, Гороскоп, Астробот",Образ жизни,,,2026-07-29T18:37:31.588Z,https://www.rustore.ru/catalog/search?query=%D0%BD%D0%B0%D1%82%D0%B0%D0%BB%D1%8C%D0%BD%D0%B0%D1%8F%20%D0%BA%D0%B0%D1%80%D1%82%D0%B0%20%D0%B1%D0%B5%D1%81%D0%BF%D0%BB%D0%B0%D1%82%D0%BD%D0%BE,https://www.rustore.ru/catalog/app/com.aiastrologer.app
натальная карта бесплатно,491,12,com.kundalini.astroapp,Анима: Натальная карта и совместимость,Образ жизни,,,2026-07-29T18:37:31.588Z,https://www.rustore.ru/catalog/search?query=%D0%BD%D0%B0%D1%82%D0%B0%D0%BB%D1%8C%D0%BD%D0%B0%D1%8F%20%D0%BA%D0%B0%D1%80%D1%82%D0%B0%20%D0%B1%D0%B5%D1%81%D0%BF%D0%BB%D0%B0%D1%82%D0%BD%D0%BE,https://www.rustore.ru/catalog/app/com.kundalini.astroapp
натальная карта бесплатно,491,13,ru.z9games.jyotish,Ведаскоп: джйотиш и натальная карта,Образ жизни,,,2026-07-29T18:37:31.588Z,https://www.rustore.ru/catalog/search?query=%D0%BD%D0%B0%D1%82%D0%B0%D0%BB%D1%8C%D0%BD%D0%B0%D1%8F%20%D0%BA%D0%B0%D1%80%D1%82%D0%B0%20%D0%B1%D0%B5%D1%81%D0%BF%D0%BB%D0%B0%D1%82%D0%BD%D0%BE,https://www.rustore.ru/catalog/app/ru.z9games.jyotish
натальная карта бесплатно,491,14,com.natalis.flutter_app,Natalist,Образ жизни,,,2026-07-29T18:37:31.588Z,https://www.rustore.ru/catalog/search?query=%D0%BD%D0%B0%D1%82%D0%B0%D0%BB%D1%8C%D0%BD%D0%B0%D1%8F%20%D0%BA%D0%B0%D1%80%D1%82%D0%B0%20%D0%B1%D0%B5%D1%81%D0%BF%D0%BB%D0%B0%D1%82%D0%BD%D0%BE,https://www.rustore.ru/catalog/app/com.natalis.flutter_app
натальная карта бесплатно,491,15,com.fateai.app,"Гороскоп, Таро, Сонник, Натальная карта Fate AI",Образ жизни,,,2026-07-29T18:37:31.588Z,https://www.rustore.ru/catalog/search?query=%D0%BD%D0%B0%D1%82%D0%B0%D0%BB%D1%8C%D0%BD%D0%B0%D1%8F%20%D0%BA%D0%B0%D1%80%D1%82%D0%B0%20%D0%B1%D0%B5%D1%81%D0%BF%D0%BB%D0%B0%D1%82%D0%BD%D0%BE,https://www.rustore.ru/catalog/app/com.fateai.app
натальная карта бесплатно,491,16,ru.astro.chartslite,Астрологические Карты Lite,Образ жизни,,,2026-07-29T18:37:31.588Z,https://www.rustore.ru/catalog/search?query=%D0%BD%D0%B0%D1%82%D0%B0%D0%BB%D1%8C%D0%BD%D0%B0%D1%8F%20%D0%BA%D0%B0%D1%80%D1%82%D0%B0%20%D0%B1%D0%B5%D1%81%D0%BF%D0%BB%D0%B0%D1%82%D0%BD%D0%BE,https://www.rustore.ru/catalog/app/ru.astro.chartslite
натальная карта бесплатно,491,17,com.semnon.astrovfr,AstroVizor,Образ жизни,,,2026-07-29T18:37:31.588Z,https://www.rustore.ru/catalog/search?query=%D0%BD%D0%B0%D1%82%D0%B0%D0%BB%D1%8C%D0%BD%D0%B0%D1%8F%20%D0%BA%D0%B0%D1%80%D1%82%D0%B0%20%D0%B1%D0%B5%D1%81%D0%BF%D0%BB%D0%B0%D1%82%D0%BD%D0%BE,https://www.rustore.ru/catalog/app/com.semnon.astrovfr
натальная карта бесплатно,491,18,ru.astro.charts,Астрологические Карты,Образ жизни,,,2026-07-29T18:37:31.588Z,https://www.rustore.ru/catalog/search?query=%D0%BD%D0%B0%D1%82%D0%B0%D0%BB%D1%8C%D0%BD%D0%B0%D1%8F%20%D0%BA%D0%B0%D1%80%D1%82%D0%B0%20%D0%B1%D0%B5%D1%81%D0%BF%D0%BB%D0%B0%D1%82%D0%BD%D0%BE,https://www.rustore.ru/catalog/app/ru.astro.charts
натальная карта бесплатно,491,19,ru.astro.chartspro,Астрологические Карты Pro,Образ жизни,,,2026-07-29T18:37:31.588Z,https://www.rustore.ru/catalog/search?query=%D0%BD%D0%B0%D1%82%D0%B0%D0%BB%D1%8C%D0%BD%D0%B0%D1%8F%20%D0%BA%D0%B0%D1%80%D1%82%D0%B0%20%D0%B1%D0%B5%D1%81%D0%BF%D0%BB%D0%B0%D1%82%D0%BD%D0%BE,https://www.rustore.ru/catalog/app/ru.astro.chartspro
натальная карта бесплатно,491,20,com.astropersona,AstroPersona — твой гороскоп и натальная карта,Образ жизни,,,2026-07-29T18:37:31.588Z,https://www.rustore.ru/catalog/search?query=%D0%BD%D0%B0%D1%82%D0%B0%D0%BB%D1%8C%D0%BD%D0%B0%D1%8F%20%D0%BA%D0%B0%D1%80%D1%82%D0%B0%20%D0%B1%D0%B5%D1%81%D0%BF%D0%BB%D0%B0%D1%82%D0%BD%D0%BE,https://www.rustore.ru/catalog/app/com.astropersona
натальная карта онлайн,476,1,ru.mynatalchart.app,Натальная карта рассчитать с расшифровкой онлайн,Образ жизни,,,2026-07-29T18:37:32.989Z,https://www.rustore.ru/catalog/search?query=%D0%BD%D0%B0%D1%82%D0%B0%D0%BB%D1%8C%D0%BD%D0%B0%D1%8F%20%D0%BA%D0%B0%D1%80%D1%82%D0%B0%20%D0%BE%D0%BD%D0%BB%D0%B0%D0%B9%D0%BD,https://www.rustore.ru/catalog/app/ru.mynatalchart.app
натальная карта онлайн,476,2,com.natalchart.natalchartapp,Натальная карта,Образ жизни,,,2026-07-29T18:37:32.989Z,https://www.rustore.ru/catalog/search?query=%D0%BD%D0%B0%D1%82%D0%B0%D0%BB%D1%8C%D0%BD%D0%B0%D1%8F%20%D0%BA%D0%B0%D1%80%D1%82%D0%B0%20%D0%BE%D0%BD%D0%BB%D0%B0%D0%B9%D0%BD,https://www.rustore.ru/catalog/app/com.natalchart.natalchartapp
натальная карта онлайн,476,3,com.matricasudbu.app.astro,Натальная карта. Астрология. Матрица Судьбы,Образ жизни·Развлечения,,,2026-07-29T18:37:32.989Z,https://www.rustore.ru/catalog/search?query=%D0%BD%D0%B0%D1%82%D0%B0%D0%BB%D1%8C%D0%BD%D0%B0%D1%8F%20%D0%BA%D0%B0%D1%80%D1%82%D0%B0%20%D0%BE%D0%BD%D0%BB%D0%B0%D0%B9%D0%BD,https://www.rustore.ru/catalog/app/com.matricasudbu.app.astro
натальная карта онлайн,476,4,ru.astrolloai.app,Astrollo AI — натальная карта и гороскопы,Образ жизни,,,2026-07-29T18:37:32.989Z,https://www.rustore.ru/catalog/search?query=%D0%BD%D0%B0%D1%82%D0%B0%D0%BB%D1%8C%D0%BD%D0%B0%D1%8F%20%D0%BA%D0%B0%D1%80%D1%82%D0%B0%20%D0%BE%D0%BD%D0%BB%D0%B0%D0%B9%D0%BD,https://www.rustore.ru/catalog/app/ru.astrolloai.app
натальная карта онлайн,476,5,com.kundalini.astroapp,Анима: Натальная карта и совместимость,Образ жизни,,,2026-07-29T18:37:32.989Z,https://www.rustore.ru/catalog/search?query=%D0%BD%D0%B0%D1%82%D0%B0%D0%BB%D1%8C%D0%BD%D0%B0%D1%8F%20%D0%BA%D0%B0%D1%80%D1%82%D0%B0%20%D0%BE%D0%BD%D0%BB%D0%B0%D0%B9%D0%BD,https://www.rustore.ru/catalog/app/com.kundalini.astroapp
натальная карта онлайн,476,6,com.birth.chart.natal.horoscope.astrology.tarot,Натальная карта - AstroChart,Образ жизни,,,2026-07-29T18:37:32.989Z,https://www.rustore.ru/catalog/search?query=%D0%BD%D0%B0%D1%82%D0%B0%D0%BB%D1%8C%D0%BD%D0%B0%D1%8F%20%D0%BA%D0%B0%D1%80%D1%82%D0%B0%20%D0%BE%D0%BD%D0%BB%D0%B0%D0%B9%D0%BD,https://www.rustore.ru/catalog/app/com.birth.chart.natal.horoscope.astrology.tarot
натальная карта онлайн,476,7,ru.neurodzen.app,"Нейродзен — Натальная Карта, Гороскоп, Астрология",Развлечения·Образ жизни,,,2026-07-29T18:37:32.989Z,https://www.rustore.ru/catalog/search?query=%D0%BD%D0%B0%D1%82%D0%B0%D0%BB%D1%8C%D0%BD%D0%B0%D1%8F%20%D0%BA%D0%B0%D1%80%D1%82%D0%B0%20%D0%BE%D0%BD%D0%BB%D0%B0%D0%B9%D0%BD,https://www.rustore.ru/catalog/app/ru.neurodzen.app
натальная карта онлайн,476,8,com.aiastrologer.app,"AI-Астролог, Таро, Астрология, Гороскоп, Астробот",Образ жизни,,,2026-07-29T18:37:32.989Z,https://www.rustore.ru/catalog/search?query=%D0%BD%D0%B0%D1%82%D0%B0%D0%BB%D1%8C%D0%BD%D0%B0%D1%8F%20%D0%BA%D0%B0%D1%80%D1%82%D0%B0%20%D0%BE%D0%BD%D0%BB%D0%B0%D0%B9%D0%BD,https://www.rustore.ru/catalog/app/com.aiastrologer.app
натальная карта онлайн,476,9,com.dixtalescat.astrocode,АстроКод: натальная карта,Образ жизни·Развлечения,,,2026-07-29T18:37:32.989Z,https://www.rustore.ru/catalog/search?query=%D0%BD%D0%B0%D1%82%D0%B0%D0%BB%D1%8C%D0%BD%D0%B0%D1%8F%20%D0%BA%D0%B0%D1%80%D1%82%D0%B0%20%D0%BE%D0%BD%D0%BB%D0%B0%D0%B9%D0%BD,https://www.rustore.ru/catalog/app/com.dixtalescat.astrocode
натальная карта онлайн,476,10,com.sopelus.horoscope,"Гороскопы бесплатно, натальная карта",Образ жизни,,,2026-07-29T18:37:32.989Z,https://www.rustore.ru/catalog/search?query=%D0%BD%D0%B0%D1%82%D0%B0%D0%BB%D1%8C%D0%BD%D0%B0%D1%8F%20%D0%BA%D0%B0%D1%80%D1%82%D0%B0%20%D0%BE%D0%BD%D0%BB%D0%B0%D0%B9%D0%BD,https://www.rustore.ru/catalog/app/com.sopelus.horoscope
натальная карта онлайн,476,11,com.astropersona,AstroPersona — твой гороскоп и натальная карта,Образ жизни,,,2026-07-29T18:37:32.989Z,https://www.rustore.ru/catalog/search?query=%D0%BD%D0%B0%D1%82%D0%B0%D0%BB%D1%8C%D0%BD%D0%B0%D1%8F%20%D0%BA%D0%B0%D1%80%D1%82%D0%B0%20%D0%BE%D0%BD%D0%BB%D0%B0%D0%B9%D0%BD,https://www.rustore.ru/catalog/app/com.astropersona
натальная карта онлайн,476,12,ru.z9games.jyotish,Ведаскоп: джйотиш и натальная карта,Образ жизни,,,2026-07-29T18:37:32.989Z,https://www.rustore.ru/catalog/search?query=%D0%BD%D0%B0%D1%82%D0%B0%D0%BB%D1%8C%D0%BD%D0%B0%D1%8F%20%D0%BA%D0%B0%D1%80%D1%82%D0%B0%20%D0%BE%D0%BD%D0%BB%D0%B0%D0%B9%D0%BD,https://www.rustore.ru/catalog/app/ru.z9games.jyotish
натальная карта онлайн,476,13,ru.astrai.app,AstrAi — натальная карта и гороскоп,Образ жизни,,,2026-07-29T18:37:32.989Z,https://www.rustore.ru/catalog/search?query=%D0%BD%D0%B0%D1%82%D0%B0%D0%BB%D1%8C%D0%BD%D0%B0%D1%8F%20%D0%BA%D0%B0%D1%80%D1%82%D0%B0%20%D0%BE%D0%BD%D0%BB%D0%B0%D0%B9%D0%BD,https://www.rustore.ru/catalog/app/ru.astrai.app
натальная карта онлайн,476,14,ru.astreya.app,"Астрея: гороскоп, натальная карта, таро",Образ жизни,,,2026-07-29T18:37:32.989Z,https://www.rustore.ru/catalog/search?query=%D0%BD%D0%B0%D1%82%D0%B0%D0%BB%D1%8C%D0%BD%D0%B0%D1%8F%20%D0%BA%D0%B0%D1%80%D1%82%D0%B0%20%D0%BE%D0%BD%D0%BB%D0%B0%D0%B9%D0%BD,https://www.rustore.ru/catalog/app/ru.astreya.app
натальная карта онлайн,476,15,com.fateai.app,"Гороскоп, Таро, Сонник, Натальная карта Fate AI",Образ жизни,,,2026-07-29T18:37:32.989Z,https://www.rustore.ru/catalog/search?query=%D0%BD%D0%B0%D1%82%D0%B0%D0%BB%D1%8C%D0%BD%D0%B0%D1%8F%20%D0%BA%D0%B0%D1%80%D1%82%D0%B0%20%D0%BE%D0%BD%D0%BB%D0%B0%D0%B9%D0%BD,https://www.rustore.ru/catalog/app/com.fateai.app
натальная карта онлайн,476,16,com.natalis.flutter_app,Natalist,Образ жизни,,,2026-07-29T18:37:32.989Z,https://www.rustore.ru/catalog/search?query=%D0%BD%D0%B0%D1%82%D0%B0%D0%BB%D1%8C%D0%BD%D0%B0%D1%8F%20%D0%BA%D0%B0%D1%80%D1%82%D0%B0%20%D0%BE%D0%BD%D0%BB%D0%B0%D0%B9%D0%BD,https://www.rustore.ru/catalog/app/com.natalis.flutter_app
натальная карта онлайн,476,17,ru.astrostar.yakuba.android,"AstroStar: Гороскопы, Астрология, Натальная карта",Образ жизни,,,2026-07-29T18:37:32.989Z,https://www.rustore.ru/catalog/search?query=%D0%BD%D0%B0%D1%82%D0%B0%D0%BB%D1%8C%D0%BD%D0%B0%D1%8F%20%D0%BA%D0%B0%D1%80%D1%82%D0%B0%20%D0%BE%D0%BD%D0%BB%D0%B0%D0%B9%D0%BD,https://www.rustore.ru/catalog/app/ru.astrostar.yakuba.android
натальная карта онлайн,476,18,com.semnon.astrovfr,AstroVizor,Образ жизни,,,2026-07-29T18:37:32.989Z,https://www.rustore.ru/catalog/search?query=%D0%BD%D0%B0%D1%82%D0%B0%D0%BB%D1%8C%D0%BD%D0%B0%D1%8F%20%D0%BA%D0%B0%D1%80%D1%82%D0%B0%20%D0%BE%D0%BD%D0%BB%D0%B0%D0%B9%D0%BD,https://www.rustore.ru/catalog/app/com.semnon.astrovfr
натальная карта онлайн,476,19,ru.astro.chartslite,Астрологические Карты Lite,Образ жизни,,,2026-07-29T18:37:32.989Z,https://www.rustore.ru/catalog/search?query=%D0%BD%D0%B0%D1%82%D0%B0%D0%BB%D1%8C%D0%BD%D0%B0%D1%8F%20%D0%BA%D0%B0%D1%80%D1%82%D0%B0%20%D0%BE%D0%BD%D0%BB%D0%B0%D0%B9%D0%BD,https://www.rustore.ru/catalog/app/ru.astro.chartslite
натальная карта онлайн,476,20,ru.astro.charts,Астрологические Карты,Образ жизни,,,2026-07-29T18:37:32.989Z,https://www.rustore.ru/catalog/search?query=%D0%BD%D0%B0%D1%82%D0%B0%D0%BB%D1%8C%D0%BD%D0%B0%D1%8F%20%D0%BA%D0%B0%D1%80%D1%82%D0%B0%20%D0%BE%D0%BD%D0%BB%D0%B0%D0%B9%D0%BD,https://www.rustore.ru/catalog/app/ru.astro.charts
натальная карта с расшифровкой,491,1,com.special_algorithmic_systems.engm_personal,Астрокалендарь ENIGMATA. Ежедневный гороскоп,Полезные инструменты·Образ жизни,,https://static.rustore.ru/imgproxy/W3KG4Gb48vc5SnM-lU057wPCEchh6McGKasKQhr4I0M/preset:web_app_icon_62/plain/https://static.rustore.ru/2026/5/25/57/apk/2063634969/content/ICON/5d335c46-4d9e-4144-9e4b-99edd1670d06.png@webp,2026-07-29T18:45:06.875Z,https://www.rustore.ru/catalog/search?query=%D0%BD%D0%B0%D1%82%D0%B0%D0%BB%D1%8C%D0%BD%D0%B0%D1%8F%20%D0%BA%D0%B0%D1%80%D1%82%D0%B0%20%D1%81%20%D1%80%D0%B0%D1%81%D1%88%D0%B8%D1%84%D1%80%D0%BE%D0%B2%D0%BA%D0%BE%D0%B9,https://www.rustore.ru/catalog/app/com.special_algorithmic_systems.engm_personal
натальная карта с расшифровкой,491,2,ru.mynatalchart.app,Натальная карта рассчитать с расшифровкой онлайн,Образ жизни,,https://static.rustore.ru/imgproxy/F4JseOuI6RzoPoXs3mqK3yXNzxrqv08SORZppQ10uGk/preset:web_app_icon_62/plain/https://static.rustore.ru/2026/6/22/65/apk/2063722870/content/ICON/d546e542-9512-4ff8-a1ff-033f763a244b.jpg@webp,2026-07-29T18:45:06.875Z,https://www.rustore.ru/catalog/search?query=%D0%BD%D0%B0%D1%82%D0%B0%D0%BB%D1%8C%D0%BD%D0%B0%D1%8F%20%D0%BA%D0%B0%D1%80%D1%82%D0%B0%20%D1%81%20%D1%80%D0%B0%D1%81%D1%88%D0%B8%D1%84%D1%80%D0%BE%D0%B2%D0%BA%D0%BE%D0%B9,https://www.rustore.ru/catalog/app/ru.mynatalchart.app
натальная карта с расшифровкой,491,3,com.matricasudbu.app.astro,Натальная карта. Астрология. Матрица Судьбы,Образ жизни·Развлечения,,https://static.rustore.ru/imgproxy/8CPP3b_zl4GFvlQDIJS8uQz1vW4WbaJazeRsedTl3hs/preset:web_app_icon_62/plain/https://static.rustore.ru/2026/4/8/f1/apk/2063620377/content/ICON/fd8c2873-149b-4f33-a56f-8cc06282defe.png@webp,2026-07-29T18:45:06.875Z,https://www.rustore.ru/catalog/search?query=%D0%BD%D0%B0%D1%82%D0%B0%D0%BB%D1%8C%D0%BD%D0%B0%D1%8F%20%D0%BA%D0%B0%D1%80%D1%82%D0%B0%20%D1%81%20%D1%80%D0%B0%D1%81%D1%88%D0%B8%D1%84%D1%80%D0%BE%D0%B2%D0%BA%D0%BE%D0%B9,https://www.rustore.ru/catalog/app/com.matricasudbu.app.astro
натальная карта с расшифровкой,491,4,com.natalchart.natalchartapp,Натальная карта,Образ жизни,,https://static.rustore.ru/imgproxy/9s4XQ6pMLNFavxAbJaiuOoYwnl1RvZb_IRn0-BLSo6E/preset:web_app_icon_62/plain/https://static.rustore.ru/2025/12/25/0a/apk/2063673012/content/ICON/a99cd865-9507-43cc-b17f-4b41c78e45f5.png@webp,2026-07-29T18:45:06.875Z,https://www.rustore.ru/catalog/search?query=%D0%BD%D0%B0%D1%82%D0%B0%D0%BB%D1%8C%D0%BD%D0%B0%D1%8F%20%D0%BA%D0%B0%D1%80%D1%82%D0%B0%20%D1%81%20%D1%80%D0%B0%D1%81%D1%88%D0%B8%D1%84%D1%80%D0%BE%D0%B2%D0%BA%D0%BE%D0%B9,https://www.rustore.ru/catalog/app/com.natalchart.natalchartapp
натальная карта с расшифровкой,491,5,ru.astrolloai.app,Astrollo AI — натальная карта и гороскопы,Образ жизни,,https://static.rustore.ru/imgproxy/2OaiwVIuLve_hKUhfgNzehY4xT7X3vGs1wPINvjQmt0/preset:web_app_icon_62/plain/https://static.rustore.ru/2026/5/13/ec/apk/2063714344/content/ICON/b4d9d4ad-d1ec-450a-8c87-2cab890058fe.png@webp,2026-07-29T18:45:06.875Z,https://www.rustore.ru/catalog/search?query=%D0%BD%D0%B0%D1%82%D0%B0%D0%BB%D1%8C%D0%BD%D0%B0%D1%8F%20%D0%BA%D0%B0%D1%80%D1%82%D0%B0%20%D1%81%20%D1%80%D0%B0%D1%81%D1%88%D0%B8%D1%84%D1%80%D0%BE%D0%B2%D0%BA%D0%BE%D0%B9,https://www.rustore.ru/catalog/app/ru.astrolloai.app
натальная карта с расшифровкой,491,6,com.dixtalescat.astrocode,АстроКод: натальная карта,Образ жизни·Развлечения,,https://static.rustore.ru/imgproxy/QGfhcDKFBV1XPqY8mZKGkhQymzBeRZta6wxampAkwCU/preset:web_app_icon_62/plain/https://static.rustore.ru/2026/6/8/0f/apk/2063720975/content/ICON/bef8803c-ad72-444a-bb24-391a3247eac4.png@webp,2026-07-29T18:45:06.875Z,https://www.rustore.ru/catalog/search?query=%D0%BD%D0%B0%D1%82%D0%B0%D0%BB%D1%8C%D0%BD%D0%B0%D1%8F%20%D0%BA%D0%B0%D1%80%D1%82%D0%B0%20%D1%81%20%D1%80%D0%B0%D1%81%D1%88%D0%B8%D1%84%D1%80%D0%BE%D0%B2%D0%BA%D0%BE%D0%B9,https://www.rustore.ru/catalog/app/com.dixtalescat.astrocode
натальная карта с расшифровкой,491,7,com.birth.chart.natal.horoscope.astrology.tarot,Натальная карта - AstroChart,Образ жизни,,https://static.rustore.ru/imgproxy/kYn6WYK2IDY4v1sIV0wlsg6DB8jeB95gsXRYp_F_KHQ/preset:web_app_icon_62/plain/https://static.rustore.ru/2025/10/6/83/apk/2063662829/content/ICON/444f59ea-7142-4bc7-83b0-95c3592a10b2.png@webp,2026-07-29T18:45:06.875Z,https://www.rustore.ru/catalog/search?query=%D0%BD%D0%B0%D1%82%D0%B0%D0%BB%D1%8C%D0%BD%D0%B0%D1%8F%20%D0%BA%D0%B0%D1%80%D1%82%D0%B0%20%D1%81%20%D1%80%D0%B0%D1%81%D1%88%D0%B8%D1%84%D1%80%D0%BE%D0%B2%D0%BA%D0%BE%D0%B9,https://www.rustore.ru/catalog/app/com.birth.chart.natal.horoscope.astrology.tarot
натальная карта с расшифровкой,491,8,ru.astro.chartslite,Астрологические Карты Lite,Образ жизни,,https://static.rustore.ru/imgproxy/AZ0OLjvPtQNEOmm3E1sTPzoRKxq3oQjFKouCo91WOQU/preset:web_app_icon_62/plain/https://static.rustore.ru/apk/2063491774/content/ICON/6faad8e3-adb7-43e9-8d33-7cbd343aeec5.png@webp,2026-07-29T18:45:06.875Z,https://www.rustore.ru/catalog/search?query=%D0%BD%D0%B0%D1%82%D0%B0%D0%BB%D1%8C%D0%BD%D0%B0%D1%8F%20%D0%BA%D0%B0%D1%80%D1%82%D0%B0%20%D1%81%20%D1%80%D0%B0%D1%81%D1%88%D0%B8%D1%84%D1%80%D0%BE%D0%B2%D0%BA%D0%BE%D0%B9,https://www.rustore.ru/catalog/app/ru.astro.chartslite
натальная карта с расшифровкой,491,9,com.astropersona,AstroPersona — твой гороскоп и натальная карта,Образ жизни,,https://static.rustore.ru/imgproxy/yeT5vH4kz-9BL9oXE582buG3mIufkzi-o_8ru0XXGSc/preset:web_app_icon_62/plain/https://static.rustore.ru/2025/10/29/51/apk/2063549954/content/ICON/5fceb594-b2ae-4bab-984f-cdf38055c8bc.png@webp,2026-07-29T18:45:06.875Z,https://www.rustore.ru/catalog/search?query=%D0%BD%D0%B0%D1%82%D0%B0%D0%BB%D1%8C%D0%BD%D0%B0%D1%8F%20%D0%BA%D0%B0%D1%80%D1%82%D0%B0%20%D1%81%20%D1%80%D0%B0%D1%81%D1%88%D0%B8%D1%84%D1%80%D0%BE%D0%B2%D0%BA%D0%BE%D0%B9,https://www.rustore.ru/catalog/app/com.astropersona
натальная карта с расшифровкой,491,10,ru.astrostar.yakuba.android,"AstroStar: Гороскопы, Астрология, Натальная карта",Образ жизни,,https://static.rustore.ru/imgproxy/AhbqtmOGt4A-WJyKC6iNLfOuR5ZeYr3n0udIhWRL8F0/preset:web_app_icon_62/plain/https://static.rustore.ru/2025/12/22/c1/apk/2063682288/content/ICON/170d8dcb-a5d0-4372-b057-88a2a86e6066.jpg@webp,2026-07-29T18:45:06.875Z,https://www.rustore.ru/catalog/search?query=%D0%BD%D0%B0%D1%82%D0%B0%D0%BB%D1%8C%D0%BD%D0%B0%D1%8F%20%D0%BA%D0%B0%D1%80%D1%82%D0%B0%20%D1%81%20%D1%80%D0%B0%D1%81%D1%88%D0%B8%D1%84%D1%80%D0%BE%D0%B2%D0%BA%D0%BE%D0%B9,https://www.rustore.ru/catalog/app/ru.astrostar.yakuba.android
натальная карта с расшифровкой,491,11,ru.neurodzen.app,"Нейродзен — Натальная Карта, Гороскоп, Астрология",Развлечения·Образ жизни,,https://static.rustore.ru/imgproxy/OQ7kWj-v_uYNb5BXMSxvUYei-6uMMhsfa5nehPh3n6o/preset:web_app_icon_62/plain/https://static.rustore.ru/2026/1/12/4f/apk/2063667687/content/ICON/22a1939e-2d55-423b-80f1-f22a82ee2b5c.png@webp,2026-07-29T18:45:06.875Z,https://www.rustore.ru/catalog/search?query=%D0%BD%D0%B0%D1%82%D0%B0%D0%BB%D1%8C%D0%BD%D0%B0%D1%8F%20%D0%BA%D0%B0%D1%80%D1%82%D0%B0%20%D1%81%20%D1%80%D0%B0%D1%81%D1%88%D0%B8%D1%84%D1%80%D0%BE%D0%B2%D0%BA%D0%BE%D0%B9,https://www.rustore.ru/catalog/app/ru.neurodzen.app
натальная карта с расшифровкой,491,12,ru.z9games.jyotish,Ведаскоп: джйотиш и натальная карта,Образ жизни,,https://static.rustore.ru/imgproxy/HsaaT5buUGX8MqIYO7-p5kJNEMagCnOcfDMS4M2M6ZM/preset:web_app_icon_62/plain/https://static.rustore.ru/2026/6/24/02/apk/2063724173/content/ICON/26228479-06f4-4875-a6f0-366cd7479072.png@webp,2026-07-29T18:45:06.875Z,https://www.rustore.ru/catalog/search?query=%D0%BD%D0%B0%D1%82%D0%B0%D0%BB%D1%8C%D0%BD%D0%B0%D1%8F%20%D0%BA%D0%B0%D1%80%D1%82%D0%B0%20%D1%81%20%D1%80%D0%B0%D1%81%D1%88%D0%B8%D1%84%D1%80%D0%BE%D0%B2%D0%BA%D0%BE%D0%B9,https://www.rustore.ru/catalog/app/ru.z9games.jyotish
натальная карта с расшифровкой,491,13,com.semnon.astrovfr,AstroVizor,Образ жизни,,https://static.rustore.ru/imgproxy/gzTwgAXHr4AkIcih1f8Z7cXgwPWOVdO27oRFsKypf_I/preset:web_app_icon_62/plain/https://static.rustore.ru/apk/2063535581/content/ICON/97ad5afa-a494-41dd-ac8d-459f96a9b39d.png@webp,2026-07-29T18:45:06.875Z,https://www.rustore.ru/catalog/search?query=%D0%BD%D0%B0%D1%82%D0%B0%D0%BB%D1%8C%D0%BD%D0%B0%D1%8F%20%D0%BA%D0%B0%D1%80%D1%82%D0%B0%20%D1%81%20%D1%80%D0%B0%D1%81%D1%88%D0%B8%D1%84%D1%80%D0%BE%D0%B2%D0%BA%D0%BE%D0%B9,https://www.rustore.ru/catalog/app/com.semnon.astrovfr
натальная карта с расшифровкой,491,14,com.sopelus.horoscope,"Гороскопы бесплатно, натальная карта",Образ жизни,,https://static.rustore.ru/imgproxy/6Y2EnbUmAeSntLHRzoX7VP5iRHM6InMeJHZao6yYG00/preset:web_app_icon_62/plain/https://static.rustore.ru/apk/2063642700/content/ICON/4cf492a6-1c93-45d7-89fc-41600dc6d076.png@webp,2026-07-29T18:45:06.875Z,https://www.rustore.ru/catalog/search?query=%D0%BD%D0%B0%D1%82%D0%B0%D0%BB%D1%8C%D0%BD%D0%B0%D1%8F%20%D0%BA%D0%B0%D1%80%D1%82%D0%B0%20%D1%81%20%D1%80%D0%B0%D1%81%D1%88%D0%B8%D1%84%D1%80%D0%BE%D0%B2%D0%BA%D0%BE%D0%B9,https://www.rustore.ru/catalog/app/com.sopelus.horoscope
натальная карта с расшифровкой,491,15,com.natalis.flutter_app,Natalist,Образ жизни,,https://static.rustore.ru/imgproxy/zNBOvZsBwsK4Qd8LkkLcT5jzZiK2hgmj535oX_khxk4/preset:web_app_icon_62/plain/https://static.rustore.ru/2026/5/21/95/apk/2063699071/content/ICON/ac6a8339-8cf4-4185-ab0c-7e91ebb7d3f8.png@webp,2026-07-29T18:45:06.875Z,https://www.rustore.ru/catalog/search?query=%D0%BD%D0%B0%D1%82%D0%B0%D0%BB%D1%8C%D0%BD%D0%B0%D1%8F%20%D0%BA%D0%B0%D1%80%D1%82%D0%B0%20%D1%81%20%D1%80%D0%B0%D1%81%D1%88%D0%B8%D1%84%D1%80%D0%BE%D0%B2%D0%BA%D0%BE%D0%B9,https://www.rustore.ru/catalog/app/com.natalis.flutter_app
натальная карта с расшифровкой,491,16,com.webelinx.tarot,Таро,Образ жизни,,https://static.rustore.ru/imgproxy/1PQ52SAUMi-8Lg0sIIMii7_kvowlpmhUAI_3wCGVfLE/preset:web_app_icon_62/plain/https://static.rustore.ru/2025/10/6/d8/apk/2063663102/content/ICON/b1ffa218-edc0-4c5b-8b7f-895dd66dba79.png@webp,2026-07-29T18:45:06.875Z,https://www.rustore.ru/catalog/search?query=%D0%BD%D0%B0%D1%82%D0%B0%D0%BB%D1%8C%D0%BD%D0%B0%D1%8F%20%D0%BA%D0%B0%D1%80%D1%82%D0%B0%20%D1%81%20%D1%80%D0%B0%D1%81%D1%88%D0%B8%D1%84%D1%80%D0%BE%D0%B2%D0%BA%D0%BE%D0%B9,https://www.rustore.ru/catalog/app/com.webelinx.tarot
натальная карта с расшифровкой,491,17,ru.astrai.app,AstrAi — натальная карта и гороскоп,Образ жизни,,https://static.rustore.ru/imgproxy/KbUVotyglHzyEmsQ36ejj6z2B43JC9Qv8C4BIPx7ens/preset:web_app_icon_62/plain/https://static.rustore.ru/2026/7/8/08/apk/2063730771/content/ICON/490a8eb2-cbda-4812-8cad-60468e80d3bb.png@webp,2026-07-29T18:45:06.875Z,https://www.rustore.ru/catalog/search?query=%D0%BD%D0%B0%D1%82%D0%B0%D0%BB%D1%8C%D0%BD%D0%B0%D1%8F%20%D0%BA%D0%B0%D1%80%D1%82%D0%B0%20%D1%81%20%D1%80%D0%B0%D1%81%D1%88%D0%B8%D1%84%D1%80%D0%BE%D0%B2%D0%BA%D0%BE%D0%B9,https://www.rustore.ru/catalog/app/ru.astrai.app
натальная карта с расшифровкой,491,18,com.kundalini.astroapp,Анима: Натальная карта и совместимость,Образ жизни,,https://static.rustore.ru/imgproxy/WVtKwg07iq2_CAQt_LjE9yioOOuNvt8aOLHCK8tZnIw/preset:web_app_icon_62/plain/https://static.rustore.ru/2026/7/25/05/apk/2063730207/content/ICON/34c23c2b-ce1d-4cfe-8cf2-c891393df157.jpg@webp,2026-07-29T18:45:06.875Z,https://www.rustore.ru/catalog/search?query=%D0%BD%D0%B0%D1%82%D0%B0%D0%BB%D1%8C%D0%BD%D0%B0%D1%8F%20%D0%BA%D0%B0%D1%80%D1%82%D0%B0%20%D1%81%20%D1%80%D0%B0%D1%81%D1%88%D0%B8%D1%84%D1%80%D0%BE%D0%B2%D0%BA%D0%BE%D0%B9,https://www.rustore.ru/catalog/app/com.kundalini.astroapp
натальная карта с расшифровкой,491,19,com.matricasudbu.app.matrica_sudbu,Матрица Судьбы. Психоматрица,Образ жизни·Развлечения,,https://static.rustore.ru/imgproxy/udmONwCXkD8tfNXmibBI_WOL1IpjdhF6vUjyB_t1rJc/preset:web_app_icon_62/plain/https://static.rustore.ru/2026/4/4/d0/apk/2063524581/content/ICON/85e7d790-691e-4fcd-9372-4368be9739d0.png@webp,2026-07-29T18:45:06.875Z,https://www.rustore.ru/catalog/search?query=%D0%BD%D0%B0%D1%82%D0%B0%D0%BB%D1%8C%D0%BD%D0%B0%D1%8F%20%D0%BA%D0%B0%D1%80%D1%82%D0%B0%20%D1%81%20%D1%80%D0%B0%D1%81%D1%88%D0%B8%D1%84%D1%80%D0%BE%D0%B2%D0%BA%D0%BE%D0%B9,https://www.rustore.ru/catalog/app/com.matricasudbu.app.matrica_sudbu
натальная карта с расшифровкой,491,20,ru.astreya.app,"Астрея: гороскоп, натальная карта, таро",Образ жизни,,https://static.rustore.ru/imgproxy/ZZLZRn9_c-94Hwa3JIjvp2xSRQZ8qcL6aRjiod6JHS0/preset:web_app_icon_62/plain/https://static.rustore.ru/2026/7/13/8c/apk/2063731934/content/ICON/637f9c4d-1353-4100-9f95-f37c7de8bbc5.png@webp,2026-07-29T18:45:06.875Z,https://www.rustore.ru/catalog/search?query=%D0%BD%D0%B0%D1%82%D0%B0%D0%BB%D1%8C%D0%BD%D0%B0%D1%8F%20%D0%BA%D0%B0%D1%80%D1%82%D0%B0%20%D1%81%20%D1%80%D0%B0%D1%81%D1%88%D0%B8%D1%84%D1%80%D0%BE%D0%B2%D0%BA%D0%BE%D0%B9,https://www.rustore.ru/catalog/app/ru.astreya.app
натальная карта по дате рождения,492,1,ru.mynatalchart.app,Натальная карта рассчитать с расшифровкой онлайн,Образ жизни,,https://static.rustore.ru/imgproxy/F4JseOuI6RzoPoXs3mqK3yXNzxrqv08SORZppQ10uGk/preset:web_app_icon_62/plain/https://static.rustore.ru/2026/6/22/65/apk/2063722870/content/ICON/d546e542-9512-4ff8-a1ff-033f763a244b.jpg@webp,2026-07-29T18:45:08.634Z,https://www.rustore.ru/catalog/search?query=%D0%BD%D0%B0%D1%82%D0%B0%D0%BB%D1%8C%D0%BD%D0%B0%D1%8F%20%D0%BA%D0%B0%D1%80%D1%82%D0%B0%20%D0%BF%D0%BE%20%D0%B4%D0%B0%D1%82%D0%B5%20%D1%80%D0%BE%D0%B6%D0%B4%D0%B5%D0%BD%D0%B8%D1%8F,https://www.rustore.ru/catalog/app/ru.mynatalchart.app
натальная карта по дате рождения,492,2,com.natalis.flutter_app,Natalist,Образ жизни,,https://static.rustore.ru/imgproxy/zNBOvZsBwsK4Qd8LkkLcT5jzZiK2hgmj535oX_khxk4/preset:web_app_icon_62/plain/https://static.rustore.ru/2026/5/21/95/apk/2063699071/content/ICON/ac6a8339-8cf4-4185-ab0c-7e91ebb7d3f8.png@webp,2026-07-29T18:45:08.634Z,https://www.rustore.ru/catalog/search?query=%D0%BD%D0%B0%D1%82%D0%B0%D0%BB%D1%8C%D0%BD%D0%B0%D1%8F%20%D0%BA%D0%B0%D1%80%D1%82%D0%B0%20%D0%BF%D0%BE%20%D0%B4%D0%B0%D1%82%D0%B5%20%D1%80%D0%BE%D0%B6%D0%B4%D0%B5%D0%BD%D0%B8%D1%8F,https://www.rustore.ru/catalog/app/com.natalis.flutter_app
натальная карта по дате рождения,492,3,com.matricasudbu.app.astro,Натальная карта. Астрология. Матрица Судьбы,Образ жизни·Развлечения,,https://static.rustore.ru/imgproxy/8CPP3b_zl4GFvlQDIJS8uQz1vW4WbaJazeRsedTl3hs/preset:web_app_icon_62/plain/https://static.rustore.ru/2026/4/8/f1/apk/2063620377/content/ICON/fd8c2873-149b-4f33-a56f-8cc06282defe.png@webp,2026-07-29T18:45:08.634Z,https://www.rustore.ru/catalog/search?query=%D0%BD%D0%B0%D1%82%D0%B0%D0%BB%D1%8C%D0%BD%D0%B0%D1%8F%20%D0%BA%D0%B0%D1%80%D1%82%D0%B0%20%D0%BF%D0%BE%20%D0%B4%D0%B0%D1%82%D0%B5%20%D1%80%D0%BE%D0%B6%D0%B4%D0%B5%D0%BD%D0%B8%D1%8F,https://www.rustore.ru/catalog/app/com.matricasudbu.app.astro
натальная карта по дате рождения,492,4,com.natalchart.natalchartapp,Натальная карта,Образ жизни,,https://static.rustore.ru/imgproxy/9s4XQ6pMLNFavxAbJaiuOoYwnl1RvZb_IRn0-BLSo6E/preset:web_app_icon_62/plain/https://static.rustore.ru/2025/12/25/0a/apk/2063673012/content/ICON/a99cd865-9507-43cc-b17f-4b41c78e45f5.png@webp,2026-07-29T18:45:08.634Z,https://www.rustore.ru/catalog/search?query=%D0%BD%D0%B0%D1%82%D0%B0%D0%BB%D1%8C%D0%BD%D0%B0%D1%8F%20%D0%BA%D0%B0%D1%80%D1%82%D0%B0%20%D0%BF%D0%BE%20%D0%B4%D0%B0%D1%82%D0%B5%20%D1%80%D0%BE%D0%B6%D0%B4%D0%B5%D0%BD%D0%B8%D1%8F,https://www.rustore.ru/catalog/app/com.natalchart.natalchartapp
натальная карта по дате рождения,492,5,ru.z9games.jyotish,Ведаскоп: джйотиш и натальная карта,Образ жизни,,https://static.rustore.ru/imgproxy/HsaaT5buUGX8MqIYO7-p5kJNEMagCnOcfDMS4M2M6ZM/preset:web_app_icon_62/plain/https://static.rustore.ru/2026/6/24/02/apk/2063724173/content/ICON/26228479-06f4-4875-a6f0-366cd7479072.png@webp,2026-07-29T18:45:08.634Z,https://www.rustore.ru/catalog/search?query=%D0%BD%D0%B0%D1%82%D0%B0%D0%BB%D1%8C%D0%BD%D0%B0%D1%8F%20%D0%BA%D0%B0%D1%80%D1%82%D0%B0%20%D0%BF%D0%BE%20%D0%B4%D0%B0%D1%82%D0%B5%20%D1%80%D0%BE%D0%B6%D0%B4%D0%B5%D0%BD%D0%B8%D1%8F,https://www.rustore.ru/catalog/app/ru.z9games.jyotish
натальная карта по дате рождения,492,6,com.dixtalescat.astrocode,АстроКод: натальная карта,Образ жизни·Развлечения,,https://static.rustore.ru/imgproxy/QGfhcDKFBV1XPqY8mZKGkhQymzBeRZta6wxampAkwCU/preset:web_app_icon_62/plain/https://static.rustore.ru/2026/6/8/0f/apk/2063720975/content/ICON/bef8803c-ad72-444a-bb24-391a3247eac4.png@webp,2026-07-29T18:45:08.634Z,https://www.rustore.ru/catalog/search?query=%D0%BD%D0%B0%D1%82%D0%B0%D0%BB%D1%8C%D0%BD%D0%B0%D1%8F%20%D0%BA%D0%B0%D1%80%D1%82%D0%B0%20%D0%BF%D0%BE%20%D0%B4%D0%B0%D1%82%D0%B5%20%D1%80%D0%BE%D0%B6%D0%B4%D0%B5%D0%BD%D0%B8%D1%8F,https://www.rustore.ru/catalog/app/com.dixtalescat.astrocode
натальная карта по дате рождения,492,7,ru.neurodzen.app,"Нейродзен — Натальная Карта, Гороскоп, Астрология",Развлечения·Образ жизни,,https://static.rustore.ru/imgproxy/OQ7kWj-v_uYNb5BXMSxvUYei-6uMMhsfa5nehPh3n6o/preset:web_app_icon_62/plain/https://static.rustore.ru/2026/1/12/4f/apk/2063667687/content/ICON/22a1939e-2d55-423b-80f1-f22a82ee2b5c.png@webp,2026-07-29T18:45:08.634Z,https://www.rustore.ru/catalog/search?query=%D0%BD%D0%B0%D1%82%D0%B0%D0%BB%D1%8C%D0%BD%D0%B0%D1%8F%20%D0%BA%D0%B0%D1%80%D1%82%D0%B0%20%D0%BF%D0%BE%20%D0%B4%D0%B0%D1%82%D0%B5%20%D1%80%D0%BE%D0%B6%D0%B4%D0%B5%D0%BD%D0%B8%D1%8F,https://www.rustore.ru/catalog/app/ru.neurodzen.app
натальная карта по дате рождения,492,8,com.birth.chart.natal.horoscope.astrology.tarot,Натальная карта - AstroChart,Образ жизни,,https://static.rustore.ru/imgproxy/kYn6WYK2IDY4v1sIV0wlsg6DB8jeB95gsXRYp_F_KHQ/preset:web_app_icon_62/plain/https://static.rustore.ru/2025/10/6/83/apk/2063662829/content/ICON/444f59ea-7142-4bc7-83b0-95c3592a10b2.png@webp,2026-07-29T18:45:08.634Z,https://www.rustore.ru/catalog/search?query=%D0%BD%D0%B0%D1%82%D0%B0%D0%BB%D1%8C%D0%BD%D0%B0%D1%8F%20%D0%BA%D0%B0%D1%80%D1%82%D0%B0%20%D0%BF%D0%BE%20%D0%B4%D0%B0%D1%82%D0%B5%20%D1%80%D0%BE%D0%B6%D0%B4%D0%B5%D0%BD%D0%B8%D1%8F,https://www.rustore.ru/catalog/app/com.birth.chart.natal.horoscope.astrology.tarot
натальная карта по дате рождения,492,9,ru.astrolloai.app,Astrollo AI — натальная карта и гороскопы,Образ жизни,,https://static.rustore.ru/imgproxy/2OaiwVIuLve_hKUhfgNzehY4xT7X3vGs1wPINvjQmt0/preset:web_app_icon_62/plain/https://static.rustore.ru/2026/5/13/ec/apk/2063714344/content/ICON/b4d9d4ad-d1ec-450a-8c87-2cab890058fe.png@webp,2026-07-29T18:45:08.634Z,https://www.rustore.ru/catalog/search?query=%D0%BD%D0%B0%D1%82%D0%B0%D0%BB%D1%8C%D0%BD%D0%B0%D1%8F%20%D0%BA%D0%B0%D1%80%D1%82%D0%B0%20%D0%BF%D0%BE%20%D0%B4%D0%B0%D1%82%D0%B5%20%D1%80%D0%BE%D0%B6%D0%B4%D0%B5%D0%BD%D0%B8%D1%8F,https://www.rustore.ru/catalog/app/ru.astrolloai.app
натальная карта по дате рождения,492,10,ru.astreya.app,"Астрея: гороскоп, натальная карта, таро",Образ жизни,,https://static.rustore.ru/imgproxy/ZZLZRn9_c-94Hwa3JIjvp2xSRQZ8qcL6aRjiod6JHS0/preset:web_app_icon_62/plain/https://static.rustore.ru/2026/7/13/8c/apk/2063731934/content/ICON/637f9c4d-1353-4100-9f95-f37c7de8bbc5.png@webp,2026-07-29T18:45:08.634Z,https://www.rustore.ru/catalog/search?query=%D0%BD%D0%B0%D1%82%D0%B0%D0%BB%D1%8C%D0%BD%D0%B0%D1%8F%20%D0%BA%D0%B0%D1%80%D1%82%D0%B0%20%D0%BF%D0%BE%20%D0%B4%D0%B0%D1%82%D0%B5%20%D1%80%D0%BE%D0%B6%D0%B4%D0%B5%D0%BD%D0%B8%D1%8F,https://www.rustore.ru/catalog/app/ru.astreya.app
натальная карта по дате рождения,492,11,com.aiastrologer.app,"AI-Астролог, Таро, Астрология, Гороскоп, Астробот",Образ жизни,,https://static.rustore.ru/imgproxy/3Ld-d7uhG_9cEJ2LiCa6jgaz7lg0Yn7lyGXuEB7Ct8k/preset:web_app_icon_62/plain/https://static.rustore.ru/2026/7/9/a7/apk/2063730874/content/ICON/9883a02f-2920-4a9b-a268-a5a33b24e8ea.png@webp,2026-07-29T18:45:08.634Z,https://www.rustore.ru/catalog/search?query=%D0%BD%D0%B0%D1%82%D0%B0%D0%BB%D1%8C%D0%BD%D0%B0%D1%8F%20%D0%BA%D0%B0%D1%80%D1%82%D0%B0%20%D0%BF%D0%BE%20%D0%B4%D0%B0%D1%82%D0%B5%20%D1%80%D0%BE%D0%B6%D0%B4%D0%B5%D0%BD%D0%B8%D1%8F,https://www.rustore.ru/catalog/app/com.aiastrologer.app
натальная карта по дате рождения,492,12,ru.astrelle.app,Astrelle — персональный ИИ-астролог,Образ жизни,,https://static.rustore.ru/imgproxy/pFIk3QdE6UnuFTDHZx0bJdGzA-G2NKrajmxVnPdZpXs/preset:web_app_icon_62/plain/https://static.rustore.ru/2026/6/14/44/apk/2063721312/content/ICON/3e6b316d-cd20-44c1-84ea-d929106d69d6.png@webp,2026-07-29T18:45:08.634Z,https://www.rustore.ru/catalog/search?query=%D0%BD%D0%B0%D1%82%D0%B0%D0%BB%D1%8C%D0%BD%D0%B0%D1%8F%20%D0%BA%D0%B0%D1%80%D1%82%D0%B0%20%D0%BF%D0%BE%20%D0%B4%D0%B0%D1%82%D0%B5%20%D1%80%D0%BE%D0%B6%D0%B4%D0%B5%D0%BD%D0%B8%D1%8F,https://www.rustore.ru/catalog/app/ru.astrelle.app
натальная карта по дате рождения,492,13,ru.astrai.app,AstrAi — натальная карта и гороскоп,Образ жизни,,https://static.rustore.ru/imgproxy/KbUVotyglHzyEmsQ36ejj6z2B43JC9Qv8C4BIPx7ens/preset:web_app_icon_62/plain/https://static.rustore.ru/2026/7/8/08/apk/2063730771/content/ICON/490a8eb2-cbda-4812-8cad-60468e80d3bb.png@webp,2026-07-29T18:45:08.634Z,https://www.rustore.ru/catalog/search?query=%D0%BD%D0%B0%D1%82%D0%B0%D0%BB%D1%8C%D0%BD%D0%B0%D1%8F%20%D0%BA%D0%B0%D1%80%D1%82%D0%B0%20%D0%BF%D0%BE%20%D0%B4%D0%B0%D1%82%D0%B5%20%D1%80%D0%BE%D0%B6%D0%B4%D0%B5%D0%BD%D0%B8%D1%8F,https://www.rustore.ru/catalog/app/ru.astrai.app
натальная карта по дате рождения,492,14,ru.z9games.astroscope,АстроСкоп: гороскоп и натальная карта,Образ жизни,,https://static.rustore.ru/imgproxy/tTRuY3c5lj4ZnzKBju_nPudSfTTJPchF4rOWDA_6wQc/preset:web_app_icon_62/plain/https://static.rustore.ru/2026/6/17/6e/apk/2063712728/content/ICON/9b52211d-0b22-4c45-9706-c20404625bd4.png@webp,2026-07-29T18:45:08.634Z,https://www.rustore.ru/catalog/search?query=%D0%BD%D0%B0%D1%82%D0%B0%D0%BB%D1%8C%D0%BD%D0%B0%D1%8F%20%D0%BA%D0%B0%D1%80%D1%82%D0%B0%20%D0%BF%D0%BE%20%D0%B4%D0%B0%D1%82%D0%B5%20%D1%80%D0%BE%D0%B6%D0%B4%D0%B5%D0%BD%D0%B8%D1%8F,https://www.rustore.ru/catalog/app/ru.z9games.astroscope
натальная карта по дате рождения,492,15,com.sopelus.horoscope,"Гороскопы бесплатно, натальная карта",Образ жизни,,https://static.rustore.ru/imgproxy/6Y2EnbUmAeSntLHRzoX7VP5iRHM6InMeJHZao6yYG00/preset:web_app_icon_62/plain/https://static.rustore.ru/apk/2063642700/content/ICON/4cf492a6-1c93-45d7-89fc-41600dc6d076.png@webp,2026-07-29T18:45:08.634Z,https://www.rustore.ru/catalog/search?query=%D0%BD%D0%B0%D1%82%D0%B0%D0%BB%D1%8C%D0%BD%D0%B0%D1%8F%20%D0%BA%D0%B0%D1%80%D1%82%D0%B0%20%D0%BF%D0%BE%20%D0%B4%D0%B0%D1%82%D0%B5%20%D1%80%D0%BE%D0%B6%D0%B4%D0%B5%D0%BD%D0%B8%D1%8F,https://www.rustore.ru/catalog/app/com.sopelus.horoscope
натальная карта по дате рождения,492,16,com.fateai.app,"Гороскоп, Таро, Сонник, Натальная карта Fate AI",Образ жизни,,https://static.rustore.ru/imgproxy/oSeARI71uUXhChG-u82kHpUjKDOYTxf_LgbDsYJTIwg/preset:web_app_icon_62/plain/https://static.rustore.ru/2026/6/1/87/apk/2063719393/content/ICON/ded21b42-105c-42ef-9d69-0838397721af.png@webp,2026-07-29T18:45:08.634Z,https://www.rustore.ru/catalog/search?query=%D0%BD%D0%B0%D1%82%D0%B0%D0%BB%D1%8C%D0%BD%D0%B0%D1%8F%20%D0%BA%D0%B0%D1%80%D1%82%D0%B0%20%D0%BF%D0%BE%20%D0%B4%D0%B0%D1%82%D0%B5%20%D1%80%D0%BE%D0%B6%D0%B4%D0%B5%D0%BD%D0%B8%D1%8F,https://www.rustore.ru/catalog/app/com.fateai.app
натальная карта по дате рождения,492,17,com.kundalini.astroapp,Анима: Натальная карта и совместимость,Образ жизни,,https://static.rustore.ru/imgproxy/WVtKwg07iq2_CAQt_LjE9yioOOuNvt8aOLHCK8tZnIw/preset:web_app_icon_62/plain/https://static.rustore.ru/2026/7/25/05/apk/2063730207/content/ICON/34c23c2b-ce1d-4cfe-8cf2-c891393df157.jpg@webp,2026-07-29T18:45:08.634Z,https://www.rustore.ru/catalog/search?query=%D0%BD%D0%B0%D1%82%D0%B0%D0%BB%D1%8C%D0%BD%D0%B0%D1%8F%20%D0%BA%D0%B0%D1%80%D1%82%D0%B0%20%D0%BF%D0%BE%20%D0%B4%D0%B0%D1%82%D0%B5%20%D1%80%D0%BE%D0%B6%D0%B4%D0%B5%D0%BD%D0%B8%D1%8F,https://www.rustore.ru/catalog/app/com.kundalini.astroapp
натальная карта по дате рождения,492,18,com.astropersona,AstroPersona — твой гороскоп и натальная карта,Образ жизни,,https://static.rustore.ru/imgproxy/yeT5vH4kz-9BL9oXE582buG3mIufkzi-o_8ru0XXGSc/preset:web_app_icon_62/plain/https://static.rustore.ru/2025/10/29/51/apk/2063549954/content/ICON/5fceb594-b2ae-4bab-984f-cdf38055c8bc.png@webp,2026-07-29T18:45:08.634Z,https://www.rustore.ru/catalog/search?query=%D0%BD%D0%B0%D1%82%D0%B0%D0%BB%D1%8C%D0%BD%D0%B0%D1%8F%20%D0%BA%D0%B0%D1%80%D1%82%D0%B0%20%D0%BF%D0%BE%20%D0%B4%D0%B0%D1%82%D0%B5%20%D1%80%D0%BE%D0%B6%D0%B4%D0%B5%D0%BD%D0%B8%D1%8F,https://www.rustore.ru/catalog/app/com.astropersona
натальная карта по дате рождения,492,19,pro.salamandra.app,Salamandra — астрология,Образ жизни,,https://static.rustore.ru/imgproxy/96ErwjydMO-DTnYJsXCZb0VZUchv_QGGQv_YSE8o0yE/preset:web_app_icon_62/plain/https://static.rustore.ru/2026/5/19/b2/apk/2063713822/content/ICON/3631c866-6e5d-4912-b7b6-eedc539c16cd.png@webp,2026-07-29T18:45:08.634Z,https://www.rustore.ru/catalog/search?query=%D0%BD%D0%B0%D1%82%D0%B0%D0%BB%D1%8C%D0%BD%D0%B0%D1%8F%20%D0%BA%D0%B0%D1%80%D1%82%D0%B0%20%D0%BF%D0%BE%20%D0%B4%D0%B0%D1%82%D0%B5%20%D1%80%D0%BE%D0%B6%D0%B4%D0%B5%D0%BD%D0%B8%D1%8F,https://www.rustore.ru/catalog/app/pro.salamandra.app
натальная карта по дате рождения,492,20,ru.astrostar.yakuba.android,"AstroStar: Гороскопы, Астрология, Натальная карта",Образ жизни,,https://static.rustore.ru/imgproxy/AhbqtmOGt4A-WJyKC6iNLfOuR5ZeYr3n0udIhWRL8F0/preset:web_app_icon_62/plain/https://static.rustore.ru/2025/12/22/c1/apk/2063682288/content/ICON/170d8dcb-a5d0-4372-b057-88a2a86e6066.jpg@webp,2026-07-29T18:45:08.634Z,https://www.rustore.ru/catalog/search?query=%D0%BD%D0%B0%D1%82%D0%B0%D0%BB%D1%8C%D0%BD%D0%B0%D1%8F%20%D0%BA%D0%B0%D1%80%D1%82%D0%B0%20%D0%BF%D0%BE%20%D0%B4%D0%B0%D1%82%D0%B5%20%D1%80%D0%BE%D0%B6%D0%B4%D0%B5%D0%BD%D0%B8%D1%8F,https://www.rustore.ru/catalog/app/ru.astrostar.yakuba.android
расчет натальной карты,490,1,ru.mynatalchart.app,Натальная карта рассчитать с расшифровкой онлайн,Образ жизни,,https://static.rustore.ru/imgproxy/F4JseOuI6RzoPoXs3mqK3yXNzxrqv08SORZppQ10uGk/preset:web_app_icon_62/plain/https://static.rustore.ru/2026/6/22/65/apk/2063722870/content/ICON/d546e542-9512-4ff8-a1ff-033f763a244b.jpg@webp,2026-07-29T18:45:11.878Z,https://www.rustore.ru/catalog/search?query=%D1%80%D0%B0%D1%81%D1%87%D0%B5%D1%82%20%D0%BD%D0%B0%D1%82%D0%B0%D0%BB%D1%8C%D0%BD%D0%BE%D0%B9%20%D0%BA%D0%B0%D1%80%D1%82%D1%8B,https://www.rustore.ru/catalog/app/ru.mynatalchart.app
расчет натальной карты,490,2,com.matricasudbu.app.astro,Натальная карта. Астрология. Матрица Судьбы,Образ жизни·Развлечения,,https://static.rustore.ru/imgproxy/8CPP3b_zl4GFvlQDIJS8uQz1vW4WbaJazeRsedTl3hs/preset:web_app_icon_62/plain/https://static.rustore.ru/2026/4/8/f1/apk/2063620377/content/ICON/fd8c2873-149b-4f33-a56f-8cc06282defe.png@webp,2026-07-29T18:45:11.878Z,https://www.rustore.ru/catalog/search?query=%D1%80%D0%B0%D1%81%D1%87%D0%B5%D1%82%20%D0%BD%D0%B0%D1%82%D0%B0%D0%BB%D1%8C%D0%BD%D0%BE%D0%B9%20%D0%BA%D0%B0%D1%80%D1%82%D1%8B,https://www.rustore.ru/catalog/app/com.matricasudbu.app.astro
расчет натальной карты,490,3,com.natalchart.natalchartapp,Натальная карта,Образ жизни,,https://static.rustore.ru/imgproxy/9s4XQ6pMLNFavxAbJaiuOoYwnl1RvZb_IRn0-BLSo6E/preset:web_app_icon_62/plain/https://static.rustore.ru/2025/12/25/0a/apk/2063673012/content/ICON/a99cd865-9507-43cc-b17f-4b41c78e45f5.png@webp,2026-07-29T18:45:11.878Z,https://www.rustore.ru/catalog/search?query=%D1%80%D0%B0%D1%81%D1%87%D0%B5%D1%82%20%D0%BD%D0%B0%D1%82%D0%B0%D0%BB%D1%8C%D0%BD%D0%BE%D0%B9%20%D0%BA%D0%B0%D1%80%D1%82%D1%8B,https://www.rustore.ru/catalog/app/com.natalchart.natalchartapp
расчет натальной карты,490,4,ru.neurodzen.app,"Нейродзен — Натальная Карта, Гороскоп, Астрология",Развлечения·Образ жизни,,https://static.rustore.ru/imgproxy/OQ7kWj-v_uYNb5BXMSxvUYei-6uMMhsfa5nehPh3n6o/preset:web_app_icon_62/plain/https://static.rustore.ru/2026/1/12/4f/apk/2063667687/content/ICON/22a1939e-2d55-423b-80f1-f22a82ee2b5c.png@webp,2026-07-29T18:45:11.878Z,https://www.rustore.ru/catalog/search?query=%D1%80%D0%B0%D1%81%D1%87%D0%B5%D1%82%20%D0%BD%D0%B0%D1%82%D0%B0%D0%BB%D1%8C%D0%BD%D0%BE%D0%B9%20%D0%BA%D0%B0%D1%80%D1%82%D1%8B,https://www.rustore.ru/catalog/app/ru.neurodzen.app
расчет натальной карты,490,5,com.natalis.flutter_app,Natalist,Образ жизни,,https://static.rustore.ru/imgproxy/zNBOvZsBwsK4Qd8LkkLcT5jzZiK2hgmj535oX_khxk4/preset:web_app_icon_62/plain/https://static.rustore.ru/2026/5/21/95/apk/2063699071/content/ICON/ac6a8339-8cf4-4185-ab0c-7e91ebb7d3f8.png@webp,2026-07-29T18:45:11.878Z,https://www.rustore.ru/catalog/search?query=%D1%80%D0%B0%D1%81%D1%87%D0%B5%D1%82%20%D0%BD%D0%B0%D1%82%D0%B0%D0%BB%D1%8C%D0%BD%D0%BE%D0%B9%20%D0%BA%D0%B0%D1%80%D1%82%D1%8B,https://www.rustore.ru/catalog/app/com.natalis.flutter_app
расчет натальной карты,490,6,com.dixtalescat.astrocode,АстроКод: натальная карта,Образ жизни·Развлечения,,https://static.rustore.ru/imgproxy/QGfhcDKFBV1XPqY8mZKGkhQymzBeRZta6wxampAkwCU/preset:web_app_icon_62/plain/https://static.rustore.ru/2026/6/8/0f/apk/2063720975/content/ICON/bef8803c-ad72-444a-bb24-391a3247eac4.png@webp,2026-07-29T18:45:11.878Z,https://www.rustore.ru/catalog/search?query=%D1%80%D0%B0%D1%81%D1%87%D0%B5%D1%82%20%D0%BD%D0%B0%D1%82%D0%B0%D0%BB%D1%8C%D0%BD%D0%BE%D0%B9%20%D0%BA%D0%B0%D1%80%D1%82%D1%8B,https://www.rustore.ru/catalog/app/com.dixtalescat.astrocode
расчет натальной карты,490,7,ru.z9games.jyotish,Ведаскоп: джйотиш и натальная карта,Образ жизни,,https://static.rustore.ru/imgproxy/HsaaT5buUGX8MqIYO7-p5kJNEMagCnOcfDMS4M2M6ZM/preset:web_app_icon_62/plain/https://static.rustore.ru/2026/6/24/02/apk/2063724173/content/ICON/26228479-06f4-4875-a6f0-366cd7479072.png@webp,2026-07-29T18:45:11.878Z,https://www.rustore.ru/catalog/search?query=%D1%80%D0%B0%D1%81%D1%87%D0%B5%D1%82%20%D0%BD%D0%B0%D1%82%D0%B0%D0%BB%D1%8C%D0%BD%D0%BE%D0%B9%20%D0%BA%D0%B0%D1%80%D1%82%D1%8B,https://www.rustore.ru/catalog/app/ru.z9games.jyotish
расчет натальной карты,490,8,com.sopelus.horoscope,"Гороскопы бесплатно, натальная карта",Образ жизни,,https://static.rustore.ru/imgproxy/6Y2EnbUmAeSntLHRzoX7VP5iRHM6InMeJHZao6yYG00/preset:web_app_icon_62/plain/https://static.rustore.ru/apk/2063642700/content/ICON/4cf492a6-1c93-45d7-89fc-41600dc6d076.png@webp,2026-07-29T18:45:11.878Z,https://www.rustore.ru/catalog/search?query=%D1%80%D0%B0%D1%81%D1%87%D0%B5%D1%82%20%D0%BD%D0%B0%D1%82%D0%B0%D0%BB%D1%8C%D0%BD%D0%BE%D0%B9%20%D0%BA%D0%B0%D1%80%D1%82%D1%8B,https://www.rustore.ru/catalog/app/com.sopelus.horoscope
расчет натальной карты,490,9,com.birth.chart.natal.horoscope.astrology.tarot,Натальная карта - AstroChart,Образ жизни,,https://static.rustore.ru/imgproxy/kYn6WYK2IDY4v1sIV0wlsg6DB8jeB95gsXRYp_F_KHQ/preset:web_app_icon_62/plain/https://static.rustore.ru/2025/10/6/83/apk/2063662829/content/ICON/444f59ea-7142-4bc7-83b0-95c3592a10b2.png@webp,2026-07-29T18:45:11.878Z,https://www.rustore.ru/catalog/search?query=%D1%80%D0%B0%D1%81%D1%87%D0%B5%D1%82%20%D0%BD%D0%B0%D1%82%D0%B0%D0%BB%D1%8C%D0%BD%D0%BE%D0%B9%20%D0%BA%D0%B0%D1%80%D1%82%D1%8B,https://www.rustore.ru/catalog/app/com.birth.chart.natal.horoscope.astrology.tarot
расчет натальной карты,490,10,ru.astreya.app,"Астрея: гороскоп, натальная карта, таро",Образ жизни,,https://static.rustore.ru/imgproxy/ZZLZRn9_c-94Hwa3JIjvp2xSRQZ8qcL6aRjiod6JHS0/preset:web_app_icon_62/plain/https://static.rustore.ru/2026/7/13/8c/apk/2063731934/content/ICON/637f9c4d-1353-4100-9f95-f37c7de8bbc5.png@webp,2026-07-29T18:45:11.878Z,https://www.rustore.ru/catalog/search?query=%D1%80%D0%B0%D1%81%D1%87%D0%B5%D1%82%20%D0%BD%D0%B0%D1%82%D0%B0%D0%BB%D1%8C%D0%BD%D0%BE%D0%B9%20%D0%BA%D0%B0%D1%80%D1%82%D1%8B,https://www.rustore.ru/catalog/app/ru.astreya.app
расчет натальной карты,490,11,ru.astrai.app,AstrAi — натальная карта и гороскоп,Образ жизни,,https://static.rustore.ru/imgproxy/KbUVotyglHzyEmsQ36ejj6z2B43JC9Qv8C4BIPx7ens/preset:web_app_icon_62/plain/https://static.rustore.ru/2026/7/8/08/apk/2063730771/content/ICON/490a8eb2-cbda-4812-8cad-60468e80d3bb.png@webp,2026-07-29T18:45:11.878Z,https://www.rustore.ru/catalog/search?query=%D1%80%D0%B0%D1%81%D1%87%D0%B5%D1%82%20%D0%BD%D0%B0%D1%82%D0%B0%D0%BB%D1%8C%D0%BD%D0%BE%D0%B9%20%D0%BA%D0%B0%D1%80%D1%82%D1%8B,https://www.rustore.ru/catalog/app/ru.astrai.app
расчет натальной карты,490,12,ru.astro.chartslite,Астрологические Карты Lite,Образ жизни,,https://static.rustore.ru/imgproxy/AZ0OLjvPtQNEOmm3E1sTPzoRKxq3oQjFKouCo91WOQU/preset:web_app_icon_62/plain/https://static.rustore.ru/apk/2063491774/content/ICON/6faad8e3-adb7-43e9-8d33-7cbd343aeec5.png@webp,2026-07-29T18:45:11.878Z,https://www.rustore.ru/catalog/search?query=%D1%80%D0%B0%D1%81%D1%87%D0%B5%D1%82%20%D0%BD%D0%B0%D1%82%D0%B0%D0%BB%D1%8C%D0%BD%D0%BE%D0%B9%20%D0%BA%D0%B0%D1%80%D1%82%D1%8B,https://www.rustore.ru/catalog/app/ru.astro.chartslite
расчет натальной карты,490,13,com.semnon.astrovfr,AstroVizor,Образ жизни,,https://static.rustore.ru/imgproxy/gzTwgAXHr4AkIcih1f8Z7cXgwPWOVdO27oRFsKypf_I/preset:web_app_icon_62/plain/https://static.rustore.ru/apk/2063535581/content/ICON/97ad5afa-a494-41dd-ac8d-459f96a9b39d.png@webp,2026-07-29T18:45:11.878Z,https://www.rustore.ru/catalog/search?query=%D1%80%D0%B0%D1%81%D1%87%D0%B5%D1%82%20%D0%BD%D0%B0%D1%82%D0%B0%D0%BB%D1%8C%D0%BD%D0%BE%D0%B9%20%D0%BA%D0%B0%D1%80%D1%82%D1%8B,https://www.rustore.ru/catalog/app/com.semnon.astrovfr
расчет натальной карты,490,14,ru.astrolloai.app,Astrollo AI — натальная карта и гороскопы,Образ жизни,,https://static.rustore.ru/imgproxy/2OaiwVIuLve_hKUhfgNzehY4xT7X3vGs1wPINvjQmt0/preset:web_app_icon_62/plain/https://static.rustore.ru/2026/5/13/ec/apk/2063714344/content/ICON/b4d9d4ad-d1ec-450a-8c87-2cab890058fe.png@webp,2026-07-29T18:45:11.878Z,https://www.rustore.ru/catalog/search?query=%D1%80%D0%B0%D1%81%D1%87%D0%B5%D1%82%20%D0%BD%D0%B0%D1%82%D0%B0%D0%BB%D1%8C%D0%BD%D0%BE%D0%B9%20%D0%BA%D0%B0%D1%80%D1%82%D1%8B,https://www.rustore.ru/catalog/app/ru.astrolloai.app
расчет натальной карты,490,15,com.astropersona,AstroPersona — твой гороскоп и натальная карта,Образ жизни,,https://static.rustore.ru/imgproxy/yeT5vH4kz-9BL9oXE582buG3mIufkzi-o_8ru0XXGSc/preset:web_app_icon_62/plain/https://static.rustore.ru/2025/10/29/51/apk/2063549954/content/ICON/5fceb594-b2ae-4bab-984f-cdf38055c8bc.png@webp,2026-07-29T18:45:11.878Z,https://www.rustore.ru/catalog/search?query=%D1%80%D0%B0%D1%81%D1%87%D0%B5%D1%82%20%D0%BD%D0%B0%D1%82%D0%B0%D0%BB%D1%8C%D0%BD%D0%BE%D0%B9%20%D0%BA%D0%B0%D1%80%D1%82%D1%8B,https://www.rustore.ru/catalog/app/com.astropersona
расчет натальной карты,490,16,ru.astrostar.yakuba.android,"AstroStar: Гороскопы, Астрология, Натальная карта",Образ жизни,,https://static.rustore.ru/imgproxy/AhbqtmOGt4A-WJyKC6iNLfOuR5ZeYr3n0udIhWRL8F0/preset:web_app_icon_62/plain/https://static.rustore.ru/2025/12/22/c1/apk/2063682288/content/ICON/170d8dcb-a5d0-4372-b057-88a2a86e6066.jpg@webp,2026-07-29T18:45:11.878Z,https://www.rustore.ru/catalog/search?query=%D1%80%D0%B0%D1%81%D1%87%D0%B5%D1%82%20%D0%BD%D0%B0%D1%82%D0%B0%D0%BB%D1%8C%D0%BD%D0%BE%D0%B9%20%D0%BA%D0%B0%D1%80%D1%82%D1%8B,https://www.rustore.ru/catalog/app/ru.astrostar.yakuba.android
расчет натальной карты,490,17,com.kundalini.astroapp,Анима: Натальная карта и совместимость,Образ жизни,,https://static.rustore.ru/imgproxy/WVtKwg07iq2_CAQt_LjE9yioOOuNvt8aOLHCK8tZnIw/preset:web_app_icon_62/plain/https://static.rustore.ru/2026/7/25/05/apk/2063730207/content/ICON/34c23c2b-ce1d-4cfe-8cf2-c891393df157.jpg@webp,2026-07-29T18:45:11.878Z,https://www.rustore.ru/catalog/search?query=%D1%80%D0%B0%D1%81%D1%87%D0%B5%D1%82%20%D0%BD%D0%B0%D1%82%D0%B0%D0%BB%D1%8C%D0%BD%D0%BE%D0%B9%20%D0%BA%D0%B0%D1%80%D1%82%D1%8B,https://www.rustore.ru/catalog/app/com.kundalini.astroapp
расчет натальной карты,490,18,ru.z9games.astroscope,АстроСкоп: гороскоп и натальная карта,Образ жизни,,https://static.rustore.ru/imgproxy/tTRuY3c5lj4ZnzKBju_nPudSfTTJPchF4rOWDA_6wQc/preset:web_app_icon_62/plain/https://static.rustore.ru/2026/6/17/6e/apk/2063712728/content/ICON/9b52211d-0b22-4c45-9706-c20404625bd4.png@webp,2026-07-29T18:45:11.878Z,https://www.rustore.ru/catalog/search?query=%D1%80%D0%B0%D1%81%D1%87%D0%B5%D1%82%20%D0%BD%D0%B0%D1%82%D0%B0%D0%BB%D1%8C%D0%BD%D0%BE%D0%B9%20%D0%BA%D0%B0%D1%80%D1%82%D1%8B,https://www.rustore.ru/catalog/app/ru.z9games.astroscope
расчет натальной карты,490,19,ae.stargaz.app,Stargaze Гороскоп и Астрология,Образ жизни,,https://static.rustore.ru/imgproxy/x6q9yIFvsibOjoez6ROTu_uOEQJcZHJ8Cilp2v2_sC4/preset:web_app_icon_62/plain/https://static.rustore.ru/2026/4/25/bd/apk/2063553787/content/ICON/0c5d09fd-508d-417c-91c9-92d49ef3db86.png@webp,2026-07-29T18:45:11.878Z,https://www.rustore.ru/catalog/search?query=%D1%80%D0%B0%D1%81%D1%87%D0%B5%D1%82%20%D0%BD%D0%B0%D1%82%D0%B0%D0%BB%D1%8C%D0%BD%D0%BE%D0%B9%20%D0%BA%D0%B0%D1%80%D1%82%D1%8B,https://www.rustore.ru/catalog/app/ae.stargaz.app
расчет натальной карты,490,20,app.lunessa,Lunessa - твой личный астролог | Натальная карта,Образ жизни,,https://static.rustore.ru/imgproxy/z2ZqLE6AEsTXr-wq_0fZUr1Mty7RVj_xYjOUYvojEQk/preset:web_app_icon_62/plain/https://static.rustore.ru/2026/7/2/a1/apk/2063728283/content/ICON/56983e87-a82e-4af5-be18-548af25ae2e7.png@webp,2026-07-29T18:45:11.878Z,https://www.rustore.ru/catalog/search?query=%D1%80%D0%B0%D1%81%D1%87%D0%B5%D1%82%20%D0%BD%D0%B0%D1%82%D0%B0%D0%BB%D1%8C%D0%BD%D0%BE%D0%B9%20%D0%BA%D0%B0%D1%80%D1%82%D1%8B,https://www.rustore.ru/catalog/app/app.lunessa
рассчитать натальную карту,487,1,ru.mynatalchart.app,Натальная карта рассчитать с расшифровкой онлайн,Образ жизни,,https://static.rustore.ru/imgproxy/F4JseOuI6RzoPoXs3mqK3yXNzxrqv08SORZppQ10uGk/preset:web_app_icon_62/plain/https://static.rustore.ru/2026/6/22/65/apk/2063722870/content/ICON/d546e542-9512-4ff8-a1ff-033f763a244b.jpg@webp,2026-07-29T18:45:13.543Z,https://www.rustore.ru/catalog/search?query=%D1%80%D0%B0%D1%81%D1%81%D1%87%D0%B8%D1%82%D0%B0%D1%82%D1%8C%20%D0%BD%D0%B0%D1%82%D0%B0%D0%BB%D1%8C%D0%BD%D1%83%D1%8E%20%D0%BA%D0%B0%D1%80%D1%82%D1%83,https://www.rustore.ru/catalog/app/ru.mynatalchart.app
рассчитать натальную карту,487,2,com.matricasudbu.app.astro,Натальная карта. Астрология. Матрица Судьбы,Образ жизни·Развлечения,,https://static.rustore.ru/imgproxy/8CPP3b_zl4GFvlQDIJS8uQz1vW4WbaJazeRsedTl3hs/preset:web_app_icon_62/plain/https://static.rustore.ru/2026/4/8/f1/apk/2063620377/content/ICON/fd8c2873-149b-4f33-a56f-8cc06282defe.png@webp,2026-07-29T18:45:13.543Z,https://www.rustore.ru/catalog/search?query=%D1%80%D0%B0%D1%81%D1%81%D1%87%D0%B8%D1%82%D0%B0%D1%82%D1%8C%20%D0%BD%D0%B0%D1%82%D0%B0%D0%BB%D1%8C%D0%BD%D1%83%D1%8E%20%D0%BA%D0%B0%D1%80%D1%82%D1%83,https://www.rustore.ru/catalog/app/com.matricasudbu.app.astro
рассчитать натальную карту,487,3,com.natalchart.natalchartapp,Натальная карта,Образ жизни,,https://static.rustore.ru/imgproxy/9s4XQ6pMLNFavxAbJaiuOoYwnl1RvZb_IRn0-BLSo6E/preset:web_app_icon_62/plain/https://static.rustore.ru/2025/12/25/0a/apk/2063673012/content/ICON/a99cd865-9507-43cc-b17f-4b41c78e45f5.png@webp,2026-07-29T18:45:13.543Z,https://www.rustore.ru/catalog/search?query=%D1%80%D0%B0%D1%81%D1%81%D1%87%D0%B8%D1%82%D0%B0%D1%82%D1%8C%20%D0%BD%D0%B0%D1%82%D0%B0%D0%BB%D1%8C%D0%BD%D1%83%D1%8E%20%D0%BA%D0%B0%D1%80%D1%82%D1%83,https://www.rustore.ru/catalog/app/com.natalchart.natalchartapp
рассчитать натальную карту,487,4,com.natalis.flutter_app,Natalist,Образ жизни,,https://static.rustore.ru/imgproxy/zNBOvZsBwsK4Qd8LkkLcT5jzZiK2hgmj535oX_khxk4/preset:web_app_icon_62/plain/https://static.rustore.ru/2026/5/21/95/apk/2063699071/content/ICON/ac6a8339-8cf4-4185-ab0c-7e91ebb7d3f8.png@webp,2026-07-29T18:45:13.543Z,https://www.rustore.ru/catalog/search?query=%D1%80%D0%B0%D1%81%D1%81%D1%87%D0%B8%D1%82%D0%B0%D1%82%D1%8C%20%D0%BD%D0%B0%D1%82%D0%B0%D0%BB%D1%8C%D0%BD%D1%83%D1%8E%20%D0%BA%D0%B0%D1%80%D1%82%D1%83,https://www.rustore.ru/catalog/app/com.natalis.flutter_app
рассчитать натальную карту,487,5,ru.astrolloai.app,Astrollo AI — натальная карта и гороскопы,Образ жизни,,https://static.rustore.ru/imgproxy/2OaiwVIuLve_hKUhfgNzehY4xT7X3vGs1wPINvjQmt0/preset:web_app_icon_62/plain/https://static.rustore.ru/2026/5/13/ec/apk/2063714344/content/ICON/b4d9d4ad-d1ec-450a-8c87-2cab890058fe.png@webp,2026-07-29T18:45:13.543Z,https://www.rustore.ru/catalog/search?query=%D1%80%D0%B0%D1%81%D1%81%D1%87%D0%B8%D1%82%D0%B0%D1%82%D1%8C%20%D0%BD%D0%B0%D1%82%D0%B0%D0%BB%D1%8C%D0%BD%D1%83%D1%8E%20%D0%BA%D0%B0%D1%80%D1%82%D1%83,https://www.rustore.ru/catalog/app/ru.astrolloai.app
рассчитать натальную карту,487,6,com.dixtalescat.astrocode,АстроКод: натальная карта,Образ жизни·Развлечения,,https://static.rustore.ru/imgproxy/QGfhcDKFBV1XPqY8mZKGkhQymzBeRZta6wxampAkwCU/preset:web_app_icon_62/plain/https://static.rustore.ru/2026/6/8/0f/apk/2063720975/content/ICON/bef8803c-ad72-444a-bb24-391a3247eac4.png@webp,2026-07-29T18:45:13.543Z,https://www.rustore.ru/catalog/search?query=%D1%80%D0%B0%D1%81%D1%81%D1%87%D0%B8%D1%82%D0%B0%D1%82%D1%8C%20%D0%BD%D0%B0%D1%82%D0%B0%D0%BB%D1%8C%D0%BD%D1%83%D1%8E%20%D0%BA%D0%B0%D1%80%D1%82%D1%83,https://www.rustore.ru/catalog/app/com.dixtalescat.astrocode
рассчитать натальную карту,487,7,com.birth.chart.natal.horoscope.astrology.tarot,Натальная карта - AstroChart,Образ жизни,,https://static.rustore.ru/imgproxy/kYn6WYK2IDY4v1sIV0wlsg6DB8jeB95gsXRYp_F_KHQ/preset:web_app_icon_62/plain/https://static.rustore.ru/2025/10/6/83/apk/2063662829/content/ICON/444f59ea-7142-4bc7-83b0-95c3592a10b2.png@webp,2026-07-29T18:45:13.543Z,https://www.rustore.ru/catalog/search?query=%D1%80%D0%B0%D1%81%D1%81%D1%87%D0%B8%D1%82%D0%B0%D1%82%D1%8C%20%D0%BD%D0%B0%D1%82%D0%B0%D0%BB%D1%8C%D0%BD%D1%83%D1%8E%20%D0%BA%D0%B0%D1%80%D1%82%D1%83,https://www.rustore.ru/catalog/app/com.birth.chart.natal.horoscope.astrology.tarot
рассчитать натальную карту,487,8,ru.z9games.jyotish,Ведаскоп: джйотиш и натальная карта,Образ жизни,,https://static.rustore.ru/imgproxy/HsaaT5buUGX8MqIYO7-p5kJNEMagCnOcfDMS4M2M6ZM/preset:web_app_icon_62/plain/https://static.rustore.ru/2026/6/24/02/apk/2063724173/content/ICON/26228479-06f4-4875-a6f0-366cd7479072.png@webp,2026-07-29T18:45:13.543Z,https://www.rustore.ru/catalog/search?query=%D1%80%D0%B0%D1%81%D1%81%D1%87%D0%B8%D1%82%D0%B0%D1%82%D1%8C%20%D0%BD%D0%B0%D1%82%D0%B0%D0%BB%D1%8C%D0%BD%D1%83%D1%8E%20%D0%BA%D0%B0%D1%80%D1%82%D1%83,https://www.rustore.ru/catalog/app/ru.z9games.jyotish
рассчитать натальную карту,487,9,ru.neurodzen.app,"Нейродзен — Натальная Карта, Гороскоп, Астрология",Развлечения·Образ жизни,,https://static.rustore.ru/imgproxy/OQ7kWj-v_uYNb5BXMSxvUYei-6uMMhsfa5nehPh3n6o/preset:web_app_icon_62/plain/https://static.rustore.ru/2026/1/12/4f/apk/2063667687/content/ICON/22a1939e-2d55-423b-80f1-f22a82ee2b5c.png@webp,2026-07-29T18:45:13.543Z,https://www.rustore.ru/catalog/search?query=%D1%80%D0%B0%D1%81%D1%81%D1%87%D0%B8%D1%82%D0%B0%D1%82%D1%8C%20%D0%BD%D0%B0%D1%82%D0%B0%D0%BB%D1%8C%D0%BD%D1%83%D1%8E%20%D0%BA%D0%B0%D1%80%D1%82%D1%83,https://www.rustore.ru/catalog/app/ru.neurodzen.app
рассчитать натальную карту,487,10,ru.astrai.app,AstrAi — натальная карта и гороскоп,Образ жизни,,https://static.rustore.ru/imgproxy/KbUVotyglHzyEmsQ36ejj6z2B43JC9Qv8C4BIPx7ens/preset:web_app_icon_62/plain/https://static.rustore.ru/2026/7/8/08/apk/2063730771/content/ICON/490a8eb2-cbda-4812-8cad-60468e80d3bb.png@webp,2026-07-29T18:45:13.543Z,https://www.rustore.ru/catalog/search?query=%D1%80%D0%B0%D1%81%D1%81%D1%87%D0%B8%D1%82%D0%B0%D1%82%D1%8C%20%D0%BD%D0%B0%D1%82%D0%B0%D0%BB%D1%8C%D0%BD%D1%83%D1%8E%20%D0%BA%D0%B0%D1%80%D1%82%D1%83,https://www.rustore.ru/catalog/app/ru.astrai.app
рассчитать натальную карту,487,11,com.sopelus.horoscope,"Гороскопы бесплатно, натальная карта",Образ жизни,,https://static.rustore.ru/imgproxy/6Y2EnbUmAeSntLHRzoX7VP5iRHM6InMeJHZao6yYG00/preset:web_app_icon_62/plain/https://static.rustore.ru/apk/2063642700/content/ICON/4cf492a6-1c93-45d7-89fc-41600dc6d076.png@webp,2026-07-29T18:45:13.543Z,https://www.rustore.ru/catalog/search?query=%D1%80%D0%B0%D1%81%D1%81%D1%87%D0%B8%D1%82%D0%B0%D1%82%D1%8C%20%D0%BD%D0%B0%D1%82%D0%B0%D0%BB%D1%8C%D0%BD%D1%83%D1%8E%20%D0%BA%D0%B0%D1%80%D1%82%D1%83,https://www.rustore.ru/catalog/app/com.sopelus.horoscope
рассчитать натальную карту,487,12,ru.astreya.app,"Астрея: гороскоп, натальная карта, таро",Образ жизни,,https://static.rustore.ru/imgproxy/ZZLZRn9_c-94Hwa3JIjvp2xSRQZ8qcL6aRjiod6JHS0/preset:web_app_icon_62/plain/https://static.rustore.ru/2026/7/13/8c/apk/2063731934/content/ICON/637f9c4d-1353-4100-9f95-f37c7de8bbc5.png@webp,2026-07-29T18:45:13.543Z,https://www.rustore.ru/catalog/search?query=%D1%80%D0%B0%D1%81%D1%81%D1%87%D0%B8%D1%82%D0%B0%D1%82%D1%8C%20%D0%BD%D0%B0%D1%82%D0%B0%D0%BB%D1%8C%D0%BD%D1%83%D1%8E%20%D0%BA%D0%B0%D1%80%D1%82%D1%83,https://www.rustore.ru/catalog/app/ru.astreya.app
рассчитать натальную карту,487,13,com.kundalini.astroapp,Анима: Натальная карта и совместимость,Образ жизни,,https://static.rustore.ru/imgproxy/WVtKwg07iq2_CAQt_LjE9yioOOuNvt8aOLHCK8tZnIw/preset:web_app_icon_62/plain/https://static.rustore.ru/2026/7/25/05/apk/2063730207/content/ICON/34c23c2b-ce1d-4cfe-8cf2-c891393df157.jpg@webp,2026-07-29T18:45:13.543Z,https://www.rustore.ru/catalog/search?query=%D1%80%D0%B0%D1%81%D1%81%D1%87%D0%B8%D1%82%D0%B0%D1%82%D1%8C%20%D0%BD%D0%B0%D1%82%D0%B0%D0%BB%D1%8C%D0%BD%D1%83%D1%8E%20%D0%BA%D0%B0%D1%80%D1%82%D1%83,https://www.rustore.ru/catalog/app/com.kundalini.astroapp
рассчитать натальную карту,487,14,ru.astrostar.yakuba.android,"AstroStar: Гороскопы, Астрология, Натальная карта",Образ жизни,,https://static.rustore.ru/imgproxy/AhbqtmOGt4A-WJyKC6iNLfOuR5ZeYr3n0udIhWRL8F0/preset:web_app_icon_62/plain/https://static.rustore.ru/2025/12/22/c1/apk/2063682288/content/ICON/170d8dcb-a5d0-4372-b057-88a2a86e6066.jpg@webp,2026-07-29T18:45:13.543Z,https://www.rustore.ru/catalog/search?query=%D1%80%D0%B0%D1%81%D1%81%D1%87%D0%B8%D1%82%D0%B0%D1%82%D1%8C%20%D0%BD%D0%B0%D1%82%D0%B0%D0%BB%D1%8C%D0%BD%D1%83%D1%8E%20%D0%BA%D0%B0%D1%80%D1%82%D1%83,https://www.rustore.ru/catalog/app/ru.astrostar.yakuba.android
рассчитать натальную карту,487,15,ru.z9games.astroscope,АстроСкоп: гороскоп и натальная карта,Образ жизни,,https://static.rustore.ru/imgproxy/tTRuY3c5lj4ZnzKBju_nPudSfTTJPchF4rOWDA_6wQc/preset:web_app_icon_62/plain/https://static.rustore.ru/2026/6/17/6e/apk/2063712728/content/ICON/9b52211d-0b22-4c45-9706-c20404625bd4.png@webp,2026-07-29T18:45:13.543Z,https://www.rustore.ru/catalog/search?query=%D1%80%D0%B0%D1%81%D1%81%D1%87%D0%B8%D1%82%D0%B0%D1%82%D1%8C%20%D0%BD%D0%B0%D1%82%D0%B0%D0%BB%D1%8C%D0%BD%D1%83%D1%8E%20%D0%BA%D0%B0%D1%80%D1%82%D1%83,https://www.rustore.ru/catalog/app/ru.z9games.astroscope
рассчитать натальную карту,487,16,com.astropersona,AstroPersona — твой гороскоп и натальная карта,Образ жизни,,https://static.rustore.ru/imgproxy/yeT5vH4kz-9BL9oXE582buG3mIufkzi-o_8ru0XXGSc/preset:web_app_icon_62/plain/https://static.rustore.ru/2025/10/29/51/apk/2063549954/content/ICON/5fceb594-b2ae-4bab-984f-cdf38055c8bc.png@webp,2026-07-29T18:45:13.543Z,https://www.rustore.ru/catalog/search?query=%D1%80%D0%B0%D1%81%D1%81%D1%87%D0%B8%D1%82%D0%B0%D1%82%D1%8C%20%D0%BD%D0%B0%D1%82%D0%B0%D0%BB%D1%8C%D0%BD%D1%83%D1%8E%20%D0%BA%D0%B0%D1%80%D1%82%D1%83,https://www.rustore.ru/catalog/app/com.astropersona
рассчитать натальную карту,487,17,com.aiastrologer.app,"AI-Астролог, Таро, Астрология, Гороскоп, Астробот",Образ жизни,,https://static.rustore.ru/imgproxy/3Ld-d7uhG_9cEJ2LiCa6jgaz7lg0Yn7lyGXuEB7Ct8k/preset:web_app_icon_62/plain/https://static.rustore.ru/2026/7/9/a7/apk/2063730874/content/ICON/9883a02f-2920-4a9b-a268-a5a33b24e8ea.png@webp,2026-07-29T18:45:13.543Z,https://www.rustore.ru/catalog/search?query=%D1%80%D0%B0%D1%81%D1%81%D1%87%D0%B8%D1%82%D0%B0%D1%82%D1%8C%20%D0%BD%D0%B0%D1%82%D0%B0%D0%BB%D1%8C%D0%BD%D1%83%D1%8E%20%D0%BA%D0%B0%D1%80%D1%82%D1%83,https://www.rustore.ru/catalog/app/com.aiastrologer.app
рассчитать натальную карту,487,18,app.lunessa,Lunessa - твой личный астролог | Натальная карта,Образ жизни,,https://static.rustore.ru/imgproxy/z2ZqLE6AEsTXr-wq_0fZUr1Mty7RVj_xYjOUYvojEQk/preset:web_app_icon_62/plain/https://static.rustore.ru/2026/7/2/a1/apk/2063728283/content/ICON/56983e87-a82e-4af5-be18-548af25ae2e7.png@webp,2026-07-29T18:45:13.543Z,https://www.rustore.ru/catalog/search?query=%D1%80%D0%B0%D1%81%D1%81%D1%87%D0%B8%D1%82%D0%B0%D1%82%D1%8C%20%D0%BD%D0%B0%D1%82%D0%B0%D0%BB%D1%8C%D0%BD%D1%83%D1%8E%20%D0%BA%D0%B0%D1%80%D1%82%D1%83,https://www.rustore.ru/catalog/app/app.lunessa
рассчитать натальную карту,487,19,ru.astro.chartslite,Астрологические Карты Lite,Образ жизни,,https://static.rustore.ru/imgproxy/AZ0OLjvPtQNEOmm3E1sTPzoRKxq3oQjFKouCo91WOQU/preset:web_app_icon_62/plain/https://static.rustore.ru/apk/2063491774/content/ICON/6faad8e3-adb7-43e9-8d33-7cbd343aeec5.png@webp,2026-07-29T18:45:13.543Z,https://www.rustore.ru/catalog/search?query=%D1%80%D0%B0%D1%81%D1%81%D1%87%D0%B8%D1%82%D0%B0%D1%82%D1%8C%20%D0%BD%D0%B0%D1%82%D0%B0%D0%BB%D1%8C%D0%BD%D1%83%D1%8E%20%D0%BA%D0%B0%D1%80%D1%82%D1%83,https://www.rustore.ru/catalog/app/ru.astro.chartslite
рассчитать натальную карту,487,20,com.user75.numerology2,Numia: Гороскоп и астрология,Образ жизни,,https://static.rustore.ru/imgproxy/XbRg0HSoguDv7kWKTNY3DilX-cUZgccZxHDT2kHyXcM/preset:web_app_icon_62/plain/https://static.rustore.ru/2026/4/29/57/apk/2063583971/content/ICON/8e252fa3-a937-4650-a862-d88d976589f5.png@webp,2026-07-29T18:45:13.543Z,https://www.rustore.ru/catalog/search?query=%D1%80%D0%B0%D1%81%D1%81%D1%87%D0%B8%D1%82%D0%B0%D1%82%D1%8C%20%D0%BD%D0%B0%D1%82%D0%B0%D0%BB%D1%8C%D0%BD%D1%83%D1%8E%20%D0%BA%D0%B0%D1%80%D1%82%D1%83,https://www.rustore.ru/catalog/app/com.user75.numerology2
построить натальную карту,493,1,ru.mynatalchart.app,Натальная карта рассчитать с расшифровкой онлайн,Образ жизни,,https://static.rustore.ru/imgproxy/F4JseOuI6RzoPoXs3mqK3yXNzxrqv08SORZppQ10uGk/preset:web_app_icon_62/plain/https://static.rustore.ru/2026/6/22/65/apk/2063722870/content/ICON/d546e542-9512-4ff8-a1ff-033f763a244b.jpg@webp,2026-07-29T18:45:15.053Z,https://www.rustore.ru/catalog/search?query=%D0%BF%D0%BE%D1%81%D1%82%D1%80%D0%BE%D0%B8%D1%82%D1%8C%20%D0%BD%D0%B0%D1%82%D0%B0%D0%BB%D1%8C%D0%BD%D1%83%D1%8E%20%D0%BA%D0%B0%D1%80%D1%82%D1%83,https://www.rustore.ru/catalog/app/ru.mynatalchart.app
построить натальную карту,493,2,com.matricasudbu.app.astro,Натальная карта. Астрология. Матрица Судьбы,Образ жизни·Развлечения,,https://static.rustore.ru/imgproxy/8CPP3b_zl4GFvlQDIJS8uQz1vW4WbaJazeRsedTl3hs/preset:web_app_icon_62/plain/https://static.rustore.ru/2026/4/8/f1/apk/2063620377/content/ICON/fd8c2873-149b-4f33-a56f-8cc06282defe.png@webp,2026-07-29T18:45:15.053Z,https://www.rustore.ru/catalog/search?query=%D0%BF%D0%BE%D1%81%D1%82%D1%80%D0%BE%D0%B8%D1%82%D1%8C%20%D0%BD%D0%B0%D1%82%D0%B0%D0%BB%D1%8C%D0%BD%D1%83%D1%8E%20%D0%BA%D0%B0%D1%80%D1%82%D1%83,https://www.rustore.ru/catalog/app/com.matricasudbu.app.astro
построить натальную карту,493,3,com.natalchart.natalchartapp,Натальная карта,Образ жизни,,https://static.rustore.ru/imgproxy/9s4XQ6pMLNFavxAbJaiuOoYwnl1RvZb_IRn0-BLSo6E/preset:web_app_icon_62/plain/https://static.rustore.ru/2025/12/25/0a/apk/2063673012/content/ICON/a99cd865-9507-43cc-b17f-4b41c78e45f5.png@webp,2026-07-29T18:45:15.053Z,https://www.rustore.ru/catalog/search?query=%D0%BF%D0%BE%D1%81%D1%82%D1%80%D0%BE%D0%B8%D1%82%D1%8C%20%D0%BD%D0%B0%D1%82%D0%B0%D0%BB%D1%8C%D0%BD%D1%83%D1%8E%20%D0%BA%D0%B0%D1%80%D1%82%D1%83,https://www.rustore.ru/catalog/app/com.natalchart.natalchartapp
построить натальную карту,493,4,com.dixtalescat.astrocode,АстроКод: натальная карта,Образ жизни·Развлечения,,https://static.rustore.ru/imgproxy/QGfhcDKFBV1XPqY8mZKGkhQymzBeRZta6wxampAkwCU/preset:web_app_icon_62/plain/https://static.rustore.ru/2026/6/8/0f/apk/2063720975/content/ICON/bef8803c-ad72-444a-bb24-391a3247eac4.png@webp,2026-07-29T18:45:15.053Z,https://www.rustore.ru/catalog/search?query=%D0%BF%D0%BE%D1%81%D1%82%D1%80%D0%BE%D0%B8%D1%82%D1%8C%20%D0%BD%D0%B0%D1%82%D0%B0%D0%BB%D1%8C%D0%BD%D1%83%D1%8E%20%D0%BA%D0%B0%D1%80%D1%82%D1%83,https://www.rustore.ru/catalog/app/com.dixtalescat.astrocode
построить натальную карту,493,5,ru.neurodzen.app,"Нейродзен — Натальная Карта, Гороскоп, Астрология",Развлечения·Образ жизни,,https://static.rustore.ru/imgproxy/OQ7kWj-v_uYNb5BXMSxvUYei-6uMMhsfa5nehPh3n6o/preset:web_app_icon_62/plain/https://static.rustore.ru/2026/1/12/4f/apk/2063667687/content/ICON/22a1939e-2d55-423b-80f1-f22a82ee2b5c.png@webp,2026-07-29T18:45:15.053Z,https://www.rustore.ru/catalog/search?query=%D0%BF%D0%BE%D1%81%D1%82%D1%80%D0%BE%D0%B8%D1%82%D1%8C%20%D0%BD%D0%B0%D1%82%D0%B0%D0%BB%D1%8C%D0%BD%D1%83%D1%8E%20%D0%BA%D0%B0%D1%80%D1%82%D1%83,https://www.rustore.ru/catalog/app/ru.neurodzen.app
построить натальную карту,493,6,com.birth.chart.natal.horoscope.astrology.tarot,Натальная карта - AstroChart,Образ жизни,,https://static.rustore.ru/imgproxy/kYn6WYK2IDY4v1sIV0wlsg6DB8jeB95gsXRYp_F_KHQ/preset:web_app_icon_62/plain/https://static.rustore.ru/2025/10/6/83/apk/2063662829/content/ICON/444f59ea-7142-4bc7-83b0-95c3592a10b2.png@webp,2026-07-29T18:45:15.053Z,https://www.rustore.ru/catalog/search?query=%D0%BF%D0%BE%D1%81%D1%82%D1%80%D0%BE%D0%B8%D1%82%D1%8C%20%D0%BD%D0%B0%D1%82%D0%B0%D0%BB%D1%8C%D0%BD%D1%83%D1%8E%20%D0%BA%D0%B0%D1%80%D1%82%D1%83,https://www.rustore.ru/catalog/app/com.birth.chart.natal.horoscope.astrology.tarot
построить натальную карту,493,7,com.sopelus.horoscope,"Гороскопы бесплатно, натальная карта",Образ жизни,,https://static.rustore.ru/imgproxy/6Y2EnbUmAeSntLHRzoX7VP5iRHM6InMeJHZao6yYG00/preset:web_app_icon_62/plain/https://static.rustore.ru/apk/2063642700/content/ICON/4cf492a6-1c93-45d7-89fc-41600dc6d076.png@webp,2026-07-29T18:45:15.053Z,https://www.rustore.ru/catalog/search?query=%D0%BF%D0%BE%D1%81%D1%82%D1%80%D0%BE%D0%B8%D1%82%D1%8C%20%D0%BD%D0%B0%D1%82%D0%B0%D0%BB%D1%8C%D0%BD%D1%83%D1%8E%20%D0%BA%D0%B0%D1%80%D1%82%D1%83,https://www.rustore.ru/catalog/app/com.sopelus.horoscope
построить натальную карту,493,8,com.aiastrologer.app,"AI-Астролог, Таро, Астрология, Гороскоп, Астробот",Образ жизни,,https://static.rustore.ru/imgproxy/3Ld-d7uhG_9cEJ2LiCa6jgaz7lg0Yn7lyGXuEB7Ct8k/preset:web_app_icon_62/plain/https://static.rustore.ru/2026/7/9/a7/apk/2063730874/content/ICON/9883a02f-2920-4a9b-a268-a5a33b24e8ea.png@webp,2026-07-29T18:45:15.053Z,https://www.rustore.ru/catalog/search?query=%D0%BF%D0%BE%D1%81%D1%82%D1%80%D0%BE%D0%B8%D1%82%D1%8C%20%D0%BD%D0%B0%D1%82%D0%B0%D0%BB%D1%8C%D0%BD%D1%83%D1%8E%20%D0%BA%D0%B0%D1%80%D1%82%D1%83,https://www.rustore.ru/catalog/app/com.aiastrologer.app
построить натальную карту,493,9,com.kundalini.astroapp,Анима: Натальная карта и совместимость,Образ жизни,,https://static.rustore.ru/imgproxy/WVtKwg07iq2_CAQt_LjE9yioOOuNvt8aOLHCK8tZnIw/preset:web_app_icon_62/plain/https://static.rustore.ru/2026/7/25/05/apk/2063730207/content/ICON/34c23c2b-ce1d-4cfe-8cf2-c891393df157.jpg@webp,2026-07-29T18:45:15.053Z,https://www.rustore.ru/catalog/search?query=%D0%BF%D0%BE%D1%81%D1%82%D1%80%D0%BE%D0%B8%D1%82%D1%8C%20%D0%BD%D0%B0%D1%82%D0%B0%D0%BB%D1%8C%D0%BD%D1%83%D1%8E%20%D0%BA%D0%B0%D1%80%D1%82%D1%83,https://www.rustore.ru/catalog/app/com.kundalini.astroapp
построить натальную карту,493,10,ru.z9games.jyotish,Ведаскоп: джйотиш и натальная карта,Образ жизни,,https://static.rustore.ru/imgproxy/HsaaT5buUGX8MqIYO7-p5kJNEMagCnOcfDMS4M2M6ZM/preset:web_app_icon_62/plain/https://static.rustore.ru/2026/6/24/02/apk/2063724173/content/ICON/26228479-06f4-4875-a6f0-366cd7479072.png@webp,2026-07-29T18:45:15.053Z,https://www.rustore.ru/catalog/search?query=%D0%BF%D0%BE%D1%81%D1%82%D1%80%D0%BE%D0%B8%D1%82%D1%8C%20%D0%BD%D0%B0%D1%82%D0%B0%D0%BB%D1%8C%D0%BD%D1%83%D1%8E%20%D0%BA%D0%B0%D1%80%D1%82%D1%83,https://www.rustore.ru/catalog/app/ru.z9games.jyotish
построить натальную карту,493,11,ru.astro.chartslite,Астрологические Карты Lite,Образ жизни,,https://static.rustore.ru/imgproxy/AZ0OLjvPtQNEOmm3E1sTPzoRKxq3oQjFKouCo91WOQU/preset:web_app_icon_62/plain/https://static.rustore.ru/apk/2063491774/content/ICON/6faad8e3-adb7-43e9-8d33-7cbd343aeec5.png@webp,2026-07-29T18:45:15.053Z,https://www.rustore.ru/catalog/search?query=%D0%BF%D0%BE%D1%81%D1%82%D1%80%D0%BE%D0%B8%D1%82%D1%8C%20%D0%BD%D0%B0%D1%82%D0%B0%D0%BB%D1%8C%D0%BD%D1%83%D1%8E%20%D0%BA%D0%B0%D1%80%D1%82%D1%83,https://www.rustore.ru/catalog/app/ru.astro.chartslite
построить натальную карту,493,12,com.semnon.astrovfr,AstroVizor,Образ жизни,,https://static.rustore.ru/imgproxy/gzTwgAXHr4AkIcih1f8Z7cXgwPWOVdO27oRFsKypf_I/preset:web_app_icon_62/plain/https://static.rustore.ru/apk/2063535581/content/ICON/97ad5afa-a494-41dd-ac8d-459f96a9b39d.png@webp,2026-07-29T18:45:15.053Z,https://www.rustore.ru/catalog/search?query=%D0%BF%D0%BE%D1%81%D1%82%D1%80%D0%BE%D0%B8%D1%82%D1%8C%20%D0%BD%D0%B0%D1%82%D0%B0%D0%BB%D1%8C%D0%BD%D1%83%D1%8E%20%D0%BA%D0%B0%D1%80%D1%82%D1%83,https://www.rustore.ru/catalog/app/com.semnon.astrovfr
построить натальную карту,493,13,ru.astrai.app,AstrAi — натальная карта и гороскоп,Образ жизни,,https://static.rustore.ru/imgproxy/KbUVotyglHzyEmsQ36ejj6z2B43JC9Qv8C4BIPx7ens/preset:web_app_icon_62/plain/https://static.rustore.ru/2026/7/8/08/apk/2063730771/content/ICON/490a8eb2-cbda-4812-8cad-60468e80d3bb.png@webp,2026-07-29T18:45:15.053Z,https://www.rustore.ru/catalog/search?query=%D0%BF%D0%BE%D1%81%D1%82%D1%80%D0%BE%D0%B8%D1%82%D1%8C%20%D0%BD%D0%B0%D1%82%D0%B0%D0%BB%D1%8C%D0%BD%D1%83%D1%8E%20%D0%BA%D0%B0%D1%80%D1%82%D1%83,https://www.rustore.ru/catalog/app/ru.astrai.app
построить натальную карту,493,14,ru.astro.charts,Астрологические Карты,Образ жизни,,https://static.rustore.ru/imgproxy/Jqdw3DubicZmFzWE4TZo2z6sYT8RH-AJXpSCBRSCfvk/preset:web_app_icon_62/plain/https://static.rustore.ru/apk/2063491767/content/ICON/eacbdfd0-518d-4e42-a312-bcc95e25e748.png@webp,2026-07-29T18:45:15.053Z,https://www.rustore.ru/catalog/search?query=%D0%BF%D0%BE%D1%81%D1%82%D1%80%D0%BE%D0%B8%D1%82%D1%8C%20%D0%BD%D0%B0%D1%82%D0%B0%D0%BB%D1%8C%D0%BD%D1%83%D1%8E%20%D0%BA%D0%B0%D1%80%D1%82%D1%83,https://www.rustore.ru/catalog/app/ru.astro.charts
построить натальную карту,493,15,ru.z9games.astroscope,АстроСкоп: гороскоп и натальная карта,Образ жизни,,https://static.rustore.ru/imgproxy/tTRuY3c5lj4ZnzKBju_nPudSfTTJPchF4rOWDA_6wQc/preset:web_app_icon_62/plain/https://static.rustore.ru/2026/6/17/6e/apk/2063712728/content/ICON/9b52211d-0b22-4c45-9706-c20404625bd4.png@webp,2026-07-29T18:45:15.053Z,https://www.rustore.ru/catalog/search?query=%D0%BF%D0%BE%D1%81%D1%82%D1%80%D0%BE%D0%B8%D1%82%D1%8C%20%D0%BD%D0%B0%D1%82%D0%B0%D0%BB%D1%8C%D0%BD%D1%83%D1%8E%20%D0%BA%D0%B0%D1%80%D1%82%D1%83,https://www.rustore.ru/catalog/app/ru.z9games.astroscope
построить натальную карту,493,16,com.natalis.flutter_app,Natalist,Образ жизни,,https://static.rustore.ru/imgproxy/zNBOvZsBwsK4Qd8LkkLcT5jzZiK2hgmj535oX_khxk4/preset:web_app_icon_62/plain/https://static.rustore.ru/2026/5/21/95/apk/2063699071/content/ICON/ac6a8339-8cf4-4185-ab0c-7e91ebb7d3f8.png@webp,2026-07-29T18:45:15.053Z,https://www.rustore.ru/catalog/search?query=%D0%BF%D0%BE%D1%81%D1%82%D1%80%D0%BE%D0%B8%D1%82%D1%8C%20%D0%BD%D0%B0%D1%82%D0%B0%D0%BB%D1%8C%D0%BD%D1%83%D1%8E%20%D0%BA%D0%B0%D1%80%D1%82%D1%83,https://www.rustore.ru/catalog/app/com.natalis.flutter_app
построить натальную карту,493,17,ru.astrelle.app,Astrelle — персональный ИИ-астролог,Образ жизни,,https://static.rustore.ru/imgproxy/pFIk3QdE6UnuFTDHZx0bJdGzA-G2NKrajmxVnPdZpXs/preset:web_app_icon_62/plain/https://static.rustore.ru/2026/6/14/44/apk/2063721312/content/ICON/3e6b316d-cd20-44c1-84ea-d929106d69d6.png@webp,2026-07-29T18:45:15.053Z,https://www.rustore.ru/catalog/search?query=%D0%BF%D0%BE%D1%81%D1%82%D1%80%D0%BE%D0%B8%D1%82%D1%8C%20%D0%BD%D0%B0%D1%82%D0%B0%D0%BB%D1%8C%D0%BD%D1%83%D1%8E%20%D0%BA%D0%B0%D1%80%D1%82%D1%83,https://www.rustore.ru/catalog/app/ru.astrelle.app
построить натальную карту,493,18,ru.astro.chartspro,Астрологические Карты Pro,Образ жизни,,https://static.rustore.ru/imgproxy/H7yWs1c8FEoh13kPEN8FrjJKP74aPcrZPAAwyIC5Loo/preset:web_app_icon_62/plain/https://static.rustore.ru/apk/2063491770/content/ICON/f06bbe92-b75b-4a58-84ff-973399f9d848.png@webp,2026-07-29T18:45:15.053Z,https://www.rustore.ru/catalog/search?query=%D0%BF%D0%BE%D1%81%D1%82%D1%80%D0%BE%D0%B8%D1%82%D1%8C%20%D0%BD%D0%B0%D1%82%D0%B0%D0%BB%D1%8C%D0%BD%D1%83%D1%8E%20%D0%BA%D0%B0%D1%80%D1%82%D1%83,https://www.rustore.ru/catalog/app/ru.astro.chartspro
построить натальную карту,493,19,ru.astreya.app,"Астрея: гороскоп, натальная карта, таро",Образ жизни,,https://static.rustore.ru/imgproxy/ZZLZRn9_c-94Hwa3JIjvp2xSRQZ8qcL6aRjiod6JHS0/preset:web_app_icon_62/plain/https://static.rustore.ru/2026/7/13/8c/apk/2063731934/content/ICON/637f9c4d-1353-4100-9f95-f37c7de8bbc5.png@webp,2026-07-29T18:45:15.053Z,https://www.rustore.ru/catalog/search?query=%D0%BF%D0%BE%D1%81%D1%82%D1%80%D0%BE%D0%B8%D1%82%D1%8C%20%D0%BD%D0%B0%D1%82%D0%B0%D0%BB%D1%8C%D0%BD%D1%83%D1%8E%20%D0%BA%D0%B0%D1%80%D1%82%D1%83,https://www.rustore.ru/catalog/app/ru.astreya.app
построить натальную карту,493,20,ru.astrolloai.app,Astrollo AI — натальная карта и гороскопы,Образ жизни,,https://static.rustore.ru/imgproxy/2OaiwVIuLve_hKUhfgNzehY4xT7X3vGs1wPINvjQmt0/preset:web_app_icon_62/plain/https://static.rustore.ru/2026/5/13/ec/apk/2063714344/content/ICON/b4d9d4ad-d1ec-450a-8c87-2cab890058fe.png@webp,2026-07-29T18:45:15.053Z,https://www.rustore.ru/catalog/search?query=%D0%BF%D0%BE%D1%81%D1%82%D1%80%D0%BE%D0%B8%D1%82%D1%8C%20%D0%BD%D0%B0%D1%82%D0%B0%D0%BB%D1%8C%D0%BD%D1%83%D1%8E%20%D0%BA%D0%B0%D1%80%D1%82%D1%83,https://www.rustore.ru/catalog/app/ru.astrolloai.app
расшифровка натальной карты,493,1,ru.mynatalchart.app,Натальная карта рассчитать с расшифровкой онлайн,Образ жизни,,https://static.rustore.ru/imgproxy/F4JseOuI6RzoPoXs3mqK3yXNzxrqv08SORZppQ10uGk/preset:web_app_icon_62/plain/https://static.rustore.ru/2026/6/22/65/apk/2063722870/content/ICON/d546e542-9512-4ff8-a1ff-033f763a244b.jpg@webp,2026-07-29T18:45:17.338Z,https://www.rustore.ru/catalog/search?query=%D1%80%D0%B0%D1%81%D1%88%D0%B8%D1%84%D1%80%D0%BE%D0%B2%D0%BA%D0%B0%20%D0%BD%D0%B0%D1%82%D0%B0%D0%BB%D1%8C%D0%BD%D0%BE%D0%B9%20%D0%BA%D0%B0%D1%80%D1%82%D1%8B,https://www.rustore.ru/catalog/app/ru.mynatalchart.app
расшифровка натальной карты,493,2,com.natalchart.natalchartapp,Натальная карта,Образ жизни,,https://static.rustore.ru/imgproxy/9s4XQ6pMLNFavxAbJaiuOoYwnl1RvZb_IRn0-BLSo6E/preset:web_app_icon_62/plain/https://static.rustore.ru/2025/12/25/0a/apk/2063673012/content/ICON/a99cd865-9507-43cc-b17f-4b41c78e45f5.png@webp,2026-07-29T18:45:17.338Z,https://www.rustore.ru/catalog/search?query=%D1%80%D0%B0%D1%81%D1%88%D0%B8%D1%84%D1%80%D0%BE%D0%B2%D0%BA%D0%B0%20%D0%BD%D0%B0%D1%82%D0%B0%D0%BB%D1%8C%D0%BD%D0%BE%D0%B9%20%D0%BA%D0%B0%D1%80%D1%82%D1%8B,https://www.rustore.ru/catalog/app/com.natalchart.natalchartapp
расшифровка натальной карты,493,3,com.dixtalescat.astrocode,АстроКод: натальная карта,Образ жизни·Развлечения,,https://static.rustore.ru/imgproxy/QGfhcDKFBV1XPqY8mZKGkhQymzBeRZta6wxampAkwCU/preset:web_app_icon_62/plain/https://static.rustore.ru/2026/6/8/0f/apk/2063720975/content/ICON/bef8803c-ad72-444a-bb24-391a3247eac4.png@webp,2026-07-29T18:45:17.338Z,https://www.rustore.ru/catalog/search?query=%D1%80%D0%B0%D1%81%D1%88%D0%B8%D1%84%D1%80%D0%BE%D0%B2%D0%BA%D0%B0%20%D0%BD%D0%B0%D1%82%D0%B0%D0%BB%D1%8C%D0%BD%D0%BE%D0%B9%20%D0%BA%D0%B0%D1%80%D1%82%D1%8B,https://www.rustore.ru/catalog/app/com.dixtalescat.astrocode
расшифровка натальной карты,493,4,com.matricasudbu.app.astro,Натальная карта. Астрология. Матрица Судьбы,Образ жизни·Развлечения,,https://static.rustore.ru/imgproxy/8CPP3b_zl4GFvlQDIJS8uQz1vW4WbaJazeRsedTl3hs/preset:web_app_icon_62/plain/https://static.rustore.ru/2026/4/8/f1/apk/2063620377/content/ICON/fd8c2873-149b-4f33-a56f-8cc06282defe.png@webp,2026-07-29T18:45:17.338Z,https://www.rustore.ru/catalog/search?query=%D1%80%D0%B0%D1%81%D1%88%D0%B8%D1%84%D1%80%D0%BE%D0%B2%D0%BA%D0%B0%20%D0%BD%D0%B0%D1%82%D0%B0%D0%BB%D1%8C%D0%BD%D0%BE%D0%B9%20%D0%BA%D0%B0%D1%80%D1%82%D1%8B,https://www.rustore.ru/catalog/app/com.matricasudbu.app.astro
расшифровка натальной карты,493,5,com.birth.chart.natal.horoscope.astrology.tarot,Натальная карта - AstroChart,Образ жизни,,https://static.rustore.ru/imgproxy/kYn6WYK2IDY4v1sIV0wlsg6DB8jeB95gsXRYp_F_KHQ/preset:web_app_icon_62/plain/https://static.rustore.ru/2025/10/6/83/apk/2063662829/content/ICON/444f59ea-7142-4bc7-83b0-95c3592a10b2.png@webp,2026-07-29T18:45:17.338Z,https://www.rustore.ru/catalog/search?query=%D1%80%D0%B0%D1%81%D1%88%D0%B8%D1%84%D1%80%D0%BE%D0%B2%D0%BA%D0%B0%20%D0%BD%D0%B0%D1%82%D0%B0%D0%BB%D1%8C%D0%BD%D0%BE%D0%B9%20%D0%BA%D0%B0%D1%80%D1%82%D1%8B,https://www.rustore.ru/catalog/app/com.birth.chart.natal.horoscope.astrology.tarot
расшифровка натальной карты,493,6,ru.neurodzen.app,"Нейродзен — Натальная Карта, Гороскоп, Астрология",Развлечения·Образ жизни,,https://static.rustore.ru/imgproxy/OQ7kWj-v_uYNb5BXMSxvUYei-6uMMhsfa5nehPh3n6o/preset:web_app_icon_62/plain/https://static.rustore.ru/2026/1/12/4f/apk/2063667687/content/ICON/22a1939e-2d55-423b-80f1-f22a82ee2b5c.png@webp,2026-07-29T18:45:17.338Z,https://www.rustore.ru/catalog/search?query=%D1%80%D0%B0%D1%81%D1%88%D0%B8%D1%84%D1%80%D0%BE%D0%B2%D0%BA%D0%B0%20%D0%BD%D0%B0%D1%82%D0%B0%D0%BB%D1%8C%D0%BD%D0%BE%D0%B9%20%D0%BA%D0%B0%D1%80%D1%82%D1%8B,https://www.rustore.ru/catalog/app/ru.neurodzen.app
расшифровка натальной карты,493,7,ru.astrolloai.app,Astrollo AI — натальная карта и гороскопы,Образ жизни,,https://static.rustore.ru/imgproxy/2OaiwVIuLve_hKUhfgNzehY4xT7X3vGs1wPINvjQmt0/preset:web_app_icon_62/plain/https://static.rustore.ru/2026/5/13/ec/apk/2063714344/content/ICON/b4d9d4ad-d1ec-450a-8c87-2cab890058fe.png@webp,2026-07-29T18:45:17.338Z,https://www.rustore.ru/catalog/search?query=%D1%80%D0%B0%D1%81%D1%88%D0%B8%D1%84%D1%80%D0%BE%D0%B2%D0%BA%D0%B0%20%D0%BD%D0%B0%D1%82%D0%B0%D0%BB%D1%8C%D0%BD%D0%BE%D0%B9%20%D0%BA%D0%B0%D1%80%D1%82%D1%8B,https://www.rustore.ru/catalog/app/ru.astrolloai.app
расшифровка натальной карты,493,8,ru.z9games.jyotish,Ведаскоп: джйотиш и натальная карта,Образ жизни,,https://static.rustore.ru/imgproxy/HsaaT5buUGX8MqIYO7-p5kJNEMagCnOcfDMS4M2M6ZM/preset:web_app_icon_62/plain/https://static.rustore.ru/2026/6/24/02/apk/2063724173/content/ICON/26228479-06f4-4875-a6f0-366cd7479072.png@webp,2026-07-29T18:45:17.338Z,https://www.rustore.ru/catalog/search?query=%D1%80%D0%B0%D1%81%D1%88%D0%B8%D1%84%D1%80%D0%BE%D0%B2%D0%BA%D0%B0%20%D0%BD%D0%B0%D1%82%D0%B0%D0%BB%D1%8C%D0%BD%D0%BE%D0%B9%20%D0%BA%D0%B0%D1%80%D1%82%D1%8B,https://www.rustore.ru/catalog/app/ru.z9games.jyotish
расшифровка натальной карты,493,9,com.sopelus.horoscope,"Гороскопы бесплатно, натальная карта",Образ жизни,,https://static.rustore.ru/imgproxy/6Y2EnbUmAeSntLHRzoX7VP5iRHM6InMeJHZao6yYG00/preset:web_app_icon_62/plain/https://static.rustore.ru/apk/2063642700/content/ICON/4cf492a6-1c93-45d7-89fc-41600dc6d076.png@webp,2026-07-29T18:45:17.338Z,https://www.rustore.ru/catalog/search?query=%D1%80%D0%B0%D1%81%D1%88%D0%B8%D1%84%D1%80%D0%BE%D0%B2%D0%BA%D0%B0%20%D0%BD%D0%B0%D1%82%D0%B0%D0%BB%D1%8C%D0%BD%D0%BE%D0%B9%20%D0%BA%D0%B0%D1%80%D1%82%D1%8B,https://www.rustore.ru/catalog/app/com.sopelus.horoscope
расшифровка натальной карты,493,10,ru.astrai.app,AstrAi — натальная карта и гороскоп,Образ жизни,,https://static.rustore.ru/imgproxy/KbUVotyglHzyEmsQ36ejj6z2B43JC9Qv8C4BIPx7ens/preset:web_app_icon_62/plain/https://static.rustore.ru/2026/7/8/08/apk/2063730771/content/ICON/490a8eb2-cbda-4812-8cad-60468e80d3bb.png@webp,2026-07-29T18:45:17.338Z,https://www.rustore.ru/catalog/search?query=%D1%80%D0%B0%D1%81%D1%88%D0%B8%D1%84%D1%80%D0%BE%D0%B2%D0%BA%D0%B0%20%D0%BD%D0%B0%D1%82%D0%B0%D0%BB%D1%8C%D0%BD%D0%BE%D0%B9%20%D0%BA%D0%B0%D1%80%D1%82%D1%8B,https://www.rustore.ru/catalog/app/ru.astrai.app
расшифровка натальной карты,493,11,ru.astreya.app,"Астрея: гороскоп, натальная карта, таро",Образ жизни,,https://static.rustore.ru/imgproxy/ZZLZRn9_c-94Hwa3JIjvp2xSRQZ8qcL6aRjiod6JHS0/preset:web_app_icon_62/plain/https://static.rustore.ru/2026/7/13/8c/apk/2063731934/content/ICON/637f9c4d-1353-4100-9f95-f37c7de8bbc5.png@webp,2026-07-29T18:45:17.338Z,https://www.rustore.ru/catalog/search?query=%D1%80%D0%B0%D1%81%D1%88%D0%B8%D1%84%D1%80%D0%BE%D0%B2%D0%BA%D0%B0%20%D0%BD%D0%B0%D1%82%D0%B0%D0%BB%D1%8C%D0%BD%D0%BE%D0%B9%20%D0%BA%D0%B0%D1%80%D1%82%D1%8B,https://www.rustore.ru/catalog/app/ru.astreya.app
расшифровка натальной карты,493,12,com.kundalini.astroapp,Анима: Натальная карта и совместимость,Образ жизни,,https://static.rustore.ru/imgproxy/WVtKwg07iq2_CAQt_LjE9yioOOuNvt8aOLHCK8tZnIw/preset:web_app_icon_62/plain/https://static.rustore.ru/2026/7/25/05/apk/2063730207/content/ICON/34c23c2b-ce1d-4cfe-8cf2-c891393df157.jpg@webp,2026-07-29T18:45:17.338Z,https://www.rustore.ru/catalog/search?query=%D1%80%D0%B0%D1%81%D1%88%D0%B8%D1%84%D1%80%D0%BE%D0%B2%D0%BA%D0%B0%20%D0%BD%D0%B0%D1%82%D0%B0%D0%BB%D1%8C%D0%BD%D0%BE%D0%B9%20%D0%BA%D0%B0%D1%80%D1%82%D1%8B,https://www.rustore.ru/catalog/app/com.kundalini.astroapp
расшифровка натальной карты,493,13,com.natalis.flutter_app,Natalist,Образ жизни,,https://static.rustore.ru/imgproxy/zNBOvZsBwsK4Qd8LkkLcT5jzZiK2hgmj535oX_khxk4/preset:web_app_icon_62/plain/https://static.rustore.ru/2026/5/21/95/apk/2063699071/content/ICON/ac6a8339-8cf4-4185-ab0c-7e91ebb7d3f8.png@webp,2026-07-29T18:45:17.338Z,https://www.rustore.ru/catalog/search?query=%D1%80%D0%B0%D1%81%D1%88%D0%B8%D1%84%D1%80%D0%BE%D0%B2%D0%BA%D0%B0%20%D0%BD%D0%B0%D1%82%D0%B0%D0%BB%D1%8C%D0%BD%D0%BE%D0%B9%20%D0%BA%D0%B0%D1%80%D1%82%D1%8B,https://www.rustore.ru/catalog/app/com.natalis.flutter_app
расшифровка натальной карты,493,14,ru.astro.chartslite,Астрологические Карты Lite,Образ жизни,,https://static.rustore.ru/imgproxy/AZ0OLjvPtQNEOmm3E1sTPzoRKxq3oQjFKouCo91WOQU/preset:web_app_icon_62/plain/https://static.rustore.ru/apk/2063491774/content/ICON/6faad8e3-adb7-43e9-8d33-7cbd343aeec5.png@webp,2026-07-29T18:45:17.338Z,https://www.rustore.ru/catalog/search?query=%D1%80%D0%B0%D1%81%D1%88%D0%B8%D1%84%D1%80%D0%BE%D0%B2%D0%BA%D0%B0%20%D0%BD%D0%B0%D1%82%D0%B0%D0%BB%D1%8C%D0%BD%D0%BE%D0%B9%20%D0%BA%D0%B0%D1%80%D1%82%D1%8B,https://www.rustore.ru/catalog/app/ru.astro.chartslite
расшифровка натальной карты,493,15,ru.astrostar.yakuba.android,"AstroStar: Гороскопы, Астрология, Натальная карта",Образ жизни,,https://static.rustore.ru/imgproxy/AhbqtmOGt4A-WJyKC6iNLfOuR5ZeYr3n0udIhWRL8F0/preset:web_app_icon_62/plain/https://static.rustore.ru/2025/12/22/c1/apk/2063682288/content/ICON/170d8dcb-a5d0-4372-b057-88a2a86e6066.jpg@webp,2026-07-29T18:45:17.338Z,https://www.rustore.ru/catalog/search?query=%D1%80%D0%B0%D1%81%D1%88%D0%B8%D1%84%D1%80%D0%BE%D0%B2%D0%BA%D0%B0%20%D0%BD%D0%B0%D1%82%D0%B0%D0%BB%D1%8C%D0%BD%D0%BE%D0%B9%20%D0%BA%D0%B0%D1%80%D1%82%D1%8B,https://www.rustore.ru/catalog/app/ru.astrostar.yakuba.android
расшифровка натальной карты,493,16,com.astropersona,AstroPersona — твой гороскоп и натальная карта,Образ жизни,,https://static.rustore.ru/imgproxy/yeT5vH4kz-9BL9oXE582buG3mIufkzi-o_8ru0XXGSc/preset:web_app_icon_62/plain/https://static.rustore.ru/2025/10/29/51/apk/2063549954/content/ICON/5fceb594-b2ae-4bab-984f-cdf38055c8bc.png@webp,2026-07-29T18:45:17.338Z,https://www.rustore.ru/catalog/search?query=%D1%80%D0%B0%D1%81%D1%88%D0%B8%D1%84%D1%80%D0%BE%D0%B2%D0%BA%D0%B0%20%D0%BD%D0%B0%D1%82%D0%B0%D0%BB%D1%8C%D0%BD%D0%BE%D0%B9%20%D0%BA%D0%B0%D1%80%D1%82%D1%8B,https://www.rustore.ru/catalog/app/com.astropersona
расшифровка натальной карты,493,17,com.semnon.astrovfr,AstroVizor,Образ жизни,,https://static.rustore.ru/imgproxy/gzTwgAXHr4AkIcih1f8Z7cXgwPWOVdO27oRFsKypf_I/preset:web_app_icon_62/plain/https://static.rustore.ru/apk/2063535581/content/ICON/97ad5afa-a494-41dd-ac8d-459f96a9b39d.png@webp,2026-07-29T18:45:17.338Z,https://www.rustore.ru/catalog/search?query=%D1%80%D0%B0%D1%81%D1%88%D0%B8%D1%84%D1%80%D0%BE%D0%B2%D0%BA%D0%B0%20%D0%BD%D0%B0%D1%82%D0%B0%D0%BB%D1%8C%D0%BD%D0%BE%D0%B9%20%D0%BA%D0%B0%D1%80%D1%82%D1%8B,https://www.rustore.ru/catalog/app/com.semnon.astrovfr
расшифровка натальной карты,493,18,ru.astro.charts,Астрологические Карты,Образ жизни,,https://static.rustore.ru/imgproxy/Jqdw3DubicZmFzWE4TZo2z6sYT8RH-AJXpSCBRSCfvk/preset:web_app_icon_62/plain/https://static.rustore.ru/apk/2063491767/content/ICON/eacbdfd0-518d-4e42-a312-bcc95e25e748.png@webp,2026-07-29T18:45:17.338Z,https://www.rustore.ru/catalog/search?query=%D1%80%D0%B0%D1%81%D1%88%D0%B8%D1%84%D1%80%D0%BE%D0%B2%D0%BA%D0%B0%20%D0%BD%D0%B0%D1%82%D0%B0%D0%BB%D1%8C%D0%BD%D0%BE%D0%B9%20%D0%BA%D0%B0%D1%80%D1%82%D1%8B,https://www.rustore.ru/catalog/app/ru.astro.charts
расшифровка натальной карты,493,19,app.lunessa,Lunessa - твой личный астролог | Натальная карта,Образ жизни,,https://static.rustore.ru/imgproxy/z2ZqLE6AEsTXr-wq_0fZUr1Mty7RVj_xYjOUYvojEQk/preset:web_app_icon_62/plain/https://static.rustore.ru/2026/7/2/a1/apk/2063728283/content/ICON/56983e87-a82e-4af5-be18-548af25ae2e7.png@webp,2026-07-29T18:45:17.338Z,https://www.rustore.ru/catalog/search?query=%D1%80%D0%B0%D1%81%D1%88%D0%B8%D1%84%D1%80%D0%BE%D0%B2%D0%BA%D0%B0%20%D0%BD%D0%B0%D1%82%D0%B0%D0%BB%D1%8C%D0%BD%D0%BE%D0%B9%20%D0%BA%D0%B0%D1%80%D1%82%D1%8B,https://www.rustore.ru/catalog/app/app.lunessa
расшифровка натальной карты,493,20,ru.astro.chartspro,Астрологические Карты Pro,Образ жизни,,https://static.rustore.ru/imgproxy/H7yWs1c8FEoh13kPEN8FrjJKP74aPcrZPAAwyIC5Loo/preset:web_app_icon_62/plain/https://static.rustore.ru/apk/2063491770/content/ICON/f06bbe92-b75b-4a58-84ff-973399f9d848.png@webp,2026-07-29T18:45:17.338Z,https://www.rustore.ru/catalog/search?query=%D1%80%D0%B0%D1%81%D1%88%D0%B8%D1%84%D1%80%D0%BE%D0%B2%D0%BA%D0%B0%20%D0%BD%D0%B0%D1%82%D0%B0%D0%BB%D1%8C%D0%BD%D0%BE%D0%B9%20%D0%BA%D0%B0%D1%80%D1%82%D1%8B,https://www.rustore.ru/catalog/app/ru.astro.chartspro
полная натальная карта,493,1,ru.mynatalchart.app,Натальная карта рассчитать с расшифровкой онлайн,Образ жизни,,https://static.rustore.ru/imgproxy/F4JseOuI6RzoPoXs3mqK3yXNzxrqv08SORZppQ10uGk/preset:web_app_icon_62/plain/https://static.rustore.ru/2026/6/22/65/apk/2063722870/content/ICON/d546e542-9512-4ff8-a1ff-033f763a244b.jpg@webp,2026-07-29T18:45:18.985Z,https://www.rustore.ru/catalog/search?query=%D0%BF%D0%BE%D0%BB%D0%BD%D0%B0%D1%8F%20%D0%BD%D0%B0%D1%82%D0%B0%D0%BB%D1%8C%D0%BD%D0%B0%D1%8F%20%D0%BA%D0%B0%D1%80%D1%82%D0%B0,https://www.rustore.ru/catalog/app/ru.mynatalchart.app
полная натальная карта,493,2,com.natalchart.natalchartapp,Натальная карта,Образ жизни,,https://static.rustore.ru/imgproxy/9s4XQ6pMLNFavxAbJaiuOoYwnl1RvZb_IRn0-BLSo6E/preset:web_app_icon_62/plain/https://static.rustore.ru/2025/12/25/0a/apk/2063673012/content/ICON/a99cd865-9507-43cc-b17f-4b41c78e45f5.png@webp,2026-07-29T18:45:18.985Z,https://www.rustore.ru/catalog/search?query=%D0%BF%D0%BE%D0%BB%D0%BD%D0%B0%D1%8F%20%D0%BD%D0%B0%D1%82%D0%B0%D0%BB%D1%8C%D0%BD%D0%B0%D1%8F%20%D0%BA%D0%B0%D1%80%D1%82%D0%B0,https://www.rustore.ru/catalog/app/com.natalchart.natalchartapp
полная натальная карта,493,3,com.birth.chart.natal.horoscope.astrology.tarot,Натальная карта - AstroChart,Образ жизни,,https://static.rustore.ru/imgproxy/kYn6WYK2IDY4v1sIV0wlsg6DB8jeB95gsXRYp_F_KHQ/preset:web_app_icon_62/plain/https://static.rustore.ru/2025/10/6/83/apk/2063662829/content/ICON/444f59ea-7142-4bc7-83b0-95c3592a10b2.png@webp,2026-07-29T18:45:18.985Z,https://www.rustore.ru/catalog/search?query=%D0%BF%D0%BE%D0%BB%D0%BD%D0%B0%D1%8F%20%D0%BD%D0%B0%D1%82%D0%B0%D0%BB%D1%8C%D0%BD%D0%B0%D1%8F%20%D0%BA%D0%B0%D1%80%D1%82%D0%B0,https://www.rustore.ru/catalog/app/com.birth.chart.natal.horoscope.astrology.tarot
полная натальная карта,493,4,com.matricasudbu.app.astro,Натальная карта. Астрология. Матрица Судьбы,Образ жизни·Развлечения,,https://static.rustore.ru/imgproxy/8CPP3b_zl4GFvlQDIJS8uQz1vW4WbaJazeRsedTl3hs/preset:web_app_icon_62/plain/https://static.rustore.ru/2026/4/8/f1/apk/2063620377/content/ICON/fd8c2873-149b-4f33-a56f-8cc06282defe.png@webp,2026-07-29T18:45:18.985Z,https://www.rustore.ru/catalog/search?query=%D0%BF%D0%BE%D0%BB%D0%BD%D0%B0%D1%8F%20%D0%BD%D0%B0%D1%82%D0%B0%D0%BB%D1%8C%D0%BD%D0%B0%D1%8F%20%D0%BA%D0%B0%D1%80%D1%82%D0%B0,https://www.rustore.ru/catalog/app/com.matricasudbu.app.astro
полная натальная карта,493,5,ru.astrolloai.app,Astrollo AI — натальная карта и гороскопы,Образ жизни,,https://static.rustore.ru/imgproxy/2OaiwVIuLve_hKUhfgNzehY4xT7X3vGs1wPINvjQmt0/preset:web_app_icon_62/plain/https://static.rustore.ru/2026/5/13/ec/apk/2063714344/content/ICON/b4d9d4ad-d1ec-450a-8c87-2cab890058fe.png@webp,2026-07-29T18:45:18.985Z,https://www.rustore.ru/catalog/search?query=%D0%BF%D0%BE%D0%BB%D0%BD%D0%B0%D1%8F%20%D0%BD%D0%B0%D1%82%D0%B0%D0%BB%D1%8C%D0%BD%D0%B0%D1%8F%20%D0%BA%D0%B0%D1%80%D1%82%D0%B0,https://www.rustore.ru/catalog/app/ru.astrolloai.app
полная натальная карта,493,6,ru.astreya.app,"Астрея: гороскоп, натальная карта, таро",Образ жизни,,https://static.rustore.ru/imgproxy/ZZLZRn9_c-94Hwa3JIjvp2xSRQZ8qcL6aRjiod6JHS0/preset:web_app_icon_62/plain/https://static.rustore.ru/2026/7/13/8c/apk/2063731934/content/ICON/637f9c4d-1353-4100-9f95-f37c7de8bbc5.png@webp,2026-07-29T18:45:18.985Z,https://www.rustore.ru/catalog/search?query=%D0%BF%D0%BE%D0%BB%D0%BD%D0%B0%D1%8F%20%D0%BD%D0%B0%D1%82%D0%B0%D0%BB%D1%8C%D0%BD%D0%B0%D1%8F%20%D0%BA%D0%B0%D1%80%D1%82%D0%B0,https://www.rustore.ru/catalog/app/ru.astreya.app
полная натальная карта,493,7,ru.astrai.app,AstrAi — натальная карта и гороскоп,Образ жизни,,https://static.rustore.ru/imgproxy/KbUVotyglHzyEmsQ36ejj6z2B43JC9Qv8C4BIPx7ens/preset:web_app_icon_62/plain/https://static.rustore.ru/2026/7/8/08/apk/2063730771/content/ICON/490a8eb2-cbda-4812-8cad-60468e80d3bb.png@webp,2026-07-29T18:45:18.985Z,https://www.rustore.ru/catalog/search?query=%D0%BF%D0%BE%D0%BB%D0%BD%D0%B0%D1%8F%20%D0%BD%D0%B0%D1%82%D0%B0%D0%BB%D1%8C%D0%BD%D0%B0%D1%8F%20%D0%BA%D0%B0%D1%80%D1%82%D0%B0,https://www.rustore.ru/catalog/app/ru.astrai.app
полная натальная карта,493,8,pro.aitaro.taro,Таро / Натальная карта / Сонник,Развлечения·Образ жизни,,https://static.rustore.ru/imgproxy/_dPKVCrGB8qrZFjshxtlKggIOjftVbCtBVUV1z7AJcI/preset:web_app_icon_62/plain/https://static.rustore.ru/2026/5/11/03/apk/2063713771/content/ICON/5f8c04a9-80ea-4e75-8df4-dd897701cff1.png@webp,2026-07-29T18:45:18.985Z,https://www.rustore.ru/catalog/search?query=%D0%BF%D0%BE%D0%BB%D0%BD%D0%B0%D1%8F%20%D0%BD%D0%B0%D1%82%D0%B0%D0%BB%D1%8C%D0%BD%D0%B0%D1%8F%20%D0%BA%D0%B0%D1%80%D1%82%D0%B0,https://www.rustore.ru/catalog/app/pro.aitaro.taro
полная натальная карта,493,9,com.dixtalescat.astrocode,АстроКод: натальная карта,Образ жизни·Развлечения,,https://static.rustore.ru/imgproxy/QGfhcDKFBV1XPqY8mZKGkhQymzBeRZta6wxampAkwCU/preset:web_app_icon_62/plain/https://static.rustore.ru/2026/6/8/0f/apk/2063720975/content/ICON/bef8803c-ad72-444a-bb24-391a3247eac4.png@webp,2026-07-29T18:45:18.985Z,https://www.rustore.ru/catalog/search?query=%D0%BF%D0%BE%D0%BB%D0%BD%D0%B0%D1%8F%20%D0%BD%D0%B0%D1%82%D0%B0%D0%BB%D1%8C%D0%BD%D0%B0%D1%8F%20%D0%BA%D0%B0%D1%80%D1%82%D0%B0,https://www.rustore.ru/catalog/app/com.dixtalescat.astrocode
полная натальная карта,493,10,com.sopelus.horoscope,"Гороскопы бесплатно, натальная карта",Образ жизни,,https://static.rustore.ru/imgproxy/6Y2EnbUmAeSntLHRzoX7VP5iRHM6InMeJHZao6yYG00/preset:web_app_icon_62/plain/https://static.rustore.ru/apk/2063642700/content/ICON/4cf492a6-1c93-45d7-89fc-41600dc6d076.png@webp,2026-07-29T18:45:18.985Z,https://www.rustore.ru/catalog/search?query=%D0%BF%D0%BE%D0%BB%D0%BD%D0%B0%D1%8F%20%D0%BD%D0%B0%D1%82%D0%B0%D0%BB%D1%8C%D0%BD%D0%B0%D1%8F%20%D0%BA%D0%B0%D1%80%D1%82%D0%B0,https://www.rustore.ru/catalog/app/com.sopelus.horoscope
полная натальная карта,493,11,com.kundalini.astroapp,Анима: Натальная карта и совместимость,Образ жизни,,https://static.rustore.ru/imgproxy/WVtKwg07iq2_CAQt_LjE9yioOOuNvt8aOLHCK8tZnIw/preset:web_app_icon_62/plain/https://static.rustore.ru/2026/7/25/05/apk/2063730207/content/ICON/34c23c2b-ce1d-4cfe-8cf2-c891393df157.jpg@webp,2026-07-29T18:45:18.985Z,https://www.rustore.ru/catalog/search?query=%D0%BF%D0%BE%D0%BB%D0%BD%D0%B0%D1%8F%20%D0%BD%D0%B0%D1%82%D0%B0%D0%BB%D1%8C%D0%BD%D0%B0%D1%8F%20%D0%BA%D0%B0%D1%80%D1%82%D0%B0,https://www.rustore.ru/catalog/app/com.kundalini.astroapp
полная натальная карта,493,12,ru.neurodzen.app,"Нейродзен — Натальная Карта, Гороскоп, Астрология",Развлечения·Образ жизни,,https://static.rustore.ru/imgproxy/OQ7kWj-v_uYNb5BXMSxvUYei-6uMMhsfa5nehPh3n6o/preset:web_app_icon_62/plain/https://static.rustore.ru/2026/1/12/4f/apk/2063667687/content/ICON/22a1939e-2d55-423b-80f1-f22a82ee2b5c.png@webp,2026-07-29T18:45:18.985Z,https://www.rustore.ru/catalog/search?query=%D0%BF%D0%BE%D0%BB%D0%BD%D0%B0%D1%8F%20%D0%BD%D0%B0%D1%82%D0%B0%D0%BB%D1%8C%D0%BD%D0%B0%D1%8F%20%D0%BA%D0%B0%D1%80%D1%82%D0%B0,https://www.rustore.ru/catalog/app/ru.neurodzen.app
полная натальная карта,493,13,ru.z9games.jyotish,Ведаскоп: джйотиш и натальная карта,Образ жизни,,https://static.rustore.ru/imgproxy/HsaaT5buUGX8MqIYO7-p5kJNEMagCnOcfDMS4M2M6ZM/preset:web_app_icon_62/plain/https://static.rustore.ru/2026/6/24/02/apk/2063724173/content/ICON/26228479-06f4-4875-a6f0-366cd7479072.png@webp,2026-07-29T18:45:18.985Z,https://www.rustore.ru/catalog/search?query=%D0%BF%D0%BE%D0%BB%D0%BD%D0%B0%D1%8F%20%D0%BD%D0%B0%D1%82%D0%B0%D0%BB%D1%8C%D0%BD%D0%B0%D1%8F%20%D0%BA%D0%B0%D1%80%D1%82%D0%B0,https://www.rustore.ru/catalog/app/ru.z9games.jyotish
полная натальная карта,493,14,ru.z9games.astroscope,АстроСкоп: гороскоп и натальная карта,Образ жизни,,https://static.rustore.ru/imgproxy/tTRuY3c5lj4ZnzKBju_nPudSfTTJPchF4rOWDA_6wQc/preset:web_app_icon_62/plain/https://static.rustore.ru/2026/6/17/6e/apk/2063712728/content/ICON/9b52211d-0b22-4c45-9706-c20404625bd4.png@webp,2026-07-29T18:45:18.985Z,https://www.rustore.ru/catalog/search?query=%D0%BF%D0%BE%D0%BB%D0%BD%D0%B0%D1%8F%20%D0%BD%D0%B0%D1%82%D0%B0%D0%BB%D1%8C%D0%BD%D0%B0%D1%8F%20%D0%BA%D0%B0%D1%80%D1%82%D0%B0,https://www.rustore.ru/catalog/app/ru.z9games.astroscope
полная натальная карта,493,15,ru.astro.chartslite,Астрологические Карты Lite,Образ жизни,,https://static.rustore.ru/imgproxy/AZ0OLjvPtQNEOmm3E1sTPzoRKxq3oQjFKouCo91WOQU/preset:web_app_icon_62/plain/https://static.rustore.ru/apk/2063491774/content/ICON/6faad8e3-adb7-43e9-8d33-7cbd343aeec5.png@webp,2026-07-29T18:45:18.985Z,https://www.rustore.ru/catalog/search?query=%D0%BF%D0%BE%D0%BB%D0%BD%D0%B0%D1%8F%20%D0%BD%D0%B0%D1%82%D0%B0%D0%BB%D1%8C%D0%BD%D0%B0%D1%8F%20%D0%BA%D0%B0%D1%80%D1%82%D0%B0,https://www.rustore.ru/catalog/app/ru.astro.chartslite
полная натальная карта,493,16,com.fateai.app,"Гороскоп, Таро, Сонник, Натальная карта Fate AI",Образ жизни,,https://static.rustore.ru/imgproxy/oSeARI71uUXhChG-u82kHpUjKDOYTxf_LgbDsYJTIwg/preset:web_app_icon_62/plain/https://static.rustore.ru/2026/6/1/87/apk/2063719393/content/ICON/ded21b42-105c-42ef-9d69-0838397721af.png@webp,2026-07-29T18:45:18.985Z,https://www.rustore.ru/catalog/search?query=%D0%BF%D0%BE%D0%BB%D0%BD%D0%B0%D1%8F%20%D0%BD%D0%B0%D1%82%D0%B0%D0%BB%D1%8C%D0%BD%D0%B0%D1%8F%20%D0%BA%D0%B0%D1%80%D1%82%D0%B0,https://www.rustore.ru/catalog/app/com.fateai.app
полная натальная карта,493,17,astro_charts_lite.astro_charts_lite,Астрологические Карты Lite,Развлечения,,https://static.rustore.ru/imgproxy/MLgr4aDbUbe2wxyfFkfKwn-__OU5-vOfx6wnpgCtl1k/preset:web_app_icon_62/plain/https://static.rustore.ru/2026/7/23/73/apk/2063735556/content/ICON/7fd46ff6-6f61-4bcb-82d0-62f3b2b528c9.png@webp,2026-07-29T18:45:18.985Z,https://www.rustore.ru/catalog/search?query=%D0%BF%D0%BE%D0%BB%D0%BD%D0%B0%D1%8F%20%D0%BD%D0%B0%D1%82%D0%B0%D0%BB%D1%8C%D0%BD%D0%B0%D1%8F%20%D0%BA%D0%B0%D1%80%D1%82%D0%B0,https://www.rustore.ru/catalog/app/astro_charts_lite.astro_charts_lite
полная натальная карта,493,18,com.natalis.flutter_app,Natalist,Образ жизни,,https://static.rustore.ru/imgproxy/zNBOvZsBwsK4Qd8LkkLcT5jzZiK2hgmj535oX_khxk4/preset:web_app_icon_62/plain/https://static.rustore.ru/2026/5/21/95/apk/2063699071/content/ICON/ac6a8339-8cf4-4185-ab0c-7e91ebb7d3f8.png@webp,2026-07-29T18:45:18.985Z,https://www.rustore.ru/catalog/search?query=%D0%BF%D0%BE%D0%BB%D0%BD%D0%B0%D1%8F%20%D0%BD%D0%B0%D1%82%D0%B0%D0%BB%D1%8C%D0%BD%D0%B0%D1%8F%20%D0%BA%D0%B0%D1%80%D1%82%D0%B0,https://www.rustore.ru/catalog/app/com.natalis.flutter_app
полная натальная карта,493,19,com.astropersona,AstroPersona — твой гороскоп и натальная карта,Образ жизни,,https://static.rustore.ru/imgproxy/yeT5vH4kz-9BL9oXE582buG3mIufkzi-o_8ru0XXGSc/preset:web_app_icon_62/plain/https://static.rustore.ru/2025/10/29/51/apk/2063549954/content/ICON/5fceb594-b2ae-4bab-984f-cdf38055c8bc.png@webp,2026-07-29T18:45:18.985Z,https://www.rustore.ru/catalog/search?query=%D0%BF%D0%BE%D0%BB%D0%BD%D0%B0%D1%8F%20%D0%BD%D0%B0%D1%82%D0%B0%D0%BB%D1%8C%D0%BD%D0%B0%D1%8F%20%D0%BA%D0%B0%D1%80%D1%82%D0%B0,https://www.rustore.ru/catalog/app/com.astropersona
полная натальная карта,493,20,com.semnon.astrovfr,AstroVizor,Образ жизни,,https://static.rustore.ru/imgproxy/gzTwgAXHr4AkIcih1f8Z7cXgwPWOVdO27oRFsKypf_I/preset:web_app_icon_62/plain/https://static.rustore.ru/apk/2063535581/content/ICON/97ad5afa-a494-41dd-ac8d-459f96a9b39d.png@webp,2026-07-29T18:45:18.985Z,https://www.rustore.ru/catalog/search?query=%D0%BF%D0%BE%D0%BB%D0%BD%D0%B0%D1%8F%20%D0%BD%D0%B0%D1%82%D0%B0%D0%BB%D1%8C%D0%BD%D0%B0%D1%8F%20%D0%BA%D0%B0%D1%80%D1%82%D0%B0,https://www.rustore.ru/catalog/app/com.semnon.astrovfr
карта рождения,496,1,ru.mynatalchart.app,Натальная карта рассчитать с расшифровкой онлайн,Образ жизни,,https://static.rustore.ru/imgproxy/F4JseOuI6RzoPoXs3mqK3yXNzxrqv08SORZppQ10uGk/preset:web_app_icon_62/plain/https://static.rustore.ru/2026/6/22/65/apk/2063722870/content/ICON/d546e542-9512-4ff8-a1ff-033f763a244b.jpg@webp,2026-07-29T18:45:20.350Z,https://www.rustore.ru/catalog/search?query=%D0%BA%D0%B0%D1%80%D1%82%D0%B0%20%D1%80%D0%BE%D0%B6%D0%B4%D0%B5%D0%BD%D0%B8%D1%8F,https://www.rustore.ru/catalog/app/ru.mynatalchart.app
карта рождения,496,2,io.cordova.astromatrix,AstroMatrix Birth Horoscopes,Образ жизни,,https://static.rustore.ru/imgproxy/1o6dS_tbmgoHwxqyWbnb4lP-5jC7KvpWyhPVGOO3E44/preset:web_app_icon_62/plain/https://static.rustore.ru/apk/2063625917/content/ICON/d9a1eb34-eb94-4bab-a8fd-0c4d7aca3f38.png@webp,2026-07-29T18:45:20.350Z,https://www.rustore.ru/catalog/search?query=%D0%BA%D0%B0%D1%80%D1%82%D0%B0%20%D1%80%D0%BE%D0%B6%D0%B4%D0%B5%D0%BD%D0%B8%D1%8F,https://www.rustore.ru/catalog/app/io.cordova.astromatrix
карта рождения,496,3,com.birth.chart.natal.horoscope.astrology.tarot,Натальная карта - AstroChart,Образ жизни,,https://static.rustore.ru/imgproxy/kYn6WYK2IDY4v1sIV0wlsg6DB8jeB95gsXRYp_F_KHQ/preset:web_app_icon_62/plain/https://static.rustore.ru/2025/10/6/83/apk/2063662829/content/ICON/444f59ea-7142-4bc7-83b0-95c3592a10b2.png@webp,2026-07-29T18:45:20.350Z,https://www.rustore.ru/catalog/search?query=%D0%BA%D0%B0%D1%80%D1%82%D0%B0%20%D1%80%D0%BE%D0%B6%D0%B4%D0%B5%D0%BD%D0%B8%D1%8F,https://www.rustore.ru/catalog/app/com.birth.chart.natal.horoscope.astrology.tarot
карта рождения,496,4,ru.astrolloai.app,Astrollo AI — натальная карта и гороскопы,Образ жизни,,https://static.rustore.ru/imgproxy/2OaiwVIuLve_hKUhfgNzehY4xT7X3vGs1wPINvjQmt0/preset:web_app_icon_62/plain/https://static.rustore.ru/2026/5/13/ec/apk/2063714344/content/ICON/b4d9d4ad-d1ec-450a-8c87-2cab890058fe.png@webp,2026-07-29T18:45:20.350Z,https://www.rustore.ru/catalog/search?query=%D0%BA%D0%B0%D1%80%D1%82%D0%B0%20%D1%80%D0%BE%D0%B6%D0%B4%D0%B5%D0%BD%D0%B8%D1%8F,https://www.rustore.ru/catalog/app/ru.astrolloai.app
карта рождения,496,5,com.dixtalescat.astrocode,АстроКод: натальная карта,Образ жизни·Развлечения,,https://static.rustore.ru/imgproxy/QGfhcDKFBV1XPqY8mZKGkhQymzBeRZta6wxampAkwCU/preset:web_app_icon_62/plain/https://static.rustore.ru/2026/6/8/0f/apk/2063720975/content/ICON/bef8803c-ad72-444a-bb24-391a3247eac4.png@webp,2026-07-29T18:45:20.350Z,https://www.rustore.ru/catalog/search?query=%D0%BA%D0%B0%D1%80%D1%82%D0%B0%20%D1%80%D0%BE%D0%B6%D0%B4%D0%B5%D0%BD%D0%B8%D1%8F,https://www.rustore.ru/catalog/app/com.dixtalescat.astrocode
карта рождения,496,6,com.aiastrologer.app,"AI-Астролог, Таро, Астрология, Гороскоп, Астробот",Образ жизни,,https://static.rustore.ru/imgproxy/3Ld-d7uhG_9cEJ2LiCa6jgaz7lg0Yn7lyGXuEB7Ct8k/preset:web_app_icon_62/plain/https://static.rustore.ru/2026/7/9/a7/apk/2063730874/content/ICON/9883a02f-2920-4a9b-a268-a5a33b24e8ea.png@webp,2026-07-29T18:45:20.350Z,https://www.rustore.ru/catalog/search?query=%D0%BA%D0%B0%D1%80%D1%82%D0%B0%20%D1%80%D0%BE%D0%B6%D0%B4%D0%B5%D0%BD%D0%B8%D1%8F,https://www.rustore.ru/catalog/app/com.aiastrologer.app
карта рождения,496,7,com.matricasudbu.app.astro,Натальная карта. Астрология. Матрица Судьбы,Образ жизни·Развлечения,,https://static.rustore.ru/imgproxy/8CPP3b_zl4GFvlQDIJS8uQz1vW4WbaJazeRsedTl3hs/preset:web_app_icon_62/plain/https://static.rustore.ru/2026/4/8/f1/apk/2063620377/content/ICON/fd8c2873-149b-4f33-a56f-8cc06282defe.png@webp,2026-07-29T18:45:20.350Z,https://www.rustore.ru/catalog/search?query=%D0%BA%D0%B0%D1%80%D1%82%D0%B0%20%D1%80%D0%BE%D0%B6%D0%B4%D0%B5%D0%BD%D0%B8%D1%8F,https://www.rustore.ru/catalog/app/com.matricasudbu.app.astro
карта рождения,496,8,ru.z9games.jyotish,Ведаскоп: джйотиш и натальная карта,Образ жизни,,https://static.rustore.ru/imgproxy/HsaaT5buUGX8MqIYO7-p5kJNEMagCnOcfDMS4M2M6ZM/preset:web_app_icon_62/plain/https://static.rustore.ru/2026/6/24/02/apk/2063724173/content/ICON/26228479-06f4-4875-a6f0-366cd7479072.png@webp,2026-07-29T18:45:20.350Z,https://www.rustore.ru/catalog/search?query=%D0%BA%D0%B0%D1%80%D1%82%D0%B0%20%D1%80%D0%BE%D0%B6%D0%B4%D0%B5%D0%BD%D0%B8%D1%8F,https://www.rustore.ru/catalog/app/ru.z9games.jyotish
карта рождения,496,9,ru.z9games.astroscope,АстроСкоп: гороскоп и натальная карта,Образ жизни,,https://static.rustore.ru/imgproxy/tTRuY3c5lj4ZnzKBju_nPudSfTTJPchF4rOWDA_6wQc/preset:web_app_icon_62/plain/https://static.rustore.ru/2026/6/17/6e/apk/2063712728/content/ICON/9b52211d-0b22-4c45-9706-c20404625bd4.png@webp,2026-07-29T18:45:20.350Z,https://www.rustore.ru/catalog/search?query=%D0%BA%D0%B0%D1%80%D1%82%D0%B0%20%D1%80%D0%BE%D0%B6%D0%B4%D0%B5%D0%BD%D0%B8%D1%8F,https://www.rustore.ru/catalog/app/ru.z9games.astroscope
карта рождения,496,10,ua.maksdenis.timeofbirth,Гороскоп Рождения,Образ жизни,,https://static.rustore.ru/imgproxy/XJLsf7VBiJMSMcpeUNiCX2ZBN_eOAny-sbevT8vo4WI/preset:web_app_icon_62/plain/https://static.rustore.ru/apk/2063495130/content/ICON/6a2a77c2-5dd9-4a3b-8576-3076c44560bc.@webp,2026-07-29T18:45:20.350Z,https://www.rustore.ru/catalog/search?query=%D0%BA%D0%B0%D1%80%D1%82%D0%B0%20%D1%80%D0%BE%D0%B6%D0%B4%D0%B5%D0%BD%D0%B8%D1%8F,https://www.rustore.ru/catalog/app/ua.maksdenis.timeofbirth
карта рождения,496,11,com.sdkred.tarot,Гадание на картах ТАРО,Образ жизни·Развлечения,,https://static.rustore.ru/imgproxy/qiitoEY_xQiqRO1u0AD3nozmgmOtkrwEOLFxWbXzwl4/preset:web_app_icon_62/plain/https://static.rustore.ru/apk/1094119359/content/ICON/df242aef-f85b-46c7-97b9-53a7ce1971da.png@webp,2026-07-29T18:45:20.350Z,https://www.rustore.ru/catalog/search?query=%D0%BA%D0%B0%D1%80%D1%82%D0%B0%20%D1%80%D0%BE%D0%B6%D0%B4%D0%B5%D0%BD%D0%B8%D1%8F,https://www.rustore.ru/catalog/app/com.sdkred.tarot
карта рождения,496,12,pro.salamandra.app,Salamandra — астрология,Образ жизни,,https://static.rustore.ru/imgproxy/96ErwjydMO-DTnYJsXCZb0VZUchv_QGGQv_YSE8o0yE/preset:web_app_icon_62/plain/https://static.rustore.ru/2026/5/19/b2/apk/2063713822/content/ICON/3631c866-6e5d-4912-b7b6-eedc539c16cd.png@webp,2026-07-29T18:45:20.350Z,https://www.rustore.ru/catalog/search?query=%D0%BA%D0%B0%D1%80%D1%82%D0%B0%20%D1%80%D0%BE%D0%B6%D0%B4%D0%B5%D0%BD%D0%B8%D1%8F,https://www.rustore.ru/catalog/app/pro.salamandra.app
карта рождения,496,13,com.natalchart.natalchartapp,Натальная карта,Образ жизни,,https://static.rustore.ru/imgproxy/9s4XQ6pMLNFavxAbJaiuOoYwnl1RvZb_IRn0-BLSo6E/preset:web_app_icon_62/plain/https://static.rustore.ru/2025/12/25/0a/apk/2063673012/content/ICON/a99cd865-9507-43cc-b17f-4b41c78e45f5.png@webp,2026-07-29T18:45:20.350Z,https://www.rustore.ru/catalog/search?query=%D0%BA%D0%B0%D1%80%D1%82%D0%B0%20%D1%80%D0%BE%D0%B6%D0%B4%D0%B5%D0%BD%D0%B8%D1%8F,https://www.rustore.ru/catalog/app/com.natalchart.natalchartapp
карта рождения,496,14,ru.neurodzen.app,"Нейродзен — Натальная Карта, Гороскоп, Астрология",Развлечения·Образ жизни,,https://static.rustore.ru/imgproxy/OQ7kWj-v_uYNb5BXMSxvUYei-6uMMhsfa5nehPh3n6o/preset:web_app_icon_62/plain/https://static.rustore.ru/2026/1/12/4f/apk/2063667687/content/ICON/22a1939e-2d55-423b-80f1-f22a82ee2b5c.png@webp,2026-07-29T18:45:20.350Z,https://www.rustore.ru/catalog/search?query=%D0%BA%D0%B0%D1%80%D1%82%D0%B0%20%D1%80%D0%BE%D0%B6%D0%B4%D0%B5%D0%BD%D0%B8%D1%8F,https://www.rustore.ru/catalog/app/ru.neurodzen.app
карта рождения,496,15,ru.astrai.app,AstrAi — натальная карта и гороскоп,Образ жизни,,https://static.rustore.ru/imgproxy/KbUVotyglHzyEmsQ36ejj6z2B43JC9Qv8C4BIPx7ens/preset:web_app_icon_62/plain/https://static.rustore.ru/2026/7/8/08/apk/2063730771/content/ICON/490a8eb2-cbda-4812-8cad-60468e80d3bb.png@webp,2026-07-29T18:45:20.350Z,https://www.rustore.ru/catalog/search?query=%D0%BA%D0%B0%D1%80%D1%82%D0%B0%20%D1%80%D0%BE%D0%B6%D0%B4%D0%B5%D0%BD%D0%B8%D1%8F,https://www.rustore.ru/catalog/app/ru.astrai.app
карта рождения,496,16,my.birthdayreminder,Дни рождения и другие события,Полезные инструменты·Образ жизни,,https://static.rustore.ru/imgproxy/ZMVc5bjOgQ5lwwTcw7gaVCP3yIuQxoocLhO-mALuIjw/preset:web_app_icon_62/plain/https://static.rustore.ru/apk/302044607/content/ICON/ba4920a4-ae08-4110-a091-432c15d14fe4.png@webp,2026-07-29T18:45:20.350Z,https://www.rustore.ru/catalog/search?query=%D0%BA%D0%B0%D1%80%D1%82%D0%B0%20%D1%80%D0%BE%D0%B6%D0%B4%D0%B5%D0%BD%D0%B8%D1%8F,https://www.rustore.ru/catalog/app/my.birthdayreminder
карта рождения,496,17,com.astropersona,AstroPersona — твой гороскоп и натальная карта,Образ жизни,,https://static.rustore.ru/imgproxy/yeT5vH4kz-9BL9oXE582buG3mIufkzi-o_8ru0XXGSc/preset:web_app_icon_62/plain/https://static.rustore.ru/2025/10/29/51/apk/2063549954/content/ICON/5fceb594-b2ae-4bab-984f-cdf38055c8bc.png@webp,2026-07-29T18:45:20.350Z,https://www.rustore.ru/catalog/search?query=%D0%BA%D0%B0%D1%80%D1%82%D0%B0%20%D1%80%D0%BE%D0%B6%D0%B4%D0%B5%D0%BD%D0%B8%D1%8F,https://www.rustore.ru/catalog/app/com.astropersona
карта рождения,496,18,today.maxi.mobile,Макси – сеть магазинов,Еда и напитки,,https://static.rustore.ru/imgproxy/4iXGVye6epWD-5tRsCtK9Y8OVhzjZWnEB4K8ObKqrRc/preset:web_app_icon_62/plain/https://static.rustore.ru/2026/6/9/25/apk/2063658968/content/ICON/90162b44-11eb-4cec-beab-72092a046052.png@webp,2026-07-29T18:45:20.350Z,https://www.rustore.ru/catalog/search?query=%D0%BA%D0%B0%D1%80%D1%82%D0%B0%20%D1%80%D0%BE%D0%B6%D0%B4%D0%B5%D0%BD%D0%B8%D1%8F,https://www.rustore.ru/catalog/app/today.maxi.mobile
карта рождения,496,19,ru.astrostar.yakuba.android,"AstroStar: Гороскопы, Астрология, Натальная карта",Образ жизни,,https://static.rustore.ru/imgproxy/AhbqtmOGt4A-WJyKC6iNLfOuR5ZeYr3n0udIhWRL8F0/preset:web_app_icon_62/plain/https://static.rustore.ru/2025/12/22/c1/apk/2063682288/content/ICON/170d8dcb-a5d0-4372-b057-88a2a86e6066.jpg@webp,2026-07-29T18:45:20.350Z,https://www.rustore.ru/catalog/search?query=%D0%BA%D0%B0%D1%80%D1%82%D0%B0%20%D1%80%D0%BE%D0%B6%D0%B4%D0%B5%D0%BD%D0%B8%D1%8F,https://www.rustore.ru/catalog/app/ru.astrostar.yakuba.android
карта рождения,496,20,com.natalis.flutter_app,Natalist,Образ жизни,,https://static.rustore.ru/imgproxy/zNBOvZsBwsK4Qd8LkkLcT5jzZiK2hgmj535oX_khxk4/preset:web_app_icon_62/plain/https://static.rustore.ru/2026/5/21/95/apk/2063699071/content/ICON/ac6a8339-8cf4-4185-ab0c-7e91ebb7d3f8.png@webp,2026-07-29T18:45:20.350Z,https://www.rustore.ru/catalog/search?query=%D0%BA%D0%B0%D1%80%D1%82%D0%B0%20%D1%80%D0%BE%D0%B6%D0%B4%D0%B5%D0%BD%D0%B8%D1%8F,https://www.rustore.ru/catalog/app/com.natalis.flutter_app
астрологическая карта,494,1,ru.astro.charts,Астрологические Карты,Образ жизни,,https://static.rustore.ru/imgproxy/Jqdw3DubicZmFzWE4TZo2z6sYT8RH-AJXpSCBRSCfvk/preset:web_app_icon_62/plain/https://static.rustore.ru/apk/2063491767/content/ICON/eacbdfd0-518d-4e42-a312-bcc95e25e748.png@webp,2026-07-29T18:45:22.442Z,https://www.rustore.ru/catalog/search?query=%D0%B0%D1%81%D1%82%D1%80%D0%BE%D0%BB%D0%BE%D0%B3%D0%B8%D1%87%D0%B5%D1%81%D0%BA%D0%B0%D1%8F%20%D0%BA%D0%B0%D1%80%D1%82%D0%B0,https://www.rustore.ru/catalog/app/ru.astro.charts
астрологическая карта,494,2,ru.astro.chartslite,Астрологические Карты Lite,Образ жизни,,https://static.rustore.ru/imgproxy/AZ0OLjvPtQNEOmm3E1sTPzoRKxq3oQjFKouCo91WOQU/preset:web_app_icon_62/plain/https://static.rustore.ru/apk/2063491774/content/ICON/6faad8e3-adb7-43e9-8d33-7cbd343aeec5.png@webp,2026-07-29T18:45:22.442Z,https://www.rustore.ru/catalog/search?query=%D0%B0%D1%81%D1%82%D1%80%D0%BE%D0%BB%D0%BE%D0%B3%D0%B8%D1%87%D0%B5%D1%81%D0%BA%D0%B0%D1%8F%20%D0%BA%D0%B0%D1%80%D1%82%D0%B0,https://www.rustore.ru/catalog/app/ru.astro.chartslite
астрологическая карта,494,3,ru.astro.chartspro,Астрологические Карты Pro,Образ жизни,,https://static.rustore.ru/imgproxy/H7yWs1c8FEoh13kPEN8FrjJKP74aPcrZPAAwyIC5Loo/preset:web_app_icon_62/plain/https://static.rustore.ru/apk/2063491770/content/ICON/f06bbe92-b75b-4a58-84ff-973399f9d848.png@webp,2026-07-29T18:45:22.442Z,https://www.rustore.ru/catalog/search?query=%D0%B0%D1%81%D1%82%D1%80%D0%BE%D0%BB%D0%BE%D0%B3%D0%B8%D1%87%D0%B5%D1%81%D0%BA%D0%B0%D1%8F%20%D0%BA%D0%B0%D1%80%D1%82%D0%B0,https://www.rustore.ru/catalog/app/ru.astro.chartspro
астрологическая карта,494,4,astro_charts_lite.astro_charts_lite,Астрологические Карты Lite,Развлечения,,https://static.rustore.ru/imgproxy/MLgr4aDbUbe2wxyfFkfKwn-__OU5-vOfx6wnpgCtl1k/preset:web_app_icon_62/plain/https://static.rustore.ru/2026/7/23/73/apk/2063735556/content/ICON/7fd46ff6-6f61-4bcb-82d0-62f3b2b528c9.png@webp,2026-07-29T18:45:22.442Z,https://www.rustore.ru/catalog/search?query=%D0%B0%D1%81%D1%82%D1%80%D0%BE%D0%BB%D0%BE%D0%B3%D0%B8%D1%87%D0%B5%D1%81%D0%BA%D0%B0%D1%8F%20%D0%BA%D0%B0%D1%80%D1%82%D0%B0,https://www.rustore.ru/catalog/app/astro_charts_lite.astro_charts_lite
астрологическая карта,494,5,com.matricasudbu.app.astro,Натальная карта. Астрология. Матрица Судьбы,Образ жизни·Развлечения,,https://static.rustore.ru/imgproxy/8CPP3b_zl4GFvlQDIJS8uQz1vW4WbaJazeRsedTl3hs/preset:web_app_icon_62/plain/https://static.rustore.ru/2026/4/8/f1/apk/2063620377/content/ICON/fd8c2873-149b-4f33-a56f-8cc06282defe.png@webp,2026-07-29T18:45:22.442Z,https://www.rustore.ru/catalog/search?query=%D0%B0%D1%81%D1%82%D1%80%D0%BE%D0%BB%D0%BE%D0%B3%D0%B8%D1%87%D0%B5%D1%81%D0%BA%D0%B0%D1%8F%20%D0%BA%D0%B0%D1%80%D1%82%D0%B0,https://www.rustore.ru/catalog/app/com.matricasudbu.app.astro
астрологическая карта,494,6,ru.horary.chart,Астрология: Хорарная Карта,Образ жизни,,https://static.rustore.ru/imgproxy/cYudakW8tEfJur9lRgST2qj3wvWSdDHml6_wTToIVME/preset:web_app_icon_62/plain/https://static.rustore.ru/apk/2063491777/content/ICON/d173bae3-8b01-4966-a0eb-fa303e7ad0e3.png@webp,2026-07-29T18:45:22.442Z,https://www.rustore.ru/catalog/search?query=%D0%B0%D1%81%D1%82%D1%80%D0%BE%D0%BB%D0%BE%D0%B3%D0%B8%D1%87%D0%B5%D1%81%D0%BA%D0%B0%D1%8F%20%D0%BA%D0%B0%D1%80%D1%82%D0%B0,https://www.rustore.ru/catalog/app/ru.horary.chart
астрологическая карта,494,7,ru.astrostar.yakuba.android,"AstroStar: Гороскопы, Астрология, Натальная карта",Образ жизни,,https://static.rustore.ru/imgproxy/AhbqtmOGt4A-WJyKC6iNLfOuR5ZeYr3n0udIhWRL8F0/preset:web_app_icon_62/plain/https://static.rustore.ru/2025/12/22/c1/apk/2063682288/content/ICON/170d8dcb-a5d0-4372-b057-88a2a86e6066.jpg@webp,2026-07-29T18:45:22.442Z,https://www.rustore.ru/catalog/search?query=%D0%B0%D1%81%D1%82%D1%80%D0%BE%D0%BB%D0%BE%D0%B3%D0%B8%D1%87%D0%B5%D1%81%D0%BA%D0%B0%D1%8F%20%D0%BA%D0%B0%D1%80%D1%82%D0%B0,https://www.rustore.ru/catalog/app/ru.astrostar.yakuba.android
астрологическая карта,494,8,com.semnon.astrovfr,AstroVizor,Образ жизни,,https://static.rustore.ru/imgproxy/gzTwgAXHr4AkIcih1f8Z7cXgwPWOVdO27oRFsKypf_I/preset:web_app_icon_62/plain/https://static.rustore.ru/apk/2063535581/content/ICON/97ad5afa-a494-41dd-ac8d-459f96a9b39d.png@webp,2026-07-29T18:45:22.442Z,https://www.rustore.ru/catalog/search?query=%D0%B0%D1%81%D1%82%D1%80%D0%BE%D0%BB%D0%BE%D0%B3%D0%B8%D1%87%D0%B5%D1%81%D0%BA%D0%B0%D1%8F%20%D0%BA%D0%B0%D1%80%D1%82%D0%B0,https://www.rustore.ru/catalog/app/com.semnon.astrovfr
астрологическая карта,494,9,ru.mynatalchart.app,Натальная карта рассчитать с расшифровкой онлайн,Образ жизни,,https://static.rustore.ru/imgproxy/F4JseOuI6RzoPoXs3mqK3yXNzxrqv08SORZppQ10uGk/preset:web_app_icon_62/plain/https://static.rustore.ru/2026/6/22/65/apk/2063722870/content/ICON/d546e542-9512-4ff8-a1ff-033f763a244b.jpg@webp,2026-07-29T18:45:22.442Z,https://www.rustore.ru/catalog/search?query=%D0%B0%D1%81%D1%82%D1%80%D0%BE%D0%BB%D0%BE%D0%B3%D0%B8%D1%87%D0%B5%D1%81%D0%BA%D0%B0%D1%8F%20%D0%BA%D0%B0%D1%80%D1%82%D0%B0,https://www.rustore.ru/catalog/app/ru.mynatalchart.app
астрологическая карта,494,10,com.aiastrologer.app,"AI-Астролог, Таро, Астрология, Гороскоп, Астробот",Образ жизни,,https://static.rustore.ru/imgproxy/3Ld-d7uhG_9cEJ2LiCa6jgaz7lg0Yn7lyGXuEB7Ct8k/preset:web_app_icon_62/plain/https://static.rustore.ru/2026/7/9/a7/apk/2063730874/content/ICON/9883a02f-2920-4a9b-a268-a5a33b24e8ea.png@webp,2026-07-29T18:45:22.442Z,https://www.rustore.ru/catalog/search?query=%D0%B0%D1%81%D1%82%D1%80%D0%BE%D0%BB%D0%BE%D0%B3%D0%B8%D1%87%D0%B5%D1%81%D0%BA%D0%B0%D1%8F%20%D0%BA%D0%B0%D1%80%D1%82%D0%B0,https://www.rustore.ru/catalog/app/com.aiastrologer.app
астрологическая карта,494,11,com.axwap.astrology,AxWap Астрология,Образ жизни,,https://static.rustore.ru/imgproxy/W72btgUuqlaL9xKXQewWbUZcjGWZcJLjhuXx1EZCsYg/preset:web_app_icon_62/plain/https://static.rustore.ru/2025/10/27/58/apk/2063572788/content/ICON/d35201dc-d5a1-4e2a-b2d0-16f137a92ae6.png@webp,2026-07-29T18:45:22.442Z,https://www.rustore.ru/catalog/search?query=%D0%B0%D1%81%D1%82%D1%80%D0%BE%D0%BB%D0%BE%D0%B3%D0%B8%D1%87%D0%B5%D1%81%D0%BA%D0%B0%D1%8F%20%D0%BA%D0%B0%D1%80%D1%82%D0%B0,https://www.rustore.ru/catalog/app/com.axwap.astrology
астрологическая карта,494,12,ru.neurodzen.app,"Нейродзен — Натальная Карта, Гороскоп, Астрология",Развлечения·Образ жизни,,https://static.rustore.ru/imgproxy/OQ7kWj-v_uYNb5BXMSxvUYei-6uMMhsfa5nehPh3n6o/preset:web_app_icon_62/plain/https://static.rustore.ru/2026/1/12/4f/apk/2063667687/content/ICON/22a1939e-2d55-423b-80f1-f22a82ee2b5c.png@webp,2026-07-29T18:45:22.442Z,https://www.rustore.ru/catalog/search?query=%D0%B0%D1%81%D1%82%D1%80%D0%BE%D0%BB%D0%BE%D0%B3%D0%B8%D1%87%D0%B5%D1%81%D0%BA%D0%B0%D1%8F%20%D0%BA%D0%B0%D1%80%D1%82%D0%B0,https://www.rustore.ru/catalog/app/ru.neurodzen.app
астрологическая карта,494,13,ru.astrolloai.app,Astrollo AI — натальная карта и гороскопы,Образ жизни,,https://static.rustore.ru/imgproxy/2OaiwVIuLve_hKUhfgNzehY4xT7X3vGs1wPINvjQmt0/preset:web_app_icon_62/plain/https://static.rustore.ru/2026/5/13/ec/apk/2063714344/content/ICON/b4d9d4ad-d1ec-450a-8c87-2cab890058fe.png@webp,2026-07-29T18:45:22.442Z,https://www.rustore.ru/catalog/search?query=%D0%B0%D1%81%D1%82%D1%80%D0%BE%D0%BB%D0%BE%D0%B3%D0%B8%D1%87%D0%B5%D1%81%D0%BA%D0%B0%D1%8F%20%D0%BA%D0%B0%D1%80%D1%82%D0%B0,https://www.rustore.ru/catalog/app/ru.astrolloai.app
астрологическая карта,494,14,com.bytepace.horoscope,Мой Гороскоп и Таро - Мир Звезд,Образ жизни,,https://static.rustore.ru/imgproxy/mjuwOg2KpeUK70LOOW4sZ5AoAeupbAy-H8hfprPeBME/preset:web_app_icon_62/plain/https://static.rustore.ru/apk/2063591915/content/ICON/79e47f8a-cb37-42b4-bc00-d9e7f507a2bf.png@webp,2026-07-29T18:45:22.442Z,https://www.rustore.ru/catalog/search?query=%D0%B0%D1%81%D1%82%D1%80%D0%BE%D0%BB%D0%BE%D0%B3%D0%B8%D1%87%D0%B5%D1%81%D0%BA%D0%B0%D1%8F%20%D0%BA%D0%B0%D1%80%D1%82%D0%B0,https://www.rustore.ru/catalog/app/com.bytepace.horoscope
астрологическая карта,494,15,com.user75.numerology2,Numia: Гороскоп и астрология,Образ жизни,,https://static.rustore.ru/imgproxy/XbRg0HSoguDv7kWKTNY3DilX-cUZgccZxHDT2kHyXcM/preset:web_app_icon_62/plain/https://static.rustore.ru/2026/4/29/57/apk/2063583971/content/ICON/8e252fa3-a937-4650-a862-d88d976589f5.png@webp,2026-07-29T18:45:22.442Z,https://www.rustore.ru/catalog/search?query=%D0%B0%D1%81%D1%82%D1%80%D0%BE%D0%BB%D0%BE%D0%B3%D0%B8%D1%87%D0%B5%D1%81%D0%BA%D0%B0%D1%8F%20%D0%BA%D0%B0%D1%80%D1%82%D0%B0,https://www.rustore.ru/catalog/app/com.user75.numerology2
астрологическая карта,494,16,com.foresko.horoscopes,Гороскоп на каждый день: Астрология & Гороскопы,Образ жизни,,https://static.rustore.ru/imgproxy/nvjlG1_j5y7GIqSI5I1O3PZ_yw8PzObrKn8WNYECYlg/preset:web_app_icon_62/plain/https://static.rustore.ru/apk/2063522203/content/ICON/e450e06c-0fd8-4d74-b82c-74d68f0b3b73.png@webp,2026-07-29T18:45:22.442Z,https://www.rustore.ru/catalog/search?query=%D0%B0%D1%81%D1%82%D1%80%D0%BE%D0%BB%D0%BE%D0%B3%D0%B8%D1%87%D0%B5%D1%81%D0%BA%D0%B0%D1%8F%20%D0%BA%D0%B0%D1%80%D1%82%D0%B0,https://www.rustore.ru/catalog/app/com.foresko.horoscopes
астрологическая карта,494,17,com.natalchart.natalchartapp,Натальная карта,Образ жизни,,https://static.rustore.ru/imgproxy/9s4XQ6pMLNFavxAbJaiuOoYwnl1RvZb_IRn0-BLSo6E/preset:web_app_icon_62/plain/https://static.rustore.ru/2025/12/25/0a/apk/2063673012/content/ICON/a99cd865-9507-43cc-b17f-4b41c78e45f5.png@webp,2026-07-29T18:45:22.442Z,https://www.rustore.ru/catalog/search?query=%D0%B0%D1%81%D1%82%D1%80%D0%BE%D0%BB%D0%BE%D0%B3%D0%B8%D1%87%D0%B5%D1%81%D0%BA%D0%B0%D1%8F%20%D0%BA%D0%B0%D1%80%D1%82%D0%B0,https://www.rustore.ru/catalog/app/com.natalchart.natalchartapp
астрологическая карта,494,18,com.sopelus.horoscope,"Гороскопы бесплатно, натальная карта",Образ жизни,,https://static.rustore.ru/imgproxy/6Y2EnbUmAeSntLHRzoX7VP5iRHM6InMeJHZao6yYG00/preset:web_app_icon_62/plain/https://static.rustore.ru/apk/2063642700/content/ICON/4cf492a6-1c93-45d7-89fc-41600dc6d076.png@webp,2026-07-29T18:45:22.442Z,https://www.rustore.ru/catalog/search?query=%D0%B0%D1%81%D1%82%D1%80%D0%BE%D0%BB%D0%BE%D0%B3%D0%B8%D1%87%D0%B5%D1%81%D0%BA%D0%B0%D1%8F%20%D0%BA%D0%B0%D1%80%D1%82%D0%B0,https://www.rustore.ru/catalog/app/com.sopelus.horoscope
астрологическая карта,494,19,ru.astreya.app,"Астрея: гороскоп, натальная карта, таро",Образ жизни,,https://static.rustore.ru/imgproxy/ZZLZRn9_c-94Hwa3JIjvp2xSRQZ8qcL6aRjiod6JHS0/preset:web_app_icon_62/plain/https://static.rustore.ru/2026/7/13/8c/apk/2063731934/content/ICON/637f9c4d-1353-4100-9f95-f37c7de8bbc5.png@webp,2026-07-29T18:45:22.442Z,https://www.rustore.ru/catalog/search?query=%D0%B0%D1%81%D1%82%D1%80%D0%BE%D0%BB%D0%BE%D0%B3%D0%B8%D1%87%D0%B5%D1%81%D0%BA%D0%B0%D1%8F%20%D0%BA%D0%B0%D1%80%D1%82%D0%B0,https://www.rustore.ru/catalog/app/ru.astreya.app
астрологическая карта,494,20,com.birth.chart.natal.horoscope.astrology.tarot,Натальная карта - AstroChart,Образ жизни,,https://static.rustore.ru/imgproxy/kYn6WYK2IDY4v1sIV0wlsg6DB8jeB95gsXRYp_F_KHQ/preset:web_app_icon_62/plain/https://static.rustore.ru/2025/10/6/83/apk/2063662829/content/ICON/444f59ea-7142-4bc7-83b0-95c3592a10b2.png@webp,2026-07-29T18:45:22.442Z,https://www.rustore.ru/catalog/search?query=%D0%B0%D1%81%D1%82%D1%80%D0%BE%D0%BB%D0%BE%D0%B3%D0%B8%D1%87%D0%B5%D1%81%D0%BA%D0%B0%D1%8F%20%D0%BA%D0%B0%D1%80%D1%82%D0%B0,https://www.rustore.ru/catalog/app/com.birth.chart.natal.horoscope.astrology.tarot
космограмма,26,1,ru.kshastro.app,Астропроцессор Кшастро,Образ жизни,,https://static.rustore.ru/imgproxy/3faq-bp3IGuns2LDb5ex0P1SEiK9IsuAFgMDc8cg-fA/preset:web_app_icon_62/plain/https://static.rustore.ru/apk/2063587333/content/ICON/37e18fb2-d0a7-4869-80f7-bb5fed3c304e.png@webp,2026-07-29T18:45:24.472Z,https://www.rustore.ru/catalog/search?query=%D0%BA%D0%BE%D1%81%D0%BC%D0%BE%D0%B3%D1%80%D0%B0%D0%BC%D0%BC%D0%B0,https://www.rustore.ru/catalog/app/ru.kshastro.app
космограмма,26,2,gman.vedicastro,Cosmic Insights,Образ жизни,,https://static.rustore.ru/imgproxy/G_NJgzndbqmba57r-FU_b-x8OCAYWkoHHnuIr_os730/preset:web_app_icon_62/plain/https://static.rustore.ru/apk/2063630813/content/ICON/2bbe0f9e-1127-44e3-b80b-7ce040d9c202.png@webp,2026-07-29T18:45:24.472Z,https://www.rustore.ru/catalog/search?query=%D0%BA%D0%BE%D1%81%D0%BC%D0%BE%D0%B3%D1%80%D0%B0%D0%BC%D0%BC%D0%B0,https://www.rustore.ru/catalog/app/gman.vedicastro
космограмма,26,3,ru.rambler.kassa_cosmic,Космик,Развлечения·Новости и события,,https://static.rustore.ru/imgproxy/juc6R-ES-0xzPEpaptKtpzsh-ZdKqSTo1Qbe7cqeXTM/preset:web_app_icon_62/plain/https://static.rustore.ru/apk/1504703/content/ICON/a9d605c3-9fb7-488e-a65c-12acf4bc2e34.png@webp,2026-07-29T18:45:24.472Z,https://www.rustore.ru/catalog/search?query=%D0%BA%D0%BE%D1%81%D0%BC%D0%BE%D0%B3%D1%80%D0%B0%D0%BC%D0%BC%D0%B0,https://www.rustore.ru/catalog/app/ru.rambler.kassa_cosmic
космограмма,26,4,sovfin.game.cosmojohn,КосмоДжон,Аркады,,https://static.rustore.ru/imgproxy/5XwqmR9kSjz1L7Vg-5X-1SnyMUcPwmDN71vTcHkT88s/preset:web_app_icon_62/plain/https://static.rustore.ru/ab19eca7-6463-44c5-87ad-ed5523376d10@webp,2026-07-29T18:45:24.472Z,https://www.rustore.ru/catalog/search?query=%D0%BA%D0%BE%D1%81%D0%BC%D0%BE%D0%B3%D1%80%D0%B0%D0%BC%D0%BC%D0%B0,https://www.rustore.ru/catalog/app/sovfin.game.cosmojohn
космограмма,26,5,ru.ezoterikapp,EzoterikApp,Развлечения·Образ жизни,,https://static.rustore.ru/imgproxy/p75oZCz10k2G-KKWZNlSFLM5M7MysqMxkD2O-K0YOqQ/preset:web_app_icon_62/plain/https://static.rustore.ru/2026/6/18/fe/apk/2063724248/content/ICON/5b1157e3-491a-4b0f-939a-720b1e05269e.png@webp,2026-07-29T18:45:24.472Z,https://www.rustore.ru/catalog/search?query=%D0%BA%D0%BE%D1%81%D0%BC%D0%BE%D0%B3%D1%80%D0%B0%D0%BC%D0%BC%D0%B0,https://www.rustore.ru/catalog/app/ru.ezoterikapp
космограмма,26,6,pro.bgi.cosmografo,Космограф,Общение,,https://static.rustore.ru/imgproxy/wHUiFqj469X1SrU0LyInVap0v-RbdmJTsx1RPZPFIvQ/preset:web_app_icon_62/plain/https://static.rustore.ru/2026/4/16/21/apk/2063697734/content/ICON/85a718a0-8266-47c0-8c16-5568c19c0ff9.png@webp,2026-07-29T18:45:24.472Z,https://www.rustore.ru/catalog/search?query=%D0%BA%D0%BE%D1%81%D0%BC%D0%BE%D0%B3%D1%80%D0%B0%D0%BC%D0%BC%D0%B0,https://www.rustore.ru/catalog/app/pro.bgi.cosmografo
космограмма,26,7,com.example.color_analyzer,Спектрограмм,Полезные инструменты,,https://static.rustore.ru/imgproxy/mXkMHyjnmbyFtXU6gJ_oBWOj-1zys_4RijF-Xj-u-gQ/preset:web_app_icon_62/plain/https://static.rustore.ru/2026/6/17/33/apk/2063723621/content/ICON/fbe195fe-4efe-4b7a-8e08-a2a3604f8b19.png@webp,2026-07-29T18:45:24.472Z,https://www.rustore.ru/catalog/search?query=%D0%BA%D0%BE%D1%81%D0%BC%D0%BE%D0%B3%D1%80%D0%B0%D0%BC%D0%BC%D0%B0,https://www.rustore.ru/catalog/app/com.example.color_analyzer
космограмма,26,8,com.dit.stereograms,3D стереограммы,Развлечения,,https://static.rustore.ru/imgproxy/PwogZDiXUPgU-4Ui2a5pUHsFVaLV0y4Bjfc0IDvPlCQ/preset:web_app_icon_62/plain/https://static.rustore.ru/apk/2063532287/content/ICON/d4e48adb-9721-4db2-ad2f-413010402917.@webp,2026-07-29T18:45:24.472Z,https://www.rustore.ru/catalog/search?query=%D0%BA%D0%BE%D1%81%D0%BC%D0%BE%D0%B3%D1%80%D0%B0%D0%BC%D0%BC%D0%B0,https://www.rustore.ru/catalog/app/com.dit.stereograms
космограмма,26,9,com.kirlanik.SpaceRaid,Космо налёт,Аркады,,https://static.rustore.ru/imgproxy/ldJXrTTdNC0JJc6y6LKnc10PUazpYdg1AgkCj_Xe2TM/preset:web_app_icon_62/plain/https://static.rustore.ru/apk/1769782975/content/ICON/503baf11-0aab-4393-972a-1a59543f7d53.png@webp,2026-07-29T18:45:24.472Z,https://www.rustore.ru/catalog/search?query=%D0%BA%D0%BE%D1%81%D0%BC%D0%BE%D0%B3%D1%80%D0%B0%D0%BC%D0%BC%D0%B0,https://www.rustore.ru/catalog/app/com.kirlanik.SpaceRaid
космограмма,26,10,com.odvgroup.handspinnerhologramcamera,Голограмма спиннер голографический 3D-проектор,Симуляторы,,https://static.rustore.ru/imgproxy/t9P_ZivvnvnMF7itgtB0gc3MfCkIph8WJ6vf0iiZFzY/preset:web_app_icon_62/plain/https://static.rustore.ru/apk/2063506446/content/ICON/77e2f64f-cc8b-4b59-afff-381da26aad8f.@webp,2026-07-29T18:45:24.472Z,https://www.rustore.ru/catalog/search?query=%D0%BA%D0%BE%D1%81%D0%BC%D0%BE%D0%B3%D1%80%D0%B0%D0%BC%D0%BC%D0%B0,https://www.rustore.ru/catalog/app/com.odvgroup.handspinnerhologramcamera
космограмма,26,11,com.LaskaGames.CosmicBoom,CosmicBoom,Аркады·Экшен,,https://static.rustore.ru/imgproxy/M_CYFPY1hRAPECMiaNPycJX9TqO_Dk0Q-gxlj91rNwk/preset:web_app_icon_62/plain/https://static.rustore.ru/apk/1301105599/content/ICON/1b46d3d4-3b39-4dde-92c2-259d8e100b05.png@webp,2026-07-29T18:45:24.472Z,https://www.rustore.ru/catalog/search?query=%D0%BA%D0%BE%D1%81%D0%BC%D0%BE%D0%B3%D1%80%D0%B0%D0%BC%D0%BC%D0%B0,https://www.rustore.ru/catalog/app/com.LaskaGames.CosmicBoom
космограмма,26,12,com.cosmic.swiftrun,Cosmic,Казуальные·Семейные,,https://static.rustore.ru/imgproxy/lj8_l6qfO59o426bHw20wNsqWQsFzg9tturaFWn2txM/preset:web_app_icon_62/plain/https://static.rustore.ru/apk/547319743/content/ICON/03b152f6-9d5e-4534-84a4-dc2ecacaf70b.png@webp,2026-07-29T18:45:24.472Z,https://www.rustore.ru/catalog/search?query=%D0%BA%D0%BE%D1%81%D0%BC%D0%BE%D0%B3%D1%80%D0%B0%D0%BC%D0%BC%D0%B0,https://www.rustore.ru/catalog/app/com.cosmic.swiftrun
космограмма,26,13,com.fx.SimpleNonogram,Простая нонограмма (Nonogram),Головоломки·Казуальные,,https://static.rustore.ru/imgproxy/Ib4eyhnS7uKvzumtP9HZIVhNY0Sp39TUP47IATWMPEE/preset:web_app_icon_62/plain/https://static.rustore.ru/apk/2063548924/content/ICON/e3954966-e52f-43db-bd67-4f7c7dd4c0ff.png@webp,2026-07-29T18:45:24.472Z,https://www.rustore.ru/catalog/search?query=%D0%BA%D0%BE%D1%81%D0%BC%D0%BE%D0%B3%D1%80%D0%B0%D0%BC%D0%BC%D0%B0,https://www.rustore.ru/catalog/app/com.fx.SimpleNonogram
космограмма,26,14,com.big.telescope55x.zoomhdcamera,Big Telescope Zoon HD Camera,Полезные инструменты·Развлечения,,https://static.rustore.ru/imgproxy/zevsKiAi9ehK_m36vcs4zZ1JQ4OtYNfCkIqQdzyePHE/preset:web_app_icon_62/plain/https://static.rustore.ru/2025/12/9/fe/apk/2063677165/content/ICON/e73fdea7-2dc1-42a9-8f84-c04129845981.png@webp,2026-07-29T18:45:24.472Z,https://www.rustore.ru/catalog/search?query=%D0%BA%D0%BE%D1%81%D0%BC%D0%BE%D0%B3%D1%80%D0%B0%D0%BC%D0%BC%D0%B0,https://www.rustore.ru/catalog/app/com.big.telescope55x.zoomhdcamera
космограмма,26,15,com.ItcubeMiass.ARCosmoQuiz,КосмоКвиз.AR,Викторины,,https://static.rustore.ru/imgproxy/m9IEq5R7a4x6Aiwydqy125m2EuLL1drhO3oJIbG0zMw/preset:web_app_icon_62/plain/https://static.rustore.ru/apk/2063486522/content/ICON/dfc6844a-55e2-461b-aed4-0910110ff17e.png@webp,2026-07-29T18:45:24.472Z,https://www.rustore.ru/catalog/search?query=%D0%BA%D0%BE%D1%81%D0%BC%D0%BE%D0%B3%D1%80%D0%B0%D0%BC%D0%BC%D0%B0,https://www.rustore.ru/catalog/app/com.ItcubeMiass.ARCosmoQuiz
космограмма,26,16,travkaz.doodler,Космо Дог,Аркады,,https://static.rustore.ru/imgproxy/S1uli2qQYu2-jnZrrK7NRyGqKPHWuOdQTVkk7xlazu8/preset:web_app_icon_62/plain/https://static.rustore.ru/apk/1393306303/content/ICON/c7aa9b6d-70b5-47ef-a26b-b3949c7ce639.jpg@webp,2026-07-29T18:45:24.472Z,https://www.rustore.ru/catalog/search?query=%D0%BA%D0%BE%D1%81%D0%BC%D0%BE%D0%B3%D1%80%D0%B0%D0%BC%D0%BC%D0%B0,https://www.rustore.ru/catalog/app/travkaz.doodler
космограмма,26,17,com.CubeGamesStudio.CosmoDog,Космо Пёс,Аркады·Детские,,https://static.rustore.ru/imgproxy/UjgLskQj2xYcrBAlXGUH_X6bkMh74F4ynvxqGDbAGxs/preset:web_app_icon_62/plain/https://static.rustore.ru/apk/2063505336/content/ICON/7b29664c-d36f-4876-b182-23f87fc5f40c.png@webp,2026-07-29T18:45:24.472Z,https://www.rustore.ru/catalog/search?query=%D0%BA%D0%BE%D1%81%D0%BC%D0%BE%D0%B3%D1%80%D0%B0%D0%BC%D0%BC%D0%B0,https://www.rustore.ru/catalog/app/com.CubeGamesStudio.CosmoDog
космограмма,26,18,com.marsover.matrixstereogram,MatrixStereogram (стереограмма),Головоломки,,https://static.rustore.ru/imgproxy/DuBCIEVHmZI9xsjIhuaNmyr0lOabuA2KA-cNB7eeG4I/preset:web_app_icon_62/plain/https://static.rustore.ru/2026/5/4/99/apk/2063712166/content/ICON/3ad77361-fd95-4ab8-98c1-8af966466962.jpeg@webp,2026-07-29T18:45:24.472Z,https://www.rustore.ru/catalog/search?query=%D0%BA%D0%BE%D1%81%D0%BC%D0%BE%D0%B3%D1%80%D0%B0%D0%BC%D0%BC%D0%B0,https://www.rustore.ru/catalog/app/com.marsover.matrixstereogram
космограмма,26,19,ru.cosmic.geom,Космическая геометрия,Аркады·Симуляторы,,https://static.rustore.ru/imgproxy/hidvNi0UlVmOZJWbNUKtyA1PXDy-D34eL1QcM0PJYXA/preset:web_app_icon_62/plain/https://static.rustore.ru/apk/2063612295/content/ICON/312e107a-b055-4818-b2a9-1e18761bfe2d.png@webp,2026-07-29T18:45:24.472Z,https://www.rustore.ru/catalog/search?query=%D0%BA%D0%BE%D1%81%D0%BC%D0%BE%D0%B3%D1%80%D0%B0%D0%BC%D0%BC%D0%B0,https://www.rustore.ru/catalog/app/ru.cosmic.geom
космограмма,26,20,de.seebi.deepskycamera,DeepSkyCamera,Полезные инструменты,,https://static.rustore.ru/imgproxy/AfHrf1Zj27wQMg1nRP1mEoNyBkOjVACwMKdzlOgJLCU/preset:web_app_icon_62/plain/https://static.rustore.ru/2025/12/8/49/apk/2063676613/content/ICON/9538270b-2bd2-4998-8f9c-25f714efff13.png@webp,2026-07-29T18:45:24.472Z,https://www.rustore.ru/catalog/search?query=%D0%BA%D0%BE%D1%81%D0%BC%D0%BE%D0%B3%D1%80%D0%B0%D0%BC%D0%BC%D0%B0,https://www.rustore.ru/catalog/app/de.seebi.deepskycamera
асцендент,45,1,ru.astrolloai.app,Astrollo AI — натальная карта и гороскопы,Образ жизни,,https://static.rustore.ru/imgproxy/2OaiwVIuLve_hKUhfgNzehY4xT7X3vGs1wPINvjQmt0/preset:web_app_icon_62/plain/https://static.rustore.ru/2026/5/13/ec/apk/2063714344/content/ICON/b4d9d4ad-d1ec-450a-8c87-2cab890058fe.png@webp,2026-07-29T18:45:25.603Z,https://www.rustore.ru/catalog/search?query=%D0%B0%D1%81%D1%86%D0%B5%D0%BD%D0%B4%D0%B5%D0%BD%D1%82,https://www.rustore.ru/catalog/app/ru.astrolloai.app
асцендент,45,2,ru.mynatalchart.app,Натальная карта рассчитать с расшифровкой онлайн,Образ жизни,,https://static.rustore.ru/imgproxy/F4JseOuI6RzoPoXs3mqK3yXNzxrqv08SORZppQ10uGk/preset:web_app_icon_62/plain/https://static.rustore.ru/2026/6/22/65/apk/2063722870/content/ICON/d546e542-9512-4ff8-a1ff-033f763a244b.jpg@webp,2026-07-29T18:45:25.603Z,https://www.rustore.ru/catalog/search?query=%D0%B0%D1%81%D1%86%D0%B5%D0%BD%D0%B4%D0%B5%D0%BD%D1%82,https://www.rustore.ru/catalog/app/ru.mynatalchart.app
асцендент,45,3,ru.astro.charts,Астрологические Карты,Образ жизни,,https://static.rustore.ru/imgproxy/Jqdw3DubicZmFzWE4TZo2z6sYT8RH-AJXpSCBRSCfvk/preset:web_app_icon_62/plain/https://static.rustore.ru/apk/2063491767/content/ICON/eacbdfd0-518d-4e42-a312-bcc95e25e748.png@webp,2026-07-29T18:45:25.603Z,https://www.rustore.ru/catalog/search?query=%D0%B0%D1%81%D1%86%D0%B5%D0%BD%D0%B4%D0%B5%D0%BD%D1%82,https://www.rustore.ru/catalog/app/ru.astro.charts
асцендент,45,4,com.horoscope.natal.palmistry.lunar.tarot,Zodiac,Образ жизни,,https://static.rustore.ru/imgproxy/L94b9HTlfn7v9EQ15N4_X9gc3_3p5lp4brga9IorvgQ/preset:web_app_icon_62/plain/https://static.rustore.ru/apk/2063597366/content/ICON/23d3c874-6912-4575-b519-b0199ccaf5c7.png@webp,2026-07-29T18:45:25.603Z,https://www.rustore.ru/catalog/search?query=%D0%B0%D1%81%D1%86%D0%B5%D0%BD%D0%B4%D0%B5%D0%BD%D1%82,https://www.rustore.ru/catalog/app/com.horoscope.natal.palmistry.lunar.tarot
асцендент,45,5,com.aiastrologer.app,"AI-Астролог, Таро, Астрология, Гороскоп, Астробот",Образ жизни,,https://static.rustore.ru/imgproxy/3Ld-d7uhG_9cEJ2LiCa6jgaz7lg0Yn7lyGXuEB7Ct8k/preset:web_app_icon_62/plain/https://static.rustore.ru/2026/7/9/a7/apk/2063730874/content/ICON/9883a02f-2920-4a9b-a268-a5a33b24e8ea.png@webp,2026-07-29T18:45:25.603Z,https://www.rustore.ru/catalog/search?query=%D0%B0%D1%81%D1%86%D0%B5%D0%BD%D0%B4%D0%B5%D0%BD%D1%82,https://www.rustore.ru/catalog/app/com.aiastrologer.app
асцендент,45,6,chart.astrolog.ru,AstroQuant AI,Образ жизни,,https://static.rustore.ru/imgproxy/UAHyPcg9n_58ZGu7n9ypjLdrdFiChuNDuAdFD1hTvyw/preset:web_app_icon_62/plain/https://static.rustore.ru/2026/1/14/0c/apk/2063686097/content/ICON/c8f69ef8-8dc7-46d1-b7aa-5646f9d43e48.png@webp,2026-07-29T18:45:25.603Z,https://www.rustore.ru/catalog/search?query=%D0%B0%D1%81%D1%86%D0%B5%D0%BD%D0%B4%D0%B5%D0%BD%D1%82,https://www.rustore.ru/catalog/app/chart.astrolog.ru
асцендент,45,7,ru.astro.chartslite,Астрологические Карты Lite,Образ жизни,,https://static.rustore.ru/imgproxy/AZ0OLjvPtQNEOmm3E1sTPzoRKxq3oQjFKouCo91WOQU/preset:web_app_icon_62/plain/https://static.rustore.ru/apk/2063491774/content/ICON/6faad8e3-adb7-43e9-8d33-7cbd343aeec5.png@webp,2026-07-29T18:45:25.603Z,https://www.rustore.ru/catalog/search?query=%D0%B0%D1%81%D1%86%D0%B5%D0%BD%D0%B4%D0%B5%D0%BD%D1%82,https://www.rustore.ru/catalog/app/ru.astro.chartslite
асцендент,45,8,com.astroguide.app,Astro,Образ жизни,,https://static.rustore.ru/imgproxy/WNIOrMVY-CCk7AmxlmiCADfbVadGAHzDLHN0ogCxcMk/preset:web_app_icon_62/plain/https://static.rustore.ru/2026/3/9/51/apk/2063698800/content/ICON/80167f79-fc18-4d44-92e9-565be684458f.png@webp,2026-07-29T18:45:25.603Z,https://www.rustore.ru/catalog/search?query=%D0%B0%D1%81%D1%86%D0%B5%D0%BD%D0%B4%D0%B5%D0%BD%D1%82,https://www.rustore.ru/catalog/app/com.astroguide.app
асцендент,45,9,ru.astrai.app,AstrAi — натальная карта и гороскоп,Образ жизни,,https://static.rustore.ru/imgproxy/KbUVotyglHzyEmsQ36ejj6z2B43JC9Qv8C4BIPx7ens/preset:web_app_icon_62/plain/https://static.rustore.ru/2026/7/8/08/apk/2063730771/content/ICON/490a8eb2-cbda-4812-8cad-60468e80d3bb.png@webp,2026-07-29T18:45:25.603Z,https://www.rustore.ru/catalog/search?query=%D0%B0%D1%81%D1%86%D0%B5%D0%BD%D0%B4%D0%B5%D0%BD%D1%82,https://www.rustore.ru/catalog/app/ru.astrai.app
асцендент,45,10,com.example.visionwise,VisionWise - Астрологический советник,Образ жизни,,https://static.rustore.ru/imgproxy/6xqC8WE8_66iaOAsoo6poWzGuWFGW0WyKlV3qZ6_S9g/preset:web_app_icon_62/plain/https://static.rustore.ru/2026/7/15/ea/apk/2063732925/content/ICON/9e916421-8901-4107-8aa8-2ce69f2b5f77.png@webp,2026-07-29T18:45:25.603Z,https://www.rustore.ru/catalog/search?query=%D0%B0%D1%81%D1%86%D0%B5%D0%BD%D0%B4%D0%B5%D0%BD%D1%82,https://www.rustore.ru/catalog/app/com.example.visionwise
асцендент,45,11,ru.astramira.goroscope.taro.sonnik,AstraMira: Гороскопы и Таро,Образ жизни,,https://static.rustore.ru/imgproxy/H68ld0dDF-w4DMnNn40JwaGks3Qa4tMx3WMmJhDwLYo/preset:web_app_icon_62/plain/https://static.rustore.ru/2026/4/27/56/apk/2063710522/content/ICON/f4078a2a-8ee7-40bc-8afc-18d567209040.png@webp,2026-07-29T18:45:25.603Z,https://www.rustore.ru/catalog/search?query=%D0%B0%D1%81%D1%86%D0%B5%D0%BD%D0%B4%D0%B5%D0%BD%D1%82,https://www.rustore.ru/catalog/app/ru.astramira.goroscope.taro.sonnik
асцендент,45,12,com.xeen_software.compatibility,Совместимость. Астрология,Образ жизни,,https://static.rustore.ru/imgproxy/_-wAnWxlR3TpW-M1nYUeBFMD78dDp5Ueb0ErbClYcug/preset:web_app_icon_62/plain/https://static.rustore.ru/apk/2063625676/content/ICON/4f740494-b363-4afd-863a-ac643cd97898.jpg@webp,2026-07-29T18:45:25.603Z,https://www.rustore.ru/catalog/search?query=%D0%B0%D1%81%D1%86%D0%B5%D0%BD%D0%B4%D0%B5%D0%BD%D1%82,https://www.rustore.ru/catalog/app/com.xeen_software.compatibility
асцендент,45,13,ru.zvezdnykompas.zvezdny_kompas,Звёздный Компас · Астролог · Гороскоп · Таро,Образ жизни,,https://static.rustore.ru/imgproxy/uSV98LbhllbLNr_ub0J4ftfUQsszF_f30iic6O46kjk/preset:web_app_icon_62/plain/https://static.rustore.ru/2026/4/30/5a/apk/2063711517/content/ICON/e6341128-1b28-4c00-8855-b10788ca8d18.png@webp,2026-07-29T18:45:25.603Z,https://www.rustore.ru/catalog/search?query=%D0%B0%D1%81%D1%86%D0%B5%D0%BD%D0%B4%D0%B5%D0%BD%D1%82,https://www.rustore.ru/catalog/app/ru.zvezdnykompas.zvezdny_kompas
асцендент,45,14,com.kundalini.astroapp,Анима: Натальная карта и совместимость,Образ жизни,,https://static.rustore.ru/imgproxy/WVtKwg07iq2_CAQt_LjE9yioOOuNvt8aOLHCK8tZnIw/preset:web_app_icon_62/plain/https://static.rustore.ru/2026/7/25/05/apk/2063730207/content/ICON/34c23c2b-ce1d-4cfe-8cf2-c891393df157.jpg@webp,2026-07-29T18:45:25.603Z,https://www.rustore.ru/catalog/search?query=%D0%B0%D1%81%D1%86%D0%B5%D0%BD%D0%B4%D0%B5%D0%BD%D1%82,https://www.rustore.ru/catalog/app/com.kundalini.astroapp
асцендент,45,15,pro.salamandra.app,Salamandra — астрология,Образ жизни,,https://static.rustore.ru/imgproxy/96ErwjydMO-DTnYJsXCZb0VZUchv_QGGQv_YSE8o0yE/preset:web_app_icon_62/plain/https://static.rustore.ru/2026/5/19/b2/apk/2063713822/content/ICON/3631c866-6e5d-4912-b7b6-eedc539c16cd.png@webp,2026-07-29T18:45:25.603Z,https://www.rustore.ru/catalog/search?query=%D0%B0%D1%81%D1%86%D0%B5%D0%BD%D0%B4%D0%B5%D0%BD%D1%82,https://www.rustore.ru/catalog/app/pro.salamandra.app
асцендент,45,16,ru.mystia.mystia,Мистия — таро и гороскоп,Образ жизни,,https://static.rustore.ru/imgproxy/GruEkHU3LUBNNTeNq0zi2v1GzASCH0yIESA3LsNnReU/preset:web_app_icon_62/plain/https://static.rustore.ru/2026/7/6/ad/apk/2063729743/content/ICON/2b4d1510-413c-4fd7-afa0-e41ae0286eb6.jpg@webp,2026-07-29T18:45:25.603Z,https://www.rustore.ru/catalog/search?query=%D0%B0%D1%81%D1%86%D0%B5%D0%BD%D0%B4%D0%B5%D0%BD%D1%82,https://www.rustore.ru/catalog/app/ru.mystia.mystia
асцендент,45,17,ru.astro.chartspro,Астрологические Карты Pro,Образ жизни,,https://static.rustore.ru/imgproxy/H7yWs1c8FEoh13kPEN8FrjJKP74aPcrZPAAwyIC5Loo/preset:web_app_icon_62/plain/https://static.rustore.ru/apk/2063491770/content/ICON/f06bbe92-b75b-4a58-84ff-973399f9d848.png@webp,2026-07-29T18:45:25.603Z,https://www.rustore.ru/catalog/search?query=%D0%B0%D1%81%D1%86%D0%B5%D0%BD%D0%B4%D0%B5%D0%BD%D1%82,https://www.rustore.ru/catalog/app/ru.astro.chartspro
асцендент,45,18,com.grupoprecedo.horoscope,Гороскоп,Образ жизни,,https://static.rustore.ru/imgproxy/bk73e7z_u16QKRQFJ9B84Ir3AENJKiU3T8FhzOGGP4M/preset:web_app_icon_62/plain/https://static.rustore.ru/apk/2063608017/content/ICON/5839d061-6555-491d-9142-aff96925064f.png@webp,2026-07-29T18:45:25.603Z,https://www.rustore.ru/catalog/search?query=%D0%B0%D1%81%D1%86%D0%B5%D0%BD%D0%B4%D0%B5%D0%BD%D1%82,https://www.rustore.ru/catalog/app/com.grupoprecedo.horoscope
асцендент,45,19,com.natalis.flutter_app,Natalist,Образ жизни,,https://static.rustore.ru/imgproxy/zNBOvZsBwsK4Qd8LkkLcT5jzZiK2hgmj535oX_khxk4/preset:web_app_icon_62/plain/https://static.rustore.ru/2026/5/21/95/apk/2063699071/content/ICON/ac6a8339-8cf4-4185-ab0c-7e91ebb7d3f8.png@webp,2026-07-29T18:45:25.603Z,https://www.rustore.ru/catalog/search?query=%D0%B0%D1%81%D1%86%D0%B5%D0%BD%D0%B4%D0%B5%D0%BD%D1%82,https://www.rustore.ru/catalog/app/com.natalis.flutter_app
асцендент,45,20,com.dixtalescat.astrocode,АстроКод: натальная карта,Образ жизни·Развлечения,,https://static.rustore.ru/imgproxy/QGfhcDKFBV1XPqY8mZKGkhQymzBeRZta6wxampAkwCU/preset:web_app_icon_62/plain/https://static.rustore.ru/2026/6/8/0f/apk/2063720975/content/ICON/bef8803c-ad72-444a-bb24-391a3247eac4.png@webp,2026-07-29T18:45:25.603Z,https://www.rustore.ru/catalog/search?query=%D0%B0%D1%81%D1%86%D0%B5%D0%BD%D0%B4%D0%B5%D0%BD%D1%82,https://www.rustore.ru/catalog/app/com.dixtalescat.astrocode
рассчитать асцендент,496,1,ru.mynatalchart.app,Натальная карта рассчитать с расшифровкой онлайн,Образ жизни,,https://static.rustore.ru/imgproxy/F4JseOuI6RzoPoXs3mqK3yXNzxrqv08SORZppQ10uGk/preset:web_app_icon_62/plain/https://static.rustore.ru/2026/6/22/65/apk/2063722870/content/ICON/d546e542-9512-4ff8-a1ff-033f763a244b.jpg@webp,2026-07-29T18:45:46.311Z,https://www.rustore.ru/catalog/search?query=%D1%80%D0%B0%D1%81%D1%81%D1%87%D0%B8%D1%82%D0%B0%D1%82%D1%8C%20%D0%B0%D1%81%D1%86%D0%B5%D0%BD%D0%B4%D0%B5%D0%BD%D1%82,https://www.rustore.ru/catalog/app/ru.mynatalchart.app
рассчитать асцендент,496,2,ru.astrolloai.app,Astrollo AI — натальная карта и гороскопы,Образ жизни,,https://static.rustore.ru/imgproxy/2OaiwVIuLve_hKUhfgNzehY4xT7X3vGs1wPINvjQmt0/preset:web_app_icon_62/plain/https://static.rustore.ru/2026/5/13/ec/apk/2063714344/content/ICON/b4d9d4ad-d1ec-450a-8c87-2cab890058fe.png@webp,2026-07-29T18:45:46.311Z,https://www.rustore.ru/catalog/search?query=%D1%80%D0%B0%D1%81%D1%81%D1%87%D0%B8%D1%82%D0%B0%D1%82%D1%8C%20%D0%B0%D1%81%D1%86%D0%B5%D0%BD%D0%B4%D0%B5%D0%BD%D1%82,https://www.rustore.ru/catalog/app/ru.astrolloai.app
рассчитать асцендент,496,3,com.asus.calculator,Калькулятор,Образование,,https://static.rustore.ru/imgproxy/kd5v3xpRoPMA3d8Li2H0QuxdPgdypRsKGlKTZHgjAQg/preset:web_app_icon_62/plain/https://static.rustore.ru/apk/2063586755/content/ICON/9cb4d4d2-a00b-4770-ac1a-91004e0d6121.jpg@webp,2026-07-29T18:45:46.311Z,https://www.rustore.ru/catalog/search?query=%D1%80%D0%B0%D1%81%D1%81%D1%87%D0%B8%D1%82%D0%B0%D1%82%D1%8C%20%D0%B0%D1%81%D1%86%D0%B5%D0%BD%D0%B4%D0%B5%D0%BD%D1%82,https://www.rustore.ru/catalog/app/com.asus.calculator
рассчитать асцендент,496,4,com.example.visionwise,VisionWise - Астрологический советник,Образ жизни,,https://static.rustore.ru/imgproxy/6xqC8WE8_66iaOAsoo6poWzGuWFGW0WyKlV3qZ6_S9g/preset:web_app_icon_62/plain/https://static.rustore.ru/2026/7/15/ea/apk/2063732925/content/ICON/9e916421-8901-4107-8aa8-2ce69f2b5f77.png@webp,2026-07-29T18:45:46.311Z,https://www.rustore.ru/catalog/search?query=%D1%80%D0%B0%D1%81%D1%81%D1%87%D0%B8%D1%82%D0%B0%D1%82%D1%8C%20%D0%B0%D1%81%D1%86%D0%B5%D0%BD%D0%B4%D0%B5%D0%BD%D1%82,https://www.rustore.ru/catalog/app/com.example.visionwise
рассчитать асцендент,496,5,com.astroguide.app,Astro,Образ жизни,,https://static.rustore.ru/imgproxy/WNIOrMVY-CCk7AmxlmiCADfbVadGAHzDLHN0ogCxcMk/preset:web_app_icon_62/plain/https://static.rustore.ru/2026/3/9/51/apk/2063698800/content/ICON/80167f79-fc18-4d44-92e9-565be684458f.png@webp,2026-07-29T18:45:46.311Z,https://www.rustore.ru/catalog/search?query=%D1%80%D0%B0%D1%81%D1%81%D1%87%D0%B8%D1%82%D0%B0%D1%82%D1%8C%20%D0%B0%D1%81%D1%86%D0%B5%D0%BD%D0%B4%D0%B5%D0%BD%D1%82,https://www.rustore.ru/catalog/app/com.astroguide.app
рассчитать асцендент,496,6,appinventor.ai_dimavolnushkin.Calculator,Домашний калькулятор,Полезные инструменты,,https://static.rustore.ru/imgproxy/ediQgteiYmOhSxFGATh1oAh00wLm41C2RtCDD5ni7R8/preset:web_app_icon_62/plain/https://static.rustore.ru/apk/1043021247/content/ICON/9bda8c14-f47a-4655-a316-8a264c75ba19.png@webp,2026-07-29T18:45:46.311Z,https://www.rustore.ru/catalog/search?query=%D1%80%D0%B0%D1%81%D1%81%D1%87%D0%B8%D1%82%D0%B0%D1%82%D1%8C%20%D0%B0%D1%81%D1%86%D0%B5%D0%BD%D0%B4%D0%B5%D0%BD%D1%82,https://www.rustore.ru/catalog/app/appinventor.ai_dimavolnushkin.Calculator
рассчитать асцендент,496,7,com.xeen_software.compatibility,Совместимость. Астрология,Образ жизни,,https://static.rustore.ru/imgproxy/_-wAnWxlR3TpW-M1nYUeBFMD78dDp5Ueb0ErbClYcug/preset:web_app_icon_62/plain/https://static.rustore.ru/apk/2063625676/content/ICON/4f740494-b363-4afd-863a-ac643cd97898.jpg@webp,2026-07-29T18:45:46.311Z,https://www.rustore.ru/catalog/search?query=%D1%80%D0%B0%D1%81%D1%81%D1%87%D0%B8%D1%82%D0%B0%D1%82%D1%8C%20%D0%B0%D1%81%D1%86%D0%B5%D0%BD%D0%B4%D0%B5%D0%BD%D1%82,https://www.rustore.ru/catalog/app/com.xeen_software.compatibility
рассчитать асцендент,496,8,ru.astrai.app,AstrAi — натальная карта и гороскоп,Образ жизни,,https://static.rustore.ru/imgproxy/KbUVotyglHzyEmsQ36ejj6z2B43JC9Qv8C4BIPx7ens/preset:web_app_icon_62/plain/https://static.rustore.ru/2026/7/8/08/apk/2063730771/content/ICON/490a8eb2-cbda-4812-8cad-60468e80d3bb.png@webp,2026-07-29T18:45:46.311Z,https://www.rustore.ru/catalog/search?query=%D1%80%D0%B0%D1%81%D1%81%D1%87%D0%B8%D1%82%D0%B0%D1%82%D1%8C%20%D0%B0%D1%81%D1%86%D0%B5%D0%BD%D0%B4%D0%B5%D0%BD%D1%82,https://www.rustore.ru/catalog/app/ru.astrai.app
рассчитать асцендент,496,9,com.bng.calculator,Простой калькулятор,Полезные инструменты,,https://static.rustore.ru/imgproxy/NUt_KFzeZUn_XkgtYNQhASuMyGaio3r6SRuNVwC-GrE/preset:web_app_icon_62/plain/https://static.rustore.ru/2025/9/22/bb/apk/2063658148/content/ICON/f9b23267-e5e6-4633-bc89-7f0b933794d0.png@webp,2026-07-29T18:45:46.311Z,https://www.rustore.ru/catalog/search?query=%D1%80%D0%B0%D1%81%D1%81%D1%87%D0%B8%D1%82%D0%B0%D1%82%D1%8C%20%D0%B0%D1%81%D1%86%D0%B5%D0%BD%D0%B4%D0%B5%D0%BD%D1%82,https://www.rustore.ru/catalog/app/com.bng.calculator
рассчитать асцендент,496,10,ru.dvk.my.manycalc,Расчёт зарплаты,Финансы·Полезные инструменты,,https://static.rustore.ru/imgproxy/AIwswvn0XIrvtJNuK81qlO45o0c0_9q0dvpPqkQJRCQ/preset:web_app_icon_62/plain/https://static.rustore.ru/apk/2063557793/content/ICON/0aeac2dd-6f58-4b8c-9913-f0a225842fca.png@webp,2026-07-29T18:45:46.311Z,https://www.rustore.ru/catalog/search?query=%D1%80%D0%B0%D1%81%D1%81%D1%87%D0%B8%D1%82%D0%B0%D1%82%D1%8C%20%D0%B0%D1%81%D1%86%D0%B5%D0%BD%D0%B4%D0%B5%D0%BD%D1%82,https://www.rustore.ru/catalog/app/ru.dvk.my.manycalc
рассчитать асцендент,496,11,com.codart.building_calculator,Строительный калькулятор,Полезные инструменты,,https://static.rustore.ru/imgproxy/CpuJvnVsmpkn3thBl3Ae-YiCDV7URD1G7YkI_iZxqFA/preset:web_app_icon_62/plain/https://static.rustore.ru/apk/2063601560/content/ICON/8b3847a9-cf55-4cc6-9726-d5c3150f4dd8.png@webp,2026-07-29T18:45:46.311Z,https://www.rustore.ru/catalog/search?query=%D1%80%D0%B0%D1%81%D1%81%D1%87%D0%B8%D1%82%D0%B0%D1%82%D1%8C%20%D0%B0%D1%81%D1%86%D0%B5%D0%BD%D0%B4%D0%B5%D0%BD%D1%82,https://www.rustore.ru/catalog/app/com.codart.building_calculator
рассчитать асцендент,496,12,apps.r.calculator,Калькулятор,Полезные инструменты,,https://static.rustore.ru/imgproxy/YNpw9ITMQ_IVtwYCJhwt0FpcwPKXLN_Y3322DGdO4sY/preset:web_app_icon_62/plain/https://static.rustore.ru/apk/2063593904/content/ICON/23075fce-277e-4995-97f7-ecd1dbe446b7.jpg@webp,2026-07-29T18:45:46.311Z,https://www.rustore.ru/catalog/search?query=%D1%80%D0%B0%D1%81%D1%81%D1%87%D0%B8%D1%82%D0%B0%D1%82%D1%8C%20%D0%B0%D1%81%D1%86%D0%B5%D0%BD%D0%B4%D0%B5%D0%BD%D1%82,https://www.rustore.ru/catalog/app/apps.r.calculator
рассчитать асцендент,496,13,com.ptolemay.calculatorio.math.scientific_calculator,Универсальный научный калькулятор,Полезные инструменты·Образование,,https://static.rustore.ru/imgproxy/6WaoF6toxJZ8qBC26E3eDUOh5NsKD2s1296EXuHRlC0/preset:web_app_icon_62/plain/https://static.rustore.ru/apk/2063557020/content/ICON/a6a49d98-d350-445b-abbf-8b635c26c3ca.png@webp,2026-07-29T18:45:46.311Z,https://www.rustore.ru/catalog/search?query=%D1%80%D0%B0%D1%81%D1%81%D1%87%D0%B8%D1%82%D0%B0%D1%82%D1%8C%20%D0%B0%D1%81%D1%86%D0%B5%D0%BD%D0%B4%D0%B5%D0%BD%D1%82,https://www.rustore.ru/catalog/app/com.ptolemay.calculatorio.math.scientific_calculator
рассчитать асцендент,496,14,com.natalis.flutter_app,Natalist,Образ жизни,,https://static.rustore.ru/imgproxy/zNBOvZsBwsK4Qd8LkkLcT5jzZiK2hgmj535oX_khxk4/preset:web_app_icon_62/plain/https://static.rustore.ru/2026/5/21/95/apk/2063699071/content/ICON/ac6a8339-8cf4-4185-ab0c-7e91ebb7d3f8.png@webp,2026-07-29T18:45:46.311Z,https://www.rustore.ru/catalog/search?query=%D1%80%D0%B0%D1%81%D1%81%D1%87%D0%B8%D1%82%D0%B0%D1%82%D1%8C%20%D0%B0%D1%81%D1%86%D0%B5%D0%BD%D0%B4%D0%B5%D0%BD%D1%82,https://www.rustore.ru/catalog/app/com.natalis.flutter_app
рассчитать асцендент,496,15,calculator.converter.conversioncalculator.calculatorapp,Калькулятор и Конвертер,Полезные инструменты,,https://static.rustore.ru/imgproxy/4tz59rz68aORcKBmDbvcakJKoYv4MTQYOGzLX8kuFxg/preset:web_app_icon_62/plain/https://static.rustore.ru/apk/2063592110/content/ICON/de5ca997-3da6-445e-821e-0f2ad98121b2.png@webp,2026-07-29T18:45:46.311Z,https://www.rustore.ru/catalog/search?query=%D1%80%D0%B0%D1%81%D1%81%D1%87%D0%B8%D1%82%D0%B0%D1%82%D1%8C%20%D0%B0%D1%81%D1%86%D0%B5%D0%BD%D0%B4%D0%B5%D0%BD%D1%82,https://www.rustore.ru/catalog/app/calculator.converter.conversioncalculator.calculatorapp
рассчитать асцендент,496,16,com.lesovitek.arcanecalculate,Рассчитать Аркан Судьбы по дате рождения,Образ жизни·Развлечения,,https://static.rustore.ru/imgproxy/npZu-gaDZJLBjDhdFk4S7WZYxsOUzs1nG1qXk6FYhHU/preset:web_app_icon_62/plain/https://static.rustore.ru/apk/2063561051/content/ICON/6c728230-098a-41c0-bccc-456da5617178.png@webp,2026-07-29T18:45:46.311Z,https://www.rustore.ru/catalog/search?query=%D1%80%D0%B0%D1%81%D1%81%D1%87%D0%B8%D1%82%D0%B0%D1%82%D1%8C%20%D0%B0%D1%81%D1%86%D0%B5%D0%BD%D0%B4%D0%B5%D0%BD%D1%82,https://www.rustore.ru/catalog/app/com.lesovitek.arcanecalculate
рассчитать асцендент,496,17,com.dixtalescat.astrocode,АстроКод: натальная карта,Образ жизни·Развлечения,,https://static.rustore.ru/imgproxy/QGfhcDKFBV1XPqY8mZKGkhQymzBeRZta6wxampAkwCU/preset:web_app_icon_62/plain/https://static.rustore.ru/2026/6/8/0f/apk/2063720975/content/ICON/bef8803c-ad72-444a-bb24-391a3247eac4.png@webp,2026-07-29T18:45:46.311Z,https://www.rustore.ru/catalog/search?query=%D1%80%D0%B0%D1%81%D1%81%D1%87%D0%B8%D1%82%D0%B0%D1%82%D1%8C%20%D0%B0%D1%81%D1%86%D0%B5%D0%BD%D0%B4%D0%B5%D0%BD%D1%82,https://www.rustore.ru/catalog/app/com.dixtalescat.astrocode
рассчитать асцендент,496,18,com.GavaginPavel.simplerandom,Простой генератор случайных чисел,Полезные инструменты,,https://static.rustore.ru/imgproxy/x5BlEi6wHfSE9pNqrmht8QiBwqUt8cmlo-BugaIvkGc/preset:web_app_icon_62/plain/https://static.rustore.ru/apk/2063574113/content/ICON/a27eae0b-d1b4-4bae-986f-09991c85ffd3.png@webp,2026-07-29T18:45:46.311Z,https://www.rustore.ru/catalog/search?query=%D1%80%D0%B0%D1%81%D1%81%D1%87%D0%B8%D1%82%D0%B0%D1%82%D1%8C%20%D0%B0%D1%81%D1%86%D0%B5%D0%BD%D0%B4%D0%B5%D0%BD%D1%82,https://www.rustore.ru/catalog/app/com.GavaginPavel.simplerandom
рассчитать асцендент,496,19,an.PercentX,Калькулятор процентов,Полезные инструменты,,https://static.rustore.ru/imgproxy/vDgvPwElS5iJGPBepc7NXiL-p78Zm8E5MgG2tANxf6A/preset:web_app_icon_62/plain/https://static.rustore.ru/apk/2063530237/content/ICON/c7241449-c435-4c45-8f3e-36d0061a0457.@webp,2026-07-29T18:45:46.311Z,https://www.rustore.ru/catalog/search?query=%D1%80%D0%B0%D1%81%D1%81%D1%87%D0%B8%D1%82%D0%B0%D1%82%D1%8C%20%D0%B0%D1%81%D1%86%D0%B5%D0%BD%D0%B4%D0%B5%D0%BD%D1%82,https://www.rustore.ru/catalog/app/an.PercentX
рассчитать асцендент,496,20,ru.filit.phosagro,AgroResult. Агрокалькулятор,Бизнес-сервисы,,https://static.rustore.ru/imgproxy/UocCW0IK2DSqrqJm2rZ2JTeredHpU0Tchj9tiPjzqME/preset:web_app_icon_62/plain/https://static.rustore.ru/apk/2063579458/content/ICON/76bb72f6-355b-4e9b-80e5-2fbc3bba3ea1.png@webp,2026-07-29T18:45:46.311Z,https://www.rustore.ru/catalog/search?query=%D1%80%D0%B0%D1%81%D1%81%D1%87%D0%B8%D1%82%D0%B0%D1%82%D1%8C%20%D0%B0%D1%81%D1%86%D0%B5%D0%BD%D0%B4%D0%B5%D0%BD%D1%82,https://www.rustore.ru/catalog/app/ru.filit.phosagro
луна в знаке,498,1,com.foresko.dreambook,"Luna AI Сонник, Гороскоп, Дневник Cнов, Тoлкование",Образ жизни,,https://static.rustore.ru/imgproxy/1LVfwPOODRxpHF8I1ZahPhK-UeAbG4zy_CQdAWPng8I/preset:web_app_icon_62/plain/https://static.rustore.ru/apk/2063555345/content/ICON/4b11d8d6-3abf-4d24-b9d9-c6004d5ddc1f.jpg@webp,2026-07-29T18:45:48.157Z,https://www.rustore.ru/catalog/search?query=%D0%BB%D1%83%D0%BD%D0%B0%20%D0%B2%20%D0%B7%D0%BD%D0%B0%D0%BA%D0%B5,https://www.rustore.ru/catalog/app/com.foresko.dreambook
луна в знаке,498,2,ru.rivendel.dara.free,Dara-Lite - Лунный календарь,Образ жизни,,https://static.rustore.ru/imgproxy/hDUSejgTfklvfxlEGOwF7kmluPzxyTzeSgAnmivZDz4/preset:web_app_icon_62/plain/https://static.rustore.ru/apk/2063588626/content/ICON/d033ee6a-c5e9-4cfc-bb4c-63bc7833aec3.jpg@webp,2026-07-29T18:45:48.157Z,https://www.rustore.ru/catalog/search?query=%D0%BB%D1%83%D0%BD%D0%B0%20%D0%B2%20%D0%B7%D0%BD%D0%B0%D0%BA%D0%B5,https://www.rustore.ru/catalog/app/ru.rivendel.dara.free
луна в знаке,498,3,com.aytakvimiilegunlukhayat,Жизнь по лунному календарю,Образ жизни,,https://static.rustore.ru/imgproxy/Dh-oyeqKzUiveWRA2q9Nx3r7dT8ZMXLMdb24LcIDbb4/preset:web_app_icon_62/plain/https://static.rustore.ru/apk/2063598646/content/ICON/31562fcf-9b0e-4e56-9978-2da1ff6df7ac.jpg@webp,2026-07-29T18:45:48.157Z,https://www.rustore.ru/catalog/search?query=%D0%BB%D1%83%D0%BD%D0%B0%20%D0%B2%20%D0%B7%D0%BD%D0%B0%D0%BA%D0%B5,https://www.rustore.ru/catalog/app/com.aytakvimiilegunlukhayat
луна в знаке,498,4,com.brandd.moon,Лунный календарь,Образ жизни,,https://static.rustore.ru/imgproxy/IYM5EIgyA2Beg3zPC9Vg3TVfPzazQXJnaNd85C42QK0/preset:web_app_icon_62/plain/https://static.rustore.ru/apk/2063601341/content/ICON/8f03d895-c4b3-47bb-93da-2f19134b2056.png@webp,2026-07-29T18:45:48.157Z,https://www.rustore.ru/catalog/search?query=%D0%BB%D1%83%D0%BD%D0%B0%20%D0%B2%20%D0%B7%D0%BD%D0%B0%D0%BA%D0%B5,https://www.rustore.ru/catalog/app/com.brandd.moon
луна в знаке,498,5,ru.astrai.app,AstrAi — натальная карта и гороскоп,Образ жизни,,https://static.rustore.ru/imgproxy/KbUVotyglHzyEmsQ36ejj6z2B43JC9Qv8C4BIPx7ens/preset:web_app_icon_62/plain/https://static.rustore.ru/2026/7/8/08/apk/2063730771/content/ICON/490a8eb2-cbda-4812-8cad-60468e80d3bb.png@webp,2026-07-29T18:45:48.157Z,https://www.rustore.ru/catalog/search?query=%D0%BB%D1%83%D0%BD%D0%B0%20%D0%B2%20%D0%B7%D0%BD%D0%B0%D0%BA%D0%B5,https://www.rustore.ru/catalog/app/ru.astrai.app
луна в знаке,498,6,by.olion.Moon,MoonX: Луна и Лунный Календарь,Образ жизни,,https://static.rustore.ru/imgproxy/JGbb9XoIJfEJK92fr25dERlaygUgHMYAisCvXsWRayU/preset:web_app_icon_62/plain/https://static.rustore.ru/2025/12/21/5b/apk/2063681869/content/ICON/4ac75a83-863e-4aaf-a1bb-7fb86e3253aa.jpeg@webp,2026-07-29T18:45:48.157Z,https://www.rustore.ru/catalog/search?query=%D0%BB%D1%83%D0%BD%D0%B0%20%D0%B2%20%D0%B7%D0%BD%D0%B0%D0%BA%D0%B5,https://www.rustore.ru/catalog/app/by.olion.Moon
луна в знаке,498,7,ru.lekra.asteria,Лунный календарь и магнитные бури — Астерия,Образ жизни,,https://static.rustore.ru/imgproxy/SMNoIYJBfW1qlIG-1BFYBQYisAHnVHexdQ4Fr0YXsSM/preset:web_app_icon_62/plain/https://static.rustore.ru/2026/7/3/7c/apk/2063729013/content/ICON/946f4eda-db43-4092-84ab-ef03f0eff507.png@webp,2026-07-29T18:45:48.157Z,https://www.rustore.ru/catalog/search?query=%D0%BB%D1%83%D0%BD%D0%B0%20%D0%B2%20%D0%B7%D0%BD%D0%B0%D0%BA%D0%B5,https://www.rustore.ru/catalog/app/ru.lekra.asteria
луна в знаке,498,8,com.universetoday.moon.free,Phases of the Moon: Фазы Луны,Полезные инструменты·Образ жизни,,https://static.rustore.ru/imgproxy/mIzWabxfn5V504_ezx5YGMWqSPrmJKtjkjjFDOAo0Ho/preset:web_app_icon_62/plain/https://static.rustore.ru/2025/9/22/8c/apk/2063658642/content/ICON/73cb4814-68d1-4294-8254-672954658433.png@webp,2026-07-29T18:45:48.157Z,https://www.rustore.ru/catalog/search?query=%D0%BB%D1%83%D0%BD%D0%B0%20%D0%B2%20%D0%B7%D0%BD%D0%B0%D0%BA%D0%B5,https://www.rustore.ru/catalog/app/com.universetoday.moon.free
луна в знаке,498,9,com.astroguide.app,Astro,Образ жизни,,https://static.rustore.ru/imgproxy/WNIOrMVY-CCk7AmxlmiCADfbVadGAHzDLHN0ogCxcMk/preset:web_app_icon_62/plain/https://static.rustore.ru/2026/3/9/51/apk/2063698800/content/ICON/80167f79-fc18-4d44-92e9-565be684458f.png@webp,2026-07-29T18:45:48.157Z,https://www.rustore.ru/catalog/search?query=%D0%BB%D1%83%D0%BD%D0%B0%20%D0%B2%20%D0%B7%D0%BD%D0%B0%D0%BA%D0%B5,https://www.rustore.ru/catalog/app/com.astroguide.app
луна в знаке,498,10,com.polyariz.moon_calendar_lite,Лунный календарь,Образ жизни·Полезные инструменты,,https://static.rustore.ru/imgproxy/FL9BFnS23vvlRYGLg09W944WmsHVm70JM2gEn-sWHU0/preset:web_app_icon_62/plain/https://static.rustore.ru/apk/2063595886/content/ICON/855c4593-c7ca-4c4d-a394-e7073f20b006.jpeg@webp,2026-07-29T18:45:48.157Z,https://www.rustore.ru/catalog/search?query=%D0%BB%D1%83%D0%BD%D0%B0%20%D0%B2%20%D0%B7%D0%BD%D0%B0%D0%BA%D0%B5,https://www.rustore.ru/catalog/app/com.polyariz.moon_calendar_lite
луна в знаке,498,11,calendar.good.day,Гороскоп и лунный календарь Norbu,Образ жизни,,https://static.rustore.ru/imgproxy/wyZoRv_Mobxm0MlBPlwMpkBMV-FC8_ADy_hXcedpOTw/preset:web_app_icon_62/plain/https://static.rustore.ru/apk/2063541653/content/ICON/540ae925-30e0-4149-9d01-b9b6de4f8006.png@webp,2026-07-29T18:45:48.157Z,https://www.rustore.ru/catalog/search?query=%D0%BB%D1%83%D0%BD%D0%B0%20%D0%B2%20%D0%B7%D0%BD%D0%B0%D0%BA%D0%B5,https://www.rustore.ru/catalog/app/calendar.good.day
луна в знаке,498,12,com.foresko.horoscopes,Гороскоп на каждый день: Астрология & Гороскопы,Образ жизни,,https://static.rustore.ru/imgproxy/nvjlG1_j5y7GIqSI5I1O3PZ_yw8PzObrKn8WNYECYlg/preset:web_app_icon_62/plain/https://static.rustore.ru/apk/2063522203/content/ICON/e450e06c-0fd8-4d74-b82c-74d68f0b3b73.png@webp,2026-07-29T18:45:48.157Z,https://www.rustore.ru/catalog/search?query=%D0%BB%D1%83%D0%BD%D0%B0%20%D0%B2%20%D0%B7%D0%BD%D0%B0%D0%BA%D0%B5,https://www.rustore.ru/catalog/app/com.foresko.horoscopes
луна в знаке,498,13,app.teia,Тея - Лунный календарь,Образ жизни,,https://static.rustore.ru/imgproxy/83-deSFDqDg89-xYkgoVmjzraHYKIZ2fefo3eFApyws/preset:web_app_icon_62/plain/https://static.rustore.ru/2026/1/10/37/apk/2063686496/content/ICON/ab027569-65cf-4e6e-9870-18cb7288cfbc.png@webp,2026-07-29T18:45:48.157Z,https://www.rustore.ru/catalog/search?query=%D0%BB%D1%83%D0%BD%D0%B0%20%D0%B2%20%D0%B7%D0%BD%D0%B0%D0%BA%D0%B5,https://www.rustore.ru/catalog/app/app.teia
луна в знаке,498,14,com.lunarcalendarpro.app,"Лунный Календарь Pro: фазы Луны, стрижки, сад.",Полезные инструменты,,https://static.rustore.ru/imgproxy/15p9M8d-rQrskzBYnD6QdOdTLydEuAuWNUcDrm3v6xs/preset:web_app_icon_62/plain/https://static.rustore.ru/2026/6/11/6f/apk/2063722068/content/ICON/2cb55d69-27b0-41b9-be16-74165de88fd2.png@webp,2026-07-29T18:45:48.157Z,https://www.rustore.ru/catalog/search?query=%D0%BB%D1%83%D0%BD%D0%B0%20%D0%B2%20%D0%B7%D0%BD%D0%B0%D0%BA%D0%B5,https://www.rustore.ru/catalog/app/com.lunarcalendarpro.app
луна в знаке,498,15,com.crbee.mooncalendar,Moon Calendar,Образ жизни,,https://static.rustore.ru/imgproxy/gd7SHrNfwjLTvXO7yoG8eZ4RkWADPL5N6K7-CJXi7qo/preset:web_app_icon_62/plain/https://static.rustore.ru/2025/9/30/45/apk/2063661592/content/ICON/82e4d432-6c18-45b3-9cab-48758f57fd1d.png@webp,2026-07-29T18:45:48.157Z,https://www.rustore.ru/catalog/search?query=%D0%BB%D1%83%D0%BD%D0%B0%20%D0%B2%20%D0%B7%D0%BD%D0%B0%D0%BA%D0%B5,https://www.rustore.ru/catalog/app/com.crbee.mooncalendar
луна в знаке,498,16,com.example.visionwise,VisionWise - Астрологический советник,Образ жизни,,https://static.rustore.ru/imgproxy/6xqC8WE8_66iaOAsoo6poWzGuWFGW0WyKlV3qZ6_S9g/preset:web_app_icon_62/plain/https://static.rustore.ru/2026/7/15/ea/apk/2063732925/content/ICON/9e916421-8901-4107-8aa8-2ce69f2b5f77.png@webp,2026-07-29T18:45:48.157Z,https://www.rustore.ru/catalog/search?query=%D0%BB%D1%83%D0%BD%D0%B0%20%D0%B2%20%D0%B7%D0%BD%D0%B0%D0%BA%D0%B5,https://www.rustore.ru/catalog/app/com.example.visionwise
луна в знаке,498,17,com.example.astrology,Sky Calendar 2025,Образ жизни,,https://static.rustore.ru/imgproxy/feSDMfb8QwM0Ks5ZLXL_nC-_p2JZfbBNr9uAl-wMkY8/preset:web_app_icon_62/plain/https://static.rustore.ru/apk/2063589406/content/ICON/7f32e70d-4842-409b-a470-e3c4218b2e89.jpg@webp,2026-07-29T18:45:48.157Z,https://www.rustore.ru/catalog/search?query=%D0%BB%D1%83%D0%BD%D0%B0%20%D0%B2%20%D0%B7%D0%BD%D0%B0%D0%BA%D0%B5,https://www.rustore.ru/catalog/app/com.example.astrology
луна в знаке,498,18,ru.astro.charts,Астрологические Карты,Образ жизни,,https://static.rustore.ru/imgproxy/Jqdw3DubicZmFzWE4TZo2z6sYT8RH-AJXpSCBRSCfvk/preset:web_app_icon_62/plain/https://static.rustore.ru/apk/2063491767/content/ICON/eacbdfd0-518d-4e42-a312-bcc95e25e748.png@webp,2026-07-29T18:45:48.157Z,https://www.rustore.ru/catalog/search?query=%D0%BB%D1%83%D0%BD%D0%B0%20%D0%B2%20%D0%B7%D0%BD%D0%B0%D0%BA%D0%B5,https://www.rustore.ru/catalog/app/ru.astro.charts
луна в знаке,498,19,com.lunar.tarot.natal.astrology,Lunary,Образ жизни·Развлечения,,https://static.rustore.ru/imgproxy/Hdg0AgPaoJV9KcVRcKz4ym2TSyfAGm6P9PqC1lu3h-k/preset:web_app_icon_62/plain/https://static.rustore.ru/apk/2063597392/content/ICON/4db07f5e-4d08-465d-84e0-a1ceaa27b81a.png@webp,2026-07-29T18:45:48.157Z,https://www.rustore.ru/catalog/search?query=%D0%BB%D1%83%D0%BD%D0%B0%20%D0%B2%20%D0%B7%D0%BD%D0%B0%D0%BA%D0%B5,https://www.rustore.ru/catalog/app/com.lunar.tarot.natal.astrology
луна в знаке,498,20,ru.astro.chartspro,Астрологические Карты Pro,Образ жизни,,https://static.rustore.ru/imgproxy/H7yWs1c8FEoh13kPEN8FrjJKP74aPcrZPAAwyIC5Loo/preset:web_app_icon_62/plain/https://static.rustore.ru/apk/2063491770/content/ICON/f06bbe92-b75b-4a58-84ff-973399f9d848.png@webp,2026-07-29T18:45:48.157Z,https://www.rustore.ru/catalog/search?query=%D0%BB%D1%83%D0%BD%D0%B0%20%D0%B2%20%D0%B7%D0%BD%D0%B0%D0%BA%D0%B5,https://www.rustore.ru/catalog/app/ru.astro.chartspro
дома в натальной карте,493,1,ru.mynatalchart.app,Натальная карта рассчитать с расшифровкой онлайн,Образ жизни,,https://static.rustore.ru/imgproxy/F4JseOuI6RzoPoXs3mqK3yXNzxrqv08SORZppQ10uGk/preset:web_app_icon_62/plain/https://static.rustore.ru/2026/6/22/65/apk/2063722870/content/ICON/d546e542-9512-4ff8-a1ff-033f763a244b.jpg@webp,2026-07-29T18:45:49.789Z,https://www.rustore.ru/catalog/search?query=%D0%B4%D0%BE%D0%BC%D0%B0%20%D0%B2%20%D0%BD%D0%B0%D1%82%D0%B0%D0%BB%D1%8C%D0%BD%D0%BE%D0%B9%20%D0%BA%D0%B0%D1%80%D1%82%D0%B5,https://www.rustore.ru/catalog/app/ru.mynatalchart.app
дома в натальной карте,493,2,com.natalchart.natalchartapp,Натальная карта,Образ жизни,,https://static.rustore.ru/imgproxy/9s4XQ6pMLNFavxAbJaiuOoYwnl1RvZb_IRn0-BLSo6E/preset:web_app_icon_62/plain/https://static.rustore.ru/2025/12/25/0a/apk/2063673012/content/ICON/a99cd865-9507-43cc-b17f-4b41c78e45f5.png@webp,2026-07-29T18:45:49.789Z,https://www.rustore.ru/catalog/search?query=%D0%B4%D0%BE%D0%BC%D0%B0%20%D0%B2%20%D0%BD%D0%B0%D1%82%D0%B0%D0%BB%D1%8C%D0%BD%D0%BE%D0%B9%20%D0%BA%D0%B0%D1%80%D1%82%D0%B5,https://www.rustore.ru/catalog/app/com.natalchart.natalchartapp
дома в натальной карте,493,3,com.matricasudbu.app.astro,Натальная карта. Астрология. Матрица Судьбы,Образ жизни·Развлечения,,https://static.rustore.ru/imgproxy/8CPP3b_zl4GFvlQDIJS8uQz1vW4WbaJazeRsedTl3hs/preset:web_app_icon_62/plain/https://static.rustore.ru/2026/4/8/f1/apk/2063620377/content/ICON/fd8c2873-149b-4f33-a56f-8cc06282defe.png@webp,2026-07-29T18:45:49.789Z,https://www.rustore.ru/catalog/search?query=%D0%B4%D0%BE%D0%BC%D0%B0%20%D0%B2%20%D0%BD%D0%B0%D1%82%D0%B0%D0%BB%D1%8C%D0%BD%D0%BE%D0%B9%20%D0%BA%D0%B0%D1%80%D1%82%D0%B5,https://www.rustore.ru/catalog/app/com.matricasudbu.app.astro
дома в натальной карте,493,4,com.birth.chart.natal.horoscope.astrology.tarot,Натальная карта - AstroChart,Образ жизни,,https://static.rustore.ru/imgproxy/kYn6WYK2IDY4v1sIV0wlsg6DB8jeB95gsXRYp_F_KHQ/preset:web_app_icon_62/plain/https://static.rustore.ru/2025/10/6/83/apk/2063662829/content/ICON/444f59ea-7142-4bc7-83b0-95c3592a10b2.png@webp,2026-07-29T18:45:49.789Z,https://www.rustore.ru/catalog/search?query=%D0%B4%D0%BE%D0%BC%D0%B0%20%D0%B2%20%D0%BD%D0%B0%D1%82%D0%B0%D0%BB%D1%8C%D0%BD%D0%BE%D0%B9%20%D0%BA%D0%B0%D1%80%D1%82%D0%B5,https://www.rustore.ru/catalog/app/com.birth.chart.natal.horoscope.astrology.tarot
дома в натальной карте,493,5,ru.z9games.jyotish,Ведаскоп: джйотиш и натальная карта,Образ жизни,,https://static.rustore.ru/imgproxy/HsaaT5buUGX8MqIYO7-p5kJNEMagCnOcfDMS4M2M6ZM/preset:web_app_icon_62/plain/https://static.rustore.ru/2026/6/24/02/apk/2063724173/content/ICON/26228479-06f4-4875-a6f0-366cd7479072.png@webp,2026-07-29T18:45:49.789Z,https://www.rustore.ru/catalog/search?query=%D0%B4%D0%BE%D0%BC%D0%B0%20%D0%B2%20%D0%BD%D0%B0%D1%82%D0%B0%D0%BB%D1%8C%D0%BD%D0%BE%D0%B9%20%D0%BA%D0%B0%D1%80%D1%82%D0%B5,https://www.rustore.ru/catalog/app/ru.z9games.jyotish
дома в натальной карте,493,6,com.dixtalescat.astrocode,АстроКод: натальная карта,Образ жизни·Развлечения,,https://static.rustore.ru/imgproxy/QGfhcDKFBV1XPqY8mZKGkhQymzBeRZta6wxampAkwCU/preset:web_app_icon_62/plain/https://static.rustore.ru/2026/6/8/0f/apk/2063720975/content/ICON/bef8803c-ad72-444a-bb24-391a3247eac4.png@webp,2026-07-29T18:45:49.789Z,https://www.rustore.ru/catalog/search?query=%D0%B4%D0%BE%D0%BC%D0%B0%20%D0%B2%20%D0%BD%D0%B0%D1%82%D0%B0%D0%BB%D1%8C%D0%BD%D0%BE%D0%B9%20%D0%BA%D0%B0%D1%80%D1%82%D0%B5,https://www.rustore.ru/catalog/app/com.dixtalescat.astrocode
дома в натальной карте,493,7,ru.astreya.app,"Астрея: гороскоп, натальная карта, таро",Образ жизни,,https://static.rustore.ru/imgproxy/ZZLZRn9_c-94Hwa3JIjvp2xSRQZ8qcL6aRjiod6JHS0/preset:web_app_icon_62/plain/https://static.rustore.ru/2026/7/13/8c/apk/2063731934/content/ICON/637f9c4d-1353-4100-9f95-f37c7de8bbc5.png@webp,2026-07-29T18:45:49.789Z,https://www.rustore.ru/catalog/search?query=%D0%B4%D0%BE%D0%BC%D0%B0%20%D0%B2%20%D0%BD%D0%B0%D1%82%D0%B0%D0%BB%D1%8C%D0%BD%D0%BE%D0%B9%20%D0%BA%D0%B0%D1%80%D1%82%D0%B5,https://www.rustore.ru/catalog/app/ru.astreya.app
дома в натальной карте,493,8,com.kundalini.astroapp,Анима: Натальная карта и совместимость,Образ жизни,,https://static.rustore.ru/imgproxy/WVtKwg07iq2_CAQt_LjE9yioOOuNvt8aOLHCK8tZnIw/preset:web_app_icon_62/plain/https://static.rustore.ru/2026/7/25/05/apk/2063730207/content/ICON/34c23c2b-ce1d-4cfe-8cf2-c891393df157.jpg@webp,2026-07-29T18:45:49.789Z,https://www.rustore.ru/catalog/search?query=%D0%B4%D0%BE%D0%BC%D0%B0%20%D0%B2%20%D0%BD%D0%B0%D1%82%D0%B0%D0%BB%D1%8C%D0%BD%D0%BE%D0%B9%20%D0%BA%D0%B0%D1%80%D1%82%D0%B5,https://www.rustore.ru/catalog/app/com.kundalini.astroapp
дома в натальной карте,493,9,ru.astro.chartslite,Астрологические Карты Lite,Образ жизни,,https://static.rustore.ru/imgproxy/AZ0OLjvPtQNEOmm3E1sTPzoRKxq3oQjFKouCo91WOQU/preset:web_app_icon_62/plain/https://static.rustore.ru/apk/2063491774/content/ICON/6faad8e3-adb7-43e9-8d33-7cbd343aeec5.png@webp,2026-07-29T18:45:49.789Z,https://www.rustore.ru/catalog/search?query=%D0%B4%D0%BE%D0%BC%D0%B0%20%D0%B2%20%D0%BD%D0%B0%D1%82%D0%B0%D0%BB%D1%8C%D0%BD%D0%BE%D0%B9%20%D0%BA%D0%B0%D1%80%D1%82%D0%B5,https://www.rustore.ru/catalog/app/ru.astro.chartslite
дома в натальной карте,493,10,ru.astrai.app,AstrAi — натальная карта и гороскоп,Образ жизни,,https://static.rustore.ru/imgproxy/KbUVotyglHzyEmsQ36ejj6z2B43JC9Qv8C4BIPx7ens/preset:web_app_icon_62/plain/https://static.rustore.ru/2026/7/8/08/apk/2063730771/content/ICON/490a8eb2-cbda-4812-8cad-60468e80d3bb.png@webp,2026-07-29T18:45:49.789Z,https://www.rustore.ru/catalog/search?query=%D0%B4%D0%BE%D0%BC%D0%B0%20%D0%B2%20%D0%BD%D0%B0%D1%82%D0%B0%D0%BB%D1%8C%D0%BD%D0%BE%D0%B9%20%D0%BA%D0%B0%D1%80%D1%82%D0%B5,https://www.rustore.ru/catalog/app/ru.astrai.app
дома в натальной карте,493,11,ru.astro.charts,Астрологические Карты,Образ жизни,,https://static.rustore.ru/imgproxy/Jqdw3DubicZmFzWE4TZo2z6sYT8RH-AJXpSCBRSCfvk/preset:web_app_icon_62/plain/https://static.rustore.ru/apk/2063491767/content/ICON/eacbdfd0-518d-4e42-a312-bcc95e25e748.png@webp,2026-07-29T18:45:49.789Z,https://www.rustore.ru/catalog/search?query=%D0%B4%D0%BE%D0%BC%D0%B0%20%D0%B2%20%D0%BD%D0%B0%D1%82%D0%B0%D0%BB%D1%8C%D0%BD%D0%BE%D0%B9%20%D0%BA%D0%B0%D1%80%D1%82%D0%B5,https://www.rustore.ru/catalog/app/ru.astro.charts
дома в натальной карте,493,12,ru.neurodzen.app,"Нейродзен — Натальная Карта, Гороскоп, Астрология",Развлечения·Образ жизни,,https://static.rustore.ru/imgproxy/OQ7kWj-v_uYNb5BXMSxvUYei-6uMMhsfa5nehPh3n6o/preset:web_app_icon_62/plain/https://static.rustore.ru/2026/1/12/4f/apk/2063667687/content/ICON/22a1939e-2d55-423b-80f1-f22a82ee2b5c.png@webp,2026-07-29T18:45:49.789Z,https://www.rustore.ru/catalog/search?query=%D0%B4%D0%BE%D0%BC%D0%B0%20%D0%B2%20%D0%BD%D0%B0%D1%82%D0%B0%D0%BB%D1%8C%D0%BD%D0%BE%D0%B9%20%D0%BA%D0%B0%D1%80%D1%82%D0%B5,https://www.rustore.ru/catalog/app/ru.neurodzen.app
дома в натальной карте,493,13,com.sopelus.horoscope,"Гороскопы бесплатно, натальная карта",Образ жизни,,https://static.rustore.ru/imgproxy/6Y2EnbUmAeSntLHRzoX7VP5iRHM6InMeJHZao6yYG00/preset:web_app_icon_62/plain/https://static.rustore.ru/apk/2063642700/content/ICON/4cf492a6-1c93-45d7-89fc-41600dc6d076.png@webp,2026-07-29T18:45:49.789Z,https://www.rustore.ru/catalog/search?query=%D0%B4%D0%BE%D0%BC%D0%B0%20%D0%B2%20%D0%BD%D0%B0%D1%82%D0%B0%D0%BB%D1%8C%D0%BD%D0%BE%D0%B9%20%D0%BA%D0%B0%D1%80%D1%82%D0%B5,https://www.rustore.ru/catalog/app/com.sopelus.horoscope
дома в натальной карте,493,14,astro_charts_lite.astro_charts_lite,Астрологические Карты Lite,Развлечения,,https://static.rustore.ru/imgproxy/MLgr4aDbUbe2wxyfFkfKwn-__OU5-vOfx6wnpgCtl1k/preset:web_app_icon_62/plain/https://static.rustore.ru/2026/7/23/73/apk/2063735556/content/ICON/7fd46ff6-6f61-4bcb-82d0-62f3b2b528c9.png@webp,2026-07-29T18:45:49.789Z,https://www.rustore.ru/catalog/search?query=%D0%B4%D0%BE%D0%BC%D0%B0%20%D0%B2%20%D0%BD%D0%B0%D1%82%D0%B0%D0%BB%D1%8C%D0%BD%D0%BE%D0%B9%20%D0%BA%D0%B0%D1%80%D1%82%D0%B5,https://www.rustore.ru/catalog/app/astro_charts_lite.astro_charts_lite
дома в натальной карте,493,15,ru.astro.chartspro,Астрологические Карты Pro,Образ жизни,,https://static.rustore.ru/imgproxy/H7yWs1c8FEoh13kPEN8FrjJKP74aPcrZPAAwyIC5Loo/preset:web_app_icon_62/plain/https://static.rustore.ru/apk/2063491770/content/ICON/f06bbe92-b75b-4a58-84ff-973399f9d848.png@webp,2026-07-29T18:45:49.789Z,https://www.rustore.ru/catalog/search?query=%D0%B4%D0%BE%D0%BC%D0%B0%20%D0%B2%20%D0%BD%D0%B0%D1%82%D0%B0%D0%BB%D1%8C%D0%BD%D0%BE%D0%B9%20%D0%BA%D0%B0%D1%80%D1%82%D0%B5,https://www.rustore.ru/catalog/app/ru.astro.chartspro
дома в натальной карте,493,16,com.semnon.astrovfr,AstroVizor,Образ жизни,,https://static.rustore.ru/imgproxy/gzTwgAXHr4AkIcih1f8Z7cXgwPWOVdO27oRFsKypf_I/preset:web_app_icon_62/plain/https://static.rustore.ru/apk/2063535581/content/ICON/97ad5afa-a494-41dd-ac8d-459f96a9b39d.png@webp,2026-07-29T18:45:49.789Z,https://www.rustore.ru/catalog/search?query=%D0%B4%D0%BE%D0%BC%D0%B0%20%D0%B2%20%D0%BD%D0%B0%D1%82%D0%B0%D0%BB%D1%8C%D0%BD%D0%BE%D0%B9%20%D0%BA%D0%B0%D1%80%D1%82%D0%B5,https://www.rustore.ru/catalog/app/com.semnon.astrovfr
дома в натальной карте,493,17,com.natalis.flutter_app,Natalist,Образ жизни,,https://static.rustore.ru/imgproxy/zNBOvZsBwsK4Qd8LkkLcT5jzZiK2hgmj535oX_khxk4/preset:web_app_icon_62/plain/https://static.rustore.ru/2026/5/21/95/apk/2063699071/content/ICON/ac6a8339-8cf4-4185-ab0c-7e91ebb7d3f8.png@webp,2026-07-29T18:45:49.789Z,https://www.rustore.ru/catalog/search?query=%D0%B4%D0%BE%D0%BC%D0%B0%20%D0%B2%20%D0%BD%D0%B0%D1%82%D0%B0%D0%BB%D1%8C%D0%BD%D0%BE%D0%B9%20%D0%BA%D0%B0%D1%80%D1%82%D0%B5,https://www.rustore.ru/catalog/app/com.natalis.flutter_app
дома в натальной карте,493,18,ru.astrolloai.app,Astrollo AI — натальная карта и гороскопы,Образ жизни,,https://static.rustore.ru/imgproxy/2OaiwVIuLve_hKUhfgNzehY4xT7X3vGs1wPINvjQmt0/preset:web_app_icon_62/plain/https://static.rustore.ru/2026/5/13/ec/apk/2063714344/content/ICON/b4d9d4ad-d1ec-450a-8c87-2cab890058fe.png@webp,2026-07-29T18:45:49.789Z,https://www.rustore.ru/catalog/search?query=%D0%B4%D0%BE%D0%BC%D0%B0%20%D0%B2%20%D0%BD%D0%B0%D1%82%D0%B0%D0%BB%D1%8C%D0%BD%D0%BE%D0%B9%20%D0%BA%D0%B0%D1%80%D1%82%D0%B5,https://www.rustore.ru/catalog/app/ru.astrolloai.app
дома в натальной карте,493,19,com.fateai.app,"Гороскоп, Таро, Сонник, Натальная карта Fate AI",Образ жизни,,https://static.rustore.ru/imgproxy/oSeARI71uUXhChG-u82kHpUjKDOYTxf_LgbDsYJTIwg/preset:web_app_icon_62/plain/https://static.rustore.ru/2026/6/1/87/apk/2063719393/content/ICON/ded21b42-105c-42ef-9d69-0838397721af.png@webp,2026-07-29T18:45:49.789Z,https://www.rustore.ru/catalog/search?query=%D0%B4%D0%BE%D0%BC%D0%B0%20%D0%B2%20%D0%BD%D0%B0%D1%82%D0%B0%D0%BB%D1%8C%D0%BD%D0%BE%D0%B9%20%D0%BA%D0%B0%D1%80%D1%82%D0%B5,https://www.rustore.ru/catalog/app/com.fateai.app
дома в натальной карте,493,20,com.special_algorithmic_systems.engm_personal,Астрокалендарь ENIGMATA. Ежедневный гороскоп,Полезные инструменты·Образ жизни,,https://static.rustore.ru/imgproxy/W3KG4Gb48vc5SnM-lU057wPCEchh6McGKasKQhr4I0M/preset:web_app_icon_62/plain/https://static.rustore.ru/2026/5/25/57/apk/2063634969/content/ICON/5d335c46-4d9e-4144-9e4b-99edd1670d06.png@webp,2026-07-29T18:45:49.789Z,https://www.rustore.ru/catalog/search?query=%D0%B4%D0%BE%D0%BC%D0%B0%20%D0%B2%20%D0%BD%D0%B0%D1%82%D0%B0%D0%BB%D1%8C%D0%BD%D0%BE%D0%B9%20%D0%BA%D0%B0%D1%80%D1%82%D0%B5,https://www.rustore.ru/catalog/app/com.special_algorithmic_systems.engm_personal
аспекты планет,499,1,com.semnon.astrovfr,AstroVizor,Образ жизни,,https://static.rustore.ru/imgproxy/gzTwgAXHr4AkIcih1f8Z7cXgwPWOVdO27oRFsKypf_I/preset:web_app_icon_62/plain/https://static.rustore.ru/apk/2063535581/content/ICON/97ad5afa-a494-41dd-ac8d-459f96a9b39d.png@webp,2026-07-29T18:45:52.757Z,https://www.rustore.ru/catalog/search?query=%D0%B0%D1%81%D0%BF%D0%B5%D0%BA%D1%82%D1%8B%20%D0%BF%D0%BB%D0%B0%D0%BD%D0%B5%D1%82,https://www.rustore.ru/catalog/app/com.semnon.astrovfr
аспекты планет,499,2,ru.astro.chartspro,Астрологические Карты Pro,Образ жизни,,https://static.rustore.ru/imgproxy/H7yWs1c8FEoh13kPEN8FrjJKP74aPcrZPAAwyIC5Loo/preset:web_app_icon_62/plain/https://static.rustore.ru/apk/2063491770/content/ICON/f06bbe92-b75b-4a58-84ff-973399f9d848.png@webp,2026-07-29T18:45:52.757Z,https://www.rustore.ru/catalog/search?query=%D0%B0%D1%81%D0%BF%D0%B5%D0%BA%D1%82%D1%8B%20%D0%BF%D0%BB%D0%B0%D0%BD%D0%B5%D1%82,https://www.rustore.ru/catalog/app/ru.astro.chartspro
аспекты планет,499,3,ru.lekra.asteria,Лунный календарь и магнитные бури — Астерия,Образ жизни,,https://static.rustore.ru/imgproxy/SMNoIYJBfW1qlIG-1BFYBQYisAHnVHexdQ4Fr0YXsSM/preset:web_app_icon_62/plain/https://static.rustore.ru/2026/7/3/7c/apk/2063729013/content/ICON/946f4eda-db43-4092-84ab-ef03f0eff507.png@webp,2026-07-29T18:45:52.757Z,https://www.rustore.ru/catalog/search?query=%D0%B0%D1%81%D0%BF%D0%B5%D0%BA%D1%82%D1%8B%20%D0%BF%D0%BB%D0%B0%D0%BD%D0%B5%D1%82,https://www.rustore.ru/catalog/app/ru.lekra.asteria
аспекты планет,499,4,ru.astro.chartslite,Астрологические Карты Lite,Образ жизни,,https://static.rustore.ru/imgproxy/AZ0OLjvPtQNEOmm3E1sTPzoRKxq3oQjFKouCo91WOQU/preset:web_app_icon_62/plain/https://static.rustore.ru/apk/2063491774/content/ICON/6faad8e3-adb7-43e9-8d33-7cbd343aeec5.png@webp,2026-07-29T18:45:52.757Z,https://www.rustore.ru/catalog/search?query=%D0%B0%D1%81%D0%BF%D0%B5%D0%BA%D1%82%D1%8B%20%D0%BF%D0%BB%D0%B0%D0%BD%D0%B5%D1%82,https://www.rustore.ru/catalog/app/ru.astro.chartslite
аспекты планет,499,5,ru.astro.charts,Астрологические Карты,Образ жизни,,https://static.rustore.ru/imgproxy/Jqdw3DubicZmFzWE4TZo2z6sYT8RH-AJXpSCBRSCfvk/preset:web_app_icon_62/plain/https://static.rustore.ru/apk/2063491767/content/ICON/eacbdfd0-518d-4e42-a312-bcc95e25e748.png@webp,2026-07-29T18:45:52.757Z,https://www.rustore.ru/catalog/search?query=%D0%B0%D1%81%D0%BF%D0%B5%D0%BA%D1%82%D1%8B%20%D0%BF%D0%BB%D0%B0%D0%BD%D0%B5%D1%82,https://www.rustore.ru/catalog/app/ru.astro.charts
аспекты планет,499,6,com.example.astrology,Sky Calendar 2025,Образ жизни,,https://static.rustore.ru/imgproxy/feSDMfb8QwM0Ks5ZLXL_nC-_p2JZfbBNr9uAl-wMkY8/preset:web_app_icon_62/plain/https://static.rustore.ru/apk/2063589406/content/ICON/7f32e70d-4842-409b-a470-e3c4218b2e89.jpg@webp,2026-07-29T18:45:52.757Z,https://www.rustore.ru/catalog/search?query=%D0%B0%D1%81%D0%BF%D0%B5%D0%BA%D1%82%D1%8B%20%D0%BF%D0%BB%D0%B0%D0%BD%D0%B5%D1%82,https://www.rustore.ru/catalog/app/com.example.astrology
аспекты планет,499,7,com.mal.planetgame,Planet Capture,Стратегии·Казуальные,,https://static.rustore.ru/imgproxy/x1hNccxHCgcm5z-O9rlY2IWgRNc5QGi1Pv00_bQaTW8/preset:web_app_icon_62/plain/https://static.rustore.ru/apk/2063559814/content/ICON/4b4b6f68-6b86-4ba8-b790-a850022639a3.png@webp,2026-07-29T18:45:52.757Z,https://www.rustore.ru/catalog/search?query=%D0%B0%D1%81%D0%BF%D0%B5%D0%BA%D1%82%D1%8B%20%D0%BF%D0%BB%D0%B0%D0%BD%D0%B5%D1%82,https://www.rustore.ru/catalog/app/com.mal.planetgame
аспекты планет,499,8,com.ELGAMES.MergingofPlanets,Слияние Планет,Казуальные·Головоломки,,https://static.rustore.ru/imgproxy/1eD882G5cQQ-jnlmkqwJatdHKLldbEqr80hEXv_rc_g/preset:web_app_icon_62/plain/https://static.rustore.ru/2026/6/16/1d/apk/2063667441/content/ICON/8ccd3bcf-0612-47a9-9a44-f117d67e42d9.jpg@webp,2026-07-29T18:45:52.757Z,https://www.rustore.ru/catalog/search?query=%D0%B0%D1%81%D0%BF%D0%B5%D0%BA%D1%82%D1%8B%20%D0%BF%D0%BB%D0%B0%D0%BD%D0%B5%D1%82,https://www.rustore.ru/catalog/app/com.ELGAMES.MergingofPlanets
аспекты планет,499,9,ru.astrosmap.app,AstroSMap,Образ жизни,,https://static.rustore.ru/imgproxy/AWyGgaa09gJc0_zeG7ABrP0dimJOVHmuRTsiHJi6S2Y/preset:web_app_icon_62/plain/https://static.rustore.ru/2026/7/24/b0/apk/2063733540/content/ICON/a9b6a985-b50e-46fa-a097-b594d6ebab4f.png@webp,2026-07-29T18:45:52.757Z,https://www.rustore.ru/catalog/search?query=%D0%B0%D1%81%D0%BF%D0%B5%D0%BA%D1%82%D1%8B%20%D0%BF%D0%BB%D0%B0%D0%BD%D0%B5%D1%82,https://www.rustore.ru/catalog/app/ru.astrosmap.app
аспекты планет,499,10,org.qcontinuum.planets,Planets,Образование,,https://static.rustore.ru/imgproxy/TSpg7DnI5TncrustytrXsGDl6hU-wZqGSPiAxsssNTc/preset:web_app_icon_62/plain/https://static.rustore.ru/apk/2063626545/content/ICON/c94a19c7-c8eb-420a-8dee-147409ad17f0.jpg@webp,2026-07-29T18:45:52.757Z,https://www.rustore.ru/catalog/search?query=%D0%B0%D1%81%D0%BF%D0%B5%D0%BA%D1%82%D1%8B%20%D0%BF%D0%BB%D0%B0%D0%BD%D0%B5%D1%82,https://www.rustore.ru/catalog/app/org.qcontinuum.planets
аспекты планет,499,11,com.axwap.astrology,AxWap Астрология,Образ жизни,,https://static.rustore.ru/imgproxy/W72btgUuqlaL9xKXQewWbUZcjGWZcJLjhuXx1EZCsYg/preset:web_app_icon_62/plain/https://static.rustore.ru/2025/10/27/58/apk/2063572788/content/ICON/d35201dc-d5a1-4e2a-b2d0-16f137a92ae6.png@webp,2026-07-29T18:45:52.757Z,https://www.rustore.ru/catalog/search?query=%D0%B0%D1%81%D0%BF%D0%B5%D0%BA%D1%82%D1%8B%20%D0%BF%D0%BB%D0%B0%D0%BD%D0%B5%D1%82,https://www.rustore.ru/catalog/app/com.axwap.astrology
аспекты планет,499,12,ru.astrod,Карта Неба и Планетарий 3D,Образ жизни·Развлечения,,https://static.rustore.ru/imgproxy/PitqmG5DB5IxFj_Xm6DIPjLmMHgxsvU7lEai5GYNYmc/preset:web_app_icon_62/plain/https://static.rustore.ru/apk/2063499456/content/ICON/2f83952e-b67d-455c-abfe-d17036a43138.png@webp,2026-07-29T18:45:52.757Z,https://www.rustore.ru/catalog/search?query=%D0%B0%D1%81%D0%BF%D0%B5%D0%BA%D1%82%D1%8B%20%D0%BF%D0%BB%D0%B0%D0%BD%D0%B5%D1%82,https://www.rustore.ru/catalog/app/ru.astrod
аспекты планет,499,13,astro_charts_lite.astro_charts_lite,Астрологические Карты Lite,Развлечения,,https://static.rustore.ru/imgproxy/MLgr4aDbUbe2wxyfFkfKwn-__OU5-vOfx6wnpgCtl1k/preset:web_app_icon_62/plain/https://static.rustore.ru/2026/7/23/73/apk/2063735556/content/ICON/7fd46ff6-6f61-4bcb-82d0-62f3b2b528c9.png@webp,2026-07-29T18:45:52.757Z,https://www.rustore.ru/catalog/search?query=%D0%B0%D1%81%D0%BF%D0%B5%D0%BA%D1%82%D1%8B%20%D0%BF%D0%BB%D0%B0%D0%BD%D0%B5%D1%82,https://www.rustore.ru/catalog/app/astro_charts_lite.astro_charts_lite
аспекты планет,499,14,com.dinopix.planetssmash,Разрушение Планеты Земля 3D,Симуляторы,,https://static.rustore.ru/imgproxy/zqW8_k_yT4oBnCzRre8W_Bu8YrVr19NjjOt5oFKqvfA/preset:web_app_icon_62/plain/https://static.rustore.ru/apk/2063574521/content/ICON/c4a241aa-bbd8-4aa9-a65c-d10edf4f9d53.png@webp,2026-07-29T18:45:52.757Z,https://www.rustore.ru/catalog/search?query=%D0%B0%D1%81%D0%BF%D0%B5%D0%BA%D1%82%D1%8B%20%D0%BF%D0%BB%D0%B0%D0%BD%D0%B5%D1%82,https://www.rustore.ru/catalog/app/com.dinopix.planetssmash
аспекты планет,499,15,com.astro.axis.planet.libgdx,AstroAxis,Образование,,https://static.rustore.ru/imgproxy/HKRSb1i3xraD657v-meIqmYq1vAfcyU7PDkeu3Js5NU/preset:web_app_icon_62/plain/https://static.rustore.ru/apk/2063558634/content/ICON/2f251671-8e40-435b-a43a-b6e2e44d2f61.png@webp,2026-07-29T18:45:52.757Z,https://www.rustore.ru/catalog/search?query=%D0%B0%D1%81%D0%BF%D0%B5%D0%BA%D1%82%D1%8B%20%D0%BF%D0%BB%D0%B0%D0%BD%D0%B5%D1%82,https://www.rustore.ru/catalog/app/com.astro.axis.planet.libgdx
аспекты планет,499,16,com.xiaotingman.colorfulplanet,Colorful Planet,Образование,,https://static.rustore.ru/imgproxy/RPdHvI3pNvi8a-uzFUb5qjol6AUpbP3pr834PMZXtek/preset:web_app_icon_62/plain/https://static.rustore.ru/apk/2063534916/content/ICON/978fe7ec-ab2c-4c2c-b32d-4148d4c44610.@webp,2026-07-29T18:45:52.757Z,https://www.rustore.ru/catalog/search?query=%D0%B0%D1%81%D0%BF%D0%B5%D0%BA%D1%82%D1%8B%20%D0%BF%D0%BB%D0%B0%D0%BD%D0%B5%D1%82,https://www.rustore.ru/catalog/app/com.xiaotingman.colorfulplanet
аспекты планет,499,17,ru.mynatalchart.app,Натальная карта рассчитать с расшифровкой онлайн,Образ жизни,,https://static.rustore.ru/imgproxy/F4JseOuI6RzoPoXs3mqK3yXNzxrqv08SORZppQ10uGk/preset:web_app_icon_62/plain/https://static.rustore.ru/2026/6/22/65/apk/2063722870/content/ICON/d546e542-9512-4ff8-a1ff-033f763a244b.jpg@webp,2026-07-29T18:45:52.757Z,https://www.rustore.ru/catalog/search?query=%D0%B0%D1%81%D0%BF%D0%B5%D0%BA%D1%82%D1%8B%20%D0%BF%D0%BB%D0%B0%D0%BD%D0%B5%D1%82,https://www.rustore.ru/catalog/app/ru.mynatalchart.app
аспекты планет,499,18,com.straynnuf.earth.encyclopedia,Планета Земля - Энциклопедия,Образование·Развлечения,,https://static.rustore.ru/imgproxy/mgLMU5iMfvjc9HojLRj7QOUKR1K4M7iqx2XKDC6CEDA/preset:web_app_icon_62/plain/https://static.rustore.ru/apk/2063639373/content/ICON/3a0ccccb-8c90-450d-af13-935052ba5aab.png@webp,2026-07-29T18:45:52.757Z,https://www.rustore.ru/catalog/search?query=%D0%B0%D1%81%D0%BF%D0%B5%D0%BA%D1%82%D1%8B%20%D0%BF%D0%BB%D0%B0%D0%BD%D0%B5%D1%82,https://www.rustore.ru/catalog/app/com.straynnuf.earth.encyclopedia
аспекты планет,499,19,com.astroguide.app,Astro,Образ жизни,,https://static.rustore.ru/imgproxy/WNIOrMVY-CCk7AmxlmiCADfbVadGAHzDLHN0ogCxcMk/preset:web_app_icon_62/plain/https://static.rustore.ru/2026/3/9/51/apk/2063698800/content/ICON/80167f79-fc18-4d44-92e9-565be684458f.png@webp,2026-07-29T18:45:52.757Z,https://www.rustore.ru/catalog/search?query=%D0%B0%D1%81%D0%BF%D0%B5%D0%BA%D1%82%D1%8B%20%D0%BF%D0%BB%D0%B0%D0%BD%D0%B5%D1%82,https://www.rustore.ru/catalog/app/com.astroguide.app
аспекты планет,499,20,com.natalchart.natalchartapp,Натальная карта,Образ жизни,,https://static.rustore.ru/imgproxy/9s4XQ6pMLNFavxAbJaiuOoYwnl1RvZb_IRn0-BLSo6E/preset:web_app_icon_62/plain/https://static.rustore.ru/2025/12/25/0a/apk/2063673012/content/ICON/a99cd865-9507-43cc-b17f-4b41c78e45f5.png@webp,2026-07-29T18:45:52.757Z,https://www.rustore.ru/catalog/search?query=%D0%B0%D1%81%D0%BF%D0%B5%D0%BA%D1%82%D1%8B%20%D0%BF%D0%BB%D0%B0%D0%BD%D0%B5%D1%82,https://www.rustore.ru/catalog/app/com.natalchart.natalchartapp
транзиты планет,495,1,ru.astro.chartspro,Астрологические Карты Pro,Образ жизни,,https://static.rustore.ru/imgproxy/H7yWs1c8FEoh13kPEN8FrjJKP74aPcrZPAAwyIC5Loo/preset:web_app_icon_62/plain/https://static.rustore.ru/apk/2063491770/content/ICON/f06bbe92-b75b-4a58-84ff-973399f9d848.png@webp,2026-07-29T18:45:54.853Z,https://www.rustore.ru/catalog/search?query=%D1%82%D1%80%D0%B0%D0%BD%D0%B7%D0%B8%D1%82%D1%8B%20%D0%BF%D0%BB%D0%B0%D0%BD%D0%B5%D1%82,https://www.rustore.ru/catalog/app/ru.astro.chartspro
транзиты планет,495,2,com.semnon.astrovfr,AstroVizor,Образ жизни,,https://static.rustore.ru/imgproxy/gzTwgAXHr4AkIcih1f8Z7cXgwPWOVdO27oRFsKypf_I/preset:web_app_icon_62/plain/https://static.rustore.ru/apk/2063535581/content/ICON/97ad5afa-a494-41dd-ac8d-459f96a9b39d.png@webp,2026-07-29T18:45:54.853Z,https://www.rustore.ru/catalog/search?query=%D1%82%D1%80%D0%B0%D0%BD%D0%B7%D0%B8%D1%82%D1%8B%20%D0%BF%D0%BB%D0%B0%D0%BD%D0%B5%D1%82,https://www.rustore.ru/catalog/app/com.semnon.astrovfr
транзиты планет,495,3,ru.astro.chartslite,Астрологические Карты Lite,Образ жизни,,https://static.rustore.ru/imgproxy/AZ0OLjvPtQNEOmm3E1sTPzoRKxq3oQjFKouCo91WOQU/preset:web_app_icon_62/plain/https://static.rustore.ru/apk/2063491774/content/ICON/6faad8e3-adb7-43e9-8d33-7cbd343aeec5.png@webp,2026-07-29T18:45:54.853Z,https://www.rustore.ru/catalog/search?query=%D1%82%D1%80%D0%B0%D0%BD%D0%B7%D0%B8%D1%82%D1%8B%20%D0%BF%D0%BB%D0%B0%D0%BD%D0%B5%D1%82,https://www.rustore.ru/catalog/app/ru.astro.chartslite
транзиты планет,495,4,ru.astro.charts,Астрологические Карты,Образ жизни,,https://static.rustore.ru/imgproxy/Jqdw3DubicZmFzWE4TZo2z6sYT8RH-AJXpSCBRSCfvk/preset:web_app_icon_62/plain/https://static.rustore.ru/apk/2063491767/content/ICON/eacbdfd0-518d-4e42-a312-bcc95e25e748.png@webp,2026-07-29T18:45:54.853Z,https://www.rustore.ru/catalog/search?query=%D1%82%D1%80%D0%B0%D0%BD%D0%B7%D0%B8%D1%82%D1%8B%20%D0%BF%D0%BB%D0%B0%D0%BD%D0%B5%D1%82,https://www.rustore.ru/catalog/app/ru.astro.charts
транзиты планет,495,5,com.kundalini.astroapp,Анима: Натальная карта и совместимость,Образ жизни,,https://static.rustore.ru/imgproxy/WVtKwg07iq2_CAQt_LjE9yioOOuNvt8aOLHCK8tZnIw/preset:web_app_icon_62/plain/https://static.rustore.ru/2026/7/25/05/apk/2063730207/content/ICON/34c23c2b-ce1d-4cfe-8cf2-c891393df157.jpg@webp,2026-07-29T18:45:54.853Z,https://www.rustore.ru/catalog/search?query=%D1%82%D1%80%D0%B0%D0%BD%D0%B7%D0%B8%D1%82%D1%8B%20%D0%BF%D0%BB%D0%B0%D0%BD%D0%B5%D1%82,https://www.rustore.ru/catalog/app/com.kundalini.astroapp
транзиты планет,495,6,ru.astrosmap.app,AstroSMap,Образ жизни,,https://static.rustore.ru/imgproxy/AWyGgaa09gJc0_zeG7ABrP0dimJOVHmuRTsiHJi6S2Y/preset:web_app_icon_62/plain/https://static.rustore.ru/2026/7/24/b0/apk/2063733540/content/ICON/a9b6a985-b50e-46fa-a097-b594d6ebab4f.png@webp,2026-07-29T18:45:54.853Z,https://www.rustore.ru/catalog/search?query=%D1%82%D1%80%D0%B0%D0%BD%D0%B7%D0%B8%D1%82%D1%8B%20%D0%BF%D0%BB%D0%B0%D0%BD%D0%B5%D1%82,https://www.rustore.ru/catalog/app/ru.astrosmap.app
транзиты планет,495,7,com.example.visionwise,VisionWise - Астрологический советник,Образ жизни,,https://static.rustore.ru/imgproxy/6xqC8WE8_66iaOAsoo6poWzGuWFGW0WyKlV3qZ6_S9g/preset:web_app_icon_62/plain/https://static.rustore.ru/2026/7/15/ea/apk/2063732925/content/ICON/9e916421-8901-4107-8aa8-2ce69f2b5f77.png@webp,2026-07-29T18:45:54.853Z,https://www.rustore.ru/catalog/search?query=%D1%82%D1%80%D0%B0%D0%BD%D0%B7%D0%B8%D1%82%D1%8B%20%D0%BF%D0%BB%D0%B0%D0%BD%D0%B5%D1%82,https://www.rustore.ru/catalog/app/com.example.visionwise
транзиты планет,495,8,ru.astrod,Карта Неба и Планетарий 3D,Образ жизни·Развлечения,,https://static.rustore.ru/imgproxy/PitqmG5DB5IxFj_Xm6DIPjLmMHgxsvU7lEai5GYNYmc/preset:web_app_icon_62/plain/https://static.rustore.ru/apk/2063499456/content/ICON/2f83952e-b67d-455c-abfe-d17036a43138.png@webp,2026-07-29T18:45:54.853Z,https://www.rustore.ru/catalog/search?query=%D1%82%D1%80%D0%B0%D0%BD%D0%B7%D0%B8%D1%82%D1%8B%20%D0%BF%D0%BB%D0%B0%D0%BD%D0%B5%D1%82,https://www.rustore.ru/catalog/app/ru.astrod
транзиты планет,495,9,com.axwap.astrology,AxWap Астрология,Образ жизни,,https://static.rustore.ru/imgproxy/W72btgUuqlaL9xKXQewWbUZcjGWZcJLjhuXx1EZCsYg/preset:web_app_icon_62/plain/https://static.rustore.ru/2025/10/27/58/apk/2063572788/content/ICON/d35201dc-d5a1-4e2a-b2d0-16f137a92ae6.png@webp,2026-07-29T18:45:54.853Z,https://www.rustore.ru/catalog/search?query=%D1%82%D1%80%D0%B0%D0%BD%D0%B7%D0%B8%D1%82%D1%8B%20%D0%BF%D0%BB%D0%B0%D0%BD%D0%B5%D1%82,https://www.rustore.ru/catalog/app/com.axwap.astrology
транзиты планет,495,10,com.voloshinskii.starme,"Starme — твой AI астролог таро, натальные карты",Образ жизни,,https://static.rustore.ru/imgproxy/Qy6hFLsHWilPSbRfuUKJmvKQx6yarvo9lFMa86O2dhw/preset:web_app_icon_62/plain/https://static.rustore.ru/apk/2063613266/content/ICON/9e9e4489-7c6c-471b-9953-d27f5ae05c32.png@webp,2026-07-29T18:45:54.853Z,https://www.rustore.ru/catalog/search?query=%D1%82%D1%80%D0%B0%D0%BD%D0%B7%D0%B8%D1%82%D1%8B%20%D0%BF%D0%BB%D0%B0%D0%BD%D0%B5%D1%82,https://www.rustore.ru/catalog/app/com.voloshinskii.starme
транзиты планет,495,11,ai.astroom,Astroom,Образ жизни,,https://static.rustore.ru/imgproxy/LRInd8E8ZUgAeghKIUnhkyVk4zJOPRYm00GDzHyreoE/preset:web_app_icon_62/plain/https://static.rustore.ru/apk/2063573437/content/ICON/0a723924-015b-498f-bf50-922f09c97e00.png@webp,2026-07-29T18:45:54.853Z,https://www.rustore.ru/catalog/search?query=%D1%82%D1%80%D0%B0%D0%BD%D0%B7%D0%B8%D1%82%D1%8B%20%D0%BF%D0%BB%D0%B0%D0%BD%D0%B5%D1%82,https://www.rustore.ru/catalog/app/ai.astroom
транзиты планет,495,12,tarot.helper.app,Таро Онлайн,Развлечения·Образ жизни,,https://static.rustore.ru/imgproxy/O_M0LV-lMDicbHzPH0Sxo1B7zK8Yw2aauWM4GAHbxVk/preset:web_app_icon_62/plain/https://static.rustore.ru/apk/2063640915/content/ICON/89b9ac73-e818-4e37-9088-aee113c452fd.png@webp,2026-07-29T18:45:54.853Z,https://www.rustore.ru/catalog/search?query=%D1%82%D1%80%D0%B0%D0%BD%D0%B7%D0%B8%D1%82%D1%8B%20%D0%BF%D0%BB%D0%B0%D0%BD%D0%B5%D1%82,https://www.rustore.ru/catalog/app/tarot.helper.app
транзиты планет,495,13,com.natalchart.natalchartapp,Натальная карта,Образ жизни,,https://static.rustore.ru/imgproxy/9s4XQ6pMLNFavxAbJaiuOoYwnl1RvZb_IRn0-BLSo6E/preset:web_app_icon_62/plain/https://static.rustore.ru/2025/12/25/0a/apk/2063673012/content/ICON/a99cd865-9507-43cc-b17f-4b41c78e45f5.png@webp,2026-07-29T18:45:54.853Z,https://www.rustore.ru/catalog/search?query=%D1%82%D1%80%D0%B0%D0%BD%D0%B7%D0%B8%D1%82%D1%8B%20%D0%BF%D0%BB%D0%B0%D0%BD%D0%B5%D1%82,https://www.rustore.ru/catalog/app/com.natalchart.natalchartapp
транзиты планет,495,14,ru.kreagenium.starflow,Поток – Космическая стратегия,Стратегии·Аркады,,https://static.rustore.ru/imgproxy/C1fbrFzpVURiRylj7GHAoxhqdbOAB-EMbkVW5ySD6C8/preset:web_app_icon_62/plain/https://static.rustore.ru/2026/4/30/ea/apk/2063711093/content/ICON/21c617c3-5ad6-49e5-bb60-2a3fdac37bf2.png@webp,2026-07-29T18:45:54.853Z,https://www.rustore.ru/catalog/search?query=%D1%82%D1%80%D0%B0%D0%BD%D0%B7%D0%B8%D1%82%D1%8B%20%D0%BF%D0%BB%D0%B0%D0%BD%D0%B5%D1%82,https://www.rustore.ru/catalog/app/ru.kreagenium.starflow
транзиты планет,495,15,com.alexanderwinn.TerraGenesis,Terragenesis - Space Simulator,Симуляторы,,https://static.rustore.ru/imgproxy/V0qOaSZxlI6yv2zvbykqvrxtedRWMuxi4fT8LxodJKs/preset:web_app_icon_62/plain/https://static.rustore.ru/apk/2063554596/content/ICON/5afda81a-b76e-4a14-9876-d7cc741e77f9.png@webp,2026-07-29T18:45:54.853Z,https://www.rustore.ru/catalog/search?query=%D1%82%D1%80%D0%B0%D0%BD%D0%B7%D0%B8%D1%82%D1%8B%20%D0%BF%D0%BB%D0%B0%D0%BD%D0%B5%D1%82,https://www.rustore.ru/catalog/app/com.alexanderwinn.TerraGenesis
транзиты планет,495,16,com.gryphongames.planetcrusher,Planet Crusher,Аркады·Ролевые,,https://static.rustore.ru/imgproxy/nlSRoq5R9405BiBXEXQLMNL9_F9ooOjaUQmIo9cemT0/preset:web_app_icon_62/plain/https://static.rustore.ru/2025/11/7/bf/apk/2063669388/content/ICON/ed3f87fc-6ff5-4180-9ca8-1916932ad30f.png@webp,2026-07-29T18:45:54.853Z,https://www.rustore.ru/catalog/search?query=%D1%82%D1%80%D0%B0%D0%BD%D0%B7%D0%B8%D1%82%D1%8B%20%D0%BF%D0%BB%D0%B0%D0%BD%D0%B5%D1%82,https://www.rustore.ru/catalog/app/com.gryphongames.planetcrusher
транзиты планет,495,17,astro_charts_lite.astro_charts_lite,Астрологические Карты Lite,Развлечения,,https://static.rustore.ru/imgproxy/MLgr4aDbUbe2wxyfFkfKwn-__OU5-vOfx6wnpgCtl1k/preset:web_app_icon_62/plain/https://static.rustore.ru/2026/7/23/73/apk/2063735556/content/ICON/7fd46ff6-6f61-4bcb-82d0-62f3b2b528c9.png@webp,2026-07-29T18:45:54.853Z,https://www.rustore.ru/catalog/search?query=%D1%82%D1%80%D0%B0%D0%BD%D0%B7%D0%B8%D1%82%D1%8B%20%D0%BF%D0%BB%D0%B0%D0%BD%D0%B5%D1%82,https://www.rustore.ru/catalog/app/astro_charts_lite.astro_charts_lite
транзиты планет,495,18,org.qcontinuum.planets,Planets,Образование,,https://static.rustore.ru/imgproxy/TSpg7DnI5TncrustytrXsGDl6hU-wZqGSPiAxsssNTc/preset:web_app_icon_62/plain/https://static.rustore.ru/apk/2063626545/content/ICON/c94a19c7-c8eb-420a-8dee-147409ad17f0.jpg@webp,2026-07-29T18:45:54.853Z,https://www.rustore.ru/catalog/search?query=%D1%82%D1%80%D0%B0%D0%BD%D0%B7%D0%B8%D1%82%D1%8B%20%D0%BF%D0%BB%D0%B0%D0%BD%D0%B5%D1%82,https://www.rustore.ru/catalog/app/org.qcontinuum.planets
транзиты планет,495,19,com.BlackRed.SpaceEater1,Поглоти Космос,Казуальные·Инди,,https://static.rustore.ru/imgproxy/7zzRlvSNdcJZ3OdZ_QWxjLCwpsXv1BDs_kUO-BuWU90/preset:web_app_icon_62/plain/https://static.rustore.ru/apk/2063560886/content/ICON/871b8d01-c849-40c0-805b-f328d4aceeae.png@webp,2026-07-29T18:45:54.853Z,https://www.rustore.ru/catalog/search?query=%D1%82%D1%80%D0%B0%D0%BD%D0%B7%D0%B8%D1%82%D1%8B%20%D0%BF%D0%BB%D0%B0%D0%BD%D0%B5%D1%82,https://www.rustore.ru/catalog/app/com.BlackRed.SpaceEater1
транзиты планет,495,20,air.air.Expansion,Expanse RTS: Пробуждение,Стратегии,,https://static.rustore.ru/imgproxy/vt_ExYLXs1JQcIYVP6_BMnNBWWTq2cSXG-dnP4_SQF8/preset:web_app_icon_62/plain/https://static.rustore.ru/2025/12/27/4c/apk/2063685599/content/ICON/6092301f-25fa-4ed8-8a2e-81aaabf112ad.png@webp,2026-07-29T18:45:54.853Z,https://www.rustore.ru/catalog/search?query=%D1%82%D1%80%D0%B0%D0%BD%D0%B7%D0%B8%D1%82%D1%8B%20%D0%BF%D0%BB%D0%B0%D0%BD%D0%B5%D1%82,https://www.rustore.ru/catalog/app/air.air.Expansion
совместимость,498,1,com.koshina.zodiacssigns_compatibility,Совместимость по знаку зодиака,Развлечения,,https://static.rustore.ru/imgproxy/2-JGzYfhKStDDpRdwIXVdz312lNaNMCGrMzLkHLr09s/preset:web_app_icon_62/plain/https://static.rustore.ru/apk/2063584375/content/ICON/2a91991c-c370-48fe-92d0-7ac3bf06bcb9.png@webp,2026-07-29T18:45:57.056Z,https://www.rustore.ru/catalog/search?query=%D1%81%D0%BE%D0%B2%D0%BC%D0%B5%D1%81%D1%82%D0%B8%D0%BC%D0%BE%D1%81%D1%82%D1%8C,https://www.rustore.ru/catalog/app/com.koshina.zodiacssigns_compatibility
совместимость,498,2,ru.shepelev.yournamenew,Твое имя Тест на совместимость,Развлечения,,https://static.rustore.ru/imgproxy/cR3pgvZD2uybtJKKD5rW8MLR0HArzAcKBWkzixgOUDA/preset:web_app_icon_62/plain/https://static.rustore.ru/apk/2063558941/content/ICON/5098fc57-93de-4bf2-8263-c1ebbc425f83.jpg@webp,2026-07-29T18:45:57.056Z,https://www.rustore.ru/catalog/search?query=%D1%81%D0%BE%D0%B2%D0%BC%D0%B5%D1%81%D1%82%D0%B8%D0%BC%D0%BE%D1%81%D1%82%D1%8C,https://www.rustore.ru/catalog/app/ru.shepelev.yournamenew
совместимость,498,3,ru.improg.love,"Совместимость по дате, дню, имени, зодиаку",Образ жизни·Развлечения,,https://static.rustore.ru/imgproxy/ZbRloItW0iBRi3Ei_VQUAxslPSC_8P1UmkXEduiDF3E/preset:web_app_icon_62/plain/https://static.rustore.ru/2025/11/11/33/apk/2063670449/content/ICON/136b22f5-9a20-4f20-a4e6-47fd5de88286.jpg@webp,2026-07-29T18:45:57.056Z,https://www.rustore.ru/catalog/search?query=%D1%81%D0%BE%D0%B2%D0%BC%D0%B5%D1%81%D1%82%D0%B8%D0%BC%D0%BE%D1%81%D1%82%D1%8C,https://www.rustore.ru/catalog/app/ru.improg.love
совместимость,498,4,com.xeen_software.compatibility,Совместимость. Астрология,Образ жизни,,https://static.rustore.ru/imgproxy/_-wAnWxlR3TpW-M1nYUeBFMD78dDp5Ueb0ErbClYcug/preset:web_app_icon_62/plain/https://static.rustore.ru/apk/2063625676/content/ICON/4f740494-b363-4afd-863a-ac643cd97898.jpg@webp,2026-07-29T18:45:57.056Z,https://www.rustore.ru/catalog/search?query=%D1%81%D0%BE%D0%B2%D0%BC%D0%B5%D1%81%D1%82%D0%B8%D0%BC%D0%BE%D1%81%D1%82%D1%8C,https://www.rustore.ru/catalog/app/com.xeen_software.compatibility
совместимость,498,5,com.simpleStringCompany.AppLoveTwo,Тест на любовь - Cовместимость,Образ жизни·Развлечения,,https://static.rustore.ru/imgproxy/cxNVs-ZdZtmJLCP3m58vGbhGlIJYQPGWTpOEH-WOLV0/preset:web_app_icon_62/plain/https://static.rustore.ru/apk/2063602838/content/ICON/2e3f30e6-730f-44a8-8664-54414c3f9847.jpg@webp,2026-07-29T18:45:57.056Z,https://www.rustore.ru/catalog/search?query=%D1%81%D0%BE%D0%B2%D0%BC%D0%B5%D1%81%D1%82%D0%B8%D0%BC%D0%BE%D1%81%D1%82%D1%8C,https://www.rustore.ru/catalog/app/com.simpleStringCompany.AppLoveTwo
совместимость,498,6,com.joy.time.compat,Тест на Совместимость с Парнем Шутка,Развлечения,,https://static.rustore.ru/imgproxy/BlMBzBNTnndw7aGJz_hJVDgkJuekmLq1uOxXhjcNmdM/preset:web_app_icon_62/plain/https://static.rustore.ru/apk/2063534333/content/ICON/1c5b483d-ef38-4aa8-9a15-66460fa0e46d.@webp,2026-07-29T18:45:57.056Z,https://www.rustore.ru/catalog/search?query=%D1%81%D0%BE%D0%B2%D0%BC%D0%B5%D1%81%D1%82%D0%B8%D0%BC%D0%BE%D1%81%D1%82%D1%8C,https://www.rustore.ru/catalog/app/com.joy.time.compat
совместимость,498,7,com.simpleStringCompany.LoveApp,Love,Развлечения,,https://static.rustore.ru/imgproxy/9AiHKJCZKaf5bKqmTJk36ahO-n0w-Bo9MU3y5ge1tNo/preset:web_app_icon_62/plain/https://static.rustore.ru/apk/2063556730/content/ICON/0ca2ca07-5591-45cd-a3f0-52cfc6d7ab53.png@webp,2026-07-29T18:45:57.056Z,https://www.rustore.ru/catalog/search?query=%D1%81%D0%BE%D0%B2%D0%BC%D0%B5%D1%81%D1%82%D0%B8%D0%BC%D0%BE%D1%81%D1%82%D1%8C,https://www.rustore.ru/catalog/app/com.simpleStringCompany.LoveApp
совместимость,498,8,com.numerology.rebirth,Нумерология Совместимость,Образ жизни,,https://static.rustore.ru/imgproxy/za2QvR9-LjyfwxNG8kHrHkf_YWcLhNi-POXgHrE1RLY/preset:web_app_icon_62/plain/https://static.rustore.ru/apk/2063596097/content/ICON/02af623e-21e9-4493-b93a-2cd2019d1504.jpg@webp,2026-07-29T18:45:57.056Z,https://www.rustore.ru/catalog/search?query=%D1%81%D0%BE%D0%B2%D0%BC%D0%B5%D1%81%D1%82%D0%B8%D0%BC%D0%BE%D1%81%D1%82%D1%8C,https://www.rustore.ru/catalog/app/com.numerology.rebirth
совместимость,498,9,com.koshina.zodiactexts,Любовная совместимость,Образ жизни,,https://static.rustore.ru/imgproxy/hW9B7o_m_msVzKKPg0wAa0J5ya6P_p44bOkoxrZ8-kg/preset:web_app_icon_62/plain/https://static.rustore.ru/apk/2063587530/content/ICON/475f03df-5413-4e72-afb9-f6b54fa0f593.png@webp,2026-07-29T18:45:57.056Z,https://www.rustore.ru/catalog/search?query=%D1%81%D0%BE%D0%B2%D0%BC%D0%B5%D1%81%D1%82%D0%B8%D0%BC%D0%BE%D1%81%D1%82%D1%8C,https://www.rustore.ru/catalog/app/com.koshina.zodiactexts
совместимость,498,10,com.koshina.lovematch,Тест любви - Совместимость,Развлечения,,https://static.rustore.ru/imgproxy/tkIOlghrXQaqS37MGyCcyBu9KeuxQgbtqJLFuI_FoFQ/preset:web_app_icon_62/plain/https://static.rustore.ru/apk/2063559775/content/ICON/ad1a56ae-214c-4c5a-ae5a-f2150773ec87.png@webp,2026-07-29T18:45:57.056Z,https://www.rustore.ru/catalog/search?query=%D1%81%D0%BE%D0%B2%D0%BC%D0%B5%D1%81%D1%82%D0%B8%D0%BC%D0%BE%D1%81%D1%82%D1%8C,https://www.rustore.ru/catalog/app/com.koshina.lovematch
совместимость,498,11,com.koshina.lovedetectorfingerprints,Детектор любви по отпечаткам,Развлечения,,https://static.rustore.ru/imgproxy/Rrlu8tJe_-froovhwba3jGCdtK8MEcPlDjBToGxgfnU/preset:web_app_icon_62/plain/https://static.rustore.ru/apk/2063559715/content/ICON/aa02a274-5f74-49b6-90ca-0daefd2ba464.png@webp,2026-07-29T18:45:57.056Z,https://www.rustore.ru/catalog/search?query=%D1%81%D0%BE%D0%B2%D0%BC%D0%B5%D1%81%D1%82%D0%B8%D0%BC%D0%BE%D1%81%D1%82%D1%8C,https://www.rustore.ru/catalog/app/com.koshina.lovedetectorfingerprints
совместимость,498,12,com.softburn.matche,Matché — тест совместимости,Образ жизни,,https://static.rustore.ru/imgproxy/oI-FaMSRBRjs5S3-cEpn7pEXlRBs3KNhE70gvfX-AlM/preset:web_app_icon_62/plain/https://static.rustore.ru/2025/10/16/dc/apk/2063664801/content/ICON/16d2a29b-de54-43fd-831a-5e3a6382c855.png@webp,2026-07-29T18:45:57.056Z,https://www.rustore.ru/catalog/search?query=%D1%81%D0%BE%D0%B2%D0%BC%D0%B5%D1%81%D1%82%D0%B8%D0%BC%D0%BE%D1%81%D1%82%D1%8C,https://www.rustore.ru/catalog/app/com.softburn.matche
совместимость,498,13,com.zodiacmatch.app,Совместимость знаков зодиака - ZodiMatch,Образ жизни,,https://static.rustore.ru/imgproxy/U13ucylUN-5WBB3HfZ_LeAJFEtujkQcXPZNif1LiFks/preset:web_app_icon_62/plain/https://static.rustore.ru/2026/3/15/7e/apk/2063700388/content/ICON/c233e1f8-2d67-44d7-8ac0-2271fefe0d50.png@webp,2026-07-29T18:45:57.056Z,https://www.rustore.ru/catalog/search?query=%D1%81%D0%BE%D0%B2%D0%BC%D0%B5%D1%81%D1%82%D0%B8%D0%BC%D0%BE%D1%81%D1%82%D1%8C,https://www.rustore.ru/catalog/app/com.zodiacmatch.app
совместимость,498,14,com.matricasudbu.app.matrica_sudbu,Матрица Судьбы. Психоматрица,Образ жизни·Развлечения,,https://static.rustore.ru/imgproxy/udmONwCXkD8tfNXmibBI_WOL1IpjdhF6vUjyB_t1rJc/preset:web_app_icon_62/plain/https://static.rustore.ru/2026/4/4/d0/apk/2063524581/content/ICON/85e7d790-691e-4fcd-9372-4368be9739d0.png@webp,2026-07-29T18:45:57.056Z,https://www.rustore.ru/catalog/search?query=%D1%81%D0%BE%D0%B2%D0%BC%D0%B5%D1%81%D1%82%D0%B8%D0%BC%D0%BE%D1%81%D1%82%D1%8C,https://www.rustore.ru/catalog/app/com.matricasudbu.app.matrica_sudbu
совместимость,498,15,com.gild.goroskop,Гороскоп Совместимость,Развлечения,,https://static.rustore.ru/imgproxy/FXXLjHWLf1YcclgMjsl60U2bADdZfgC5ahiYrIR-aes/preset:web_app_icon_62/plain/https://static.rustore.ru/apk/2063607300/content/ICON/831cc449-fa43-40fb-8518-e98a3ee19263.jpg@webp,2026-07-29T18:45:57.056Z,https://www.rustore.ru/catalog/search?query=%D1%81%D0%BE%D0%B2%D0%BC%D0%B5%D1%81%D1%82%D0%B8%D0%BC%D0%BE%D1%81%D1%82%D1%8C,https://www.rustore.ru/catalog/app/com.gild.goroskop
совместимость,498,16,com.jekrum.test_imena,Тест на совместимость имен,Казуальные·Словесные,,https://static.rustore.ru/imgproxy/ZrYr6nuJniFHUqfhE1cxppWgQ8wjXSDZGohaIj3l3nE/preset:web_app_icon_62/plain/https://static.rustore.ru/apk/2063585587/content/ICON/b15a508c-e03e-42ed-8d87-1c0cc9204bfe.png@webp,2026-07-29T18:45:57.056Z,https://www.rustore.ru/catalog/search?query=%D1%81%D0%BE%D0%B2%D0%BC%D0%B5%D1%81%D1%82%D0%B8%D0%BC%D0%BE%D1%81%D1%82%D1%8C,https://www.rustore.ru/catalog/app/com.jekrum.test_imena
совместимость,498,17,com.notisplay.goroskop,Гороскоп: Совместимость Знаков Зодиака,Образ жизни,,https://static.rustore.ru/imgproxy/w2z1RzycGJx8Oyiffwf63bZ5zcSUZlTeZLE31umu5kQ/preset:web_app_icon_62/plain/https://static.rustore.ru/apk/2063633901/content/ICON/edb8b997-3cac-4985-8db4-ab1dfab336ee.png@webp,2026-07-29T18:45:57.056Z,https://www.rustore.ru/catalog/search?query=%D1%81%D0%BE%D0%B2%D0%BC%D0%B5%D1%81%D1%82%D0%B8%D0%BC%D0%BE%D1%81%D1%82%D1%8C,https://www.rustore.ru/catalog/app/com.notisplay.goroskop
совместимость,498,18,com.animalhoroscope.app,AstroPet - Совместимость и гороскоп для питомца,Развлечения,,https://static.rustore.ru/imgproxy/4uZ-U5pmgQkf63jWYmnTiIdUhVSWkJeS18Fh0dzTgvc/preset:web_app_icon_62/plain/https://static.rustore.ru/2025/11/21/bd/apk/2063663885/content/ICON/d38a4e34-8cf8-434d-a941-e7ca27ff4ca0.png@webp,2026-07-29T18:45:57.056Z,https://www.rustore.ru/catalog/search?query=%D1%81%D0%BE%D0%B2%D0%BC%D0%B5%D1%81%D1%82%D0%B8%D0%BC%D0%BE%D1%81%D1%82%D1%8C,https://www.rustore.ru/catalog/app/com.animalhoroscope.app
совместимость,498,19,com.alefrei.convipharm,Совместимость Лекарств,Здоровье,,https://static.rustore.ru/imgproxy/9Hz1tGpdQTDxK3FIubWccDh4mw9fFWh8LCWpJ2KOPK4/preset:web_app_icon_62/plain/https://static.rustore.ru/apk/2063610757/content/ICON/b1c58ebd-6ffb-4b87-9afb-266a3b29e6a0.png@webp,2026-07-29T18:45:57.056Z,https://www.rustore.ru/catalog/search?query=%D1%81%D0%BE%D0%B2%D0%BC%D0%B5%D1%81%D1%82%D0%B8%D0%BC%D0%BE%D1%81%D1%82%D1%8C,https://www.rustore.ru/catalog/app/com.alefrei.convipharm
совместимость,498,20,com.zodiak.app,Совместимость знаков зодиака,Образ жизни,,https://static.rustore.ru/imgproxy/J5C5yKPEbanrPctlxUlhJF8jUs5aN-FJdQ0FKzC-DEE/preset:web_app_icon_62/plain/https://static.rustore.ru/2026/6/19/f8/apk/2063724581/content/ICON/911eccd8-62fc-4583-915e-81d869fc7951.png@webp,2026-07-29T18:45:57.056Z,https://www.rustore.ru/catalog/search?query=%D1%81%D0%BE%D0%B2%D0%BC%D0%B5%D1%81%D1%82%D0%B8%D0%BC%D0%BE%D1%81%D1%82%D1%8C,https://www.rustore.ru/catalog/app/com.zodiak.app
совместимость знаков,497,1,com.zodiak.app,Совместимость знаков зодиака,Образ жизни,,https://static.rustore.ru/imgproxy/J5C5yKPEbanrPctlxUlhJF8jUs5aN-FJdQ0FKzC-DEE/preset:web_app_icon_62/plain/https://static.rustore.ru/2026/6/19/f8/apk/2063724581/content/ICON/911eccd8-62fc-4583-915e-81d869fc7951.png@webp,2026-07-29T18:45:59.461Z,https://www.rustore.ru/catalog/search?query=%D1%81%D0%BE%D0%B2%D0%BC%D0%B5%D1%81%D1%82%D0%B8%D0%BC%D0%BE%D1%81%D1%82%D1%8C%20%D0%B7%D0%BD%D0%B0%D0%BA%D0%BE%D0%B2,https://www.rustore.ru/catalog/app/com.zodiak.app
совместимость знаков,497,2,com.zodiacmatch.app,Совместимость знаков зодиака - ZodiMatch,Образ жизни,,https://static.rustore.ru/imgproxy/U13ucylUN-5WBB3HfZ_LeAJFEtujkQcXPZNif1LiFks/preset:web_app_icon_62/plain/https://static.rustore.ru/2026/3/15/7e/apk/2063700388/content/ICON/c233e1f8-2d67-44d7-8ac0-2271fefe0d50.png@webp,2026-07-29T18:45:59.461Z,https://www.rustore.ru/catalog/search?query=%D1%81%D0%BE%D0%B2%D0%BC%D0%B5%D1%81%D1%82%D0%B8%D0%BC%D0%BE%D1%81%D1%82%D1%8C%20%D0%B7%D0%BD%D0%B0%D0%BA%D0%BE%D0%B2,https://www.rustore.ru/catalog/app/com.zodiacmatch.app
совместимость знаков,497,3,com.Blogproger.Find_out_the_love_compatibility_of_zodiac_signs,Узнай любовную совместимость знаков зодиака,Образ жизни,,https://static.rustore.ru/imgproxy/H4ANUfeDam7tVSZpp47UhwZ5zYgcWwSi0_NKycEMFBo/preset:web_app_icon_62/plain/https://static.rustore.ru/apk/2063596807/content/ICON/5e71b071-2255-41cd-a98f-ff3834a8aa11.png@webp,2026-07-29T18:45:59.461Z,https://www.rustore.ru/catalog/search?query=%D1%81%D0%BE%D0%B2%D0%BC%D0%B5%D1%81%D1%82%D0%B8%D0%BC%D0%BE%D1%81%D1%82%D1%8C%20%D0%B7%D0%BD%D0%B0%D0%BA%D0%BE%D0%B2,https://www.rustore.ru/catalog/app/com.Blogproger.Find_out_the_love_compatibility_of_zodiac_signs
совместимость знаков,497,4,com.koshina.zodiacssigns_compatibility,Совместимость по знаку зодиака,Развлечения,,https://static.rustore.ru/imgproxy/2-JGzYfhKStDDpRdwIXVdz312lNaNMCGrMzLkHLr09s/preset:web_app_icon_62/plain/https://static.rustore.ru/apk/2063584375/content/ICON/2a91991c-c370-48fe-92d0-7ac3bf06bcb9.png@webp,2026-07-29T18:45:59.461Z,https://www.rustore.ru/catalog/search?query=%D1%81%D0%BE%D0%B2%D0%BC%D0%B5%D1%81%D1%82%D0%B8%D0%BC%D0%BE%D1%81%D1%82%D1%8C%20%D0%B7%D0%BD%D0%B0%D0%BA%D0%BE%D0%B2,https://www.rustore.ru/catalog/app/com.koshina.zodiacssigns_compatibility
совместимость знаков,497,5,com.notisplay.goroskop,Гороскоп: Совместимость Знаков Зодиака,Образ жизни,,https://static.rustore.ru/imgproxy/w2z1RzycGJx8Oyiffwf63bZ5zcSUZlTeZLE31umu5kQ/preset:web_app_icon_62/plain/https://static.rustore.ru/apk/2063633901/content/ICON/edb8b997-3cac-4985-8db4-ab1dfab336ee.png@webp,2026-07-29T18:45:59.461Z,https://www.rustore.ru/catalog/search?query=%D1%81%D0%BE%D0%B2%D0%BC%D0%B5%D1%81%D1%82%D0%B8%D0%BC%D0%BE%D1%81%D1%82%D1%8C%20%D0%B7%D0%BD%D0%B0%D0%BA%D0%BE%D0%B2,https://www.rustore.ru/catalog/app/com.notisplay.goroskop
совместимость знаков,497,6,ru.astreya.app,"Астрея: гороскоп, натальная карта, таро",Образ жизни,,https://static.rustore.ru/imgproxy/ZZLZRn9_c-94Hwa3JIjvp2xSRQZ8qcL6aRjiod6JHS0/preset:web_app_icon_62/plain/https://static.rustore.ru/2026/7/13/8c/apk/2063731934/content/ICON/637f9c4d-1353-4100-9f95-f37c7de8bbc5.png@webp,2026-07-29T18:45:59.461Z,https://www.rustore.ru/catalog/search?query=%D1%81%D0%BE%D0%B2%D0%BC%D0%B5%D1%81%D1%82%D0%B8%D0%BC%D0%BE%D1%81%D1%82%D1%8C%20%D0%B7%D0%BD%D0%B0%D0%BA%D0%BE%D0%B2,https://www.rustore.ru/catalog/app/ru.astreya.app
совместимость знаков,497,7,com.xeen_software.compatibility,Совместимость. Астрология,Образ жизни,,https://static.rustore.ru/imgproxy/_-wAnWxlR3TpW-M1nYUeBFMD78dDp5Ueb0ErbClYcug/preset:web_app_icon_62/plain/https://static.rustore.ru/apk/2063625676/content/ICON/4f740494-b363-4afd-863a-ac643cd97898.jpg@webp,2026-07-29T18:45:59.461Z,https://www.rustore.ru/catalog/search?query=%D1%81%D0%BE%D0%B2%D0%BC%D0%B5%D1%81%D1%82%D0%B8%D0%BC%D0%BE%D1%81%D1%82%D1%8C%20%D0%B7%D0%BD%D0%B0%D0%BA%D0%BE%D0%B2,https://www.rustore.ru/catalog/app/com.xeen_software.compatibility
совместимость знаков,497,8,com.gild.goroskop,Гороскоп Совместимость,Развлечения,,https://static.rustore.ru/imgproxy/FXXLjHWLf1YcclgMjsl60U2bADdZfgC5ahiYrIR-aes/preset:web_app_icon_62/plain/https://static.rustore.ru/apk/2063607300/content/ICON/831cc449-fa43-40fb-8518-e98a3ee19263.jpg@webp,2026-07-29T18:45:59.461Z,https://www.rustore.ru/catalog/search?query=%D1%81%D0%BE%D0%B2%D0%BC%D0%B5%D1%81%D1%82%D0%B8%D0%BC%D0%BE%D1%81%D1%82%D1%8C%20%D0%B7%D0%BD%D0%B0%D0%BA%D0%BE%D0%B2,https://www.rustore.ru/catalog/app/com.gild.goroskop
совместимость знаков,497,9,com.foresko.horoscopes,Гороскоп на каждый день: Астрология & Гороскопы,Образ жизни,,https://static.rustore.ru/imgproxy/nvjlG1_j5y7GIqSI5I1O3PZ_yw8PzObrKn8WNYECYlg/preset:web_app_icon_62/plain/https://static.rustore.ru/apk/2063522203/content/ICON/e450e06c-0fd8-4d74-b82c-74d68f0b3b73.png@webp,2026-07-29T18:45:59.461Z,https://www.rustore.ru/catalog/search?query=%D1%81%D0%BE%D0%B2%D0%BC%D0%B5%D1%81%D1%82%D0%B8%D0%BC%D0%BE%D1%81%D1%82%D1%8C%20%D0%B7%D0%BD%D0%B0%D0%BA%D0%BE%D0%B2,https://www.rustore.ru/catalog/app/com.foresko.horoscopes
совместимость знаков,497,10,com.aiastrologer.app,"AI-Астролог, Таро, Астрология, Гороскоп, Астробот",Образ жизни,,https://static.rustore.ru/imgproxy/3Ld-d7uhG_9cEJ2LiCa6jgaz7lg0Yn7lyGXuEB7Ct8k/preset:web_app_icon_62/plain/https://static.rustore.ru/2026/7/9/a7/apk/2063730874/content/ICON/9883a02f-2920-4a9b-a268-a5a33b24e8ea.png@webp,2026-07-29T18:45:59.461Z,https://www.rustore.ru/catalog/search?query=%D1%81%D0%BE%D0%B2%D0%BC%D0%B5%D1%81%D1%82%D0%B8%D0%BC%D0%BE%D1%81%D1%82%D1%8C%20%D0%B7%D0%BD%D0%B0%D0%BA%D0%BE%D0%B2,https://www.rustore.ru/catalog/app/com.aiastrologer.app
совместимость знаков,497,11,ru.improg.love,"Совместимость по дате, дню, имени, зодиаку",Образ жизни·Развлечения,,https://static.rustore.ru/imgproxy/ZbRloItW0iBRi3Ei_VQUAxslPSC_8P1UmkXEduiDF3E/preset:web_app_icon_62/plain/https://static.rustore.ru/2025/11/11/33/apk/2063670449/content/ICON/136b22f5-9a20-4f20-a4e6-47fd5de88286.jpg@webp,2026-07-29T18:45:59.461Z,https://www.rustore.ru/catalog/search?query=%D1%81%D0%BE%D0%B2%D0%BC%D0%B5%D1%81%D1%82%D0%B8%D0%BC%D0%BE%D1%81%D1%82%D1%8C%20%D0%B7%D0%BD%D0%B0%D0%BA%D0%BE%D0%B2,https://www.rustore.ru/catalog/app/ru.improg.love
совместимость знаков,497,12,com.koshina.zodiactexts,Любовная совместимость,Образ жизни,,https://static.rustore.ru/imgproxy/hW9B7o_m_msVzKKPg0wAa0J5ya6P_p44bOkoxrZ8-kg/preset:web_app_icon_62/plain/https://static.rustore.ru/apk/2063587530/content/ICON/475f03df-5413-4e72-afb9-f6b54fa0f593.png@webp,2026-07-29T18:45:59.461Z,https://www.rustore.ru/catalog/search?query=%D1%81%D0%BE%D0%B2%D0%BC%D0%B5%D1%81%D1%82%D0%B8%D0%BC%D0%BE%D1%81%D1%82%D1%8C%20%D0%B7%D0%BD%D0%B0%D0%BA%D0%BE%D0%B2,https://www.rustore.ru/catalog/app/com.koshina.zodiactexts
совместимость знаков,497,13,com.jekrum.test_imena,Тест на совместимость имен,Казуальные·Словесные,,https://static.rustore.ru/imgproxy/ZrYr6nuJniFHUqfhE1cxppWgQ8wjXSDZGohaIj3l3nE/preset:web_app_icon_62/plain/https://static.rustore.ru/apk/2063585587/content/ICON/b15a508c-e03e-42ed-8d87-1c0cc9204bfe.png@webp,2026-07-29T18:45:59.461Z,https://www.rustore.ru/catalog/search?query=%D1%81%D0%BE%D0%B2%D0%BC%D0%B5%D1%81%D1%82%D0%B8%D0%BC%D0%BE%D1%81%D1%82%D1%8C%20%D0%B7%D0%BD%D0%B0%D0%BA%D0%BE%D0%B2,https://www.rustore.ru/catalog/app/com.jekrum.test_imena
совместимость знаков,497,14,ae.stargaz.app,Stargaze Гороскоп и Астрология,Образ жизни,,https://static.rustore.ru/imgproxy/x6q9yIFvsibOjoez6ROTu_uOEQJcZHJ8Cilp2v2_sC4/preset:web_app_icon_62/plain/https://static.rustore.ru/2026/4/25/bd/apk/2063553787/content/ICON/0c5d09fd-508d-417c-91c9-92d49ef3db86.png@webp,2026-07-29T18:45:59.461Z,https://www.rustore.ru/catalog/search?query=%D1%81%D0%BE%D0%B2%D0%BC%D0%B5%D1%81%D1%82%D0%B8%D0%BC%D0%BE%D1%81%D1%82%D1%8C%20%D0%B7%D0%BD%D0%B0%D0%BA%D0%BE%D0%B2,https://www.rustore.ru/catalog/app/ae.stargaz.app
совместимость знаков,497,15,com.foresko.dreambook,"Luna AI Сонник, Гороскоп, Дневник Cнов, Тoлкование",Образ жизни,,https://static.rustore.ru/imgproxy/1LVfwPOODRxpHF8I1ZahPhK-UeAbG4zy_CQdAWPng8I/preset:web_app_icon_62/plain/https://static.rustore.ru/apk/2063555345/content/ICON/4b11d8d6-3abf-4d24-b9d9-c6004d5ddc1f.jpg@webp,2026-07-29T18:45:59.461Z,https://www.rustore.ru/catalog/search?query=%D1%81%D0%BE%D0%B2%D0%BC%D0%B5%D1%81%D1%82%D0%B8%D0%BC%D0%BE%D1%81%D1%82%D1%8C%20%D0%B7%D0%BD%D0%B0%D0%BA%D0%BE%D0%B2,https://www.rustore.ru/catalog/app/com.foresko.dreambook
совместимость знаков,497,16,ru.mail.horo.android,Гороскопы,Образ жизни,,https://static.rustore.ru/imgproxy/nRFoWc1MPvTuTYOU6QywIggWJhPoq_4dyrpRYsTcOqw/preset:web_app_icon_62/plain/https://static.rustore.ru/c8d657eb-3f3b-4dea-9bd4-866dcbf21af6@webp,2026-07-29T18:45:59.461Z,https://www.rustore.ru/catalog/search?query=%D1%81%D0%BE%D0%B2%D0%BC%D0%B5%D1%81%D1%82%D0%B8%D0%BC%D0%BE%D1%81%D1%82%D1%8C%20%D0%B7%D0%BD%D0%B0%D0%BA%D0%BE%D0%B2,https://www.rustore.ru/catalog/app/ru.mail.horo.android
совместимость знаков,497,17,com.koshina.lovematch,Тест любви - Совместимость,Развлечения,,https://static.rustore.ru/imgproxy/tkIOlghrXQaqS37MGyCcyBu9KeuxQgbtqJLFuI_FoFQ/preset:web_app_icon_62/plain/https://static.rustore.ru/apk/2063559775/content/ICON/ad1a56ae-214c-4c5a-ae5a-f2150773ec87.png@webp,2026-07-29T18:45:59.461Z,https://www.rustore.ru/catalog/search?query=%D1%81%D0%BE%D0%B2%D0%BC%D0%B5%D1%81%D1%82%D0%B8%D0%BC%D0%BE%D1%81%D1%82%D1%8C%20%D0%B7%D0%BD%D0%B0%D0%BA%D0%BE%D0%B2,https://www.rustore.ru/catalog/app/com.koshina.lovematch
совместимость знаков,497,18,com.kundalini.astroapp,Анима: Натальная карта и совместимость,Образ жизни,,https://static.rustore.ru/imgproxy/WVtKwg07iq2_CAQt_LjE9yioOOuNvt8aOLHCK8tZnIw/preset:web_app_icon_62/plain/https://static.rustore.ru/2026/7/25/05/apk/2063730207/content/ICON/34c23c2b-ce1d-4cfe-8cf2-c891393df157.jpg@webp,2026-07-29T18:45:59.461Z,https://www.rustore.ru/catalog/search?query=%D1%81%D0%BE%D0%B2%D0%BC%D0%B5%D1%81%D1%82%D0%B8%D0%BC%D0%BE%D1%81%D1%82%D1%8C%20%D0%B7%D0%BD%D0%B0%D0%BA%D0%BE%D0%B2,https://www.rustore.ru/catalog/app/com.kundalini.astroapp
совместимость знаков,497,19,com.antonovka.horoscope,Гороскоп NOVA,Образ жизни,,https://static.rustore.ru/imgproxy/igZhkvh3BRG3MKH_aR-_3zMVsg7gN0jWHhxb_ipE5Zo/preset:web_app_icon_62/plain/https://static.rustore.ru/2026/7/24/47/apk/2063729754/content/ICON/7e8f8e21-753b-4c0b-9fe9-5f857652a7f6.png@webp,2026-07-29T18:45:59.461Z,https://www.rustore.ru/catalog/search?query=%D1%81%D0%BE%D0%B2%D0%BC%D0%B5%D1%81%D1%82%D0%B8%D0%BC%D0%BE%D1%81%D1%82%D1%8C%20%D0%B7%D0%BD%D0%B0%D0%BA%D0%BE%D0%B2,https://www.rustore.ru/catalog/app/com.antonovka.horoscope
совместимость знаков,497,20,com.astroveda.app,Astro Veda,Образ жизни,,https://static.rustore.ru/imgproxy/d2poRG4z-oEDiWRw29ZuFzMKbfarKbwx6je7JVbQfOs/preset:web_app_icon_62/plain/https://static.rustore.ru/apk/2063630282/content/ICON/43180a9e-615f-484f-83c5-26188f2399cf.png@webp,2026-07-29T18:45:59.461Z,https://www.rustore.ru/catalog/search?query=%D1%81%D0%BE%D0%B2%D0%BC%D0%B5%D1%81%D1%82%D0%B8%D0%BC%D0%BE%D1%81%D1%82%D1%8C%20%D0%B7%D0%BD%D0%B0%D0%BA%D0%BE%D0%B2,https://www.rustore.ru/catalog/app/com.astroveda.app
совместимость знаков зодиака,498,1,com.zodiak.app,Совместимость знаков зодиака,Образ жизни,,https://static.rustore.ru/imgproxy/J5C5yKPEbanrPctlxUlhJF8jUs5aN-FJdQ0FKzC-DEE/preset:web_app_icon_62/plain/https://static.rustore.ru/2026/6/19/f8/apk/2063724581/content/ICON/911eccd8-62fc-4583-915e-81d869fc7951.png@webp,2026-07-29T18:46:02.041Z,https://www.rustore.ru/catalog/search?query=%D1%81%D0%BE%D0%B2%D0%BC%D0%B5%D1%81%D1%82%D0%B8%D0%BC%D0%BE%D1%81%D1%82%D1%8C%20%D0%B7%D0%BD%D0%B0%D0%BA%D0%BE%D0%B2%20%D0%B7%D0%BE%D0%B4%D0%B8%D0%B0%D0%BA%D0%B0,https://www.rustore.ru/catalog/app/com.zodiak.app
совместимость знаков зодиака,498,2,com.zodiacmatch.app,Совместимость знаков зодиака - ZodiMatch,Образ жизни,,https://static.rustore.ru/imgproxy/U13ucylUN-5WBB3HfZ_LeAJFEtujkQcXPZNif1LiFks/preset:web_app_icon_62/plain/https://static.rustore.ru/2026/3/15/7e/apk/2063700388/content/ICON/c233e1f8-2d67-44d7-8ac0-2271fefe0d50.png@webp,2026-07-29T18:46:02.041Z,https://www.rustore.ru/catalog/search?query=%D1%81%D0%BE%D0%B2%D0%BC%D0%B5%D1%81%D1%82%D0%B8%D0%BC%D0%BE%D1%81%D1%82%D1%8C%20%D0%B7%D0%BD%D0%B0%D0%BA%D0%BE%D0%B2%20%D0%B7%D0%BE%D0%B4%D0%B8%D0%B0%D0%BA%D0%B0,https://www.rustore.ru/catalog/app/com.zodiacmatch.app
совместимость знаков зодиака,498,3,com.koshina.zodiacssigns_compatibility,Совместимость по знаку зодиака,Развлечения,,https://static.rustore.ru/imgproxy/2-JGzYfhKStDDpRdwIXVdz312lNaNMCGrMzLkHLr09s/preset:web_app_icon_62/plain/https://static.rustore.ru/apk/2063584375/content/ICON/2a91991c-c370-48fe-92d0-7ac3bf06bcb9.png@webp,2026-07-29T18:46:02.041Z,https://www.rustore.ru/catalog/search?query=%D1%81%D0%BE%D0%B2%D0%BC%D0%B5%D1%81%D1%82%D0%B8%D0%BC%D0%BE%D1%81%D1%82%D1%8C%20%D0%B7%D0%BD%D0%B0%D0%BA%D0%BE%D0%B2%20%D0%B7%D0%BE%D0%B4%D0%B8%D0%B0%D0%BA%D0%B0,https://www.rustore.ru/catalog/app/com.koshina.zodiacssigns_compatibility
совместимость знаков зодиака,498,4,com.notisplay.goroskop,Гороскоп: Совместимость Знаков Зодиака,Образ жизни,,https://static.rustore.ru/imgproxy/w2z1RzycGJx8Oyiffwf63bZ5zcSUZlTeZLE31umu5kQ/preset:web_app_icon_62/plain/https://static.rustore.ru/apk/2063633901/content/ICON/edb8b997-3cac-4985-8db4-ab1dfab336ee.png@webp,2026-07-29T18:46:02.041Z,https://www.rustore.ru/catalog/search?query=%D1%81%D0%BE%D0%B2%D0%BC%D0%B5%D1%81%D1%82%D0%B8%D0%BC%D0%BE%D1%81%D1%82%D1%8C%20%D0%B7%D0%BD%D0%B0%D0%BA%D0%BE%D0%B2%20%D0%B7%D0%BE%D0%B4%D0%B8%D0%B0%D0%BA%D0%B0,https://www.rustore.ru/catalog/app/com.notisplay.goroskop
совместимость знаков зодиака,498,5,com.Blogproger.Find_out_the_love_compatibility_of_zodiac_signs,Узнай любовную совместимость знаков зодиака,Образ жизни,,https://static.rustore.ru/imgproxy/H4ANUfeDam7tVSZpp47UhwZ5zYgcWwSi0_NKycEMFBo/preset:web_app_icon_62/plain/https://static.rustore.ru/apk/2063596807/content/ICON/5e71b071-2255-41cd-a98f-ff3834a8aa11.png@webp,2026-07-29T18:46:02.041Z,https://www.rustore.ru/catalog/search?query=%D1%81%D0%BE%D0%B2%D0%BC%D0%B5%D1%81%D1%82%D0%B8%D0%BC%D0%BE%D1%81%D1%82%D1%8C%20%D0%B7%D0%BD%D0%B0%D0%BA%D0%BE%D0%B2%20%D0%B7%D0%BE%D0%B4%D0%B8%D0%B0%D0%BA%D0%B0,https://www.rustore.ru/catalog/app/com.Blogproger.Find_out_the_love_compatibility_of_zodiac_signs
совместимость знаков зодиака,498,6,ru.improg.love,"Совместимость по дате, дню, имени, зодиаку",Образ жизни·Развлечения,,https://static.rustore.ru/imgproxy/ZbRloItW0iBRi3Ei_VQUAxslPSC_8P1UmkXEduiDF3E/preset:web_app_icon_62/plain/https://static.rustore.ru/2025/11/11/33/apk/2063670449/content/ICON/136b22f5-9a20-4f20-a4e6-47fd5de88286.jpg@webp,2026-07-29T18:46:02.041Z,https://www.rustore.ru/catalog/search?query=%D1%81%D0%BE%D0%B2%D0%BC%D0%B5%D1%81%D1%82%D0%B8%D0%BC%D0%BE%D1%81%D1%82%D1%8C%20%D0%B7%D0%BD%D0%B0%D0%BA%D0%BE%D0%B2%20%D0%B7%D0%BE%D0%B4%D0%B8%D0%B0%D0%BA%D0%B0,https://www.rustore.ru/catalog/app/ru.improg.love
совместимость знаков зодиака,498,7,com.xeen_software.compatibility,Совместимость. Астрология,Образ жизни,,https://static.rustore.ru/imgproxy/_-wAnWxlR3TpW-M1nYUeBFMD78dDp5Ueb0ErbClYcug/preset:web_app_icon_62/plain/https://static.rustore.ru/apk/2063625676/content/ICON/4f740494-b363-4afd-863a-ac643cd97898.jpg@webp,2026-07-29T18:46:02.041Z,https://www.rustore.ru/catalog/search?query=%D1%81%D0%BE%D0%B2%D0%BC%D0%B5%D1%81%D1%82%D0%B8%D0%BC%D0%BE%D1%81%D1%82%D1%8C%20%D0%B7%D0%BD%D0%B0%D0%BA%D0%BE%D0%B2%20%D0%B7%D0%BE%D0%B4%D0%B8%D0%B0%D0%BA%D0%B0,https://www.rustore.ru/catalog/app/com.xeen_software.compatibility
совместимость знаков зодиака,498,8,com.gild.goroskop,Гороскоп Совместимость,Развлечения,,https://static.rustore.ru/imgproxy/FXXLjHWLf1YcclgMjsl60U2bADdZfgC5ahiYrIR-aes/preset:web_app_icon_62/plain/https://static.rustore.ru/apk/2063607300/content/ICON/831cc449-fa43-40fb-8518-e98a3ee19263.jpg@webp,2026-07-29T18:46:02.041Z,https://www.rustore.ru/catalog/search?query=%D1%81%D0%BE%D0%B2%D0%BC%D0%B5%D1%81%D1%82%D0%B8%D0%BC%D0%BE%D1%81%D1%82%D1%8C%20%D0%B7%D0%BD%D0%B0%D0%BA%D0%BE%D0%B2%20%D0%B7%D0%BE%D0%B4%D0%B8%D0%B0%D0%BA%D0%B0,https://www.rustore.ru/catalog/app/com.gild.goroskop
совместимость знаков зодиака,498,9,com.jekrum.test_imena,Тест на совместимость имен,Казуальные·Словесные,,https://static.rustore.ru/imgproxy/ZrYr6nuJniFHUqfhE1cxppWgQ8wjXSDZGohaIj3l3nE/preset:web_app_icon_62/plain/https://static.rustore.ru/apk/2063585587/content/ICON/b15a508c-e03e-42ed-8d87-1c0cc9204bfe.png@webp,2026-07-29T18:46:02.041Z,https://www.rustore.ru/catalog/search?query=%D1%81%D0%BE%D0%B2%D0%BC%D0%B5%D1%81%D1%82%D0%B8%D0%BC%D0%BE%D1%81%D1%82%D1%8C%20%D0%B7%D0%BD%D0%B0%D0%BA%D0%BE%D0%B2%20%D0%B7%D0%BE%D0%B4%D0%B8%D0%B0%D0%BA%D0%B0,https://www.rustore.ru/catalog/app/com.jekrum.test_imena
совместимость знаков зодиака,498,10,ru.tismo.themes.zodiac_otn,Как строить отношения с разными знаками зодиака,Образ жизни,,https://static.rustore.ru/imgproxy/Ky1Fm7yZK_N7jTQCIQjDgUtfjV_J1xqoJV4XExEDyK4/preset:web_app_icon_62/plain/https://static.rustore.ru/2026/4/19/65/apk/2063708472/content/ICON/77e6f1d8-0656-4d94-9dff-5d71ca74b05b.jpg@webp,2026-07-29T18:46:02.041Z,https://www.rustore.ru/catalog/search?query=%D1%81%D0%BE%D0%B2%D0%BC%D0%B5%D1%81%D1%82%D0%B8%D0%BC%D0%BE%D1%81%D1%82%D1%8C%20%D0%B7%D0%BD%D0%B0%D0%BA%D0%BE%D0%B2%20%D0%B7%D0%BE%D0%B4%D0%B8%D0%B0%D0%BA%D0%B0,https://www.rustore.ru/catalog/app/ru.tismo.themes.zodiac_otn
совместимость знаков зодиака,498,11,com.koshina.lovematch,Тест любви - Совместимость,Развлечения,,https://static.rustore.ru/imgproxy/tkIOlghrXQaqS37MGyCcyBu9KeuxQgbtqJLFuI_FoFQ/preset:web_app_icon_62/plain/https://static.rustore.ru/apk/2063559775/content/ICON/ad1a56ae-214c-4c5a-ae5a-f2150773ec87.png@webp,2026-07-29T18:46:02.041Z,https://www.rustore.ru/catalog/search?query=%D1%81%D0%BE%D0%B2%D0%BC%D0%B5%D1%81%D1%82%D0%B8%D0%BC%D0%BE%D1%81%D1%82%D1%8C%20%D0%B7%D0%BD%D0%B0%D0%BA%D0%BE%D0%B2%20%D0%B7%D0%BE%D0%B4%D0%B8%D0%B0%D0%BA%D0%B0,https://www.rustore.ru/catalog/app/com.koshina.lovematch
совместимость знаков зодиака,498,12,com.foresko.horoscopes,Гороскоп на каждый день: Астрология & Гороскопы,Образ жизни,,https://static.rustore.ru/imgproxy/nvjlG1_j5y7GIqSI5I1O3PZ_yw8PzObrKn8WNYECYlg/preset:web_app_icon_62/plain/https://static.rustore.ru/apk/2063522203/content/ICON/e450e06c-0fd8-4d74-b82c-74d68f0b3b73.png@webp,2026-07-29T18:46:02.041Z,https://www.rustore.ru/catalog/search?query=%D1%81%D0%BE%D0%B2%D0%BC%D0%B5%D1%81%D1%82%D0%B8%D0%BC%D0%BE%D1%81%D1%82%D1%8C%20%D0%B7%D0%BD%D0%B0%D0%BA%D0%BE%D0%B2%20%D0%B7%D0%BE%D0%B4%D0%B8%D0%B0%D0%BA%D0%B0,https://www.rustore.ru/catalog/app/com.foresko.horoscopes
совместимость знаков зодиака,498,13,com.koshina.zodiactexts,Любовная совместимость,Образ жизни,,https://static.rustore.ru/imgproxy/hW9B7o_m_msVzKKPg0wAa0J5ya6P_p44bOkoxrZ8-kg/preset:web_app_icon_62/plain/https://static.rustore.ru/apk/2063587530/content/ICON/475f03df-5413-4e72-afb9-f6b54fa0f593.png@webp,2026-07-29T18:46:02.041Z,https://www.rustore.ru/catalog/search?query=%D1%81%D0%BE%D0%B2%D0%BC%D0%B5%D1%81%D1%82%D0%B8%D0%BC%D0%BE%D1%81%D1%82%D1%8C%20%D0%B7%D0%BD%D0%B0%D0%BA%D0%BE%D0%B2%20%D0%B7%D0%BE%D0%B4%D0%B8%D0%B0%D0%BA%D0%B0,https://www.rustore.ru/catalog/app/com.koshina.zodiactexts
совместимость знаков зодиака,498,14,com.animalhoroscope.app,AstroPet - Совместимость и гороскоп для питомца,Развлечения,,https://static.rustore.ru/imgproxy/4uZ-U5pmgQkf63jWYmnTiIdUhVSWkJeS18Fh0dzTgvc/preset:web_app_icon_62/plain/https://static.rustore.ru/2025/11/21/bd/apk/2063663885/content/ICON/d38a4e34-8cf8-434d-a941-e7ca27ff4ca0.png@webp,2026-07-29T18:46:02.041Z,https://www.rustore.ru/catalog/search?query=%D1%81%D0%BE%D0%B2%D0%BC%D0%B5%D1%81%D1%82%D0%B8%D0%BC%D0%BE%D1%81%D1%82%D1%8C%20%D0%B7%D0%BD%D0%B0%D0%BA%D0%BE%D0%B2%20%D0%B7%D0%BE%D0%B4%D0%B8%D0%B0%D0%BA%D0%B0,https://www.rustore.ru/catalog/app/com.animalhoroscope.app
совместимость знаков зодиака,498,15,com.aiastrologer.app,"AI-Астролог, Таро, Астрология, Гороскоп, Астробот",Образ жизни,,https://static.rustore.ru/imgproxy/3Ld-d7uhG_9cEJ2LiCa6jgaz7lg0Yn7lyGXuEB7Ct8k/preset:web_app_icon_62/plain/https://static.rustore.ru/2026/7/9/a7/apk/2063730874/content/ICON/9883a02f-2920-4a9b-a268-a5a33b24e8ea.png@webp,2026-07-29T18:46:02.041Z,https://www.rustore.ru/catalog/search?query=%D1%81%D0%BE%D0%B2%D0%BC%D0%B5%D1%81%D1%82%D0%B8%D0%BC%D0%BE%D1%81%D1%82%D1%8C%20%D0%B7%D0%BD%D0%B0%D0%BA%D0%BE%D0%B2%20%D0%B7%D0%BE%D0%B4%D0%B8%D0%B0%D0%BA%D0%B0,https://www.rustore.ru/catalog/app/com.aiastrologer.app
совместимость знаков зодиака,498,16,com.foresko.dreambook,"Luna AI Сонник, Гороскоп, Дневник Cнов, Тoлкование",Образ жизни,,https://static.rustore.ru/imgproxy/1LVfwPOODRxpHF8I1ZahPhK-UeAbG4zy_CQdAWPng8I/preset:web_app_icon_62/plain/https://static.rustore.ru/apk/2063555345/content/ICON/4b11d8d6-3abf-4d24-b9d9-c6004d5ddc1f.jpg@webp,2026-07-29T18:46:02.041Z,https://www.rustore.ru/catalog/search?query=%D1%81%D0%BE%D0%B2%D0%BC%D0%B5%D1%81%D1%82%D0%B8%D0%BC%D0%BE%D1%81%D1%82%D1%8C%20%D0%B7%D0%BD%D0%B0%D0%BA%D0%BE%D0%B2%20%D0%B7%D0%BE%D0%B4%D0%B8%D0%B0%D0%BA%D0%B0,https://www.rustore.ru/catalog/app/com.foresko.dreambook
совместимость знаков зодиака,498,17,aquarius.daily.horoscopes,"ВОДОЛЕЙ Гороскоп на сегодня, завтра и каждый день",Образ жизни,,https://static.rustore.ru/imgproxy/QvQVoG3ARmIpsMd5hch4mQ3gYwxgL8Z_4-6AsCIjSfY/preset:web_app_icon_62/plain/https://static.rustore.ru/apk/2063504933/content/ICON/063fdde7-2ef8-49b0-9edc-a2901d81f579.png@webp,2026-07-29T18:46:02.041Z,https://www.rustore.ru/catalog/search?query=%D1%81%D0%BE%D0%B2%D0%BC%D0%B5%D1%81%D1%82%D0%B8%D0%BC%D0%BE%D1%81%D1%82%D1%8C%20%D0%B7%D0%BD%D0%B0%D0%BA%D0%BE%D0%B2%20%D0%B7%D0%BE%D0%B4%D0%B8%D0%B0%D0%BA%D0%B0,https://www.rustore.ru/catalog/app/aquarius.daily.horoscopes
совместимость знаков зодиака,498,18,com.polysoftstudios.www.namelovetestcalculatorprank,Horoscope Love Test Prank,Образ жизни,,https://static.rustore.ru/imgproxy/UMN89K5qLL2O4OBYzYmxFuqkvdhX6HrpxjqINlGA5-E/preset:web_app_icon_62/plain/https://static.rustore.ru/apk/2063520222/content/ICON/c7dcdf47-7278-4ada-a1dc-ee498d4a02a2.@webp,2026-07-29T18:46:02.041Z,https://www.rustore.ru/catalog/search?query=%D1%81%D0%BE%D0%B2%D0%BC%D0%B5%D1%81%D1%82%D0%B8%D0%BC%D0%BE%D1%81%D1%82%D1%8C%20%D0%B7%D0%BD%D0%B0%D0%BA%D0%BE%D0%B2%20%D0%B7%D0%BE%D0%B4%D0%B8%D0%B0%D0%BA%D0%B0,https://www.rustore.ru/catalog/app/com.polysoftstudios.www.namelovetestcalculatorprank
совместимость знаков зодиака,498,19,gemini.daily.horoscopes,"БЛИЗНЕЦЫ Гороскоп сегодня, завтра и на каждый день",Образ жизни,,https://static.rustore.ru/imgproxy/4W0K7SZT7jbHRcc9Ppuvz1rraK2Q4zRoSHK19NfXF7s/preset:web_app_icon_62/plain/https://static.rustore.ru/apk/2063503937/content/ICON/8a993938-97be-4fff-a90d-60dd98d4957e.png@webp,2026-07-29T18:46:02.041Z,https://www.rustore.ru/catalog/search?query=%D1%81%D0%BE%D0%B2%D0%BC%D0%B5%D1%81%D1%82%D0%B8%D0%BC%D0%BE%D1%81%D1%82%D1%8C%20%D0%B7%D0%BD%D0%B0%D0%BA%D0%BE%D0%B2%20%D0%B7%D0%BE%D0%B4%D0%B8%D0%B0%D0%BA%D0%B0,https://www.rustore.ru/catalog/app/gemini.daily.horoscopes
совместимость знаков зодиака,498,20,pisces.daily.horoscopes,"РЫБЫ Гороскоп на сегодня, завтра и на каждый день",Образ жизни·Развлечения,,https://static.rustore.ru/imgproxy/6z1epFx4QqEoJSkJKzZzW1it4vcBfodwVACL-am7nUk/preset:web_app_icon_62/plain/https://static.rustore.ru/apk/2063504942/content/ICON/8ed06ee9-36bd-4ca8-842f-dd3ab615cb0c.png@webp,2026-07-29T18:46:02.041Z,https://www.rustore.ru/catalog/search?query=%D1%81%D0%BE%D0%B2%D0%BC%D0%B5%D1%81%D1%82%D0%B8%D0%BC%D0%BE%D1%81%D1%82%D1%8C%20%D0%B7%D0%BD%D0%B0%D0%BA%D0%BE%D0%B2%20%D0%B7%D0%BE%D0%B4%D0%B8%D0%B0%D0%BA%D0%B0,https://www.rustore.ru/catalog/app/pisces.daily.horoscopes
совместимость по дате рождения,495,1,com.xeen_software.compatibility,Совместимость. Астрология,Образ жизни,,https://static.rustore.ru/imgproxy/_-wAnWxlR3TpW-M1nYUeBFMD78dDp5Ueb0ErbClYcug/preset:web_app_icon_62/plain/https://static.rustore.ru/apk/2063625676/content/ICON/4f740494-b363-4afd-863a-ac643cd97898.jpg@webp,2026-07-29T18:46:03.690Z,https://www.rustore.ru/catalog/search?query=%D1%81%D0%BE%D0%B2%D0%BC%D0%B5%D1%81%D1%82%D0%B8%D0%BC%D0%BE%D1%81%D1%82%D1%8C%20%D0%BF%D0%BE%20%D0%B4%D0%B0%D1%82%D0%B5%20%D1%80%D0%BE%D0%B6%D0%B4%D0%B5%D0%BD%D0%B8%D1%8F,https://www.rustore.ru/catalog/app/com.xeen_software.compatibility
совместимость по дате рождения,495,2,ru.improg.love,"Совместимость по дате, дню, имени, зодиаку",Образ жизни·Развлечения,,https://static.rustore.ru/imgproxy/ZbRloItW0iBRi3Ei_VQUAxslPSC_8P1UmkXEduiDF3E/preset:web_app_icon_62/plain/https://static.rustore.ru/2025/11/11/33/apk/2063670449/content/ICON/136b22f5-9a20-4f20-a4e6-47fd5de88286.jpg@webp,2026-07-29T18:46:03.690Z,https://www.rustore.ru/catalog/search?query=%D1%81%D0%BE%D0%B2%D0%BC%D0%B5%D1%81%D1%82%D0%B8%D0%BC%D0%BE%D1%81%D1%82%D1%8C%20%D0%BF%D0%BE%20%D0%B4%D0%B0%D1%82%D0%B5%20%D1%80%D0%BE%D0%B6%D0%B4%D0%B5%D0%BD%D0%B8%D1%8F,https://www.rustore.ru/catalog/app/ru.improg.love
совместимость по дате рождения,495,3,com.numerology.rebirth,Нумерология Совместимость,Образ жизни,,https://static.rustore.ru/imgproxy/za2QvR9-LjyfwxNG8kHrHkf_YWcLhNi-POXgHrE1RLY/preset:web_app_icon_62/plain/https://static.rustore.ru/apk/2063596097/content/ICON/02af623e-21e9-4493-b93a-2cd2019d1504.jpg@webp,2026-07-29T18:46:03.690Z,https://www.rustore.ru/catalog/search?query=%D1%81%D0%BE%D0%B2%D0%BC%D0%B5%D1%81%D1%82%D0%B8%D0%BC%D0%BE%D1%81%D1%82%D1%8C%20%D0%BF%D0%BE%20%D0%B4%D0%B0%D1%82%D0%B5%20%D1%80%D0%BE%D0%B6%D0%B4%D0%B5%D0%BD%D0%B8%D1%8F,https://www.rustore.ru/catalog/app/com.numerology.rebirth
совместимость по дате рождения,495,4,com.koshina.zodiacssigns_compatibility,Совместимость по знаку зодиака,Развлечения,,https://static.rustore.ru/imgproxy/2-JGzYfhKStDDpRdwIXVdz312lNaNMCGrMzLkHLr09s/preset:web_app_icon_62/plain/https://static.rustore.ru/apk/2063584375/content/ICON/2a91991c-c370-48fe-92d0-7ac3bf06bcb9.png@webp,2026-07-29T18:46:03.690Z,https://www.rustore.ru/catalog/search?query=%D1%81%D0%BE%D0%B2%D0%BC%D0%B5%D1%81%D1%82%D0%B8%D0%BC%D0%BE%D1%81%D1%82%D1%8C%20%D0%BF%D0%BE%20%D0%B4%D0%B0%D1%82%D0%B5%20%D1%80%D0%BE%D0%B6%D0%B4%D0%B5%D0%BD%D0%B8%D1%8F,https://www.rustore.ru/catalog/app/com.koshina.zodiacssigns_compatibility
совместимость по дате рождения,495,5,com.matrix.destinyapp,Матрица Судьбы и Совместимость,Образ жизни·Развлечения,,https://static.rustore.ru/imgproxy/Eorf8EIN4PFwUvz0V2wEdAeVFTEVFQMWvYut3gB2e_E/preset:web_app_icon_62/plain/https://static.rustore.ru/2025/12/5/72/apk/2063675940/content/ICON/6ef76baa-8f01-4ea7-b10d-6c37563edeb9.png@webp,2026-07-29T18:46:03.690Z,https://www.rustore.ru/catalog/search?query=%D1%81%D0%BE%D0%B2%D0%BC%D0%B5%D1%81%D1%82%D0%B8%D0%BC%D0%BE%D1%81%D1%82%D1%8C%20%D0%BF%D0%BE%20%D0%B4%D0%B0%D1%82%D0%B5%20%D1%80%D0%BE%D0%B6%D0%B4%D0%B5%D0%BD%D0%B8%D1%8F,https://www.rustore.ru/catalog/app/com.matrix.destinyapp
совместимость по дате рождения,495,6,com.koshina.lovematch,Тест любви - Совместимость,Развлечения,,https://static.rustore.ru/imgproxy/tkIOlghrXQaqS37MGyCcyBu9KeuxQgbtqJLFuI_FoFQ/preset:web_app_icon_62/plain/https://static.rustore.ru/apk/2063559775/content/ICON/ad1a56ae-214c-4c5a-ae5a-f2150773ec87.png@webp,2026-07-29T18:46:03.690Z,https://www.rustore.ru/catalog/search?query=%D1%81%D0%BE%D0%B2%D0%BC%D0%B5%D1%81%D1%82%D0%B8%D0%BC%D0%BE%D1%81%D1%82%D1%8C%20%D0%BF%D0%BE%20%D0%B4%D0%B0%D1%82%D0%B5%20%D1%80%D0%BE%D0%B6%D0%B4%D0%B5%D0%BD%D0%B8%D1%8F,https://www.rustore.ru/catalog/app/com.koshina.lovematch
совместимость по дате рождения,495,7,com.notisplay.goroskop,Гороскоп: Совместимость Знаков Зодиака,Образ жизни,,https://static.rustore.ru/imgproxy/w2z1RzycGJx8Oyiffwf63bZ5zcSUZlTeZLE31umu5kQ/preset:web_app_icon_62/plain/https://static.rustore.ru/apk/2063633901/content/ICON/edb8b997-3cac-4985-8db4-ab1dfab336ee.png@webp,2026-07-29T18:46:03.690Z,https://www.rustore.ru/catalog/search?query=%D1%81%D0%BE%D0%B2%D0%BC%D0%B5%D1%81%D1%82%D0%B8%D0%BC%D0%BE%D1%81%D1%82%D1%8C%20%D0%BF%D0%BE%20%D0%B4%D0%B0%D1%82%D0%B5%20%D1%80%D0%BE%D0%B6%D0%B4%D0%B5%D0%BD%D0%B8%D1%8F,https://www.rustore.ru/catalog/app/com.notisplay.goroskop
совместимость по дате рождения,495,8,ru.mynatalchart.app,Натальная карта рассчитать с расшифровкой онлайн,Образ жизни,,https://static.rustore.ru/imgproxy/F4JseOuI6RzoPoXs3mqK3yXNzxrqv08SORZppQ10uGk/preset:web_app_icon_62/plain/https://static.rustore.ru/2026/6/22/65/apk/2063722870/content/ICON/d546e542-9512-4ff8-a1ff-033f763a244b.jpg@webp,2026-07-29T18:46:03.690Z,https://www.rustore.ru/catalog/search?query=%D1%81%D0%BE%D0%B2%D0%BC%D0%B5%D1%81%D1%82%D0%B8%D0%BC%D0%BE%D1%81%D1%82%D1%8C%20%D0%BF%D0%BE%20%D0%B4%D0%B0%D1%82%D0%B5%20%D1%80%D0%BE%D0%B6%D0%B4%D0%B5%D0%BD%D0%B8%D1%8F,https://www.rustore.ru/catalog/app/ru.mynatalchart.app
совместимость по дате рождения,495,9,com.matricasudbu.app.matrica_sudbu,Матрица Судьбы. Психоматрица,Образ жизни·Развлечения,,https://static.rustore.ru/imgproxy/udmONwCXkD8tfNXmibBI_WOL1IpjdhF6vUjyB_t1rJc/preset:web_app_icon_62/plain/https://static.rustore.ru/2026/4/4/d0/apk/2063524581/content/ICON/85e7d790-691e-4fcd-9372-4368be9739d0.png@webp,2026-07-29T18:46:03.690Z,https://www.rustore.ru/catalog/search?query=%D1%81%D0%BE%D0%B2%D0%BC%D0%B5%D1%81%D1%82%D0%B8%D0%BC%D0%BE%D1%81%D1%82%D1%8C%20%D0%BF%D0%BE%20%D0%B4%D0%B0%D1%82%D0%B5%20%D1%80%D0%BE%D0%B6%D0%B4%D0%B5%D0%BD%D0%B8%D1%8F,https://www.rustore.ru/catalog/app/com.matricasudbu.app.matrica_sudbu
совместимость по дате рождения,495,10,ru.vedicnumerology.app,Ведическая нумерология,Образ жизни,,https://static.rustore.ru/imgproxy/9FXOK1wVyJys7Pc5uAuFdz2UTy3MZ9jVex1KFca3deQ/preset:web_app_icon_62/plain/https://static.rustore.ru/2026/5/8/9d/apk/2063713160/content/ICON/347679b7-0fa3-44b9-8deb-43c92423e2df.png@webp,2026-07-29T18:46:03.690Z,https://www.rustore.ru/catalog/search?query=%D1%81%D0%BE%D0%B2%D0%BC%D0%B5%D1%81%D1%82%D0%B8%D0%BC%D0%BE%D1%81%D1%82%D1%8C%20%D0%BF%D0%BE%20%D0%B4%D0%B0%D1%82%D0%B5%20%D1%80%D0%BE%D0%B6%D0%B4%D0%B5%D0%BD%D0%B8%D1%8F,https://www.rustore.ru/catalog/app/ru.vedicnumerology.app
совместимость по дате рождения,495,11,com.aiastrologer.app,"AI-Астролог, Таро, Астрология, Гороскоп, Астробот",Образ жизни,,https://static.rustore.ru/imgproxy/3Ld-d7uhG_9cEJ2LiCa6jgaz7lg0Yn7lyGXuEB7Ct8k/preset:web_app_icon_62/plain/https://static.rustore.ru/2026/7/9/a7/apk/2063730874/content/ICON/9883a02f-2920-4a9b-a268-a5a33b24e8ea.png@webp,2026-07-29T18:46:03.690Z,https://www.rustore.ru/catalog/search?query=%D1%81%D0%BE%D0%B2%D0%BC%D0%B5%D1%81%D1%82%D0%B8%D0%BC%D0%BE%D1%81%D1%82%D1%8C%20%D0%BF%D0%BE%20%D0%B4%D0%B0%D1%82%D0%B5%20%D1%80%D0%BE%D0%B6%D0%B4%D0%B5%D0%BD%D0%B8%D1%8F,https://www.rustore.ru/catalog/app/com.aiastrologer.app
совместимость по дате рождения,495,12,ua.maksdenis.timeofbirth,Гороскоп Рождения,Образ жизни,,https://static.rustore.ru/imgproxy/XJLsf7VBiJMSMcpeUNiCX2ZBN_eOAny-sbevT8vo4WI/preset:web_app_icon_62/plain/https://static.rustore.ru/apk/2063495130/content/ICON/6a2a77c2-5dd9-4a3b-8576-3076c44560bc.@webp,2026-07-29T18:46:03.690Z,https://www.rustore.ru/catalog/search?query=%D1%81%D0%BE%D0%B2%D0%BC%D0%B5%D1%81%D1%82%D0%B8%D0%BC%D0%BE%D1%81%D1%82%D1%8C%20%D0%BF%D0%BE%20%D0%B4%D0%B0%D1%82%D0%B5%20%D1%80%D0%BE%D0%B6%D0%B4%D0%B5%D0%BD%D0%B8%D1%8F,https://www.rustore.ru/catalog/app/ua.maksdenis.timeofbirth
совместимость по дате рождения,495,13,com.bankdobra.Numerology,Нумерология 69,Образ жизни,,https://static.rustore.ru/imgproxy/BcDsXnTAYB5bSoHnjI0na82U0zLENSGg2dyw7A85eX8/preset:web_app_icon_62/plain/https://static.rustore.ru/2026/1/11/ad/apk/812119487/content/ICON/08777555-758d-44ff-aa7c-803ffd6eb3e7.png@webp,2026-07-29T18:46:03.690Z,https://www.rustore.ru/catalog/search?query=%D1%81%D0%BE%D0%B2%D0%BC%D0%B5%D1%81%D1%82%D0%B8%D0%BC%D0%BE%D1%81%D1%82%D1%8C%20%D0%BF%D0%BE%20%D0%B4%D0%B0%D1%82%D0%B5%20%D1%80%D0%BE%D0%B6%D0%B4%D0%B5%D0%BD%D0%B8%D1%8F,https://www.rustore.ru/catalog/app/com.bankdobra.Numerology
совместимость по дате рождения,495,14,ru.neurodzen.app,"Нейродзен — Натальная Карта, Гороскоп, Астрология",Развлечения·Образ жизни,,https://static.rustore.ru/imgproxy/OQ7kWj-v_uYNb5BXMSxvUYei-6uMMhsfa5nehPh3n6o/preset:web_app_icon_62/plain/https://static.rustore.ru/2026/1/12/4f/apk/2063667687/content/ICON/22a1939e-2d55-423b-80f1-f22a82ee2b5c.png@webp,2026-07-29T18:46:03.690Z,https://www.rustore.ru/catalog/search?query=%D1%81%D0%BE%D0%B2%D0%BC%D0%B5%D1%81%D1%82%D0%B8%D0%BC%D0%BE%D1%81%D1%82%D1%8C%20%D0%BF%D0%BE%20%D0%B4%D0%B0%D1%82%D0%B5%20%D1%80%D0%BE%D0%B6%D0%B4%D0%B5%D0%BD%D0%B8%D1%8F,https://www.rustore.ru/catalog/app/ru.neurodzen.app
совместимость по дате рождения,495,15,ru.smartbear.programs.horoscopenew,Гороскоп на каждый день 2026. По дате рождения,Образ жизни,,https://static.rustore.ru/imgproxy/W8iS0wC3tJvcKaKr-faY_LH0osvnm6O4fDud9--lhsk/preset:web_app_icon_62/plain/https://static.rustore.ru/2025/10/31/94/apk/2063560139/content/ICON/9b3cee58-1b9e-409f-911d-0adfe3aed71f.png@webp,2026-07-29T18:46:03.690Z,https://www.rustore.ru/catalog/search?query=%D1%81%D0%BE%D0%B2%D0%BC%D0%B5%D1%81%D1%82%D0%B8%D0%BC%D0%BE%D1%81%D1%82%D1%8C%20%D0%BF%D0%BE%20%D0%B4%D0%B0%D1%82%D0%B5%20%D1%80%D0%BE%D0%B6%D0%B4%D0%B5%D0%BD%D0%B8%D1%8F,https://www.rustore.ru/catalog/app/ru.smartbear.programs.horoscopenew
совместимость по дате рождения,495,16,com.koshina.zodiactexts,Любовная совместимость,Образ жизни,,https://static.rustore.ru/imgproxy/hW9B7o_m_msVzKKPg0wAa0J5ya6P_p44bOkoxrZ8-kg/preset:web_app_icon_62/plain/https://static.rustore.ru/apk/2063587530/content/ICON/475f03df-5413-4e72-afb9-f6b54fa0f593.png@webp,2026-07-29T18:46:03.690Z,https://www.rustore.ru/catalog/search?query=%D1%81%D0%BE%D0%B2%D0%BC%D0%B5%D1%81%D1%82%D0%B8%D0%BC%D0%BE%D1%81%D1%82%D1%8C%20%D0%BF%D0%BE%20%D0%B4%D0%B0%D1%82%D0%B5%20%D1%80%D0%BE%D0%B6%D0%B4%D0%B5%D0%BD%D0%B8%D1%8F,https://www.rustore.ru/catalog/app/com.koshina.zodiactexts
совместимость по дате рождения,495,17,com.bioritmy.app,Биоритмы: график по дате рождения и совместимость,Полезные инструменты·Образ жизни,,https://static.rustore.ru/imgproxy/KJY7DmI-bi1c1D__EcAhQHmhKn4wP6oxEXG13kcfRUg/preset:web_app_icon_62/plain/https://static.rustore.ru/2026/6/14/26/apk/2063722859/content/ICON/37cfa626-fb7a-4071-ac51-ce871d02a30d.png@webp,2026-07-29T18:46:03.690Z,https://www.rustore.ru/catalog/search?query=%D1%81%D0%BE%D0%B2%D0%BC%D0%B5%D1%81%D1%82%D0%B8%D0%BC%D0%BE%D1%81%D1%82%D1%8C%20%D0%BF%D0%BE%20%D0%B4%D0%B0%D1%82%D0%B5%20%D1%80%D0%BE%D0%B6%D0%B4%D0%B5%D0%BD%D0%B8%D1%8F,https://www.rustore.ru/catalog/app/com.bioritmy.app
совместимость по дате рождения,495,18,com.example.tainachisel,Тайна чисел,Образ жизни,,https://static.rustore.ru/imgproxy/hZw9W8Qfrd-Q0XuXO6bJPo7wjeQ1PlOuWOZvuf8u28w/preset:web_app_icon_62/plain/https://static.rustore.ru/2026/6/8/5d/apk/2063721279/content/ICON/373260aa-5b50-47d7-a019-3def11091cea.png@webp,2026-07-29T18:46:03.690Z,https://www.rustore.ru/catalog/search?query=%D1%81%D0%BE%D0%B2%D0%BC%D0%B5%D1%81%D1%82%D0%B8%D0%BC%D0%BE%D1%81%D1%82%D1%8C%20%D0%BF%D0%BE%20%D0%B4%D0%B0%D1%82%D0%B5%20%D1%80%D0%BE%D0%B6%D0%B4%D0%B5%D0%BD%D0%B8%D1%8F,https://www.rustore.ru/catalog/app/com.example.tainachisel
совместимость по дате рождения,495,19,com.matricasudbu.app.astro,Натальная карта. Астрология. Матрица Судьбы,Образ жизни·Развлечения,,https://static.rustore.ru/imgproxy/8CPP3b_zl4GFvlQDIJS8uQz1vW4WbaJazeRsedTl3hs/preset:web_app_icon_62/plain/https://static.rustore.ru/2026/4/8/f1/apk/2063620377/content/ICON/fd8c2873-149b-4f33-a56f-8cc06282defe.png@webp,2026-07-29T18:46:03.690Z,https://www.rustore.ru/catalog/search?query=%D1%81%D0%BE%D0%B2%D0%BC%D0%B5%D1%81%D1%82%D0%B8%D0%BC%D0%BE%D1%81%D1%82%D1%8C%20%D0%BF%D0%BE%20%D0%B4%D0%B0%D1%82%D0%B5%20%D1%80%D0%BE%D0%B6%D0%B4%D0%B5%D0%BD%D0%B8%D1%8F,https://www.rustore.ru/catalog/app/com.matricasudbu.app.astro
совместимость по дате рождения,495,20,app.vercel.kodroda.twa,Обережье,Образ жизни·Развлечения,,https://static.rustore.ru/imgproxy/2nU5DJH9PHREUO6NGzHSMsHroT_6aRQo6cxiSPYB1GQ/preset:web_app_icon_62/plain/https://static.rustore.ru/2026/2/28/b3/apk/2063698299/content/ICON/ab50e120-5d3d-4b36-af03-ab7924c11a22.png@webp,2026-07-29T18:46:03.690Z,https://www.rustore.ru/catalog/search?query=%D1%81%D0%BE%D0%B2%D0%BC%D0%B5%D1%81%D1%82%D0%B8%D0%BC%D0%BE%D1%81%D1%82%D1%8C%20%D0%BF%D0%BE%20%D0%B4%D0%B0%D1%82%D0%B5%20%D1%80%D0%BE%D0%B6%D0%B4%D0%B5%D0%BD%D0%B8%D1%8F,https://www.rustore.ru/catalog/app/app.vercel.kodroda.twa
совместимость пары,497,1,com.softburn.matche,Matché — тест совместимости,Образ жизни,,https://static.rustore.ru/imgproxy/oI-FaMSRBRjs5S3-cEpn7pEXlRBs3KNhE70gvfX-AlM/preset:web_app_icon_62/plain/https://static.rustore.ru/2025/10/16/dc/apk/2063664801/content/ICON/16d2a29b-de54-43fd-831a-5e3a6382c855.png@webp,2026-07-29T18:46:05.536Z,https://www.rustore.ru/catalog/search?query=%D1%81%D0%BE%D0%B2%D0%BC%D0%B5%D1%81%D1%82%D0%B8%D0%BC%D0%BE%D1%81%D1%82%D1%8C%20%D0%BF%D0%B0%D1%80%D1%8B,https://www.rustore.ru/catalog/app/com.softburn.matche
совместимость пары,497,2,com.simpleStringCompany.AppLoveTwo,Тест на любовь - Cовместимость,Образ жизни·Развлечения,,https://static.rustore.ru/imgproxy/cxNVs-ZdZtmJLCP3m58vGbhGlIJYQPGWTpOEH-WOLV0/preset:web_app_icon_62/plain/https://static.rustore.ru/apk/2063602838/content/ICON/2e3f30e6-730f-44a8-8664-54414c3f9847.jpg@webp,2026-07-29T18:46:05.536Z,https://www.rustore.ru/catalog/search?query=%D1%81%D0%BE%D0%B2%D0%BC%D0%B5%D1%81%D1%82%D0%B8%D0%BC%D0%BE%D1%81%D1%82%D1%8C%20%D0%BF%D0%B0%D1%80%D1%8B,https://www.rustore.ru/catalog/app/com.simpleStringCompany.AppLoveTwo
совместимость пары,497,3,ru.improg.love,"Совместимость по дате, дню, имени, зодиаку",Образ жизни·Развлечения,,https://static.rustore.ru/imgproxy/ZbRloItW0iBRi3Ei_VQUAxslPSC_8P1UmkXEduiDF3E/preset:web_app_icon_62/plain/https://static.rustore.ru/2025/11/11/33/apk/2063670449/content/ICON/136b22f5-9a20-4f20-a4e6-47fd5de88286.jpg@webp,2026-07-29T18:46:05.536Z,https://www.rustore.ru/catalog/search?query=%D1%81%D0%BE%D0%B2%D0%BC%D0%B5%D1%81%D1%82%D0%B8%D0%BC%D0%BE%D1%81%D1%82%D1%8C%20%D0%BF%D0%B0%D1%80%D1%8B,https://www.rustore.ru/catalog/app/ru.improg.love
совместимость пары,497,4,com.koshina.zodiacssigns_compatibility,Совместимость по знаку зодиака,Развлечения,,https://static.rustore.ru/imgproxy/2-JGzYfhKStDDpRdwIXVdz312lNaNMCGrMzLkHLr09s/preset:web_app_icon_62/plain/https://static.rustore.ru/apk/2063584375/content/ICON/2a91991c-c370-48fe-92d0-7ac3bf06bcb9.png@webp,2026-07-29T18:46:05.536Z,https://www.rustore.ru/catalog/search?query=%D1%81%D0%BE%D0%B2%D0%BC%D0%B5%D1%81%D1%82%D0%B8%D0%BC%D0%BE%D1%81%D1%82%D1%8C%20%D0%BF%D0%B0%D1%80%D1%8B,https://www.rustore.ru/catalog/app/com.koshina.zodiacssigns_compatibility
совместимость пары,497,5,com.joy.time.compat,Тест на Совместимость с Парнем Шутка,Развлечения,,https://static.rustore.ru/imgproxy/BlMBzBNTnndw7aGJz_hJVDgkJuekmLq1uOxXhjcNmdM/preset:web_app_icon_62/plain/https://static.rustore.ru/apk/2063534333/content/ICON/1c5b483d-ef38-4aa8-9a15-66460fa0e46d.@webp,2026-07-29T18:46:05.536Z,https://www.rustore.ru/catalog/search?query=%D1%81%D0%BE%D0%B2%D0%BC%D0%B5%D1%81%D1%82%D0%B8%D0%BC%D0%BE%D1%81%D1%82%D1%8C%20%D0%BF%D0%B0%D1%80%D1%8B,https://www.rustore.ru/catalog/app/com.joy.time.compat
совместимость пары,497,6,com.jekrum.test_imena,Тест на совместимость имен,Казуальные·Словесные,,https://static.rustore.ru/imgproxy/ZrYr6nuJniFHUqfhE1cxppWgQ8wjXSDZGohaIj3l3nE/preset:web_app_icon_62/plain/https://static.rustore.ru/apk/2063585587/content/ICON/b15a508c-e03e-42ed-8d87-1c0cc9204bfe.png@webp,2026-07-29T18:46:05.536Z,https://www.rustore.ru/catalog/search?query=%D1%81%D0%BE%D0%B2%D0%BC%D0%B5%D1%81%D1%82%D0%B8%D0%BC%D0%BE%D1%81%D1%82%D1%8C%20%D0%BF%D0%B0%D1%80%D1%8B,https://www.rustore.ru/catalog/app/com.jekrum.test_imena
совместимость пары,497,7,com.koshina.lovedetectorfingerprints,Детектор любви по отпечаткам,Развлечения,,https://static.rustore.ru/imgproxy/Rrlu8tJe_-froovhwba3jGCdtK8MEcPlDjBToGxgfnU/preset:web_app_icon_62/plain/https://static.rustore.ru/apk/2063559715/content/ICON/aa02a274-5f74-49b6-90ca-0daefd2ba464.png@webp,2026-07-29T18:46:05.536Z,https://www.rustore.ru/catalog/search?query=%D1%81%D0%BE%D0%B2%D0%BC%D0%B5%D1%81%D1%82%D0%B8%D0%BC%D0%BE%D1%81%D1%82%D1%8C%20%D0%BF%D0%B0%D1%80%D1%8B,https://www.rustore.ru/catalog/app/com.koshina.lovedetectorfingerprints
совместимость пары,497,8,com.queuebit.surprise_me,Отношения: Вопросы для пар,Развлечения,,https://static.rustore.ru/imgproxy/x3ybhuAFUR25fmcA5nHeiML1f-iXJiaC3Cml0ZGkFzE/preset:web_app_icon_62/plain/https://static.rustore.ru/2025/12/20/73/apk/2063681439/content/ICON/f5f71c79-0a40-4a78-abd3-c69b4788dab7.png@webp,2026-07-29T18:46:05.536Z,https://www.rustore.ru/catalog/search?query=%D1%81%D0%BE%D0%B2%D0%BC%D0%B5%D1%81%D1%82%D0%B8%D0%BC%D0%BE%D1%81%D1%82%D1%8C%20%D0%BF%D0%B0%D1%80%D1%8B,https://www.rustore.ru/catalog/app/com.queuebit.surprise_me
совместимость пары,497,9,com.LoveMaker.TrueLoveTest,Love Tester: True Love Test,Образ жизни,,https://static.rustore.ru/imgproxy/fOnhPJdIS3brAZPoxknc7WXfFWzOSsg8vXfNcCoVtkM/preset:web_app_icon_62/plain/https://static.rustore.ru/2025/10/6/73/apk/2063663249/content/ICON/ae3f12d0-5d9b-447a-9d5c-1ad25b27514e.png@webp,2026-07-29T18:46:05.536Z,https://www.rustore.ru/catalog/search?query=%D1%81%D0%BE%D0%B2%D0%BC%D0%B5%D1%81%D1%82%D0%B8%D0%BC%D0%BE%D1%81%D1%82%D1%8C%20%D0%BF%D0%B0%D1%80%D1%8B,https://www.rustore.ru/catalog/app/com.LoveMaker.TrueLoveTest
совместимость пары,497,10,com.koshina.lovematch,Тест любви - Совместимость,Развлечения,,https://static.rustore.ru/imgproxy/tkIOlghrXQaqS37MGyCcyBu9KeuxQgbtqJLFuI_FoFQ/preset:web_app_icon_62/plain/https://static.rustore.ru/apk/2063559775/content/ICON/ad1a56ae-214c-4c5a-ae5a-f2150773ec87.png@webp,2026-07-29T18:46:05.536Z,https://www.rustore.ru/catalog/search?query=%D1%81%D0%BE%D0%B2%D0%BC%D0%B5%D1%81%D1%82%D0%B8%D0%BC%D0%BE%D1%81%D1%82%D1%8C%20%D0%BF%D0%B0%D1%80%D1%8B,https://www.rustore.ru/catalog/app/com.koshina.lovematch
совместимость пары,497,11,com.zodiacmatch.app,Совместимость знаков зодиака - ZodiMatch,Образ жизни,,https://static.rustore.ru/imgproxy/U13ucylUN-5WBB3HfZ_LeAJFEtujkQcXPZNif1LiFks/preset:web_app_icon_62/plain/https://static.rustore.ru/2026/3/15/7e/apk/2063700388/content/ICON/c233e1f8-2d67-44d7-8ac0-2271fefe0d50.png@webp,2026-07-29T18:46:05.536Z,https://www.rustore.ru/catalog/search?query=%D1%81%D0%BE%D0%B2%D0%BC%D0%B5%D1%81%D1%82%D0%B8%D0%BC%D0%BE%D1%81%D1%82%D1%8C%20%D0%BF%D0%B0%D1%80%D1%8B,https://www.rustore.ru/catalog/app/com.zodiacmatch.app
совместимость пары,497,12,princ.lifestyle.CoupleWidget,Виджет любви,Полезные инструменты,,https://static.rustore.ru/imgproxy/SD9oyJoDY19IGSD63hMbLPj_G5_EEWaBL2tlFzM-q0Q/preset:web_app_icon_62/plain/https://static.rustore.ru/apk/2063550557/content/ICON/56805205-bd87-4541-9c2a-9b7e240070d9.@webp,2026-07-29T18:46:05.536Z,https://www.rustore.ru/catalog/search?query=%D1%81%D0%BE%D0%B2%D0%BC%D0%B5%D1%81%D1%82%D0%B8%D0%BC%D0%BE%D1%81%D1%82%D1%8C%20%D0%BF%D0%B0%D1%80%D1%8B,https://www.rustore.ru/catalog/app/princ.lifestyle.CoupleWidget
совместимость пары,497,13,com.xeen_software.compatibility,Совместимость. Астрология,Образ жизни,,https://static.rustore.ru/imgproxy/_-wAnWxlR3TpW-M1nYUeBFMD78dDp5Ueb0ErbClYcug/preset:web_app_icon_62/plain/https://static.rustore.ru/apk/2063625676/content/ICON/4f740494-b363-4afd-863a-ac643cd97898.jpg@webp,2026-07-29T18:46:05.536Z,https://www.rustore.ru/catalog/search?query=%D1%81%D0%BE%D0%B2%D0%BC%D0%B5%D1%81%D1%82%D0%B8%D0%BC%D0%BE%D1%81%D1%82%D1%8C%20%D0%BF%D0%B0%D1%80%D1%8B,https://www.rustore.ru/catalog/app/com.xeen_software.compatibility
совместимость пары,497,14,com.lovebeat.v2.name,Проверка Имени,Образ жизни,,https://static.rustore.ru/imgproxy/awkEc5ZIdwrBMh3f-SzDbIax2M05n_Yb8NL0dE0xWgY/preset:web_app_icon_62/plain/https://static.rustore.ru/apk/2063621875/content/ICON/c93343d1-c139-4450-a844-4d74be567636.jpg@webp,2026-07-29T18:46:05.536Z,https://www.rustore.ru/catalog/search?query=%D1%81%D0%BE%D0%B2%D0%BC%D0%B5%D1%81%D1%82%D0%B8%D0%BC%D0%BE%D1%81%D1%82%D1%8C%20%D0%BF%D0%B0%D1%80%D1%8B,https://www.rustore.ru/catalog/app/com.lovebeat.v2.name
совместимость пары,497,15,vn.luvsy,Luvsy - ИИ Трекер Отношений,Образ жизни,,https://static.rustore.ru/imgproxy/0IAAHTM8UyINm8kI-nXMPPmP_KdS7693-y4fmG683Bc/preset:web_app_icon_62/plain/https://static.rustore.ru/apk/2063645236/content/ICON/5110c025-f7fa-4435-9edb-5876e3f20af3.png@webp,2026-07-29T18:46:05.536Z,https://www.rustore.ru/catalog/search?query=%D1%81%D0%BE%D0%B2%D0%BC%D0%B5%D1%81%D1%82%D0%B8%D0%BC%D0%BE%D1%81%D1%82%D1%8C%20%D0%BF%D0%B0%D1%80%D1%8B,https://www.rustore.ru/catalog/app/vn.luvsy
совместимость пары,497,16,com.animalhoroscope.app,AstroPet - Совместимость и гороскоп для питомца,Развлечения,,https://static.rustore.ru/imgproxy/4uZ-U5pmgQkf63jWYmnTiIdUhVSWkJeS18Fh0dzTgvc/preset:web_app_icon_62/plain/https://static.rustore.ru/2025/11/21/bd/apk/2063663885/content/ICON/d38a4e34-8cf8-434d-a941-e7ca27ff4ca0.png@webp,2026-07-29T18:46:05.536Z,https://www.rustore.ru/catalog/search?query=%D1%81%D0%BE%D0%B2%D0%BC%D0%B5%D1%81%D1%82%D0%B8%D0%BC%D0%BE%D1%81%D1%82%D1%8C%20%D0%BF%D0%B0%D1%80%D1%8B,https://www.rustore.ru/catalog/app/com.animalhoroscope.app
совместимость пары,497,17,com.zodiak.app,Совместимость знаков зодиака,Образ жизни,,https://static.rustore.ru/imgproxy/J5C5yKPEbanrPctlxUlhJF8jUs5aN-FJdQ0FKzC-DEE/preset:web_app_icon_62/plain/https://static.rustore.ru/2026/6/19/f8/apk/2063724581/content/ICON/911eccd8-62fc-4583-915e-81d869fc7951.png@webp,2026-07-29T18:46:05.536Z,https://www.rustore.ru/catalog/search?query=%D1%81%D0%BE%D0%B2%D0%BC%D0%B5%D1%81%D1%82%D0%B8%D0%BC%D0%BE%D1%81%D1%82%D1%8C%20%D0%BF%D0%B0%D1%80%D1%8B,https://www.rustore.ru/catalog/app/com.zodiak.app
совместимость пары,497,18,com.P.E.O.AxioNika,"Гороскоп, Нумерология, Совместимость: ИИ AxioNika",Развлечения·Образ жизни,,https://static.rustore.ru/imgproxy/8lnf3KVxkOUGDrzSE7TQhDRJIUK1uUpaI8_ST12DKLU/preset:web_app_icon_62/plain/https://static.rustore.ru/2026/1/11/c6/apk/2063687760/content/ICON/663395f3-ad05-461c-9a45-e8174196ce42.jpg@webp,2026-07-29T18:46:05.536Z,https://www.rustore.ru/catalog/search?query=%D1%81%D0%BE%D0%B2%D0%BC%D0%B5%D1%81%D1%82%D0%B8%D0%BC%D0%BE%D1%81%D1%82%D1%8C%20%D0%BF%D0%B0%D1%80%D1%8B,https://www.rustore.ru/catalog/app/com.P.E.O.AxioNika
совместимость пары,497,19,com.example.buddhistcompatibilityhoroscope,Зурхай: Буддийский календарь и атлас,Образование,,https://static.rustore.ru/imgproxy/dmucXC7Cd99rNLy7odQdNeAl7PgTg3ix5Oi2qONljXk/preset:web_app_icon_62/plain/https://static.rustore.ru/2026/5/16/6c/apk/2063712817/content/ICON/ff92654f-b49f-4d02-880d-be68e75f47b6.png@webp,2026-07-29T18:46:05.536Z,https://www.rustore.ru/catalog/search?query=%D1%81%D0%BE%D0%B2%D0%BC%D0%B5%D1%81%D1%82%D0%B8%D0%BC%D0%BE%D1%81%D1%82%D1%8C%20%D0%BF%D0%B0%D1%80%D1%8B,https://www.rustore.ru/catalog/app/com.example.buddhistcompatibilityhoroscope
совместимость пары,497,20,com.lovesync.lovesync,LoveSync,Полезные инструменты·Образ жизни,,https://static.rustore.ru/imgproxy/yGJRR5RgviIBDaiOk13oB3KoQZQkRUfq7XIYZfrW-LQ/preset:web_app_icon_62/plain/https://static.rustore.ru/2026/4/1/9c/apk/2063704688/content/ICON/0cd9638f-cb3b-44b8-8434-9c8dcd12d125.png@webp,2026-07-29T18:46:05.536Z,https://www.rustore.ru/catalog/search?query=%D1%81%D0%BE%D0%B2%D0%BC%D0%B5%D1%81%D1%82%D0%B8%D0%BC%D0%BE%D1%81%D1%82%D1%8C%20%D0%BF%D0%B0%D1%80%D1%8B,https://www.rustore.ru/catalog/app/com.lovesync.lovesync
совместимость мужчины и женщины,498,1,com.xeen_software.compatibility,Совместимость. Астрология,Образ жизни,,https://static.rustore.ru/imgproxy/_-wAnWxlR3TpW-M1nYUeBFMD78dDp5Ueb0ErbClYcug/preset:web_app_icon_62/plain/https://static.rustore.ru/apk/2063625676/content/ICON/4f740494-b363-4afd-863a-ac643cd97898.jpg@webp,2026-07-29T18:46:23.724Z,https://www.rustore.ru/catalog/search?query=%D1%81%D0%BE%D0%B2%D0%BC%D0%B5%D1%81%D1%82%D0%B8%D0%BC%D0%BE%D1%81%D1%82%D1%8C%20%D0%BC%D1%83%D0%B6%D1%87%D0%B8%D0%BD%D1%8B%20%D0%B8%20%D0%B6%D0%B5%D0%BD%D1%89%D0%B8%D0%BD%D1%8B,https://www.rustore.ru/catalog/app/com.xeen_software.compatibility
совместимость мужчины и женщины,498,2,com.koshina.zodiacssigns_compatibility,Совместимость по знаку зодиака,Развлечения,,https://static.rustore.ru/imgproxy/2-JGzYfhKStDDpRdwIXVdz312lNaNMCGrMzLkHLr09s/preset:web_app_icon_62/plain/https://static.rustore.ru/apk/2063584375/content/ICON/2a91991c-c370-48fe-92d0-7ac3bf06bcb9.png@webp,2026-07-29T18:46:23.724Z,https://www.rustore.ru/catalog/search?query=%D1%81%D0%BE%D0%B2%D0%BC%D0%B5%D1%81%D1%82%D0%B8%D0%BC%D0%BE%D1%81%D1%82%D1%8C%20%D0%BC%D1%83%D0%B6%D1%87%D0%B8%D0%BD%D1%8B%20%D0%B8%20%D0%B6%D0%B5%D0%BD%D1%89%D0%B8%D0%BD%D1%8B,https://www.rustore.ru/catalog/app/com.koshina.zodiacssigns_compatibility
совместимость мужчины и женщины,498,3,ru.improg.love,"Совместимость по дате, дню, имени, зодиаку",Образ жизни·Развлечения,,https://static.rustore.ru/imgproxy/ZbRloItW0iBRi3Ei_VQUAxslPSC_8P1UmkXEduiDF3E/preset:web_app_icon_62/plain/https://static.rustore.ru/2025/11/11/33/apk/2063670449/content/ICON/136b22f5-9a20-4f20-a4e6-47fd5de88286.jpg@webp,2026-07-29T18:46:23.724Z,https://www.rustore.ru/catalog/search?query=%D1%81%D0%BE%D0%B2%D0%BC%D0%B5%D1%81%D1%82%D0%B8%D0%BC%D0%BE%D1%81%D1%82%D1%8C%20%D0%BC%D1%83%D0%B6%D1%87%D0%B8%D0%BD%D1%8B%20%D0%B8%20%D0%B6%D0%B5%D0%BD%D1%89%D0%B8%D0%BD%D1%8B,https://www.rustore.ru/catalog/app/ru.improg.love
совместимость мужчины и женщины,498,4,com.koshina.lovematch,Тест любви - Совместимость,Развлечения,,https://static.rustore.ru/imgproxy/tkIOlghrXQaqS37MGyCcyBu9KeuxQgbtqJLFuI_FoFQ/preset:web_app_icon_62/plain/https://static.rustore.ru/apk/2063559775/content/ICON/ad1a56ae-214c-4c5a-ae5a-f2150773ec87.png@webp,2026-07-29T18:46:23.724Z,https://www.rustore.ru/catalog/search?query=%D1%81%D0%BE%D0%B2%D0%BC%D0%B5%D1%81%D1%82%D0%B8%D0%BC%D0%BE%D1%81%D1%82%D1%8C%20%D0%BC%D1%83%D0%B6%D1%87%D0%B8%D0%BD%D1%8B%20%D0%B8%20%D0%B6%D0%B5%D0%BD%D1%89%D0%B8%D0%BD%D1%8B,https://www.rustore.ru/catalog/app/com.koshina.lovematch
совместимость мужчины и женщины,498,5,com.joy.time.compat,Тест на Совместимость с Парнем Шутка,Развлечения,,https://static.rustore.ru/imgproxy/BlMBzBNTnndw7aGJz_hJVDgkJuekmLq1uOxXhjcNmdM/preset:web_app_icon_62/plain/https://static.rustore.ru/apk/2063534333/content/ICON/1c5b483d-ef38-4aa8-9a15-66460fa0e46d.@webp,2026-07-29T18:46:23.724Z,https://www.rustore.ru/catalog/search?query=%D1%81%D0%BE%D0%B2%D0%BC%D0%B5%D1%81%D1%82%D0%B8%D0%BC%D0%BE%D1%81%D1%82%D1%8C%20%D0%BC%D1%83%D0%B6%D1%87%D0%B8%D0%BD%D1%8B%20%D0%B8%20%D0%B6%D0%B5%D0%BD%D1%89%D0%B8%D0%BD%D1%8B,https://www.rustore.ru/catalog/app/com.joy.time.compat
совместимость мужчины и женщины,498,6,my.book.ua.AOUVXCTQCLMAKBKBZU,Мужчины и женщины. Взаимоотношения,Развлечения,,https://static.rustore.ru/imgproxy/2K1n81Dv4CeroHQiZZpWqN0UCkcj0MCwdL0ayPolHVk/preset:web_app_icon_62/plain/https://static.rustore.ru/apk/2063546348/content/ICON/e2d14afa-991f-4cc5-8fa8-8ec5007c8c0f.@webp,2026-07-29T18:46:23.724Z,https://www.rustore.ru/catalog/search?query=%D1%81%D0%BE%D0%B2%D0%BC%D0%B5%D1%81%D1%82%D0%B8%D0%BC%D0%BE%D1%81%D1%82%D1%8C%20%D0%BC%D1%83%D0%B6%D1%87%D0%B8%D0%BD%D1%8B%20%D0%B8%20%D0%B6%D0%B5%D0%BD%D1%89%D0%B8%D0%BD%D1%8B,https://www.rustore.ru/catalog/app/my.book.ua.AOUVXCTQCLMAKBKBZU
совместимость мужчины и женщины,498,7,com.koshina.lovedetectorfingerprints,Детектор любви по отпечаткам,Развлечения,,https://static.rustore.ru/imgproxy/Rrlu8tJe_-froovhwba3jGCdtK8MEcPlDjBToGxgfnU/preset:web_app_icon_62/plain/https://static.rustore.ru/apk/2063559715/content/ICON/aa02a274-5f74-49b6-90ca-0daefd2ba464.png@webp,2026-07-29T18:46:23.724Z,https://www.rustore.ru/catalog/search?query=%D1%81%D0%BE%D0%B2%D0%BC%D0%B5%D1%81%D1%82%D0%B8%D0%BC%D0%BE%D1%81%D1%82%D1%8C%20%D0%BC%D1%83%D0%B6%D1%87%D0%B8%D0%BD%D1%8B%20%D0%B8%20%D0%B6%D0%B5%D0%BD%D1%89%D0%B8%D0%BD%D1%8B,https://www.rustore.ru/catalog/app/com.koshina.lovedetectorfingerprints
совместимость мужчины и женщины,498,8,com.simpleStringCompany.AppLoveTwo,Тест на любовь - Cовместимость,Образ жизни·Развлечения,,https://static.rustore.ru/imgproxy/cxNVs-ZdZtmJLCP3m58vGbhGlIJYQPGWTpOEH-WOLV0/preset:web_app_icon_62/plain/https://static.rustore.ru/apk/2063602838/content/ICON/2e3f30e6-730f-44a8-8664-54414c3f9847.jpg@webp,2026-07-29T18:46:23.724Z,https://www.rustore.ru/catalog/search?query=%D1%81%D0%BE%D0%B2%D0%BC%D0%B5%D1%81%D1%82%D0%B8%D0%BC%D0%BE%D1%81%D1%82%D1%8C%20%D0%BC%D1%83%D0%B6%D1%87%D0%B8%D0%BD%D1%8B%20%D0%B8%20%D0%B6%D0%B5%D0%BD%D1%89%D0%B8%D0%BD%D1%8B,https://www.rustore.ru/catalog/app/com.simpleStringCompany.AppLoveTwo
совместимость мужчины и женщины,498,9,com.softburn.matche,Matché — тест совместимости,Образ жизни,,https://static.rustore.ru/imgproxy/oI-FaMSRBRjs5S3-cEpn7pEXlRBs3KNhE70gvfX-AlM/preset:web_app_icon_62/plain/https://static.rustore.ru/2025/10/16/dc/apk/2063664801/content/ICON/16d2a29b-de54-43fd-831a-5e3a6382c855.png@webp,2026-07-29T18:46:23.724Z,https://www.rustore.ru/catalog/search?query=%D1%81%D0%BE%D0%B2%D0%BC%D0%B5%D1%81%D1%82%D0%B8%D0%BC%D0%BE%D1%81%D1%82%D1%8C%20%D0%BC%D1%83%D0%B6%D1%87%D0%B8%D0%BD%D1%8B%20%D0%B8%20%D0%B6%D0%B5%D0%BD%D1%89%D0%B8%D0%BD%D1%8B,https://www.rustore.ru/catalog/app/com.softburn.matche
совместимость мужчины и женщины,498,10,com.koshina.zodiactexts,Любовная совместимость,Образ жизни,,https://static.rustore.ru/imgproxy/hW9B7o_m_msVzKKPg0wAa0J5ya6P_p44bOkoxrZ8-kg/preset:web_app_icon_62/plain/https://static.rustore.ru/apk/2063587530/content/ICON/475f03df-5413-4e72-afb9-f6b54fa0f593.png@webp,2026-07-29T18:46:23.724Z,https://www.rustore.ru/catalog/search?query=%D1%81%D0%BE%D0%B2%D0%BC%D0%B5%D1%81%D1%82%D0%B8%D0%BC%D0%BE%D1%81%D1%82%D1%8C%20%D0%BC%D1%83%D0%B6%D1%87%D0%B8%D0%BD%D1%8B%20%D0%B8%20%D0%B6%D0%B5%D0%BD%D1%89%D0%B8%D0%BD%D1%8B,https://www.rustore.ru/catalog/app/com.koshina.zodiactexts
совместимость мужчины и женщины,498,11,com.femaletomalevoiceconverter.clownfishvoicechangerforskype,Изменение голоса: из женщины в мужчину,Развлечения,,https://static.rustore.ru/imgproxy/Al1NJDfePoch_e6G7Dex_aihrnllu93uZ1iG_QyNJew/preset:web_app_icon_62/plain/https://static.rustore.ru/apk/2063620194/content/ICON/7ba9dd6e-1e5a-4cad-a08e-fe7fbdd426cc.png@webp,2026-07-29T18:46:23.724Z,https://www.rustore.ru/catalog/search?query=%D1%81%D0%BE%D0%B2%D0%BC%D0%B5%D1%81%D1%82%D0%B8%D0%BC%D0%BE%D1%81%D1%82%D1%8C%20%D0%BC%D1%83%D0%B6%D1%87%D0%B8%D0%BD%D1%8B%20%D0%B8%20%D0%B6%D0%B5%D0%BD%D1%89%D0%B8%D0%BD%D1%8B,https://www.rustore.ru/catalog/app/com.femaletomalevoiceconverter.clownfishvoicechangerforskype
совместимость мужчины и женщины,498,12,com.pentawire.lovetest,Love Test,Образ жизни,,https://static.rustore.ru/imgproxy/WXfc9EdpkIWE82p3Djb76q2oW4NV1jI1a2I6c8LbqkQ/preset:web_app_icon_62/plain/https://static.rustore.ru/apk/2063491388/content/ICON/f99689f6-04fc-439a-a6af-867236d00498.png@webp,2026-07-29T18:46:23.724Z,https://www.rustore.ru/catalog/search?query=%D1%81%D0%BE%D0%B2%D0%BC%D0%B5%D1%81%D1%82%D0%B8%D0%BC%D0%BE%D1%81%D1%82%D1%8C%20%D0%BC%D1%83%D0%B6%D1%87%D0%B8%D0%BD%D1%8B%20%D0%B8%20%D0%B6%D0%B5%D0%BD%D1%89%D0%B8%D0%BD%D1%8B,https://www.rustore.ru/catalog/app/com.pentawire.lovetest
совместимость мужчины и женщины,498,13,com.gild.goroskop,Гороскоп Совместимость,Развлечения,,https://static.rustore.ru/imgproxy/FXXLjHWLf1YcclgMjsl60U2bADdZfgC5ahiYrIR-aes/preset:web_app_icon_62/plain/https://static.rustore.ru/apk/2063607300/content/ICON/831cc449-fa43-40fb-8518-e98a3ee19263.jpg@webp,2026-07-29T18:46:23.724Z,https://www.rustore.ru/catalog/search?query=%D1%81%D0%BE%D0%B2%D0%BC%D0%B5%D1%81%D1%82%D0%B8%D0%BC%D0%BE%D1%81%D1%82%D1%8C%20%D0%BC%D1%83%D0%B6%D1%87%D0%B8%D0%BD%D1%8B%20%D0%B8%20%D0%B6%D0%B5%D0%BD%D1%89%D0%B8%D0%BD%D1%8B,https://www.rustore.ru/catalog/app/com.gild.goroskop
совместимость мужчины и женщины,498,14,com.jekrum.test_imena,Тест на совместимость имен,Казуальные·Словесные,,https://static.rustore.ru/imgproxy/ZrYr6nuJniFHUqfhE1cxppWgQ8wjXSDZGohaIj3l3nE/preset:web_app_icon_62/plain/https://static.rustore.ru/apk/2063585587/content/ICON/b15a508c-e03e-42ed-8d87-1c0cc9204bfe.png@webp,2026-07-29T18:46:23.724Z,https://www.rustore.ru/catalog/search?query=%D1%81%D0%BE%D0%B2%D0%BC%D0%B5%D1%81%D1%82%D0%B8%D0%BC%D0%BE%D1%81%D1%82%D1%8C%20%D0%BC%D1%83%D0%B6%D1%87%D0%B8%D0%BD%D1%8B%20%D0%B8%20%D0%B6%D0%B5%D0%BD%D1%89%D0%B8%D0%BD%D1%8B,https://www.rustore.ru/catalog/app/com.jekrum.test_imena
совместимость мужчины и женщины,498,15,com.notisplay.goroskop,Гороскоп: Совместимость Знаков Зодиака,Образ жизни,,https://static.rustore.ru/imgproxy/w2z1RzycGJx8Oyiffwf63bZ5zcSUZlTeZLE31umu5kQ/preset:web_app_icon_62/plain/https://static.rustore.ru/apk/2063633901/content/ICON/edb8b997-3cac-4985-8db4-ab1dfab336ee.png@webp,2026-07-29T18:46:23.724Z,https://www.rustore.ru/catalog/search?query=%D1%81%D0%BE%D0%B2%D0%BC%D0%B5%D1%81%D1%82%D0%B8%D0%BC%D0%BE%D1%81%D1%82%D1%8C%20%D0%BC%D1%83%D0%B6%D1%87%D0%B8%D0%BD%D1%8B%20%D0%B8%20%D0%B6%D0%B5%D0%BD%D1%89%D0%B8%D0%BD%D1%8B,https://www.rustore.ru/catalog/app/com.notisplay.goroskop
совместимость мужчины и женщины,498,16,com.zodiacmatch.app,Совместимость знаков зодиака - ZodiMatch,Образ жизни,,https://static.rustore.ru/imgproxy/U13ucylUN-5WBB3HfZ_LeAJFEtujkQcXPZNif1LiFks/preset:web_app_icon_62/plain/https://static.rustore.ru/2026/3/15/7e/apk/2063700388/content/ICON/c233e1f8-2d67-44d7-8ac0-2271fefe0d50.png@webp,2026-07-29T18:46:23.724Z,https://www.rustore.ru/catalog/search?query=%D1%81%D0%BE%D0%B2%D0%BC%D0%B5%D1%81%D1%82%D0%B8%D0%BC%D0%BE%D1%81%D1%82%D1%8C%20%D0%BC%D1%83%D0%B6%D1%87%D0%B8%D0%BD%D1%8B%20%D0%B8%20%D0%B6%D0%B5%D0%BD%D1%89%D0%B8%D0%BD%D1%8B,https://www.rustore.ru/catalog/app/com.zodiacmatch.app
совместимость мужчины и женщины,498,17,ru.shepelev.yournamenew,Твое имя Тест на совместимость,Развлечения,,https://static.rustore.ru/imgproxy/cR3pgvZD2uybtJKKD5rW8MLR0HArzAcKBWkzixgOUDA/preset:web_app_icon_62/plain/https://static.rustore.ru/apk/2063558941/content/ICON/5098fc57-93de-4bf2-8263-c1ebbc425f83.jpg@webp,2026-07-29T18:46:23.724Z,https://www.rustore.ru/catalog/search?query=%D1%81%D0%BE%D0%B2%D0%BC%D0%B5%D1%81%D1%82%D0%B8%D0%BC%D0%BE%D1%81%D1%82%D1%8C%20%D0%BC%D1%83%D0%B6%D1%87%D0%B8%D0%BD%D1%8B%20%D0%B8%20%D0%B6%D0%B5%D0%BD%D1%89%D0%B8%D0%BD%D1%8B,https://www.rustore.ru/catalog/app/ru.shepelev.yournamenew
совместимость мужчины и женщины,498,18,com.socialspot,Знакомства и Отношения | Душа,Общение,,https://static.rustore.ru/imgproxy/vS_md2Yk3vByDaake-CR5eeM94H7klqPVI-S58C9Y9Q/preset:web_app_icon_62/plain/https://static.rustore.ru/2026/7/14/cb/apk/2063574874/content/ICON/6a1fac33-bea0-4cf6-9aaa-cd819cd80548.jpg@webp,2026-07-29T18:46:23.724Z,https://www.rustore.ru/catalog/search?query=%D1%81%D0%BE%D0%B2%D0%BC%D0%B5%D1%81%D1%82%D0%B8%D0%BC%D0%BE%D1%81%D1%82%D1%8C%20%D0%BC%D1%83%D0%B6%D1%87%D0%B8%D0%BD%D1%8B%20%D0%B8%20%D0%B6%D0%B5%D0%BD%D1%89%D0%B8%D0%BD%D1%8B,https://www.rustore.ru/catalog/app/com.socialspot
совместимость мужчины и женщины,498,19,com.sovetfoto.romantic,Отношения,Образ жизни·Книги,,https://static.rustore.ru/imgproxy/OMZNyvxN5jq4pBxpAqGO4m8gaZr_Vht-w0_YJv09S5Y/preset:web_app_icon_62/plain/https://static.rustore.ru/apk/1446968255/content/ICON/3c22a6ee-0dcb-4a91-ab0f-4c55ccc0369d.png@webp,2026-07-29T18:46:23.724Z,https://www.rustore.ru/catalog/search?query=%D1%81%D0%BE%D0%B2%D0%BC%D0%B5%D1%81%D1%82%D0%B8%D0%BC%D0%BE%D1%81%D1%82%D1%8C%20%D0%BC%D1%83%D0%B6%D1%87%D0%B8%D0%BD%D1%8B%20%D0%B8%20%D0%B6%D0%B5%D0%BD%D1%89%D0%B8%D0%BD%D1%8B,https://www.rustore.ru/catalog/app/com.sovetfoto.romantic
совместимость мужчины и женщины,498,20,ru.smartbear.programs.horoscopenew,Гороскоп на каждый день 2026. По дате рождения,Образ жизни,,https://static.rustore.ru/imgproxy/W8iS0wC3tJvcKaKr-faY_LH0osvnm6O4fDud9--lhsk/preset:web_app_icon_62/plain/https://static.rustore.ru/2025/10/31/94/apk/2063560139/content/ICON/9b3cee58-1b9e-409f-911d-0adfe3aed71f.png@webp,2026-07-29T18:46:23.724Z,https://www.rustore.ru/catalog/search?query=%D1%81%D0%BE%D0%B2%D0%BC%D0%B5%D1%81%D1%82%D0%B8%D0%BC%D0%BE%D1%81%D1%82%D1%8C%20%D0%BC%D1%83%D0%B6%D1%87%D0%B8%D0%BD%D1%8B%20%D0%B8%20%D0%B6%D0%B5%D0%BD%D1%89%D0%B8%D0%BD%D1%8B,https://www.rustore.ru/catalog/app/ru.smartbear.programs.horoscopenew
любовная совместимость,498,1,com.koshina.zodiactexts,Любовная совместимость,Образ жизни,,https://static.rustore.ru/imgproxy/hW9B7o_m_msVzKKPg0wAa0J5ya6P_p44bOkoxrZ8-kg/preset:web_app_icon_62/plain/https://static.rustore.ru/apk/2063587530/content/ICON/475f03df-5413-4e72-afb9-f6b54fa0f593.png@webp,2026-07-29T18:46:25.438Z,https://www.rustore.ru/catalog/search?query=%D0%BB%D1%8E%D0%B1%D0%BE%D0%B2%D0%BD%D0%B0%D1%8F%20%D1%81%D0%BE%D0%B2%D0%BC%D0%B5%D1%81%D1%82%D0%B8%D0%BC%D0%BE%D1%81%D1%82%D1%8C,https://www.rustore.ru/catalog/app/com.koshina.zodiactexts
любовная совместимость,498,2,com.koshina.lovematch,Тест любви - Совместимость,Развлечения,,https://static.rustore.ru/imgproxy/tkIOlghrXQaqS37MGyCcyBu9KeuxQgbtqJLFuI_FoFQ/preset:web_app_icon_62/plain/https://static.rustore.ru/apk/2063559775/content/ICON/ad1a56ae-214c-4c5a-ae5a-f2150773ec87.png@webp,2026-07-29T18:46:25.438Z,https://www.rustore.ru/catalog/search?query=%D0%BB%D1%8E%D0%B1%D0%BE%D0%B2%D0%BD%D0%B0%D1%8F%20%D1%81%D0%BE%D0%B2%D0%BC%D0%B5%D1%81%D1%82%D0%B8%D0%BC%D0%BE%D1%81%D1%82%D1%8C,https://www.rustore.ru/catalog/app/com.koshina.lovematch
любовная совместимость,498,3,com.Blogproger.Find_out_the_love_compatibility_of_zodiac_signs,Узнай любовную совместимость знаков зодиака,Образ жизни,,https://static.rustore.ru/imgproxy/H4ANUfeDam7tVSZpp47UhwZ5zYgcWwSi0_NKycEMFBo/preset:web_app_icon_62/plain/https://static.rustore.ru/apk/2063596807/content/ICON/5e71b071-2255-41cd-a98f-ff3834a8aa11.png@webp,2026-07-29T18:46:25.438Z,https://www.rustore.ru/catalog/search?query=%D0%BB%D1%8E%D0%B1%D0%BE%D0%B2%D0%BD%D0%B0%D1%8F%20%D1%81%D0%BE%D0%B2%D0%BC%D0%B5%D1%81%D1%82%D0%B8%D0%BC%D0%BE%D1%81%D1%82%D1%8C,https://www.rustore.ru/catalog/app/com.Blogproger.Find_out_the_love_compatibility_of_zodiac_signs
любовная совместимость,498,4,com.simpleStringCompany.AppLoveTwo,Тест на любовь - Cовместимость,Образ жизни·Развлечения,,https://static.rustore.ru/imgproxy/cxNVs-ZdZtmJLCP3m58vGbhGlIJYQPGWTpOEH-WOLV0/preset:web_app_icon_62/plain/https://static.rustore.ru/apk/2063602838/content/ICON/2e3f30e6-730f-44a8-8664-54414c3f9847.jpg@webp,2026-07-29T18:46:25.438Z,https://www.rustore.ru/catalog/search?query=%D0%BB%D1%8E%D0%B1%D0%BE%D0%B2%D0%BD%D0%B0%D1%8F%20%D1%81%D0%BE%D0%B2%D0%BC%D0%B5%D1%81%D1%82%D0%B8%D0%BC%D0%BE%D1%81%D1%82%D1%8C,https://www.rustore.ru/catalog/app/com.simpleStringCompany.AppLoveTwo
любовная совместимость,498,5,com.koshina.zodiacssigns_compatibility,Совместимость по знаку зодиака,Развлечения,,https://static.rustore.ru/imgproxy/2-JGzYfhKStDDpRdwIXVdz312lNaNMCGrMzLkHLr09s/preset:web_app_icon_62/plain/https://static.rustore.ru/apk/2063584375/content/ICON/2a91991c-c370-48fe-92d0-7ac3bf06bcb9.png@webp,2026-07-29T18:46:25.438Z,https://www.rustore.ru/catalog/search?query=%D0%BB%D1%8E%D0%B1%D0%BE%D0%B2%D0%BD%D0%B0%D1%8F%20%D1%81%D0%BE%D0%B2%D0%BC%D0%B5%D1%81%D1%82%D0%B8%D0%BC%D0%BE%D1%81%D1%82%D1%8C,https://www.rustore.ru/catalog/app/com.koshina.zodiacssigns_compatibility
любовная совместимость,498,6,ru.improg.love,"Совместимость по дате, дню, имени, зодиаку",Образ жизни·Развлечения,,https://static.rustore.ru/imgproxy/ZbRloItW0iBRi3Ei_VQUAxslPSC_8P1UmkXEduiDF3E/preset:web_app_icon_62/plain/https://static.rustore.ru/2025/11/11/33/apk/2063670449/content/ICON/136b22f5-9a20-4f20-a4e6-47fd5de88286.jpg@webp,2026-07-29T18:46:25.438Z,https://www.rustore.ru/catalog/search?query=%D0%BB%D1%8E%D0%B1%D0%BE%D0%B2%D0%BD%D0%B0%D1%8F%20%D1%81%D0%BE%D0%B2%D0%BC%D0%B5%D1%81%D1%82%D0%B8%D0%BC%D0%BE%D1%81%D1%82%D1%8C,https://www.rustore.ru/catalog/app/ru.improg.love
любовная совместимость,498,7,com.loveclick.loverate.loverating,LoveRate — накликай любовь,Казуальные,,https://static.rustore.ru/imgproxy/_Gp9mlb68hb2gtLjZMSaa_Kqiad0X0Nd6w6rEMBnVto/preset:web_app_icon_62/plain/https://static.rustore.ru/2025/10/8/5b/apk/2063663769/content/ICON/cacd37c2-6f4b-4242-af05-753353ac6efa.png@webp,2026-07-29T18:46:25.438Z,https://www.rustore.ru/catalog/search?query=%D0%BB%D1%8E%D0%B1%D0%BE%D0%B2%D0%BD%D0%B0%D1%8F%20%D1%81%D0%BE%D0%B2%D0%BC%D0%B5%D1%81%D1%82%D0%B8%D0%BC%D0%BE%D1%81%D1%82%D1%8C,https://www.rustore.ru/catalog/app/com.loveclick.loverate.loverating
любовная совместимость,498,8,com.LoveMaker.TrueLoveTest,Love Tester: True Love Test,Образ жизни,,https://static.rustore.ru/imgproxy/fOnhPJdIS3brAZPoxknc7WXfFWzOSsg8vXfNcCoVtkM/preset:web_app_icon_62/plain/https://static.rustore.ru/2025/10/6/73/apk/2063663249/content/ICON/ae3f12d0-5d9b-447a-9d5c-1ad25b27514e.png@webp,2026-07-29T18:46:25.438Z,https://www.rustore.ru/catalog/search?query=%D0%BB%D1%8E%D0%B1%D0%BE%D0%B2%D0%BD%D0%B0%D1%8F%20%D1%81%D0%BE%D0%B2%D0%BC%D0%B5%D1%81%D1%82%D0%B8%D0%BC%D0%BE%D1%81%D1%82%D1%8C,https://www.rustore.ru/catalog/app/com.LoveMaker.TrueLoveTest
любовная совместимость,498,9,com.koshina.lovedetectorfingerprints,Детектор любви по отпечаткам,Развлечения,,https://static.rustore.ru/imgproxy/Rrlu8tJe_-froovhwba3jGCdtK8MEcPlDjBToGxgfnU/preset:web_app_icon_62/plain/https://static.rustore.ru/apk/2063559715/content/ICON/aa02a274-5f74-49b6-90ca-0daefd2ba464.png@webp,2026-07-29T18:46:25.438Z,https://www.rustore.ru/catalog/search?query=%D0%BB%D1%8E%D0%B1%D0%BE%D0%B2%D0%BD%D0%B0%D1%8F%20%D1%81%D0%BE%D0%B2%D0%BC%D0%B5%D1%81%D1%82%D0%B8%D0%BC%D0%BE%D1%81%D1%82%D1%8C,https://www.rustore.ru/catalog/app/com.koshina.lovedetectorfingerprints
любовная совместимость,498,10,com.famobi.lovetest,Тест Любви,Развлечения,,https://static.rustore.ru/imgproxy/GAuFUpFtU1nzsCixFaLwnQ2LYJBSXWMVjMIX8LAiMoY/preset:web_app_icon_62/plain/https://static.rustore.ru/apk/2063620303/content/ICON/799557a7-f801-4040-8347-b436fe26f1fc.png@webp,2026-07-29T18:46:25.438Z,https://www.rustore.ru/catalog/search?query=%D0%BB%D1%8E%D0%B1%D0%BE%D0%B2%D0%BD%D0%B0%D1%8F%20%D1%81%D0%BE%D0%B2%D0%BC%D0%B5%D1%81%D1%82%D0%B8%D0%BC%D0%BE%D1%81%D1%82%D1%8C,https://www.rustore.ru/catalog/app/com.famobi.lovetest
любовная совместимость,498,11,com.uvfamily.lovecalcprank,Love Calculator,Образ жизни,,https://static.rustore.ru/imgproxy/Nn5sTKyk6qiCU3BCtZFjhOV8ACur0nGmEyOLaBGTSlM/preset:web_app_icon_62/plain/https://static.rustore.ru/2025/12/19/c6/apk/2063680352/content/ICON/e4f2e3cc-2e6e-4a07-9f18-f72af07adce6.png@webp,2026-07-29T18:46:25.438Z,https://www.rustore.ru/catalog/search?query=%D0%BB%D1%8E%D0%B1%D0%BE%D0%B2%D0%BD%D0%B0%D1%8F%20%D1%81%D0%BE%D0%B2%D0%BC%D0%B5%D1%81%D1%82%D0%B8%D0%BC%D0%BE%D1%81%D1%82%D1%8C,https://www.rustore.ru/catalog/app/com.uvfamily.lovecalcprank
любовная совместимость,498,12,com.softburn.matche,Matché — тест совместимости,Образ жизни,,https://static.rustore.ru/imgproxy/oI-FaMSRBRjs5S3-cEpn7pEXlRBs3KNhE70gvfX-AlM/preset:web_app_icon_62/plain/https://static.rustore.ru/2025/10/16/dc/apk/2063664801/content/ICON/16d2a29b-de54-43fd-831a-5e3a6382c855.png@webp,2026-07-29T18:46:25.438Z,https://www.rustore.ru/catalog/search?query=%D0%BB%D1%8E%D0%B1%D0%BE%D0%B2%D0%BD%D0%B0%D1%8F%20%D1%81%D0%BE%D0%B2%D0%BC%D0%B5%D1%81%D1%82%D0%B8%D0%BC%D0%BE%D1%81%D1%82%D1%8C,https://www.rustore.ru/catalog/app/com.softburn.matche
любовная совместимость,498,13,com.notisplay.goroskop,Гороскоп: Совместимость Знаков Зодиака,Образ жизни,,https://static.rustore.ru/imgproxy/w2z1RzycGJx8Oyiffwf63bZ5zcSUZlTeZLE31umu5kQ/preset:web_app_icon_62/plain/https://static.rustore.ru/apk/2063633901/content/ICON/edb8b997-3cac-4985-8db4-ab1dfab336ee.png@webp,2026-07-29T18:46:25.438Z,https://www.rustore.ru/catalog/search?query=%D0%BB%D1%8E%D0%B1%D0%BE%D0%B2%D0%BD%D0%B0%D1%8F%20%D1%81%D0%BE%D0%B2%D0%BC%D0%B5%D1%81%D1%82%D0%B8%D0%BC%D0%BE%D1%81%D1%82%D1%8C,https://www.rustore.ru/catalog/app/com.notisplay.goroskop
любовная совместимость,498,14,com.xeen_software.compatibility,Совместимость. Астрология,Образ жизни,,https://static.rustore.ru/imgproxy/_-wAnWxlR3TpW-M1nYUeBFMD78dDp5Ueb0ErbClYcug/preset:web_app_icon_62/plain/https://static.rustore.ru/apk/2063625676/content/ICON/4f740494-b363-4afd-863a-ac643cd97898.jpg@webp,2026-07-29T18:46:25.438Z,https://www.rustore.ru/catalog/search?query=%D0%BB%D1%8E%D0%B1%D0%BE%D0%B2%D0%BD%D0%B0%D1%8F%20%D1%81%D0%BE%D0%B2%D0%BC%D0%B5%D1%81%D1%82%D0%B8%D0%BC%D0%BE%D1%81%D1%82%D1%8C,https://www.rustore.ru/catalog/app/com.xeen_software.compatibility
любовная совместимость,498,15,com.dnnapps.love_calculator.compatibility_test,Real Love Test Compatibility,Образ жизни,,https://static.rustore.ru/imgproxy/OVZaUTxkRDdWqPJDO5nu9Vc6ATy85kaJKNSX6btXT9Y/preset:web_app_icon_62/plain/https://static.rustore.ru/apk/2063506355/content/ICON/eac6f346-248e-4cf2-bf95-c36e892efcf5.@webp,2026-07-29T18:46:25.438Z,https://www.rustore.ru/catalog/search?query=%D0%BB%D1%8E%D0%B1%D0%BE%D0%B2%D0%BD%D0%B0%D1%8F%20%D1%81%D0%BE%D0%B2%D0%BC%D0%B5%D1%81%D1%82%D0%B8%D0%BC%D0%BE%D1%81%D1%82%D1%8C,https://www.rustore.ru/catalog/app/com.dnnapps.love_calculator.compatibility_test
любовная совместимость,498,16,com.joy.time.compat,Тест на Совместимость с Парнем Шутка,Развлечения,,https://static.rustore.ru/imgproxy/BlMBzBNTnndw7aGJz_hJVDgkJuekmLq1uOxXhjcNmdM/preset:web_app_icon_62/plain/https://static.rustore.ru/apk/2063534333/content/ICON/1c5b483d-ef38-4aa8-9a15-66460fa0e46d.@webp,2026-07-29T18:46:25.438Z,https://www.rustore.ru/catalog/search?query=%D0%BB%D1%8E%D0%B1%D0%BE%D0%B2%D0%BD%D0%B0%D1%8F%20%D1%81%D0%BE%D0%B2%D0%BC%D0%B5%D1%81%D1%82%D0%B8%D0%BC%D0%BE%D1%81%D1%82%D1%8C,https://www.rustore.ru/catalog/app/com.joy.time.compat
любовная совместимость,498,17,com.fortune.astroguru,AstroGuru,Образ жизни,,https://static.rustore.ru/imgproxy/BJ4HePe54sPZzqntqS7OqeGeluZ2pkLK8ak-5N-wd6E/preset:web_app_icon_62/plain/https://static.rustore.ru/apk/2063601382/content/ICON/370af18a-aa73-498a-ab95-5472a7582d8b.png@webp,2026-07-29T18:46:25.438Z,https://www.rustore.ru/catalog/search?query=%D0%BB%D1%8E%D0%B1%D0%BE%D0%B2%D0%BD%D0%B0%D1%8F%20%D1%81%D0%BE%D0%B2%D0%BC%D0%B5%D1%81%D1%82%D0%B8%D0%BC%D0%BE%D1%81%D1%82%D1%8C,https://www.rustore.ru/catalog/app/com.fortune.astroguru
любовная совместимость,498,18,com.zodiacmatch.app,Совместимость знаков зодиака - ZodiMatch,Образ жизни,,https://static.rustore.ru/imgproxy/U13ucylUN-5WBB3HfZ_LeAJFEtujkQcXPZNif1LiFks/preset:web_app_icon_62/plain/https://static.rustore.ru/2026/3/15/7e/apk/2063700388/content/ICON/c233e1f8-2d67-44d7-8ac0-2271fefe0d50.png@webp,2026-07-29T18:46:25.438Z,https://www.rustore.ru/catalog/search?query=%D0%BB%D1%8E%D0%B1%D0%BE%D0%B2%D0%BD%D0%B0%D1%8F%20%D1%81%D0%BE%D0%B2%D0%BC%D0%B5%D1%81%D1%82%D0%B8%D0%BC%D0%BE%D1%81%D1%82%D1%8C,https://www.rustore.ru/catalog/app/com.zodiacmatch.app
любовная совместимость,498,19,com.hanastudio.lovetester.activity,Love Tester,Образ жизни,,https://static.rustore.ru/imgproxy/IhIqAd1XqNRcHZqVqz_IX6BZboRtzkSKCwqiKdKc1Ro/preset:web_app_icon_62/plain/https://static.rustore.ru/apk/2063516435/content/ICON/76753815-b468-43cc-b84d-9c6b8a217c98.@webp,2026-07-29T18:46:25.438Z,https://www.rustore.ru/catalog/search?query=%D0%BB%D1%8E%D0%B1%D0%BE%D0%B2%D0%BD%D0%B0%D1%8F%20%D1%81%D0%BE%D0%B2%D0%BC%D0%B5%D1%81%D1%82%D0%B8%D0%BC%D0%BE%D1%81%D1%82%D1%8C,https://www.rustore.ru/catalog/app/com.hanastudio.lovetester.activity
любовная совместимость,498,20,com.animalhoroscope.app,AstroPet - Совместимость и гороскоп для питомца,Развлечения,,https://static.rustore.ru/imgproxy/4uZ-U5pmgQkf63jWYmnTiIdUhVSWkJeS18Fh0dzTgvc/preset:web_app_icon_62/plain/https://static.rustore.ru/2025/11/21/bd/apk/2063663885/content/ICON/d38a4e34-8cf8-434d-a941-e7ca27ff4ca0.png@webp,2026-07-29T18:46:25.438Z,https://www.rustore.ru/catalog/search?query=%D0%BB%D1%8E%D0%B1%D0%BE%D0%B2%D0%BD%D0%B0%D1%8F%20%D1%81%D0%BE%D0%B2%D0%BC%D0%B5%D1%81%D1%82%D0%B8%D0%BC%D0%BE%D1%81%D1%82%D1%8C,https://www.rustore.ru/catalog/app/com.animalhoroscope.app
совместимость в отношениях,496,1,com.xeen_software.compatibility,Совместимость. Астрология,Образ жизни,,https://static.rustore.ru/imgproxy/_-wAnWxlR3TpW-M1nYUeBFMD78dDp5Ueb0ErbClYcug/preset:web_app_icon_62/plain/https://static.rustore.ru/apk/2063625676/content/ICON/4f740494-b363-4afd-863a-ac643cd97898.jpg@webp,2026-07-29T18:46:28.197Z,https://www.rustore.ru/catalog/search?query=%D1%81%D0%BE%D0%B2%D0%BC%D0%B5%D1%81%D1%82%D0%B8%D0%BC%D0%BE%D1%81%D1%82%D1%8C%20%D0%B2%20%D0%BE%D1%82%D0%BD%D0%BE%D1%88%D0%B5%D0%BD%D0%B8%D1%8F%D1%85,https://www.rustore.ru/catalog/app/com.xeen_software.compatibility
совместимость в отношениях,496,2,ru.improg.love,"Совместимость по дате, дню, имени, зодиаку",Образ жизни·Развлечения,,https://static.rustore.ru/imgproxy/ZbRloItW0iBRi3Ei_VQUAxslPSC_8P1UmkXEduiDF3E/preset:web_app_icon_62/plain/https://static.rustore.ru/2025/11/11/33/apk/2063670449/content/ICON/136b22f5-9a20-4f20-a4e6-47fd5de88286.jpg@webp,2026-07-29T18:46:28.197Z,https://www.rustore.ru/catalog/search?query=%D1%81%D0%BE%D0%B2%D0%BC%D0%B5%D1%81%D1%82%D0%B8%D0%BC%D0%BE%D1%81%D1%82%D1%8C%20%D0%B2%20%D0%BE%D1%82%D0%BD%D0%BE%D1%88%D0%B5%D0%BD%D0%B8%D1%8F%D1%85,https://www.rustore.ru/catalog/app/ru.improg.love
совместимость в отношениях,496,3,com.koshina.zodiactexts,Любовная совместимость,Образ жизни,,https://static.rustore.ru/imgproxy/hW9B7o_m_msVzKKPg0wAa0J5ya6P_p44bOkoxrZ8-kg/preset:web_app_icon_62/plain/https://static.rustore.ru/apk/2063587530/content/ICON/475f03df-5413-4e72-afb9-f6b54fa0f593.png@webp,2026-07-29T18:46:28.197Z,https://www.rustore.ru/catalog/search?query=%D1%81%D0%BE%D0%B2%D0%BC%D0%B5%D1%81%D1%82%D0%B8%D0%BC%D0%BE%D1%81%D1%82%D1%8C%20%D0%B2%20%D0%BE%D1%82%D0%BD%D0%BE%D1%88%D0%B5%D0%BD%D0%B8%D1%8F%D1%85,https://www.rustore.ru/catalog/app/com.koshina.zodiactexts
совместимость в отношениях,496,4,com.softburn.matche,Matché — тест совместимости,Образ жизни,,https://static.rustore.ru/imgproxy/oI-FaMSRBRjs5S3-cEpn7pEXlRBs3KNhE70gvfX-AlM/preset:web_app_icon_62/plain/https://static.rustore.ru/2025/10/16/dc/apk/2063664801/content/ICON/16d2a29b-de54-43fd-831a-5e3a6382c855.png@webp,2026-07-29T18:46:28.197Z,https://www.rustore.ru/catalog/search?query=%D1%81%D0%BE%D0%B2%D0%BC%D0%B5%D1%81%D1%82%D0%B8%D0%BC%D0%BE%D1%81%D1%82%D1%8C%20%D0%B2%20%D0%BE%D1%82%D0%BD%D0%BE%D1%88%D0%B5%D0%BD%D0%B8%D1%8F%D1%85,https://www.rustore.ru/catalog/app/com.softburn.matche
совместимость в отношениях,496,5,com.koshina.zodiacssigns_compatibility,Совместимость по знаку зодиака,Развлечения,,https://static.rustore.ru/imgproxy/2-JGzYfhKStDDpRdwIXVdz312lNaNMCGrMzLkHLr09s/preset:web_app_icon_62/plain/https://static.rustore.ru/apk/2063584375/content/ICON/2a91991c-c370-48fe-92d0-7ac3bf06bcb9.png@webp,2026-07-29T18:46:28.197Z,https://www.rustore.ru/catalog/search?query=%D1%81%D0%BE%D0%B2%D0%BC%D0%B5%D1%81%D1%82%D0%B8%D0%BC%D0%BE%D1%81%D1%82%D1%8C%20%D0%B2%20%D0%BE%D1%82%D0%BD%D0%BE%D1%88%D0%B5%D0%BD%D0%B8%D1%8F%D1%85,https://www.rustore.ru/catalog/app/com.koshina.zodiacssigns_compatibility
совместимость в отношениях,496,6,com.gild.goroskop,Гороскоп Совместимость,Развлечения,,https://static.rustore.ru/imgproxy/FXXLjHWLf1YcclgMjsl60U2bADdZfgC5ahiYrIR-aes/preset:web_app_icon_62/plain/https://static.rustore.ru/apk/2063607300/content/ICON/831cc449-fa43-40fb-8518-e98a3ee19263.jpg@webp,2026-07-29T18:46:28.197Z,https://www.rustore.ru/catalog/search?query=%D1%81%D0%BE%D0%B2%D0%BC%D0%B5%D1%81%D1%82%D0%B8%D0%BC%D0%BE%D1%81%D1%82%D1%8C%20%D0%B2%20%D0%BE%D1%82%D0%BD%D0%BE%D1%88%D0%B5%D0%BD%D0%B8%D1%8F%D1%85,https://www.rustore.ru/catalog/app/com.gild.goroskop
совместимость в отношениях,496,7,com.joy.time.compat,Тест на Совместимость с Парнем Шутка,Развлечения,,https://static.rustore.ru/imgproxy/BlMBzBNTnndw7aGJz_hJVDgkJuekmLq1uOxXhjcNmdM/preset:web_app_icon_62/plain/https://static.rustore.ru/apk/2063534333/content/ICON/1c5b483d-ef38-4aa8-9a15-66460fa0e46d.@webp,2026-07-29T18:46:28.197Z,https://www.rustore.ru/catalog/search?query=%D1%81%D0%BE%D0%B2%D0%BC%D0%B5%D1%81%D1%82%D0%B8%D0%BC%D0%BE%D1%81%D1%82%D1%8C%20%D0%B2%20%D0%BE%D1%82%D0%BD%D0%BE%D1%88%D0%B5%D0%BD%D0%B8%D1%8F%D1%85,https://www.rustore.ru/catalog/app/com.joy.time.compat
совместимость в отношениях,496,8,com.koshina.lovematch,Тест любви - Совместимость,Развлечения,,https://static.rustore.ru/imgproxy/tkIOlghrXQaqS37MGyCcyBu9KeuxQgbtqJLFuI_FoFQ/preset:web_app_icon_62/plain/https://static.rustore.ru/apk/2063559775/content/ICON/ad1a56ae-214c-4c5a-ae5a-f2150773ec87.png@webp,2026-07-29T18:46:28.197Z,https://www.rustore.ru/catalog/search?query=%D1%81%D0%BE%D0%B2%D0%BC%D0%B5%D1%81%D1%82%D0%B8%D0%BC%D0%BE%D1%81%D1%82%D1%8C%20%D0%B2%20%D0%BE%D1%82%D0%BD%D0%BE%D1%88%D0%B5%D0%BD%D0%B8%D1%8F%D1%85,https://www.rustore.ru/catalog/app/com.koshina.lovematch
совместимость в отношениях,496,9,com.notisplay.goroskop,Гороскоп: Совместимость Знаков Зодиака,Образ жизни,,https://static.rustore.ru/imgproxy/w2z1RzycGJx8Oyiffwf63bZ5zcSUZlTeZLE31umu5kQ/preset:web_app_icon_62/plain/https://static.rustore.ru/apk/2063633901/content/ICON/edb8b997-3cac-4985-8db4-ab1dfab336ee.png@webp,2026-07-29T18:46:28.197Z,https://www.rustore.ru/catalog/search?query=%D1%81%D0%BE%D0%B2%D0%BC%D0%B5%D1%81%D1%82%D0%B8%D0%BC%D0%BE%D1%81%D1%82%D1%8C%20%D0%B2%20%D0%BE%D1%82%D0%BD%D0%BE%D1%88%D0%B5%D0%BD%D0%B8%D1%8F%D1%85,https://www.rustore.ru/catalog/app/com.notisplay.goroskop
совместимость в отношениях,496,10,com.simpleStringCompany.AppLoveTwo,Тест на любовь - Cовместимость,Образ жизни·Развлечения,,https://static.rustore.ru/imgproxy/cxNVs-ZdZtmJLCP3m58vGbhGlIJYQPGWTpOEH-WOLV0/preset:web_app_icon_62/plain/https://static.rustore.ru/apk/2063602838/content/ICON/2e3f30e6-730f-44a8-8664-54414c3f9847.jpg@webp,2026-07-29T18:46:28.197Z,https://www.rustore.ru/catalog/search?query=%D1%81%D0%BE%D0%B2%D0%BC%D0%B5%D1%81%D1%82%D0%B8%D0%BC%D0%BE%D1%81%D1%82%D1%8C%20%D0%B2%20%D0%BE%D1%82%D0%BD%D0%BE%D1%88%D0%B5%D0%BD%D0%B8%D1%8F%D1%85,https://www.rustore.ru/catalog/app/com.simpleStringCompany.AppLoveTwo
совместимость в отношениях,496,11,com.hanastudio.lovetester.activity,Love Tester,Образ жизни,,https://static.rustore.ru/imgproxy/IhIqAd1XqNRcHZqVqz_IX6BZboRtzkSKCwqiKdKc1Ro/preset:web_app_icon_62/plain/https://static.rustore.ru/apk/2063516435/content/ICON/76753815-b468-43cc-b84d-9c6b8a217c98.@webp,2026-07-29T18:46:28.197Z,https://www.rustore.ru/catalog/search?query=%D1%81%D0%BE%D0%B2%D0%BC%D0%B5%D1%81%D1%82%D0%B8%D0%BC%D0%BE%D1%81%D1%82%D1%8C%20%D0%B2%20%D0%BE%D1%82%D0%BD%D0%BE%D1%88%D0%B5%D0%BD%D0%B8%D1%8F%D1%85,https://www.rustore.ru/catalog/app/com.hanastudio.lovetester.activity
совместимость в отношениях,496,12,com.LoveMaker.TrueLoveTest,Love Tester: True Love Test,Образ жизни,,https://static.rustore.ru/imgproxy/fOnhPJdIS3brAZPoxknc7WXfFWzOSsg8vXfNcCoVtkM/preset:web_app_icon_62/plain/https://static.rustore.ru/2025/10/6/73/apk/2063663249/content/ICON/ae3f12d0-5d9b-447a-9d5c-1ad25b27514e.png@webp,2026-07-29T18:46:28.197Z,https://www.rustore.ru/catalog/search?query=%D1%81%D0%BE%D0%B2%D0%BC%D0%B5%D1%81%D1%82%D0%B8%D0%BC%D0%BE%D1%81%D1%82%D1%8C%20%D0%B2%20%D0%BE%D1%82%D0%BD%D0%BE%D1%88%D0%B5%D0%BD%D0%B8%D1%8F%D1%85,https://www.rustore.ru/catalog/app/com.LoveMaker.TrueLoveTest
совместимость в отношениях,496,13,com.sovetfoto.romantic,Отношения,Образ жизни·Книги,,https://static.rustore.ru/imgproxy/OMZNyvxN5jq4pBxpAqGO4m8gaZr_Vht-w0_YJv09S5Y/preset:web_app_icon_62/plain/https://static.rustore.ru/apk/1446968255/content/ICON/3c22a6ee-0dcb-4a91-ab0f-4c55ccc0369d.png@webp,2026-07-29T18:46:28.197Z,https://www.rustore.ru/catalog/search?query=%D1%81%D0%BE%D0%B2%D0%BC%D0%B5%D1%81%D1%82%D0%B8%D0%BC%D0%BE%D1%81%D1%82%D1%8C%20%D0%B2%20%D0%BE%D1%82%D0%BD%D0%BE%D1%88%D0%B5%D0%BD%D0%B8%D1%8F%D1%85,https://www.rustore.ru/catalog/app/com.sovetfoto.romantic
совместимость в отношениях,496,14,ru.shepelev.yournamenew,Твое имя Тест на совместимость,Развлечения,,https://static.rustore.ru/imgproxy/cR3pgvZD2uybtJKKD5rW8MLR0HArzAcKBWkzixgOUDA/preset:web_app_icon_62/plain/https://static.rustore.ru/apk/2063558941/content/ICON/5098fc57-93de-4bf2-8263-c1ebbc425f83.jpg@webp,2026-07-29T18:46:28.197Z,https://www.rustore.ru/catalog/search?query=%D1%81%D0%BE%D0%B2%D0%BC%D0%B5%D1%81%D1%82%D0%B8%D0%BC%D0%BE%D1%81%D1%82%D1%8C%20%D0%B2%20%D0%BE%D1%82%D0%BD%D0%BE%D1%88%D0%B5%D0%BD%D0%B8%D1%8F%D1%85,https://www.rustore.ru/catalog/app/ru.shepelev.yournamenew
совместимость в отношениях,496,15,com.loveclick.loverate.loverating,LoveRate — накликай любовь,Казуальные,,https://static.rustore.ru/imgproxy/_Gp9mlb68hb2gtLjZMSaa_Kqiad0X0Nd6w6rEMBnVto/preset:web_app_icon_62/plain/https://static.rustore.ru/2025/10/8/5b/apk/2063663769/content/ICON/cacd37c2-6f4b-4242-af05-753353ac6efa.png@webp,2026-07-29T18:46:28.197Z,https://www.rustore.ru/catalog/search?query=%D1%81%D0%BE%D0%B2%D0%BC%D0%B5%D1%81%D1%82%D0%B8%D0%BC%D0%BE%D1%81%D1%82%D1%8C%20%D0%B2%20%D0%BE%D1%82%D0%BD%D0%BE%D1%88%D0%B5%D0%BD%D0%B8%D1%8F%D1%85,https://www.rustore.ru/catalog/app/com.loveclick.loverate.loverating
совместимость в отношениях,496,16,com.jekrum.test_imena,Тест на совместимость имен,Казуальные·Словесные,,https://static.rustore.ru/imgproxy/ZrYr6nuJniFHUqfhE1cxppWgQ8wjXSDZGohaIj3l3nE/preset:web_app_icon_62/plain/https://static.rustore.ru/apk/2063585587/content/ICON/b15a508c-e03e-42ed-8d87-1c0cc9204bfe.png@webp,2026-07-29T18:46:28.197Z,https://www.rustore.ru/catalog/search?query=%D1%81%D0%BE%D0%B2%D0%BC%D0%B5%D1%81%D1%82%D0%B8%D0%BC%D0%BE%D1%81%D1%82%D1%8C%20%D0%B2%20%D0%BE%D1%82%D0%BD%D0%BE%D1%88%D0%B5%D0%BD%D0%B8%D1%8F%D1%85,https://www.rustore.ru/catalog/app/com.jekrum.test_imena
совместимость в отношениях,496,17,com.matrix.destinyapp,Матрица Судьбы и Совместимость,Образ жизни·Развлечения,,https://static.rustore.ru/imgproxy/Eorf8EIN4PFwUvz0V2wEdAeVFTEVFQMWvYut3gB2e_E/preset:web_app_icon_62/plain/https://static.rustore.ru/2025/12/5/72/apk/2063675940/content/ICON/6ef76baa-8f01-4ea7-b10d-6c37563edeb9.png@webp,2026-07-29T18:46:28.197Z,https://www.rustore.ru/catalog/search?query=%D1%81%D0%BE%D0%B2%D0%BC%D0%B5%D1%81%D1%82%D0%B8%D0%BC%D0%BE%D1%81%D1%82%D1%8C%20%D0%B2%20%D0%BE%D1%82%D0%BD%D0%BE%D1%88%D0%B5%D0%BD%D0%B8%D1%8F%D1%85,https://www.rustore.ru/catalog/app/com.matrix.destinyapp
совместимость в отношениях,496,18,com.Blogproger.Find_out_the_love_compatibility_of_zodiac_signs,Узнай любовную совместимость знаков зодиака,Образ жизни,,https://static.rustore.ru/imgproxy/H4ANUfeDam7tVSZpp47UhwZ5zYgcWwSi0_NKycEMFBo/preset:web_app_icon_62/plain/https://static.rustore.ru/apk/2063596807/content/ICON/5e71b071-2255-41cd-a98f-ff3834a8aa11.png@webp,2026-07-29T18:46:28.197Z,https://www.rustore.ru/catalog/search?query=%D1%81%D0%BE%D0%B2%D0%BC%D0%B5%D1%81%D1%82%D0%B8%D0%BC%D0%BE%D1%81%D1%82%D1%8C%20%D0%B2%20%D0%BE%D1%82%D0%BD%D0%BE%D1%88%D0%B5%D0%BD%D0%B8%D1%8F%D1%85,https://www.rustore.ru/catalog/app/com.Blogproger.Find_out_the_love_compatibility_of_zodiac_signs
совместимость в отношениях,496,19,com.plerapps.redflagstest,Рэд флаги: Проверка партнера,Образ жизни,,https://static.rustore.ru/imgproxy/_JlA19tLw7uHQGmQsObHOKrTDlWX0DIZnFZ03Mczsgc/preset:web_app_icon_62/plain/https://static.rustore.ru/apk/2063644478/content/ICON/b5b85435-d49b-4a7c-9d0e-c3df119b98e5.png@webp,2026-07-29T18:46:28.197Z,https://www.rustore.ru/catalog/search?query=%D1%81%D0%BE%D0%B2%D0%BC%D0%B5%D1%81%D1%82%D0%B8%D0%BC%D0%BE%D1%81%D1%82%D1%8C%20%D0%B2%20%D0%BE%D1%82%D0%BD%D0%BE%D1%88%D0%B5%D0%BD%D0%B8%D1%8F%D1%85,https://www.rustore.ru/catalog/app/com.plerapps.redflagstest
совместимость в отношениях,496,20,com.zodiacmatch.app,Совместимость знаков зодиака - ZodiMatch,Образ жизни,,https://static.rustore.ru/imgproxy/U13ucylUN-5WBB3HfZ_LeAJFEtujkQcXPZNif1LiFks/preset:web_app_icon_62/plain/https://static.rustore.ru/2026/3/15/7e/apk/2063700388/content/ICON/c233e1f8-2d67-44d7-8ac0-2271fefe0d50.png@webp,2026-07-29T18:46:28.197Z,https://www.rustore.ru/catalog/search?query=%D1%81%D0%BE%D0%B2%D0%BC%D0%B5%D1%81%D1%82%D0%B8%D0%BC%D0%BE%D1%81%D1%82%D1%8C%20%D0%B2%20%D0%BE%D1%82%D0%BD%D0%BE%D1%88%D0%B5%D0%BD%D0%B8%D1%8F%D1%85,https://www.rustore.ru/catalog/app/com.zodiacmatch.app
натальная совместимость,496,1,com.kundalini.astroapp,Анима: Натальная карта и совместимость,Образ жизни,,https://static.rustore.ru/imgproxy/WVtKwg07iq2_CAQt_LjE9yioOOuNvt8aOLHCK8tZnIw/preset:web_app_icon_62/plain/https://static.rustore.ru/2026/7/25/05/apk/2063730207/content/ICON/34c23c2b-ce1d-4cfe-8cf2-c891393df157.jpg@webp,2026-07-29T18:46:30.928Z,https://www.rustore.ru/catalog/search?query=%D0%BD%D0%B0%D1%82%D0%B0%D0%BB%D1%8C%D0%BD%D0%B0%D1%8F%20%D1%81%D0%BE%D0%B2%D0%BC%D0%B5%D1%81%D1%82%D0%B8%D0%BC%D0%BE%D1%81%D1%82%D1%8C,https://www.rustore.ru/catalog/app/com.kundalini.astroapp
натальная совместимость,496,2,com.matricasudbu.app.astro,Натальная карта. Астрология. Матрица Судьбы,Образ жизни·Развлечения,,https://static.rustore.ru/imgproxy/8CPP3b_zl4GFvlQDIJS8uQz1vW4WbaJazeRsedTl3hs/preset:web_app_icon_62/plain/https://static.rustore.ru/2026/4/8/f1/apk/2063620377/content/ICON/fd8c2873-149b-4f33-a56f-8cc06282defe.png@webp,2026-07-29T18:46:30.928Z,https://www.rustore.ru/catalog/search?query=%D0%BD%D0%B0%D1%82%D0%B0%D0%BB%D1%8C%D0%BD%D0%B0%D1%8F%20%D1%81%D0%BE%D0%B2%D0%BC%D0%B5%D1%81%D1%82%D0%B8%D0%BC%D0%BE%D1%81%D1%82%D1%8C,https://www.rustore.ru/catalog/app/com.matricasudbu.app.astro
натальная совместимость,496,3,ru.mynatalchart.app,Натальная карта рассчитать с расшифровкой онлайн,Образ жизни,,https://static.rustore.ru/imgproxy/F4JseOuI6RzoPoXs3mqK3yXNzxrqv08SORZppQ10uGk/preset:web_app_icon_62/plain/https://static.rustore.ru/2026/6/22/65/apk/2063722870/content/ICON/d546e542-9512-4ff8-a1ff-033f763a244b.jpg@webp,2026-07-29T18:46:30.928Z,https://www.rustore.ru/catalog/search?query=%D0%BD%D0%B0%D1%82%D0%B0%D0%BB%D1%8C%D0%BD%D0%B0%D1%8F%20%D1%81%D0%BE%D0%B2%D0%BC%D0%B5%D1%81%D1%82%D0%B8%D0%BC%D0%BE%D1%81%D1%82%D1%8C,https://www.rustore.ru/catalog/app/ru.mynatalchart.app
натальная совместимость,496,4,ru.astrai.app,AstrAi — натальная карта и гороскоп,Образ жизни,,https://static.rustore.ru/imgproxy/KbUVotyglHzyEmsQ36ejj6z2B43JC9Qv8C4BIPx7ens/preset:web_app_icon_62/plain/https://static.rustore.ru/2026/7/8/08/apk/2063730771/content/ICON/490a8eb2-cbda-4812-8cad-60468e80d3bb.png@webp,2026-07-29T18:46:30.928Z,https://www.rustore.ru/catalog/search?query=%D0%BD%D0%B0%D1%82%D0%B0%D0%BB%D1%8C%D0%BD%D0%B0%D1%8F%20%D1%81%D0%BE%D0%B2%D0%BC%D0%B5%D1%81%D1%82%D0%B8%D0%BC%D0%BE%D1%81%D1%82%D1%8C,https://www.rustore.ru/catalog/app/ru.astrai.app
натальная совместимость,496,5,com.dixtalescat.astrocode,АстроКод: натальная карта,Образ жизни·Развлечения,,https://static.rustore.ru/imgproxy/QGfhcDKFBV1XPqY8mZKGkhQymzBeRZta6wxampAkwCU/preset:web_app_icon_62/plain/https://static.rustore.ru/2026/6/8/0f/apk/2063720975/content/ICON/bef8803c-ad72-444a-bb24-391a3247eac4.png@webp,2026-07-29T18:46:30.928Z,https://www.rustore.ru/catalog/search?query=%D0%BD%D0%B0%D1%82%D0%B0%D0%BB%D1%8C%D0%BD%D0%B0%D1%8F%20%D1%81%D0%BE%D0%B2%D0%BC%D0%B5%D1%81%D1%82%D0%B8%D0%BC%D0%BE%D1%81%D1%82%D1%8C,https://www.rustore.ru/catalog/app/com.dixtalescat.astrocode
натальная совместимость,496,6,ru.z9games.jyotish,Ведаскоп: джйотиш и натальная карта,Образ жизни,,https://static.rustore.ru/imgproxy/HsaaT5buUGX8MqIYO7-p5kJNEMagCnOcfDMS4M2M6ZM/preset:web_app_icon_62/plain/https://static.rustore.ru/2026/6/24/02/apk/2063724173/content/ICON/26228479-06f4-4875-a6f0-366cd7479072.png@webp,2026-07-29T18:46:30.928Z,https://www.rustore.ru/catalog/search?query=%D0%BD%D0%B0%D1%82%D0%B0%D0%BB%D1%8C%D0%BD%D0%B0%D1%8F%20%D1%81%D0%BE%D0%B2%D0%BC%D0%B5%D1%81%D1%82%D0%B8%D0%BC%D0%BE%D1%81%D1%82%D1%8C,https://www.rustore.ru/catalog/app/ru.z9games.jyotish
натальная совместимость,496,7,com.xeen_software.compatibility,Совместимость. Астрология,Образ жизни,,https://static.rustore.ru/imgproxy/_-wAnWxlR3TpW-M1nYUeBFMD78dDp5Ueb0ErbClYcug/preset:web_app_icon_62/plain/https://static.rustore.ru/apk/2063625676/content/ICON/4f740494-b363-4afd-863a-ac643cd97898.jpg@webp,2026-07-29T18:46:30.928Z,https://www.rustore.ru/catalog/search?query=%D0%BD%D0%B0%D1%82%D0%B0%D0%BB%D1%8C%D0%BD%D0%B0%D1%8F%20%D1%81%D0%BE%D0%B2%D0%BC%D0%B5%D1%81%D1%82%D0%B8%D0%BC%D0%BE%D1%81%D1%82%D1%8C,https://www.rustore.ru/catalog/app/com.xeen_software.compatibility
натальная совместимость,496,8,ru.arcai.app,Arcai — ИИ Астролог,Образ жизни,,https://static.rustore.ru/imgproxy/iiiuMbXv-TJTeFfYq1PfwR3H_LVpNeBYieaUg9vtB2I/preset:web_app_icon_62/plain/https://static.rustore.ru/2026/5/14/b2/apk/2063714520/content/ICON/c5d6b638-8732-49e7-b547-c5afda3c4047.png@webp,2026-07-29T18:46:30.928Z,https://www.rustore.ru/catalog/search?query=%D0%BD%D0%B0%D1%82%D0%B0%D0%BB%D1%8C%D0%BD%D0%B0%D1%8F%20%D1%81%D0%BE%D0%B2%D0%BC%D0%B5%D1%81%D1%82%D0%B8%D0%BC%D0%BE%D1%81%D1%82%D1%8C,https://www.rustore.ru/catalog/app/ru.arcai.app
натальная совместимость,496,9,com.astropersona,AstroPersona — твой гороскоп и натальная карта,Образ жизни,,https://static.rustore.ru/imgproxy/yeT5vH4kz-9BL9oXE582buG3mIufkzi-o_8ru0XXGSc/preset:web_app_icon_62/plain/https://static.rustore.ru/2025/10/29/51/apk/2063549954/content/ICON/5fceb594-b2ae-4bab-984f-cdf38055c8bc.png@webp,2026-07-29T18:46:30.928Z,https://www.rustore.ru/catalog/search?query=%D0%BD%D0%B0%D1%82%D0%B0%D0%BB%D1%8C%D0%BD%D0%B0%D1%8F%20%D1%81%D0%BE%D0%B2%D0%BC%D0%B5%D1%81%D1%82%D0%B8%D0%BC%D0%BE%D1%81%D1%82%D1%8C,https://www.rustore.ru/catalog/app/com.astropersona
натальная совместимость,496,10,com.natalchart.natalchartapp,Натальная карта,Образ жизни,,https://static.rustore.ru/imgproxy/9s4XQ6pMLNFavxAbJaiuOoYwnl1RvZb_IRn0-BLSo6E/preset:web_app_icon_62/plain/https://static.rustore.ru/2025/12/25/0a/apk/2063673012/content/ICON/a99cd865-9507-43cc-b17f-4b41c78e45f5.png@webp,2026-07-29T18:46:30.928Z,https://www.rustore.ru/catalog/search?query=%D0%BD%D0%B0%D1%82%D0%B0%D0%BB%D1%8C%D0%BD%D0%B0%D1%8F%20%D1%81%D0%BE%D0%B2%D0%BC%D0%B5%D1%81%D1%82%D0%B8%D0%BC%D0%BE%D1%81%D1%82%D1%8C,https://www.rustore.ru/catalog/app/com.natalchart.natalchartapp
натальная совместимость,496,11,ru.neurodzen.app,"Нейродзен — Натальная Карта, Гороскоп, Астрология",Развлечения·Образ жизни,,https://static.rustore.ru/imgproxy/OQ7kWj-v_uYNb5BXMSxvUYei-6uMMhsfa5nehPh3n6o/preset:web_app_icon_62/plain/https://static.rustore.ru/2026/1/12/4f/apk/2063667687/content/ICON/22a1939e-2d55-423b-80f1-f22a82ee2b5c.png@webp,2026-07-29T18:46:30.928Z,https://www.rustore.ru/catalog/search?query=%D0%BD%D0%B0%D1%82%D0%B0%D0%BB%D1%8C%D0%BD%D0%B0%D1%8F%20%D1%81%D0%BE%D0%B2%D0%BC%D0%B5%D1%81%D1%82%D0%B8%D0%BC%D0%BE%D1%81%D1%82%D1%8C,https://www.rustore.ru/catalog/app/ru.neurodzen.app
натальная совместимость,496,12,ru.astrolloai.app,Astrollo AI — натальная карта и гороскопы,Образ жизни,,https://static.rustore.ru/imgproxy/2OaiwVIuLve_hKUhfgNzehY4xT7X3vGs1wPINvjQmt0/preset:web_app_icon_62/plain/https://static.rustore.ru/2026/5/13/ec/apk/2063714344/content/ICON/b4d9d4ad-d1ec-450a-8c87-2cab890058fe.png@webp,2026-07-29T18:46:30.928Z,https://www.rustore.ru/catalog/search?query=%D0%BD%D0%B0%D1%82%D0%B0%D0%BB%D1%8C%D0%BD%D0%B0%D1%8F%20%D1%81%D0%BE%D0%B2%D0%BC%D0%B5%D1%81%D1%82%D0%B8%D0%BC%D0%BE%D1%81%D1%82%D1%8C,https://www.rustore.ru/catalog/app/ru.astrolloai.app
натальная совместимость,496,13,com.animalhoroscope.app,AstroPet - Совместимость и гороскоп для питомца,Развлечения,,https://static.rustore.ru/imgproxy/4uZ-U5pmgQkf63jWYmnTiIdUhVSWkJeS18Fh0dzTgvc/preset:web_app_icon_62/plain/https://static.rustore.ru/2025/11/21/bd/apk/2063663885/content/ICON/d38a4e34-8cf8-434d-a941-e7ca27ff4ca0.png@webp,2026-07-29T18:46:30.928Z,https://www.rustore.ru/catalog/search?query=%D0%BD%D0%B0%D1%82%D0%B0%D0%BB%D1%8C%D0%BD%D0%B0%D1%8F%20%D1%81%D0%BE%D0%B2%D0%BC%D0%B5%D1%81%D1%82%D0%B8%D0%BC%D0%BE%D1%81%D1%82%D1%8C,https://www.rustore.ru/catalog/app/com.animalhoroscope.app
натальная совместимость,496,14,com.sopelus.horoscope,"Гороскопы бесплатно, натальная карта",Образ жизни,,https://static.rustore.ru/imgproxy/6Y2EnbUmAeSntLHRzoX7VP5iRHM6InMeJHZao6yYG00/preset:web_app_icon_62/plain/https://static.rustore.ru/apk/2063642700/content/ICON/4cf492a6-1c93-45d7-89fc-41600dc6d076.png@webp,2026-07-29T18:46:30.928Z,https://www.rustore.ru/catalog/search?query=%D0%BD%D0%B0%D1%82%D0%B0%D0%BB%D1%8C%D0%BD%D0%B0%D1%8F%20%D1%81%D0%BE%D0%B2%D0%BC%D0%B5%D1%81%D1%82%D0%B8%D0%BC%D0%BE%D1%81%D1%82%D1%8C,https://www.rustore.ru/catalog/app/com.sopelus.horoscope
натальная совместимость,496,15,com.aiastrologer.app,"AI-Астролог, Таро, Астрология, Гороскоп, Астробот",Образ жизни,,https://static.rustore.ru/imgproxy/3Ld-d7uhG_9cEJ2LiCa6jgaz7lg0Yn7lyGXuEB7Ct8k/preset:web_app_icon_62/plain/https://static.rustore.ru/2026/7/9/a7/apk/2063730874/content/ICON/9883a02f-2920-4a9b-a268-a5a33b24e8ea.png@webp,2026-07-29T18:46:30.928Z,https://www.rustore.ru/catalog/search?query=%D0%BD%D0%B0%D1%82%D0%B0%D0%BB%D1%8C%D0%BD%D0%B0%D1%8F%20%D1%81%D0%BE%D0%B2%D0%BC%D0%B5%D1%81%D1%82%D0%B8%D0%BC%D0%BE%D1%81%D1%82%D1%8C,https://www.rustore.ru/catalog/app/com.aiastrologer.app
натальная совместимость,496,16,com.natalis.flutter_app,Natalist,Образ жизни,,https://static.rustore.ru/imgproxy/zNBOvZsBwsK4Qd8LkkLcT5jzZiK2hgmj535oX_khxk4/preset:web_app_icon_62/plain/https://static.rustore.ru/2026/5/21/95/apk/2063699071/content/ICON/ac6a8339-8cf4-4185-ab0c-7e91ebb7d3f8.png@webp,2026-07-29T18:46:30.928Z,https://www.rustore.ru/catalog/search?query=%D0%BD%D0%B0%D1%82%D0%B0%D0%BB%D1%8C%D0%BD%D0%B0%D1%8F%20%D1%81%D0%BE%D0%B2%D0%BC%D0%B5%D1%81%D1%82%D0%B8%D0%BC%D0%BE%D1%81%D1%82%D1%8C,https://www.rustore.ru/catalog/app/com.natalis.flutter_app
натальная совместимость,496,17,ru.improg.love,"Совместимость по дате, дню, имени, зодиаку",Образ жизни·Развлечения,,https://static.rustore.ru/imgproxy/ZbRloItW0iBRi3Ei_VQUAxslPSC_8P1UmkXEduiDF3E/preset:web_app_icon_62/plain/https://static.rustore.ru/2025/11/11/33/apk/2063670449/content/ICON/136b22f5-9a20-4f20-a4e6-47fd5de88286.jpg@webp,2026-07-29T18:46:30.928Z,https://www.rustore.ru/catalog/search?query=%D0%BD%D0%B0%D1%82%D0%B0%D0%BB%D1%8C%D0%BD%D0%B0%D1%8F%20%D1%81%D0%BE%D0%B2%D0%BC%D0%B5%D1%81%D1%82%D0%B8%D0%BC%D0%BE%D1%81%D1%82%D1%8C,https://www.rustore.ru/catalog/app/ru.improg.love
натальная совместимость,496,18,com.lovesync.lovesync,LoveSync,Полезные инструменты·Образ жизни,,https://static.rustore.ru/imgproxy/yGJRR5RgviIBDaiOk13oB3KoQZQkRUfq7XIYZfrW-LQ/preset:web_app_icon_62/plain/https://static.rustore.ru/2026/4/1/9c/apk/2063704688/content/ICON/0cd9638f-cb3b-44b8-8434-9c8dcd12d125.png@webp,2026-07-29T18:46:30.928Z,https://www.rustore.ru/catalog/search?query=%D0%BD%D0%B0%D1%82%D0%B0%D0%BB%D1%8C%D0%BD%D0%B0%D1%8F%20%D1%81%D0%BE%D0%B2%D0%BC%D0%B5%D1%81%D1%82%D0%B8%D0%BC%D0%BE%D1%81%D1%82%D1%8C,https://www.rustore.ru/catalog/app/com.lovesync.lovesync
натальная совместимость,496,19,ae.stargaz.app,Stargaze Гороскоп и Астрология,Образ жизни,,https://static.rustore.ru/imgproxy/x6q9yIFvsibOjoez6ROTu_uOEQJcZHJ8Cilp2v2_sC4/preset:web_app_icon_62/plain/https://static.rustore.ru/2026/4/25/bd/apk/2063553787/content/ICON/0c5d09fd-508d-417c-91c9-92d49ef3db86.png@webp,2026-07-29T18:46:30.928Z,https://www.rustore.ru/catalog/search?query=%D0%BD%D0%B0%D1%82%D0%B0%D0%BB%D1%8C%D0%BD%D0%B0%D1%8F%20%D1%81%D0%BE%D0%B2%D0%BC%D0%B5%D1%81%D1%82%D0%B8%D0%BC%D0%BE%D1%81%D1%82%D1%8C,https://www.rustore.ru/catalog/app/ae.stargaz.app
натальная совместимость,496,20,ru.astrelle.app,Astrelle — персональный ИИ-астролог,Образ жизни,,https://static.rustore.ru/imgproxy/pFIk3QdE6UnuFTDHZx0bJdGzA-G2NKrajmxVnPdZpXs/preset:web_app_icon_62/plain/https://static.rustore.ru/2026/6/14/44/apk/2063721312/content/ICON/3e6b316d-cd20-44c1-84ea-d929106d69d6.png@webp,2026-07-29T18:46:30.928Z,https://www.rustore.ru/catalog/search?query=%D0%BD%D0%B0%D1%82%D0%B0%D0%BB%D1%8C%D0%BD%D0%B0%D1%8F%20%D1%81%D0%BE%D0%B2%D0%BC%D0%B5%D1%81%D1%82%D0%B8%D0%BC%D0%BE%D1%81%D1%82%D1%8C,https://www.rustore.ru/catalog/app/ru.astrelle.app
совместимость по натальной карте,495,1,ru.mynatalchart.app,Натальная карта рассчитать с расшифровкой онлайн,Образ жизни,,https://static.rustore.ru/imgproxy/F4JseOuI6RzoPoXs3mqK3yXNzxrqv08SORZppQ10uGk/preset:web_app_icon_62/plain/https://static.rustore.ru/2026/6/22/65/apk/2063722870/content/ICON/d546e542-9512-4ff8-a1ff-033f763a244b.jpg@webp,2026-07-29T18:46:33.280Z,https://www.rustore.ru/catalog/search?query=%D1%81%D0%BE%D0%B2%D0%BC%D0%B5%D1%81%D1%82%D0%B8%D0%BC%D0%BE%D1%81%D1%82%D1%8C%20%D0%BF%D0%BE%20%D0%BD%D0%B0%D1%82%D0%B0%D0%BB%D1%8C%D0%BD%D0%BE%D0%B9%20%D0%BA%D0%B0%D1%80%D1%82%D0%B5,https://www.rustore.ru/catalog/app/ru.mynatalchart.app
совместимость по натальной карте,495,2,com.kundalini.astroapp,Анима: Натальная карта и совместимость,Образ жизни,,https://static.rustore.ru/imgproxy/WVtKwg07iq2_CAQt_LjE9yioOOuNvt8aOLHCK8tZnIw/preset:web_app_icon_62/plain/https://static.rustore.ru/2026/7/25/05/apk/2063730207/content/ICON/34c23c2b-ce1d-4cfe-8cf2-c891393df157.jpg@webp,2026-07-29T18:46:33.280Z,https://www.rustore.ru/catalog/search?query=%D1%81%D0%BE%D0%B2%D0%BC%D0%B5%D1%81%D1%82%D0%B8%D0%BC%D0%BE%D1%81%D1%82%D1%8C%20%D0%BF%D0%BE%20%D0%BD%D0%B0%D1%82%D0%B0%D0%BB%D1%8C%D0%BD%D0%BE%D0%B9%20%D0%BA%D0%B0%D1%80%D1%82%D0%B5,https://www.rustore.ru/catalog/app/com.kundalini.astroapp
совместимость по натальной карте,495,3,com.matricasudbu.app.astro,Натальная карта. Астрология. Матрица Судьбы,Образ жизни·Развлечения,,https://static.rustore.ru/imgproxy/8CPP3b_zl4GFvlQDIJS8uQz1vW4WbaJazeRsedTl3hs/preset:web_app_icon_62/plain/https://static.rustore.ru/2026/4/8/f1/apk/2063620377/content/ICON/fd8c2873-149b-4f33-a56f-8cc06282defe.png@webp,2026-07-29T18:46:33.280Z,https://www.rustore.ru/catalog/search?query=%D1%81%D0%BE%D0%B2%D0%BC%D0%B5%D1%81%D1%82%D0%B8%D0%BC%D0%BE%D1%81%D1%82%D1%8C%20%D0%BF%D0%BE%20%D0%BD%D0%B0%D1%82%D0%B0%D0%BB%D1%8C%D0%BD%D0%BE%D0%B9%20%D0%BA%D0%B0%D1%80%D1%82%D0%B5,https://www.rustore.ru/catalog/app/com.matricasudbu.app.astro
совместимость по натальной карте,495,4,com.natalchart.natalchartapp,Натальная карта,Образ жизни,,https://static.rustore.ru/imgproxy/9s4XQ6pMLNFavxAbJaiuOoYwnl1RvZb_IRn0-BLSo6E/preset:web_app_icon_62/plain/https://static.rustore.ru/2025/12/25/0a/apk/2063673012/content/ICON/a99cd865-9507-43cc-b17f-4b41c78e45f5.png@webp,2026-07-29T18:46:33.280Z,https://www.rustore.ru/catalog/search?query=%D1%81%D0%BE%D0%B2%D0%BC%D0%B5%D1%81%D1%82%D0%B8%D0%BC%D0%BE%D1%81%D1%82%D1%8C%20%D0%BF%D0%BE%20%D0%BD%D0%B0%D1%82%D0%B0%D0%BB%D1%8C%D0%BD%D0%BE%D0%B9%20%D0%BA%D0%B0%D1%80%D1%82%D0%B5,https://www.rustore.ru/catalog/app/com.natalchart.natalchartapp
совместимость по натальной карте,495,5,ru.z9games.jyotish,Ведаскоп: джйотиш и натальная карта,Образ жизни,,https://static.rustore.ru/imgproxy/HsaaT5buUGX8MqIYO7-p5kJNEMagCnOcfDMS4M2M6ZM/preset:web_app_icon_62/plain/https://static.rustore.ru/2026/6/24/02/apk/2063724173/content/ICON/26228479-06f4-4875-a6f0-366cd7479072.png@webp,2026-07-29T18:46:33.280Z,https://www.rustore.ru/catalog/search?query=%D1%81%D0%BE%D0%B2%D0%BC%D0%B5%D1%81%D1%82%D0%B8%D0%BC%D0%BE%D1%81%D1%82%D1%8C%20%D0%BF%D0%BE%20%D0%BD%D0%B0%D1%82%D0%B0%D0%BB%D1%8C%D0%BD%D0%BE%D0%B9%20%D0%BA%D0%B0%D1%80%D1%82%D0%B5,https://www.rustore.ru/catalog/app/ru.z9games.jyotish
совместимость по натальной карте,495,6,ru.astrolloai.app,Astrollo AI — натальная карта и гороскопы,Образ жизни,,https://static.rustore.ru/imgproxy/2OaiwVIuLve_hKUhfgNzehY4xT7X3vGs1wPINvjQmt0/preset:web_app_icon_62/plain/https://static.rustore.ru/2026/5/13/ec/apk/2063714344/content/ICON/b4d9d4ad-d1ec-450a-8c87-2cab890058fe.png@webp,2026-07-29T18:46:33.280Z,https://www.rustore.ru/catalog/search?query=%D1%81%D0%BE%D0%B2%D0%BC%D0%B5%D1%81%D1%82%D0%B8%D0%BC%D0%BE%D1%81%D1%82%D1%8C%20%D0%BF%D0%BE%20%D0%BD%D0%B0%D1%82%D0%B0%D0%BB%D1%8C%D0%BD%D0%BE%D0%B9%20%D0%BA%D0%B0%D1%80%D1%82%D0%B5,https://www.rustore.ru/catalog/app/ru.astrolloai.app
совместимость по натальной карте,495,7,com.xeen_software.compatibility,Совместимость. Астрология,Образ жизни,,https://static.rustore.ru/imgproxy/_-wAnWxlR3TpW-M1nYUeBFMD78dDp5Ueb0ErbClYcug/preset:web_app_icon_62/plain/https://static.rustore.ru/apk/2063625676/content/ICON/4f740494-b363-4afd-863a-ac643cd97898.jpg@webp,2026-07-29T18:46:33.280Z,https://www.rustore.ru/catalog/search?query=%D1%81%D0%BE%D0%B2%D0%BC%D0%B5%D1%81%D1%82%D0%B8%D0%BC%D0%BE%D1%81%D1%82%D1%8C%20%D0%BF%D0%BE%20%D0%BD%D0%B0%D1%82%D0%B0%D0%BB%D1%8C%D0%BD%D0%BE%D0%B9%20%D0%BA%D0%B0%D1%80%D1%82%D0%B5,https://www.rustore.ru/catalog/app/com.xeen_software.compatibility
совместимость по натальной карте,495,8,com.aiastrologer.app,"AI-Астролог, Таро, Астрология, Гороскоп, Астробот",Образ жизни,,https://static.rustore.ru/imgproxy/3Ld-d7uhG_9cEJ2LiCa6jgaz7lg0Yn7lyGXuEB7Ct8k/preset:web_app_icon_62/plain/https://static.rustore.ru/2026/7/9/a7/apk/2063730874/content/ICON/9883a02f-2920-4a9b-a268-a5a33b24e8ea.png@webp,2026-07-29T18:46:33.280Z,https://www.rustore.ru/catalog/search?query=%D1%81%D0%BE%D0%B2%D0%BC%D0%B5%D1%81%D1%82%D0%B8%D0%BC%D0%BE%D1%81%D1%82%D1%8C%20%D0%BF%D0%BE%20%D0%BD%D0%B0%D1%82%D0%B0%D0%BB%D1%8C%D0%BD%D0%BE%D0%B9%20%D0%BA%D0%B0%D1%80%D1%82%D0%B5,https://www.rustore.ru/catalog/app/com.aiastrologer.app
совместимость по натальной карте,495,9,com.dixtalescat.astrocode,АстроКод: натальная карта,Образ жизни·Развлечения,,https://static.rustore.ru/imgproxy/QGfhcDKFBV1XPqY8mZKGkhQymzBeRZta6wxampAkwCU/preset:web_app_icon_62/plain/https://static.rustore.ru/2026/6/8/0f/apk/2063720975/content/ICON/bef8803c-ad72-444a-bb24-391a3247eac4.png@webp,2026-07-29T18:46:33.280Z,https://www.rustore.ru/catalog/search?query=%D1%81%D0%BE%D0%B2%D0%BC%D0%B5%D1%81%D1%82%D0%B8%D0%BC%D0%BE%D1%81%D1%82%D1%8C%20%D0%BF%D0%BE%20%D0%BD%D0%B0%D1%82%D0%B0%D0%BB%D1%8C%D0%BD%D0%BE%D0%B9%20%D0%BA%D0%B0%D1%80%D1%82%D0%B5,https://www.rustore.ru/catalog/app/com.dixtalescat.astrocode
совместимость по натальной карте,495,10,ru.improg.love,"Совместимость по дате, дню, имени, зодиаку",Образ жизни·Развлечения,,https://static.rustore.ru/imgproxy/ZbRloItW0iBRi3Ei_VQUAxslPSC_8P1UmkXEduiDF3E/preset:web_app_icon_62/plain/https://static.rustore.ru/2025/11/11/33/apk/2063670449/content/ICON/136b22f5-9a20-4f20-a4e6-47fd5de88286.jpg@webp,2026-07-29T18:46:33.280Z,https://www.rustore.ru/catalog/search?query=%D1%81%D0%BE%D0%B2%D0%BC%D0%B5%D1%81%D1%82%D0%B8%D0%BC%D0%BE%D1%81%D1%82%D1%8C%20%D0%BF%D0%BE%20%D0%BD%D0%B0%D1%82%D0%B0%D0%BB%D1%8C%D0%BD%D0%BE%D0%B9%20%D0%BA%D0%B0%D1%80%D1%82%D0%B5,https://www.rustore.ru/catalog/app/ru.improg.love
совместимость по натальной карте,495,11,ru.astreya.app,"Астрея: гороскоп, натальная карта, таро",Образ жизни,,https://static.rustore.ru/imgproxy/ZZLZRn9_c-94Hwa3JIjvp2xSRQZ8qcL6aRjiod6JHS0/preset:web_app_icon_62/plain/https://static.rustore.ru/2026/7/13/8c/apk/2063731934/content/ICON/637f9c4d-1353-4100-9f95-f37c7de8bbc5.png@webp,2026-07-29T18:46:33.280Z,https://www.rustore.ru/catalog/search?query=%D1%81%D0%BE%D0%B2%D0%BC%D0%B5%D1%81%D1%82%D0%B8%D0%BC%D0%BE%D1%81%D1%82%D1%8C%20%D0%BF%D0%BE%20%D0%BD%D0%B0%D1%82%D0%B0%D0%BB%D1%8C%D0%BD%D0%BE%D0%B9%20%D0%BA%D0%B0%D1%80%D1%82%D0%B5,https://www.rustore.ru/catalog/app/ru.astreya.app
совместимость по натальной карте,495,12,ru.neurodzen.app,"Нейродзен — Натальная Карта, Гороскоп, Астрология",Развлечения·Образ жизни,,https://static.rustore.ru/imgproxy/OQ7kWj-v_uYNb5BXMSxvUYei-6uMMhsfa5nehPh3n6o/preset:web_app_icon_62/plain/https://static.rustore.ru/2026/1/12/4f/apk/2063667687/content/ICON/22a1939e-2d55-423b-80f1-f22a82ee2b5c.png@webp,2026-07-29T18:46:33.280Z,https://www.rustore.ru/catalog/search?query=%D1%81%D0%BE%D0%B2%D0%BC%D0%B5%D1%81%D1%82%D0%B8%D0%BC%D0%BE%D1%81%D1%82%D1%8C%20%D0%BF%D0%BE%20%D0%BD%D0%B0%D1%82%D0%B0%D0%BB%D1%8C%D0%BD%D0%BE%D0%B9%20%D0%BA%D0%B0%D1%80%D1%82%D0%B5,https://www.rustore.ru/catalog/app/ru.neurodzen.app
совместимость по натальной карте,495,13,com.astropersona,AstroPersona — твой гороскоп и натальная карта,Образ жизни,,https://static.rustore.ru/imgproxy/yeT5vH4kz-9BL9oXE582buG3mIufkzi-o_8ru0XXGSc/preset:web_app_icon_62/plain/https://static.rustore.ru/2025/10/29/51/apk/2063549954/content/ICON/5fceb594-b2ae-4bab-984f-cdf38055c8bc.png@webp,2026-07-29T18:46:33.280Z,https://www.rustore.ru/catalog/search?query=%D1%81%D0%BE%D0%B2%D0%BC%D0%B5%D1%81%D1%82%D0%B8%D0%BC%D0%BE%D1%81%D1%82%D1%8C%20%D0%BF%D0%BE%20%D0%BD%D0%B0%D1%82%D0%B0%D0%BB%D1%8C%D0%BD%D0%BE%D0%B9%20%D0%BA%D0%B0%D1%80%D1%82%D0%B5,https://www.rustore.ru/catalog/app/com.astropersona
совместимость по натальной карте,495,14,com.koshina.zodiacssigns_compatibility,Совместимость по знаку зодиака,Развлечения,,https://static.rustore.ru/imgproxy/2-JGzYfhKStDDpRdwIXVdz312lNaNMCGrMzLkHLr09s/preset:web_app_icon_62/plain/https://static.rustore.ru/apk/2063584375/content/ICON/2a91991c-c370-48fe-92d0-7ac3bf06bcb9.png@webp,2026-07-29T18:46:33.280Z,https://www.rustore.ru/catalog/search?query=%D1%81%D0%BE%D0%B2%D0%BC%D0%B5%D1%81%D1%82%D0%B8%D0%BC%D0%BE%D1%81%D1%82%D1%8C%20%D0%BF%D0%BE%20%D0%BD%D0%B0%D1%82%D0%B0%D0%BB%D1%8C%D0%BD%D0%BE%D0%B9%20%D0%BA%D0%B0%D1%80%D1%82%D0%B5,https://www.rustore.ru/catalog/app/com.koshina.zodiacssigns_compatibility
совместимость по натальной карте,495,15,com.natalis.flutter_app,Natalist,Образ жизни,,https://static.rustore.ru/imgproxy/zNBOvZsBwsK4Qd8LkkLcT5jzZiK2hgmj535oX_khxk4/preset:web_app_icon_62/plain/https://static.rustore.ru/2026/5/21/95/apk/2063699071/content/ICON/ac6a8339-8cf4-4185-ab0c-7e91ebb7d3f8.png@webp,2026-07-29T18:46:33.280Z,https://www.rustore.ru/catalog/search?query=%D1%81%D0%BE%D0%B2%D0%BC%D0%B5%D1%81%D1%82%D0%B8%D0%BC%D0%BE%D1%81%D1%82%D1%8C%20%D0%BF%D0%BE%20%D0%BD%D0%B0%D1%82%D0%B0%D0%BB%D1%8C%D0%BD%D0%BE%D0%B9%20%D0%BA%D0%B0%D1%80%D1%82%D0%B5,https://www.rustore.ru/catalog/app/com.natalis.flutter_app
совместимость по натальной карте,495,16,com.sopelus.horoscope,"Гороскопы бесплатно, натальная карта",Образ жизни,,https://static.rustore.ru/imgproxy/6Y2EnbUmAeSntLHRzoX7VP5iRHM6InMeJHZao6yYG00/preset:web_app_icon_62/plain/https://static.rustore.ru/apk/2063642700/content/ICON/4cf492a6-1c93-45d7-89fc-41600dc6d076.png@webp,2026-07-29T18:46:33.280Z,https://www.rustore.ru/catalog/search?query=%D1%81%D0%BE%D0%B2%D0%BC%D0%B5%D1%81%D1%82%D0%B8%D0%BC%D0%BE%D1%81%D1%82%D1%8C%20%D0%BF%D0%BE%20%D0%BD%D0%B0%D1%82%D0%B0%D0%BB%D1%8C%D0%BD%D0%BE%D0%B9%20%D0%BA%D0%B0%D1%80%D1%82%D0%B5,https://www.rustore.ru/catalog/app/com.sopelus.horoscope
совместимость по натальной карте,495,17,ru.astrai.app,AstrAi — натальная карта и гороскоп,Образ жизни,,https://static.rustore.ru/imgproxy/KbUVotyglHzyEmsQ36ejj6z2B43JC9Qv8C4BIPx7ens/preset:web_app_icon_62/plain/https://static.rustore.ru/2026/7/8/08/apk/2063730771/content/ICON/490a8eb2-cbda-4812-8cad-60468e80d3bb.png@webp,2026-07-29T18:46:33.280Z,https://www.rustore.ru/catalog/search?query=%D1%81%D0%BE%D0%B2%D0%BC%D0%B5%D1%81%D1%82%D0%B8%D0%BC%D0%BE%D1%81%D1%82%D1%8C%20%D0%BF%D0%BE%20%D0%BD%D0%B0%D1%82%D0%B0%D0%BB%D1%8C%D0%BD%D0%BE%D0%B9%20%D0%BA%D0%B0%D1%80%D1%82%D0%B5,https://www.rustore.ru/catalog/app/ru.astrai.app
совместимость по натальной карте,495,18,com.koshina.lovematch,Тест любви - Совместимость,Развлечения,,https://static.rustore.ru/imgproxy/tkIOlghrXQaqS37MGyCcyBu9KeuxQgbtqJLFuI_FoFQ/preset:web_app_icon_62/plain/https://static.rustore.ru/apk/2063559775/content/ICON/ad1a56ae-214c-4c5a-ae5a-f2150773ec87.png@webp,2026-07-29T18:46:33.280Z,https://www.rustore.ru/catalog/search?query=%D1%81%D0%BE%D0%B2%D0%BC%D0%B5%D1%81%D1%82%D0%B8%D0%BC%D0%BE%D1%81%D1%82%D1%8C%20%D0%BF%D0%BE%20%D0%BD%D0%B0%D1%82%D0%B0%D0%BB%D1%8C%D0%BD%D0%BE%D0%B9%20%D0%BA%D0%B0%D1%80%D1%82%D0%B5,https://www.rustore.ru/catalog/app/com.koshina.lovematch
совместимость по натальной карте,495,19,com.birth.chart.natal.horoscope.astrology.tarot,Натальная карта - AstroChart,Образ жизни,,https://static.rustore.ru/imgproxy/kYn6WYK2IDY4v1sIV0wlsg6DB8jeB95gsXRYp_F_KHQ/preset:web_app_icon_62/plain/https://static.rustore.ru/2025/10/6/83/apk/2063662829/content/ICON/444f59ea-7142-4bc7-83b0-95c3592a10b2.png@webp,2026-07-29T18:46:33.280Z,https://www.rustore.ru/catalog/search?query=%D1%81%D0%BE%D0%B2%D0%BC%D0%B5%D1%81%D1%82%D0%B8%D0%BC%D0%BE%D1%81%D1%82%D1%8C%20%D0%BF%D0%BE%20%D0%BD%D0%B0%D1%82%D0%B0%D0%BB%D1%8C%D0%BD%D0%BE%D0%B9%20%D0%BA%D0%B0%D1%80%D1%82%D0%B5,https://www.rustore.ru/catalog/app/com.birth.chart.natal.horoscope.astrology.tarot
совместимость по натальной карте,495,20,ru.astramira.goroscope.taro.sonnik,AstraMira: Гороскопы и Таро,Образ жизни,,https://static.rustore.ru/imgproxy/H68ld0dDF-w4DMnNn40JwaGks3Qa4tMx3WMmJhDwLYo/preset:web_app_icon_62/plain/https://static.rustore.ru/2026/4/27/56/apk/2063710522/content/ICON/f4078a2a-8ee7-40bc-8afc-18d567209040.png@webp,2026-07-29T18:46:33.280Z,https://www.rustore.ru/catalog/search?query=%D1%81%D0%BE%D0%B2%D0%BC%D0%B5%D1%81%D1%82%D0%B8%D0%BC%D0%BE%D1%81%D1%82%D1%8C%20%D0%BF%D0%BE%20%D0%BD%D0%B0%D1%82%D0%B0%D0%BB%D1%8C%D0%BD%D0%BE%D0%B9%20%D0%BA%D0%B0%D1%80%D1%82%D0%B5,https://www.rustore.ru/catalog/app/ru.astramira.goroscope.taro.sonnik
синастрия,47,1,com.xeen_software.compatibility,Совместимость. Астрология,Образ жизни,,https://static.rustore.ru/imgproxy/_-wAnWxlR3TpW-M1nYUeBFMD78dDp5Ueb0ErbClYcug/preset:web_app_icon_62/plain/https://static.rustore.ru/apk/2063625676/content/ICON/4f740494-b363-4afd-863a-ac643cd97898.jpg@webp,2026-07-29T18:46:34.823Z,https://www.rustore.ru/catalog/search?query=%D1%81%D0%B8%D0%BD%D0%B0%D1%81%D1%82%D1%80%D0%B8%D1%8F,https://www.rustore.ru/catalog/app/com.xeen_software.compatibility
синастрия,47,2,com.semnon.astrovfr,AstroVizor,Образ жизни,,https://static.rustore.ru/imgproxy/gzTwgAXHr4AkIcih1f8Z7cXgwPWOVdO27oRFsKypf_I/preset:web_app_icon_62/plain/https://static.rustore.ru/apk/2063535581/content/ICON/97ad5afa-a494-41dd-ac8d-459f96a9b39d.png@webp,2026-07-29T18:46:34.823Z,https://www.rustore.ru/catalog/search?query=%D1%81%D0%B8%D0%BD%D0%B0%D1%81%D1%82%D1%80%D0%B8%D1%8F,https://www.rustore.ru/catalog/app/com.semnon.astrovfr
синастрия,47,3,io.cordova.astromatrix,AstroMatrix Birth Horoscopes,Образ жизни,,https://static.rustore.ru/imgproxy/1o6dS_tbmgoHwxqyWbnb4lP-5jC7KvpWyhPVGOO3E44/preset:web_app_icon_62/plain/https://static.rustore.ru/apk/2063625917/content/ICON/d9a1eb34-eb94-4bab-a8fd-0c4d7aca3f38.png@webp,2026-07-29T18:46:34.823Z,https://www.rustore.ru/catalog/search?query=%D1%81%D0%B8%D0%BD%D0%B0%D1%81%D1%82%D1%80%D0%B8%D1%8F,https://www.rustore.ru/catalog/app/io.cordova.astromatrix
синастрия,47,4,com.example.visionwise,VisionWise - Астрологический советник,Образ жизни,,https://static.rustore.ru/imgproxy/6xqC8WE8_66iaOAsoo6poWzGuWFGW0WyKlV3qZ6_S9g/preset:web_app_icon_62/plain/https://static.rustore.ru/2026/7/15/ea/apk/2063732925/content/ICON/9e916421-8901-4107-8aa8-2ce69f2b5f77.png@webp,2026-07-29T18:46:34.823Z,https://www.rustore.ru/catalog/search?query=%D1%81%D0%B8%D0%BD%D0%B0%D1%81%D1%82%D1%80%D0%B8%D1%8F,https://www.rustore.ru/catalog/app/com.example.visionwise
синастрия,47,5,pro.salamandra.app,Salamandra — астрология,Образ жизни,,https://static.rustore.ru/imgproxy/96ErwjydMO-DTnYJsXCZb0VZUchv_QGGQv_YSE8o0yE/preset:web_app_icon_62/plain/https://static.rustore.ru/2026/5/19/b2/apk/2063713822/content/ICON/3631c866-6e5d-4912-b7b6-eedc539c16cd.png@webp,2026-07-29T18:46:34.823Z,https://www.rustore.ru/catalog/search?query=%D1%81%D0%B8%D0%BD%D0%B0%D1%81%D1%82%D1%80%D0%B8%D1%8F,https://www.rustore.ru/catalog/app/pro.salamandra.app
синастрия,47,6,ru.astro.chartspro,Астрологические Карты Pro,Образ жизни,,https://static.rustore.ru/imgproxy/H7yWs1c8FEoh13kPEN8FrjJKP74aPcrZPAAwyIC5Loo/preset:web_app_icon_62/plain/https://static.rustore.ru/apk/2063491770/content/ICON/f06bbe92-b75b-4a58-84ff-973399f9d848.png@webp,2026-07-29T18:46:34.823Z,https://www.rustore.ru/catalog/search?query=%D1%81%D0%B8%D0%BD%D0%B0%D1%81%D1%82%D1%80%D0%B8%D1%8F,https://www.rustore.ru/catalog/app/ru.astro.chartspro
синастрия,47,7,ru.astro.chartslite,Астрологические Карты Lite,Образ жизни,,https://static.rustore.ru/imgproxy/AZ0OLjvPtQNEOmm3E1sTPzoRKxq3oQjFKouCo91WOQU/preset:web_app_icon_62/plain/https://static.rustore.ru/apk/2063491774/content/ICON/6faad8e3-adb7-43e9-8d33-7cbd343aeec5.png@webp,2026-07-29T18:46:34.823Z,https://www.rustore.ru/catalog/search?query=%D1%81%D0%B8%D0%BD%D0%B0%D1%81%D1%82%D1%80%D0%B8%D1%8F,https://www.rustore.ru/catalog/app/ru.astro.chartslite
синастрия,47,8,com.natalchart.natalchartapp,Натальная карта,Образ жизни,,https://static.rustore.ru/imgproxy/9s4XQ6pMLNFavxAbJaiuOoYwnl1RvZb_IRn0-BLSo6E/preset:web_app_icon_62/plain/https://static.rustore.ru/2025/12/25/0a/apk/2063673012/content/ICON/a99cd865-9507-43cc-b17f-4b41c78e45f5.png@webp,2026-07-29T18:46:34.823Z,https://www.rustore.ru/catalog/search?query=%D1%81%D0%B8%D0%BD%D0%B0%D1%81%D1%82%D1%80%D0%B8%D1%8F,https://www.rustore.ru/catalog/app/com.natalchart.natalchartapp
синастрия,47,9,ru.astrai.app,AstrAi — натальная карта и гороскоп,Образ жизни,,https://static.rustore.ru/imgproxy/KbUVotyglHzyEmsQ36ejj6z2B43JC9Qv8C4BIPx7ens/preset:web_app_icon_62/plain/https://static.rustore.ru/2026/7/8/08/apk/2063730771/content/ICON/490a8eb2-cbda-4812-8cad-60468e80d3bb.png@webp,2026-07-29T18:46:34.823Z,https://www.rustore.ru/catalog/search?query=%D1%81%D0%B8%D0%BD%D0%B0%D1%81%D1%82%D1%80%D0%B8%D1%8F,https://www.rustore.ru/catalog/app/ru.astrai.app
синастрия,47,10,chart.astrolog.ru,AstroQuant AI,Образ жизни,,https://static.rustore.ru/imgproxy/UAHyPcg9n_58ZGu7n9ypjLdrdFiChuNDuAdFD1hTvyw/preset:web_app_icon_62/plain/https://static.rustore.ru/2026/1/14/0c/apk/2063686097/content/ICON/c8f69ef8-8dc7-46d1-b7aa-5646f9d43e48.png@webp,2026-07-29T18:46:34.823Z,https://www.rustore.ru/catalog/search?query=%D1%81%D0%B8%D0%BD%D0%B0%D1%81%D1%82%D1%80%D0%B8%D1%8F,https://www.rustore.ru/catalog/app/chart.astrolog.ru
синастрия,47,11,com.fateai.app,"Гороскоп, Таро, Сонник, Натальная карта Fate AI",Образ жизни,,https://static.rustore.ru/imgproxy/oSeARI71uUXhChG-u82kHpUjKDOYTxf_LgbDsYJTIwg/preset:web_app_icon_62/plain/https://static.rustore.ru/2026/6/1/87/apk/2063719393/content/ICON/ded21b42-105c-42ef-9d69-0838397721af.png@webp,2026-07-29T18:46:34.823Z,https://www.rustore.ru/catalog/search?query=%D1%81%D0%B8%D0%BD%D0%B0%D1%81%D1%82%D1%80%D0%B8%D1%8F,https://www.rustore.ru/catalog/app/com.fateai.app
синастрия,47,12,com.axwap.astrology,AxWap Астрология,Образ жизни,,https://static.rustore.ru/imgproxy/W72btgUuqlaL9xKXQewWbUZcjGWZcJLjhuXx1EZCsYg/preset:web_app_icon_62/plain/https://static.rustore.ru/2025/10/27/58/apk/2063572788/content/ICON/d35201dc-d5a1-4e2a-b2d0-16f137a92ae6.png@webp,2026-07-29T18:46:34.823Z,https://www.rustore.ru/catalog/search?query=%D1%81%D0%B8%D0%BD%D0%B0%D1%81%D1%82%D1%80%D0%B8%D1%8F,https://www.rustore.ru/catalog/app/com.axwap.astrology
синастрия,47,13,ru.astro.charts,Астрологические Карты,Образ жизни,,https://static.rustore.ru/imgproxy/Jqdw3DubicZmFzWE4TZo2z6sYT8RH-AJXpSCBRSCfvk/preset:web_app_icon_62/plain/https://static.rustore.ru/apk/2063491767/content/ICON/eacbdfd0-518d-4e42-a312-bcc95e25e748.png@webp,2026-07-29T18:46:34.823Z,https://www.rustore.ru/catalog/search?query=%D1%81%D0%B8%D0%BD%D0%B0%D1%81%D1%82%D1%80%D0%B8%D1%8F,https://www.rustore.ru/catalog/app/ru.astro.charts
синастрия,47,14,gilbert.syndrome.guidelines,Синдром Жильбера,Здоровье·Образ жизни,,https://static.rustore.ru/imgproxy/D2VI0M9wqgxrd8GYg_aqK_7zPChEeiT6IjeJEuSAh1c/preset:web_app_icon_62/plain/https://static.rustore.ru/apk/2063485243/content/ICON/ec3e79fc-0140-4b53-b02e-9da21866552a.png@webp,2026-07-29T18:46:34.823Z,https://www.rustore.ru/catalog/search?query=%D1%81%D0%B8%D0%BD%D0%B0%D1%81%D1%82%D1%80%D0%B8%D1%8F,https://www.rustore.ru/catalog/app/gilbert.syndrome.guidelines
синастрия,47,15,com.svector.stereo_images,Стереокартинки,Образ жизни·Развлечения,,https://static.rustore.ru/imgproxy/ibYZzmb1XhvjZjmYhy2a6zaLFJB3FK-VL4ljZQJa3tY/preset:web_app_icon_62/plain/https://static.rustore.ru/apk/1806788799/content/ICON/618b8880-9ab4-495d-a592-ff262c55ae9a.png@webp,2026-07-29T18:46:34.823Z,https://www.rustore.ru/catalog/search?query=%D1%81%D0%B8%D0%BD%D0%B0%D1%81%D1%82%D1%80%D0%B8%D1%8F,https://www.rustore.ru/catalog/app/com.svector.stereo_images
синастрия,47,16,com.lovesync.lovesync,LoveSync,Полезные инструменты·Образ жизни,,https://static.rustore.ru/imgproxy/yGJRR5RgviIBDaiOk13oB3KoQZQkRUfq7XIYZfrW-LQ/preset:web_app_icon_62/plain/https://static.rustore.ru/2026/4/1/9c/apk/2063704688/content/ICON/0cd9638f-cb3b-44b8-8434-9c8dcd12d125.png@webp,2026-07-29T18:46:34.823Z,https://www.rustore.ru/catalog/search?query=%D1%81%D0%B8%D0%BD%D0%B0%D1%81%D1%82%D1%80%D0%B8%D1%8F,https://www.rustore.ru/catalog/app/com.lovesync.lovesync
синастрия,47,17,ru.astinnovation.synapse,Синапс,Бизнес-сервисы,,https://static.rustore.ru/imgproxy/1rmc-pur6SgFbI2a0WwH-u-0VDrpW-neX2DfSB-8tLY/preset:web_app_icon_62/plain/https://static.rustore.ru/apk/5538495/content/ICON/81824bdd-8eb6-40f1-9875-c4e217a1e336.png@webp,2026-07-29T18:46:34.823Z,https://www.rustore.ru/catalog/search?query=%D1%81%D0%B8%D0%BD%D0%B0%D1%81%D1%82%D1%80%D0%B8%D1%8F,https://www.rustore.ru/catalog/app/ru.astinnovation.synapse
синастрия,47,18,com.astrobook,AstroBook: Astrology Universe,Образ жизни,,https://static.rustore.ru/imgproxy/5rFrRCmNFCcDhpNR_FnQHZTrJFi_waZsRo2uR72cgoA/preset:web_app_icon_62/plain/https://static.rustore.ru/2026/2/11/f8/apk/2063694456/content/ICON/e114489d-3c63-4e16-90c4-3653caf309ed.png@webp,2026-07-29T18:46:34.823Z,https://www.rustore.ru/catalog/search?query=%D1%81%D0%B8%D0%BD%D0%B0%D1%81%D1%82%D1%80%D0%B8%D1%8F,https://www.rustore.ru/catalog/app/com.astrobook
синастрия,47,19,ru.astrosmap.app,AstroSMap,Образ жизни,,https://static.rustore.ru/imgproxy/AWyGgaa09gJc0_zeG7ABrP0dimJOVHmuRTsiHJi6S2Y/preset:web_app_icon_62/plain/https://static.rustore.ru/2026/7/24/b0/apk/2063733540/content/ICON/a9b6a985-b50e-46fa-a097-b594d6ebab4f.png@webp,2026-07-29T18:46:34.823Z,https://www.rustore.ru/catalog/search?query=%D1%81%D0%B8%D0%BD%D0%B0%D1%81%D1%82%D1%80%D0%B8%D1%8F,https://www.rustore.ru/catalog/app/ru.astrosmap.app
синастрия,47,20,ru.astrolloai.app,Astrollo AI — натальная карта и гороскопы,Образ жизни,,https://static.rustore.ru/imgproxy/2OaiwVIuLve_hKUhfgNzehY4xT7X3vGs1wPINvjQmt0/preset:web_app_icon_62/plain/https://static.rustore.ru/2026/5/13/ec/apk/2063714344/content/ICON/b4d9d4ad-d1ec-450a-8c87-2cab890058fe.png@webp,2026-07-29T18:46:34.823Z,https://www.rustore.ru/catalog/search?query=%D1%81%D0%B8%D0%BD%D0%B0%D1%81%D1%82%D1%80%D0%B8%D1%8F,https://www.rustore.ru/catalog/app/ru.astrolloai.app
синастрия онлайн,492,1,com.invitro.app,INVITRO — здоровье и анализы,Здоровье,,https://static.rustore.ru/imgproxy/L4kRrCmgz7UWBvdR2dDwt4JB9RCEQKhjKhgcSuw-Qic/preset:web_app_icon_62/plain/https://static.rustore.ru/2026/3/31/95/apk/214719/content/ICON/dee6b350-0189-468f-94c5-0c0f1156dd33.png@webp,2026-07-29T18:46:36.487Z,https://www.rustore.ru/catalog/search?query=%D1%81%D0%B8%D0%BD%D0%B0%D1%81%D1%82%D1%80%D0%B8%D1%8F%20%D0%BE%D0%BD%D0%BB%D0%B0%D0%B9%D0%BD,https://www.rustore.ru/catalog/app/com.invitro.app
синастрия онлайн,492,2,ru.dikidi,DIKIDI Online,Объявления и услуги,,https://static.rustore.ru/imgproxy/evYubrjR3q6reNTP3JjQf63VycyaaDhB3LBgqIuKkn0/preset:web_app_icon_62/plain/https://static.rustore.ru/2026/1/28/84/apk/344703167/content/ICON/c21fdcb7-dd11-469f-9d34-7f34e3a66d03.png@webp,2026-07-29T18:46:36.487Z,https://www.rustore.ru/catalog/search?query=%D1%81%D0%B8%D0%BD%D0%B0%D1%81%D1%82%D1%80%D0%B8%D1%8F%20%D0%BE%D0%BD%D0%BB%D0%B0%D0%B9%D0%BD,https://www.rustore.ru/catalog/app/ru.dikidi
синастрия онлайн,492,3,com.piter.systema,SYSTEMA: Анатомический Атлас,Образование,,https://static.rustore.ru/imgproxy/j2cbjL2V-s5pzjoi5hIYiw6jecx1p_D-zbqOsdCJlc4/preset:web_app_icon_62/plain/https://static.rustore.ru/apk/812476607/content/ICON/d4603e06-e68d-4fce-b5da-dd1bfc604b8f.jpg@webp,2026-07-29T18:46:36.487Z,https://www.rustore.ru/catalog/search?query=%D1%81%D0%B8%D0%BD%D0%B0%D1%81%D1%82%D1%80%D0%B8%D1%8F%20%D0%BE%D0%BD%D0%BB%D0%B0%D0%B9%D0%BD,https://www.rustore.ru/catalog/app/com.piter.systema
синастрия онлайн,492,4,ru.napopravku,НаПоправку — врачи онлайн 24/7,Здоровье,,https://static.rustore.ru/imgproxy/-oqZ-mUmvOAoUC746-LUBg3omgVsVv6zsDo-JO9THjY/preset:web_app_icon_62/plain/https://static.rustore.ru/apk/27350719/content/ICON/a0c468bc-d687-4766-945f-53d20ec8f1f1.png@webp,2026-07-29T18:46:36.487Z,https://www.rustore.ru/catalog/search?query=%D1%81%D0%B8%D0%BD%D0%B0%D1%81%D1%82%D1%80%D0%B8%D1%8F%20%D0%BE%D0%BD%D0%BB%D0%B0%D0%B9%D0%BD,https://www.rustore.ru/catalog/app/ru.napopravku
синастрия онлайн,492,5,ru.astinnovation.synapse,Синапс,Бизнес-сервисы,,https://static.rustore.ru/imgproxy/1rmc-pur6SgFbI2a0WwH-u-0VDrpW-neX2DfSB-8tLY/preset:web_app_icon_62/plain/https://static.rustore.ru/apk/5538495/content/ICON/81824bdd-8eb6-40f1-9875-c4e217a1e336.png@webp,2026-07-29T18:46:36.487Z,https://www.rustore.ru/catalog/search?query=%D1%81%D0%B8%D0%BD%D0%B0%D1%81%D1%82%D1%80%D0%B8%D1%8F%20%D0%BE%D0%BD%D0%BB%D0%B0%D0%B9%D0%BD,https://www.rustore.ru/catalog/app/ru.astinnovation.synapse
синастрия онлайн,492,6,com.sprosivracha.app,СпросиВрача: медицинские консультации онлайн,Здоровье,,https://static.rustore.ru/imgproxy/8XIz3qPdCU9NARXhj_dFCt_UiapbFNu9S2W5bra3VvI/preset:web_app_icon_62/plain/https://static.rustore.ru/2026/1/21/40/apk/2063560516/content/ICON/f9110fc1-a72f-4f07-98a9-0e3adf714bc0.png@webp,2026-07-29T18:46:36.487Z,https://www.rustore.ru/catalog/search?query=%D1%81%D0%B8%D0%BD%D0%B0%D1%81%D1%82%D1%80%D0%B8%D1%8F%20%D0%BE%D0%BD%D0%BB%D0%B0%D0%B9%D0%BD,https://www.rustore.ru/catalog/app/com.sprosivracha.app
синастрия онлайн,492,7,ru.palitramed.app,Палитра: Клиника и здоровье,Здоровье,,https://static.rustore.ru/imgproxy/dRGqrQ_T4qJWSY9ZOossaSuQxV67R0KKjpehaBO5q-8/preset:web_app_icon_62/plain/https://static.rustore.ru/apk/2063614615/content/ICON/ece12fbb-1094-42f9-a909-e343df3bd268.png@webp,2026-07-29T18:46:36.487Z,https://www.rustore.ru/catalog/search?query=%D1%81%D0%B8%D0%BD%D0%B0%D1%81%D1%82%D1%80%D0%B8%D1%8F%20%D0%BE%D0%BD%D0%BB%D0%B0%D0%B9%D0%BD,https://www.rustore.ru/catalog/app/ru.palitramed.app
синастрия онлайн,492,8,com.fateai.app,"Гороскоп, Таро, Сонник, Натальная карта Fate AI",Образ жизни,,https://static.rustore.ru/imgproxy/oSeARI71uUXhChG-u82kHpUjKDOYTxf_LgbDsYJTIwg/preset:web_app_icon_62/plain/https://static.rustore.ru/2026/6/1/87/apk/2063719393/content/ICON/ded21b42-105c-42ef-9d69-0838397721af.png@webp,2026-07-29T18:46:36.487Z,https://www.rustore.ru/catalog/search?query=%D1%81%D0%B8%D0%BD%D0%B0%D1%81%D1%82%D1%80%D0%B8%D1%8F%20%D0%BE%D0%BD%D0%BB%D0%B0%D0%B9%D0%BD,https://www.rustore.ru/catalog/app/com.fateai.app
синастрия онлайн,492,9,com.cynteka.cynteka,Синтека,Бизнес-сервисы,,https://static.rustore.ru/imgproxy/az-TrPKTIxe9LNIU5DB11ujMwUgEa5TIZZ46lAJ3QU0/preset:web_app_icon_62/plain/https://static.rustore.ru/apk/2063644094/content/ICON/405ed895-b5b6-42e2-b7ff-dff07cdf1122.png@webp,2026-07-29T18:46:36.487Z,https://www.rustore.ru/catalog/search?query=%D1%81%D0%B8%D0%BD%D0%B0%D1%81%D1%82%D1%80%D0%B8%D1%8F%20%D0%BE%D0%BD%D0%BB%D0%B0%D0%B9%D0%BD,https://www.rustore.ru/catalog/app/com.cynteka.cynteka
синастрия онлайн,492,10,com.ufo.disease,Все заболевания Offline,Здоровье,,https://static.rustore.ru/imgproxy/ShKHPWWU6Q5Lvr8VMmy3oec3Qc0OBr17Z_cyshZFjG8/preset:web_app_icon_62/plain/https://static.rustore.ru/apk/2063590125/content/ICON/58da7a95-bbf6-4182-a33b-fd928287ae3e.png@webp,2026-07-29T18:46:36.487Z,https://www.rustore.ru/catalog/search?query=%D1%81%D0%B8%D0%BD%D0%B0%D1%81%D1%82%D1%80%D0%B8%D1%8F%20%D0%BE%D0%BD%D0%BB%D0%B0%D0%B9%D0%BD,https://www.rustore.ru/catalog/app/com.ufo.disease
синастрия онлайн,492,11,ru.medicine_it.medonline,Медицина онлайн,Здоровье,,https://static.rustore.ru/imgproxy/poxmUZFKUt0uvfoYoCPu4yXEDGpwjufXJcOo4XqXL44/preset:web_app_icon_62/plain/https://static.rustore.ru/apk/400742591/content/ICON/5b8dc5f8-1488-43c1-8d5c-1b9818921acc.png@webp,2026-07-29T18:46:36.487Z,https://www.rustore.ru/catalog/search?query=%D1%81%D0%B8%D0%BD%D0%B0%D1%81%D1%82%D1%80%D0%B8%D1%8F%20%D0%BE%D0%BD%D0%BB%D0%B0%D0%B9%D0%BD,https://www.rustore.ru/catalog/app/ru.medicine_it.medonline
синастрия онлайн,492,12,com.yclients.yplaces,YPLACES — онлайн-запись,Бизнес-сервисы,,https://static.rustore.ru/imgproxy/GSCHVfMiIVEQ5qIdk94XY1POm61rpINBOZIYm3Vn3ms/preset:web_app_icon_62/plain/https://static.rustore.ru/apk/2063543729/content/ICON/8c38664a-066a-45d0-807f-cee936e79e7d.png@webp,2026-07-29T18:46:36.487Z,https://www.rustore.ru/catalog/search?query=%D1%81%D0%B8%D0%BD%D0%B0%D1%81%D1%82%D1%80%D0%B8%D1%8F%20%D0%BE%D0%BD%D0%BB%D0%B0%D0%B9%D0%BD,https://www.rustore.ru/catalog/app/com.yclients.yplaces
синастрия онлайн,492,13,com.grand.cr,Grand Mobile: РП жизнь и гонки онлайн,Симуляторы·Ролевые,,https://static.rustore.ru/imgproxy/mP__ABiZXdhV6aCm5OkFD7vVZ6SycskjMBB5cV-n9HM/preset:web_app_icon_62/plain/https://static.rustore.ru/2026/5/7/92/apk/2063550945/content/ICON/e2f862d2-1b6b-4e4a-a23f-241d9edd4f8b.png@webp,2026-07-29T18:46:36.487Z,https://www.rustore.ru/catalog/search?query=%D1%81%D0%B8%D0%BD%D0%B0%D1%81%D1%82%D1%80%D0%B8%D1%8F%20%D0%BE%D0%BD%D0%BB%D0%B0%D0%B9%D0%BD,https://www.rustore.ru/catalog/app/com.grand.cr
синастрия онлайн,492,14,io.cordova.astromatrix,AstroMatrix Birth Horoscopes,Образ жизни,,https://static.rustore.ru/imgproxy/1o6dS_tbmgoHwxqyWbnb4lP-5jC7KvpWyhPVGOO3E44/preset:web_app_icon_62/plain/https://static.rustore.ru/apk/2063625917/content/ICON/d9a1eb34-eb94-4bab-a8fd-0c4d7aca3f38.png@webp,2026-07-29T18:46:36.487Z,https://www.rustore.ru/catalog/search?query=%D1%81%D0%B8%D0%BD%D0%B0%D1%81%D1%82%D1%80%D0%B8%D1%8F%20%D0%BE%D0%BD%D0%BB%D0%B0%D0%B9%D0%BD,https://www.rustore.ru/catalog/app/io.cordova.astromatrix
синастрия онлайн,492,15,ru.domopult.mosobleirc.android,МосОблЕИРЦ Онлайн,Полезные инструменты,,https://static.rustore.ru/imgproxy/NDif06exK6NXp4jJIeR1MINh3kaP3skqeOw6tviaUHM/preset:web_app_icon_62/plain/https://static.rustore.ru/apk/2063635149/content/ICON/53d9b9af-cbb7-4cee-b93d-dfe2b06e22c0.png@webp,2026-07-29T18:46:36.487Z,https://www.rustore.ru/catalog/search?query=%D1%81%D0%B8%D0%BD%D0%B0%D1%81%D1%82%D1%80%D0%B8%D1%8F%20%D0%BE%D0%BD%D0%BB%D0%B0%D0%B9%D0%BD,https://www.rustore.ru/catalog/app/ru.domopult.mosobleirc.android
синастрия онлайн,492,16,ru.sibisplit.ecoapp,SibiSplit,Здоровье·Образ жизни,,https://static.rustore.ru/imgproxy/_nZ94vTR1hrCqwUTptxblhbCpC-BQf8Y9Zu1l5FiO-o/preset:web_app_icon_62/plain/https://static.rustore.ru/apk/2063596016/content/ICON/52e42ec3-91c1-4836-99c2-58de3f425b0b.png@webp,2026-07-29T18:46:36.487Z,https://www.rustore.ru/catalog/search?query=%D1%81%D0%B8%D0%BD%D0%B0%D1%81%D1%82%D1%80%D0%B8%D1%8F%20%D0%BE%D0%BD%D0%BB%D0%B0%D0%B9%D0%BD,https://www.rustore.ru/catalog/app/ru.sibisplit.ecoapp
синастрия онлайн,492,17,com.drobucs.hystologia,Histoexam,Образование,,https://static.rustore.ru/imgproxy/mrsdEB1ea34aL7ZefGCN60qAApSxi6aDVc62HXTxhVY/preset:web_app_icon_62/plain/https://static.rustore.ru/apk/1903236031/content/ICON/8377c4ad-ff9b-46d4-ba23-93f568201a4e.png@webp,2026-07-29T18:46:36.487Z,https://www.rustore.ru/catalog/search?query=%D1%81%D0%B8%D0%BD%D0%B0%D1%81%D1%82%D1%80%D0%B8%D1%8F%20%D0%BE%D0%BD%D0%BB%D0%B0%D0%B9%D0%BD,https://www.rustore.ru/catalog/app/com.drobucs.hystologia
синастрия онлайн,492,18,ru.mts.smartmed,SmartMed: врачи онлайн,Здоровье,,https://static.rustore.ru/imgproxy/XuPCSClO6V0w1b3sjk5LB8bpszLQ6Zcj4xGZypfleKM/preset:web_app_icon_62/plain/https://static.rustore.ru/2025/11/14/df/apk/2063538544/content/ICON/467c9583-fb0d-4f8b-b791-d12468b9d237.png@webp,2026-07-29T18:46:36.487Z,https://www.rustore.ru/catalog/search?query=%D1%81%D0%B8%D0%BD%D0%B0%D1%81%D1%82%D1%80%D0%B8%D1%8F%20%D0%BE%D0%BD%D0%BB%D0%B0%D0%B9%D0%BD,https://www.rustore.ru/catalog/app/ru.mts.smartmed
синастрия онлайн,492,19,ru.mmt.onlinedoctor,Онлайн Доктор,Здоровье,,https://static.rustore.ru/imgproxy/_je_V9xj7Kaddzy-BAKQb3Q7Zycw-OEFk8t5ZUi2uvw/preset:web_app_icon_62/plain/https://static.rustore.ru/apk/1743528383/content/ICON/f54b306e-9da3-46ea-8bc6-10d2fdc193f1.png@webp,2026-07-29T18:46:36.487Z,https://www.rustore.ru/catalog/search?query=%D1%81%D0%B8%D0%BD%D0%B0%D1%81%D1%82%D1%80%D0%B8%D1%8F%20%D0%BE%D0%BD%D0%BB%D0%B0%D0%B9%D0%BD,https://www.rustore.ru/catalog/app/ru.mmt.onlinedoctor
синастрия онлайн,492,20,com.synprez.fm,Синтезатор FM [СинпрэFM II],Развлечения,,https://static.rustore.ru/imgproxy/v3b1N3B_NTY5Ni2dRH3zLS58zqEMKWtFa8KfgFB2pd8/preset:web_app_icon_62/plain/https://static.rustore.ru/apk/2063594973/content/ICON/6a9dcece-417f-45d8-ade3-fce14ffbb75f.png@webp,2026-07-29T18:46:36.487Z,https://www.rustore.ru/catalog/search?query=%D1%81%D0%B8%D0%BD%D0%B0%D1%81%D1%82%D1%80%D0%B8%D1%8F%20%D0%BE%D0%BD%D0%BB%D0%B0%D0%B9%D0%BD,https://www.rustore.ru/catalog/app/com.synprez.fm
расчет синастрии,499,1,com.quirco.sanatorium.mobile,«Санаториум»,Полезные инструменты·Объявления и услуги,,https://static.rustore.ru/imgproxy/UV8OudbZdxCA8E2-wBfA3R4JGkHhkqQflczdclshoRg/preset:web_app_icon_62/plain/https://static.rustore.ru/apk/965776319/content/ICON/38ebb4c3-e3d2-445d-83c0-b3ff839a1b60.png@webp,2026-07-29T18:46:38.327Z,https://www.rustore.ru/catalog/search?query=%D1%80%D0%B0%D1%81%D1%87%D0%B5%D1%82%20%D1%81%D0%B8%D0%BD%D0%B0%D1%81%D1%82%D1%80%D0%B8%D0%B8,https://www.rustore.ru/catalog/app/com.quirco.sanatorium.mobile
расчет синастрии,499,2,com.quirco.sanatorium,Санаториум. Отпуск процедур,Бизнес-сервисы·Здоровье,,https://static.rustore.ru/imgproxy/XvtFJ8RgoOwbel_2yKEHs_pZKcdh3RLiyqYCOtYy6ys/preset:web_app_icon_62/plain/https://static.rustore.ru/apk/960790719/content/ICON/1359a989-a101-43a0-a326-fb2f77153d38.png@webp,2026-07-29T18:46:38.327Z,https://www.rustore.ru/catalog/search?query=%D1%80%D0%B0%D1%81%D1%87%D0%B5%D1%82%20%D1%81%D0%B8%D0%BD%D0%B0%D1%81%D1%82%D1%80%D0%B8%D0%B8,https://www.rustore.ru/catalog/app/com.quirco.sanatorium
расчет синастрии,499,3,com.putevka.app,Путевка.ком,Путешествия,,https://static.rustore.ru/imgproxy/uZaX7f-6TV3HP7iIXz5UEWKopnHCF2JZpTd8SeJijNA/preset:web_app_icon_62/plain/https://static.rustore.ru/2025/9/29/55/apk/2063660876/content/ICON/3bab1cdf-ec3c-4408-a34a-2127666c53a8.png@webp,2026-07-29T18:46:38.327Z,https://www.rustore.ru/catalog/search?query=%D1%80%D0%B0%D1%81%D1%87%D0%B5%D1%82%20%D1%81%D0%B8%D0%BD%D0%B0%D1%81%D1%82%D1%80%D0%B8%D0%B8,https://www.rustore.ru/catalog/app/com.putevka.app
расчет синастрии,499,4,ru.resortsoft.mdesk,СПК Здравница,Здоровье,,https://static.rustore.ru/imgproxy/XNTdUmvx7Ad-0KW5XrgBNab8g_aN_kIxgEUKCWAtkh8/preset:web_app_icon_62/plain/https://static.rustore.ru/2025/9/19/74/apk/2063657804/content/ICON/8189ff16-07ae-438a-8d37-d83face635d1.png@webp,2026-07-29T18:46:38.327Z,https://www.rustore.ru/catalog/search?query=%D1%80%D0%B0%D1%81%D1%87%D0%B5%D1%82%20%D1%81%D0%B8%D0%BD%D0%B0%D1%81%D1%82%D1%80%D0%B8%D0%B8,https://www.rustore.ru/catalog/app/ru.resortsoft.mdesk
расчет синастрии,499,5,net.misoft.proffitel,Проффитель,Путешествия,,https://static.rustore.ru/imgproxy/IA8WNJLVtdFXx9ptllhGYxZ8etcCmbpCPsWNQsPIsdU/preset:web_app_icon_62/plain/https://static.rustore.ru/apk/351698111/content/ICON/d2e32214-169a-4a2b-a73e-7fc68bb352a2.png@webp,2026-07-29T18:46:38.327Z,https://www.rustore.ru/catalog/search?query=%D1%80%D0%B0%D1%81%D1%87%D0%B5%D1%82%20%D1%81%D0%B8%D0%BD%D0%B0%D1%81%D1%82%D1%80%D0%B8%D0%B8,https://www.rustore.ru/catalog/app/net.misoft.proffitel
расчет синастрии,499,6,ru.alean.travel,"Алеан: отели, гостиницы, поиск и бронирование тура",Путешествия,,https://static.rustore.ru/imgproxy/w-lyzl28ugI29syedRdCp2MfDoH0_0KxhLlrcpEwMBw/preset:web_app_icon_62/plain/https://static.rustore.ru/apk/2063633580/content/ICON/85f66e0a-4304-4773-8421-e48ac9a4fe2a.png@webp,2026-07-29T18:46:38.327Z,https://www.rustore.ru/catalog/search?query=%D1%80%D0%B0%D1%81%D1%87%D0%B5%D1%82%20%D1%81%D0%B8%D0%BD%D0%B0%D1%81%D1%82%D1%80%D0%B8%D0%B8,https://www.rustore.ru/catalog/app/ru.alean.travel
расчет синастрии,499,7,com.kint.guest.global,Карта гостя,Полезные инструменты,,https://static.rustore.ru/imgproxy/eZ9Sp1_kMSPhS61nDvoeezdh4mYaBYOyhBmggtNCueM/preset:web_app_icon_62/plain/https://static.rustore.ru/2026/4/23/b9/apk/2063697709/content/ICON/19681c80-cde1-44a6-9f47-5195e69f0d35.png@webp,2026-07-29T18:46:38.327Z,https://www.rustore.ru/catalog/search?query=%D1%80%D0%B0%D1%81%D1%87%D0%B5%D1%82%20%D1%81%D0%B8%D0%BD%D0%B0%D1%81%D1%82%D1%80%D0%B8%D0%B8,https://www.rustore.ru/catalog/app/com.kint.guest.global
расчет синастрии,499,8,ru.ostrovok.android,Островок – Отели и Гостиницы,Путешествия,,https://static.rustore.ru/imgproxy/zEPPvl7zf6sikZf0NMK0mt5XGRDnp3dkR8muykPMZks/preset:web_app_icon_62/plain/https://static.rustore.ru/apk/272063/content/ICON/8c585e10-66c3-4901-bcd5-c7b7fc9e258f.png@webp,2026-07-29T18:46:38.327Z,https://www.rustore.ru/catalog/search?query=%D1%80%D0%B0%D1%81%D1%87%D0%B5%D1%82%20%D1%81%D0%B8%D0%BD%D0%B0%D1%81%D1%82%D1%80%D0%B8%D0%B8,https://www.rustore.ru/catalog/app/ru.ostrovok.android
расчет синастрии,499,9,ru.kabinet.voennosluzhashego,"Кабинет военнослужащего - НИС, выплаты, ДД, пенсия",Полезные инструменты·Финансы,,https://static.rustore.ru/imgproxy/c4wyYVHrP_7-5Zwixq28vYdoIvHgYRAEcox5NGXWqaQ/preset:web_app_icon_62/plain/https://static.rustore.ru/2026/3/7/9a/apk/2063696985/content/ICON/bcf304c9-42b1-4082-86e4-1449c63c9ff0.png@webp,2026-07-29T18:46:38.327Z,https://www.rustore.ru/catalog/search?query=%D1%80%D0%B0%D1%81%D1%87%D0%B5%D1%82%20%D1%81%D0%B8%D0%BD%D0%B0%D1%81%D1%82%D1%80%D0%B8%D0%B8,https://www.rustore.ru/catalog/app/ru.kabinet.voennosluzhashego
расчет синастрии,499,10,ru.resortsoft.gdesk_demo,Санаторий ИТМ-ДЕМО,Путешествия·Здоровье,,https://static.rustore.ru/imgproxy/YdwoJIWrJNRqtI5K04s-0dOb9SQx24-RAlF4Va0b4Gs/preset:web_app_icon_62/plain/https://static.rustore.ru/apk/2063505817/content/ICON/5150dc10-60af-4491-b136-3f0f5d2a4826.png@webp,2026-07-29T18:46:38.327Z,https://www.rustore.ru/catalog/search?query=%D1%80%D0%B0%D1%81%D1%87%D0%B5%D1%82%20%D1%81%D0%B8%D0%BD%D0%B0%D1%81%D1%82%D1%80%D0%B8%D0%B8,https://www.rustore.ru/catalog/app/ru.resortsoft.gdesk_demo
расчет синастрии,499,11,com.bng.calculator,Простой калькулятор,Полезные инструменты,,https://static.rustore.ru/imgproxy/NUt_KFzeZUn_XkgtYNQhASuMyGaio3r6SRuNVwC-GrE/preset:web_app_icon_62/plain/https://static.rustore.ru/2025/9/22/bb/apk/2063658148/content/ICON/f9b23267-e5e6-4633-bc89-7f0b933794d0.png@webp,2026-07-29T18:46:38.327Z,https://www.rustore.ru/catalog/search?query=%D1%80%D0%B0%D1%81%D1%87%D0%B5%D1%82%20%D1%81%D0%B8%D0%BD%D0%B0%D1%81%D1%82%D1%80%D0%B8%D0%B8,https://www.rustore.ru/catalog/app/com.bng.calculator
расчет синастрии,499,12,online.proga.hospitalcalc,Расчет больничного листа,Полезные инструменты,,https://static.rustore.ru/imgproxy/uDtLv8E8TAzguRXMnplsrRqK8HL4aPfXyiznJtWbM04/preset:web_app_icon_62/plain/https://static.rustore.ru/600e5c43-a42f-4839-bbf8-42405789eee4@webp,2026-07-29T18:46:38.327Z,https://www.rustore.ru/catalog/search?query=%D1%80%D0%B0%D1%81%D1%87%D0%B5%D1%82%20%D1%81%D0%B8%D0%BD%D0%B0%D1%81%D1%82%D1%80%D0%B8%D0%B8,https://www.rustore.ru/catalog/app/online.proga.hospitalcalc
расчет синастрии,499,13,ru.altzamok.app,Санаторий Алтайский замок,Полезные инструменты·Здоровье,,https://static.rustore.ru/imgproxy/PjejSh0Oft4heocpwOhMKSB0_JohSj79IFOuCGsXGLI/preset:web_app_icon_62/plain/https://static.rustore.ru/apk/2063560298/content/ICON/530788c2-583e-4302-8170-9f1d6a75e014.png@webp,2026-07-29T18:46:38.327Z,https://www.rustore.ru/catalog/search?query=%D1%80%D0%B0%D1%81%D1%87%D0%B5%D1%82%20%D1%81%D0%B8%D0%BD%D0%B0%D1%81%D1%82%D1%80%D0%B8%D0%B8,https://www.rustore.ru/catalog/app/ru.altzamok.app
расчет синастрии,499,14,ru.nskes.paysphera,Платосфера – оплата ЖКХ,Полезные инструменты,,https://static.rustore.ru/imgproxy/gzfuKwJBrbjHAxYCKDB19XAoUB8CaDJVm2h-m0OdvH4/preset:web_app_icon_62/plain/https://static.rustore.ru/2026/5/27/1a/apk/2063604759/content/ICON/4aedea89-328a-4964-b191-d19d98f1a908.png@webp,2026-07-29T18:46:38.327Z,https://www.rustore.ru/catalog/search?query=%D1%80%D0%B0%D1%81%D1%87%D0%B5%D1%82%20%D1%81%D0%B8%D0%BD%D0%B0%D1%81%D1%82%D1%80%D0%B8%D0%B8,https://www.rustore.ru/catalog/app/ru.nskes.paysphera
расчет синастрии,499,15,com.app.vvs.calculator,Калькулятор военнослужащего РФ,Финансы,,https://static.rustore.ru/imgproxy/vjWa5AYnZAOsvk9K0nz_Si0zBDmghvtP80A-XPeyd8A/preset:web_app_icon_62/plain/https://static.rustore.ru/apk/2063596144/content/ICON/7c74f041-f4f5-463b-908f-96ebe4cc7fb2.jpg@webp,2026-07-29T18:46:38.327Z,https://www.rustore.ru/catalog/search?query=%D1%80%D0%B0%D1%81%D1%87%D0%B5%D1%82%20%D1%81%D0%B8%D0%BD%D0%B0%D1%81%D1%82%D1%80%D0%B8%D0%B8,https://www.rustore.ru/catalog/app/com.app.vvs.calculator
расчет синастрии,499,16,com.codart.building_calculator,Строительный калькулятор,Полезные инструменты,,https://static.rustore.ru/imgproxy/CpuJvnVsmpkn3thBl3Ae-YiCDV7URD1G7YkI_iZxqFA/preset:web_app_icon_62/plain/https://static.rustore.ru/apk/2063601560/content/ICON/8b3847a9-cf55-4cc6-9726-d5c3150f4dd8.png@webp,2026-07-29T18:46:38.327Z,https://www.rustore.ru/catalog/search?query=%D1%80%D0%B0%D1%81%D1%87%D0%B5%D1%82%20%D1%81%D0%B8%D0%BD%D0%B0%D1%81%D1%82%D1%80%D0%B8%D0%B8,https://www.rustore.ru/catalog/app/com.codart.building_calculator
расчет синастрии,499,17,ru.kredit.calculator,Кредитный калькулятор ПРО,Полезные инструменты·Финансы,,https://static.rustore.ru/imgproxy/dqAB7H0lkVjxsBH5lKmTALifg0-JzZR5GSjh_62fXT0/preset:web_app_icon_62/plain/https://static.rustore.ru/7cd9096e-b099-4e96-9ace-9ad6af5b37b0@webp,2026-07-29T18:46:38.327Z,https://www.rustore.ru/catalog/search?query=%D1%80%D0%B0%D1%81%D1%87%D0%B5%D1%82%20%D1%81%D0%B8%D0%BD%D0%B0%D1%81%D1%82%D1%80%D0%B8%D0%B8,https://www.rustore.ru/catalog/app/ru.kredit.calculator
расчет синастрии,499,18,ru.katharsis.cok,Сертификаты Краснодарский край,Полезные инструменты,,https://static.rustore.ru/imgproxy/u1cjvPZmqqAKbu2HdptbBF2SY_MbXyXfusl4mHZsyzQ/preset:web_app_icon_62/plain/https://static.rustore.ru/apk/2063562507/content/ICON/0729c70b-7867-4097-8e2e-b93d030ed655.png@webp,2026-07-29T18:46:38.327Z,https://www.rustore.ru/catalog/search?query=%D1%80%D0%B0%D1%81%D1%87%D0%B5%D1%82%20%D1%81%D0%B8%D0%BD%D0%B0%D1%81%D1%82%D1%80%D0%B8%D0%B8,https://www.rustore.ru/catalog/app/ru.katharsis.cok
расчет синастрии,499,19,com.vacation,Калькулятор отпускных,Бизнес-сервисы,,https://static.rustore.ru/imgproxy/hhRprsTlbNyixCa2JISxwy2wVwS6Z3bfi0BdoFdLFW4/preset:web_app_icon_62/plain/https://static.rustore.ru/apk/748700607/content/ICON/1ffefb06-d27e-433c-8137-f0ab47531bc9.png@webp,2026-07-29T18:46:38.327Z,https://www.rustore.ru/catalog/search?query=%D1%80%D0%B0%D1%81%D1%87%D0%B5%D1%82%20%D1%81%D0%B8%D0%BD%D0%B0%D1%81%D1%82%D1%80%D0%B8%D0%B8,https://www.rustore.ru/catalog/app/com.vacation
расчет синастрии,499,20,com.thebuild,Расчеты/Строительство,Бизнес-сервисы,,https://static.rustore.ru/imgproxy/kZQ34sCqUfNz6FwMvd4uokJWfYNETwdlsV4yA8cdyYY/preset:web_app_icon_62/plain/https://static.rustore.ru/apk/2063597926/content/ICON/3ec78fe8-0bc4-4723-9f78-d8b652d000e1.jpg@webp,2026-07-29T18:46:38.327Z,https://www.rustore.ru/catalog/search?query=%D1%80%D0%B0%D1%81%D1%87%D0%B5%D1%82%20%D1%81%D0%B8%D0%BD%D0%B0%D1%81%D1%82%D1%80%D0%B8%D0%B8,https://www.rustore.ru/catalog/app/com.thebuild
карта совместимости,497,1,com.koshina.zodiacssigns_compatibility,Совместимость по знаку зодиака,Развлечения,,https://static.rustore.ru/imgproxy/2-JGzYfhKStDDpRdwIXVdz312lNaNMCGrMzLkHLr09s/preset:web_app_icon_62/plain/https://static.rustore.ru/apk/2063584375/content/ICON/2a91991c-c370-48fe-92d0-7ac3bf06bcb9.png@webp,2026-07-29T18:46:40.012Z,https://www.rustore.ru/catalog/search?query=%D0%BA%D0%B0%D1%80%D1%82%D0%B0%20%D1%81%D0%BE%D0%B2%D0%BC%D0%B5%D1%81%D1%82%D0%B8%D0%BC%D0%BE%D1%81%D1%82%D0%B8,https://www.rustore.ru/catalog/app/com.koshina.zodiacssigns_compatibility
карта совместимости,497,2,com.kundalini.astroapp,Анима: Натальная карта и совместимость,Образ жизни,,https://static.rustore.ru/imgproxy/WVtKwg07iq2_CAQt_LjE9yioOOuNvt8aOLHCK8tZnIw/preset:web_app_icon_62/plain/https://static.rustore.ru/2026/7/25/05/apk/2063730207/content/ICON/34c23c2b-ce1d-4cfe-8cf2-c891393df157.jpg@webp,2026-07-29T18:46:40.012Z,https://www.rustore.ru/catalog/search?query=%D0%BA%D0%B0%D1%80%D1%82%D0%B0%20%D1%81%D0%BE%D0%B2%D0%BC%D0%B5%D1%81%D1%82%D0%B8%D0%BC%D0%BE%D1%81%D1%82%D0%B8,https://www.rustore.ru/catalog/app/com.kundalini.astroapp
карта совместимости,497,3,ru.improg.love,"Совместимость по дате, дню, имени, зодиаку",Образ жизни·Развлечения,,https://static.rustore.ru/imgproxy/ZbRloItW0iBRi3Ei_VQUAxslPSC_8P1UmkXEduiDF3E/preset:web_app_icon_62/plain/https://static.rustore.ru/2025/11/11/33/apk/2063670449/content/ICON/136b22f5-9a20-4f20-a4e6-47fd5de88286.jpg@webp,2026-07-29T18:46:40.012Z,https://www.rustore.ru/catalog/search?query=%D0%BA%D0%B0%D1%80%D1%82%D0%B0%20%D1%81%D0%BE%D0%B2%D0%BC%D0%B5%D1%81%D1%82%D0%B8%D0%BC%D0%BE%D1%81%D1%82%D0%B8,https://www.rustore.ru/catalog/app/ru.improg.love
карта совместимости,497,4,com.koshina.lovematch,Тест любви - Совместимость,Развлечения,,https://static.rustore.ru/imgproxy/tkIOlghrXQaqS37MGyCcyBu9KeuxQgbtqJLFuI_FoFQ/preset:web_app_icon_62/plain/https://static.rustore.ru/apk/2063559775/content/ICON/ad1a56ae-214c-4c5a-ae5a-f2150773ec87.png@webp,2026-07-29T18:46:40.012Z,https://www.rustore.ru/catalog/search?query=%D0%BA%D0%B0%D1%80%D1%82%D0%B0%20%D1%81%D0%BE%D0%B2%D0%BC%D0%B5%D1%81%D1%82%D0%B8%D0%BC%D0%BE%D1%81%D1%82%D0%B8,https://www.rustore.ru/catalog/app/com.koshina.lovematch
карта совместимости,497,5,com.xeen_software.compatibility,Совместимость. Астрология,Образ жизни,,https://static.rustore.ru/imgproxy/_-wAnWxlR3TpW-M1nYUeBFMD78dDp5Ueb0ErbClYcug/preset:web_app_icon_62/plain/https://static.rustore.ru/apk/2063625676/content/ICON/4f740494-b363-4afd-863a-ac643cd97898.jpg@webp,2026-07-29T18:46:40.012Z,https://www.rustore.ru/catalog/search?query=%D0%BA%D0%B0%D1%80%D1%82%D0%B0%20%D1%81%D0%BE%D0%B2%D0%BC%D0%B5%D1%81%D1%82%D0%B8%D0%BC%D0%BE%D1%81%D1%82%D0%B8,https://www.rustore.ru/catalog/app/com.xeen_software.compatibility
карта совместимости,497,6,com.aiastrologer.app,"AI-Астролог, Таро, Астрология, Гороскоп, Астробот",Образ жизни,,https://static.rustore.ru/imgproxy/3Ld-d7uhG_9cEJ2LiCa6jgaz7lg0Yn7lyGXuEB7Ct8k/preset:web_app_icon_62/plain/https://static.rustore.ru/2026/7/9/a7/apk/2063730874/content/ICON/9883a02f-2920-4a9b-a268-a5a33b24e8ea.png@webp,2026-07-29T18:46:40.012Z,https://www.rustore.ru/catalog/search?query=%D0%BA%D0%B0%D1%80%D1%82%D0%B0%20%D1%81%D0%BE%D0%B2%D0%BC%D0%B5%D1%81%D1%82%D0%B8%D0%BC%D0%BE%D1%81%D1%82%D0%B8,https://www.rustore.ru/catalog/app/com.aiastrologer.app
карта совместимости,497,7,com.animalhoroscope.app,AstroPet - Совместимость и гороскоп для питомца,Развлечения,,https://static.rustore.ru/imgproxy/4uZ-U5pmgQkf63jWYmnTiIdUhVSWkJeS18Fh0dzTgvc/preset:web_app_icon_62/plain/https://static.rustore.ru/2025/11/21/bd/apk/2063663885/content/ICON/d38a4e34-8cf8-434d-a941-e7ca27ff4ca0.png@webp,2026-07-29T18:46:40.012Z,https://www.rustore.ru/catalog/search?query=%D0%BA%D0%B0%D1%80%D1%82%D0%B0%20%D1%81%D0%BE%D0%B2%D0%BC%D0%B5%D1%81%D1%82%D0%B8%D0%BC%D0%BE%D1%81%D1%82%D0%B8,https://www.rustore.ru/catalog/app/com.animalhoroscope.app
карта совместимости,497,8,com.simpleStringCompany.AppLoveTwo,Тест на любовь - Cовместимость,Образ жизни·Развлечения,,https://static.rustore.ru/imgproxy/cxNVs-ZdZtmJLCP3m58vGbhGlIJYQPGWTpOEH-WOLV0/preset:web_app_icon_62/plain/https://static.rustore.ru/apk/2063602838/content/ICON/2e3f30e6-730f-44a8-8664-54414c3f9847.jpg@webp,2026-07-29T18:46:40.012Z,https://www.rustore.ru/catalog/search?query=%D0%BA%D0%B0%D1%80%D1%82%D0%B0%20%D1%81%D0%BE%D0%B2%D0%BC%D0%B5%D1%81%D1%82%D0%B8%D0%BC%D0%BE%D1%81%D1%82%D0%B8,https://www.rustore.ru/catalog/app/com.simpleStringCompany.AppLoveTwo
карта совместимости,497,9,ru.arcai.app,Arcai — ИИ Астролог,Образ жизни,,https://static.rustore.ru/imgproxy/iiiuMbXv-TJTeFfYq1PfwR3H_LVpNeBYieaUg9vtB2I/preset:web_app_icon_62/plain/https://static.rustore.ru/2026/5/14/b2/apk/2063714520/content/ICON/c5d6b638-8732-49e7-b547-c5afda3c4047.png@webp,2026-07-29T18:46:40.012Z,https://www.rustore.ru/catalog/search?query=%D0%BA%D0%B0%D1%80%D1%82%D0%B0%20%D1%81%D0%BE%D0%B2%D0%BC%D0%B5%D1%81%D1%82%D0%B8%D0%BC%D0%BE%D1%81%D1%82%D0%B8,https://www.rustore.ru/catalog/app/ru.arcai.app
карта совместимости,497,10,com.astropersona,AstroPersona — твой гороскоп и натальная карта,Образ жизни,,https://static.rustore.ru/imgproxy/yeT5vH4kz-9BL9oXE582buG3mIufkzi-o_8ru0XXGSc/preset:web_app_icon_62/plain/https://static.rustore.ru/2025/10/29/51/apk/2063549954/content/ICON/5fceb594-b2ae-4bab-984f-cdf38055c8bc.png@webp,2026-07-29T18:46:40.012Z,https://www.rustore.ru/catalog/search?query=%D0%BA%D0%B0%D1%80%D1%82%D0%B0%20%D1%81%D0%BE%D0%B2%D0%BC%D0%B5%D1%81%D1%82%D0%B8%D0%BC%D0%BE%D1%81%D1%82%D0%B8,https://www.rustore.ru/catalog/app/com.astropersona
карта совместимости,497,11,com.gild.goroskop,Гороскоп Совместимость,Развлечения,,https://static.rustore.ru/imgproxy/FXXLjHWLf1YcclgMjsl60U2bADdZfgC5ahiYrIR-aes/preset:web_app_icon_62/plain/https://static.rustore.ru/apk/2063607300/content/ICON/831cc449-fa43-40fb-8518-e98a3ee19263.jpg@webp,2026-07-29T18:46:40.012Z,https://www.rustore.ru/catalog/search?query=%D0%BA%D0%B0%D1%80%D1%82%D0%B0%20%D1%81%D0%BE%D0%B2%D0%BC%D0%B5%D1%81%D1%82%D0%B8%D0%BC%D0%BE%D1%81%D1%82%D0%B8,https://www.rustore.ru/catalog/app/com.gild.goroskop
карта совместимости,497,12,com.matricasudbu.app.astro,Натальная карта. Астрология. Матрица Судьбы,Образ жизни·Развлечения,,https://static.rustore.ru/imgproxy/8CPP3b_zl4GFvlQDIJS8uQz1vW4WbaJazeRsedTl3hs/preset:web_app_icon_62/plain/https://static.rustore.ru/2026/4/8/f1/apk/2063620377/content/ICON/fd8c2873-149b-4f33-a56f-8cc06282defe.png@webp,2026-07-29T18:46:40.012Z,https://www.rustore.ru/catalog/search?query=%D0%BA%D0%B0%D1%80%D1%82%D0%B0%20%D1%81%D0%BE%D0%B2%D0%BC%D0%B5%D1%81%D1%82%D0%B8%D0%BC%D0%BE%D1%81%D1%82%D0%B8,https://www.rustore.ru/catalog/app/com.matricasudbu.app.astro
карта совместимости,497,13,ru.mynatalchart.app,Натальная карта рассчитать с расшифровкой онлайн,Образ жизни,,https://static.rustore.ru/imgproxy/F4JseOuI6RzoPoXs3mqK3yXNzxrqv08SORZppQ10uGk/preset:web_app_icon_62/plain/https://static.rustore.ru/2026/6/22/65/apk/2063722870/content/ICON/d546e542-9512-4ff8-a1ff-033f763a244b.jpg@webp,2026-07-29T18:46:40.012Z,https://www.rustore.ru/catalog/search?query=%D0%BA%D0%B0%D1%80%D1%82%D0%B0%20%D1%81%D0%BE%D0%B2%D0%BC%D0%B5%D1%81%D1%82%D0%B8%D0%BC%D0%BE%D1%81%D1%82%D0%B8,https://www.rustore.ru/catalog/app/ru.mynatalchart.app
карта совместимости,497,14,com.oraro.app,Oraro,Общение,,https://static.rustore.ru/imgproxy/88jpEMPQnQamvpTxeN_ws40B3tLWfzvPygi3q3rhk3o/preset:web_app_icon_62/plain/https://static.rustore.ru/2026/7/16/67/apk/2063731972/content/ICON/f92daec2-8131-4cb1-b3dd-b4608a11f230.jpg@webp,2026-07-29T18:46:40.012Z,https://www.rustore.ru/catalog/search?query=%D0%BA%D0%B0%D1%80%D1%82%D0%B0%20%D1%81%D0%BE%D0%B2%D0%BC%D0%B5%D1%81%D1%82%D0%B8%D0%BC%D0%BE%D1%81%D1%82%D0%B8,https://www.rustore.ru/catalog/app/com.oraro.app
карта совместимости,497,15,com.sopelus.horoscope,"Гороскопы бесплатно, натальная карта",Образ жизни,,https://static.rustore.ru/imgproxy/6Y2EnbUmAeSntLHRzoX7VP5iRHM6InMeJHZao6yYG00/preset:web_app_icon_62/plain/https://static.rustore.ru/apk/2063642700/content/ICON/4cf492a6-1c93-45d7-89fc-41600dc6d076.png@webp,2026-07-29T18:46:40.012Z,https://www.rustore.ru/catalog/search?query=%D0%BA%D0%B0%D1%80%D1%82%D0%B0%20%D1%81%D0%BE%D0%B2%D0%BC%D0%B5%D1%81%D1%82%D0%B8%D0%BC%D0%BE%D1%81%D1%82%D0%B8,https://www.rustore.ru/catalog/app/com.sopelus.horoscope
карта совместимости,497,16,com.softburn.matche,Matché — тест совместимости,Образ жизни,,https://static.rustore.ru/imgproxy/oI-FaMSRBRjs5S3-cEpn7pEXlRBs3KNhE70gvfX-AlM/preset:web_app_icon_62/plain/https://static.rustore.ru/2025/10/16/dc/apk/2063664801/content/ICON/16d2a29b-de54-43fd-831a-5e3a6382c855.png@webp,2026-07-29T18:46:40.012Z,https://www.rustore.ru/catalog/search?query=%D0%BA%D0%B0%D1%80%D1%82%D0%B0%20%D1%81%D0%BE%D0%B2%D0%BC%D0%B5%D1%81%D1%82%D0%B8%D0%BC%D0%BE%D1%81%D1%82%D0%B8,https://www.rustore.ru/catalog/app/com.softburn.matche
карта совместимости,497,17,com.microcosm.microcosm,Знакомства и встречи – F Date&Eat,Общение·Еда и напитки,,https://static.rustore.ru/imgproxy/rZdUv-ClA_hst43fJ9o3QECfYcsbq23lXT6RNCIac2M/preset:web_app_icon_62/plain/https://static.rustore.ru/2025/10/3/01/apk/2063629037/content/ICON/4efb5582-52e8-4cc3-bd10-e27f73ff0f71.png@webp,2026-07-29T18:46:40.012Z,https://www.rustore.ru/catalog/search?query=%D0%BA%D0%B0%D1%80%D1%82%D0%B0%20%D1%81%D0%BE%D0%B2%D0%BC%D0%B5%D1%81%D1%82%D0%B8%D0%BC%D0%BE%D1%81%D1%82%D0%B8,https://www.rustore.ru/catalog/app/com.microcosm.microcosm
карта совместимости,497,18,com.joy.time.compat,Тест на Совместимость с Парнем Шутка,Развлечения,,https://static.rustore.ru/imgproxy/BlMBzBNTnndw7aGJz_hJVDgkJuekmLq1uOxXhjcNmdM/preset:web_app_icon_62/plain/https://static.rustore.ru/apk/2063534333/content/ICON/1c5b483d-ef38-4aa8-9a15-66460fa0e46d.@webp,2026-07-29T18:46:40.012Z,https://www.rustore.ru/catalog/search?query=%D0%BA%D0%B0%D1%80%D1%82%D0%B0%20%D1%81%D0%BE%D0%B2%D0%BC%D0%B5%D1%81%D1%82%D0%B8%D0%BC%D0%BE%D1%81%D1%82%D0%B8,https://www.rustore.ru/catalog/app/com.joy.time.compat
карта совместимости,497,19,com.dixtalescat.astrocode,АстроКод: натальная карта,Образ жизни·Развлечения,,https://static.rustore.ru/imgproxy/QGfhcDKFBV1XPqY8mZKGkhQymzBeRZta6wxampAkwCU/preset:web_app_icon_62/plain/https://static.rustore.ru/2026/6/8/0f/apk/2063720975/content/ICON/bef8803c-ad72-444a-bb24-391a3247eac4.png@webp,2026-07-29T18:46:40.012Z,https://www.rustore.ru/catalog/search?query=%D0%BA%D0%B0%D1%80%D1%82%D0%B0%20%D1%81%D0%BE%D0%B2%D0%BC%D0%B5%D1%81%D1%82%D0%B8%D0%BC%D0%BE%D1%81%D1%82%D0%B8,https://www.rustore.ru/catalog/app/com.dixtalescat.astrocode
карта совместимости,497,20,com.jekrum.test_imena,Тест на совместимость имен,Казуальные·Словесные,,https://static.rustore.ru/imgproxy/ZrYr6nuJniFHUqfhE1cxppWgQ8wjXSDZGohaIj3l3nE/preset:web_app_icon_62/plain/https://static.rustore.ru/apk/2063585587/content/ICON/b15a508c-e03e-42ed-8d87-1c0cc9204bfe.png@webp,2026-07-29T18:46:40.012Z,https://www.rustore.ru/catalog/search?query=%D0%BA%D0%B0%D1%80%D1%82%D0%B0%20%D1%81%D0%BE%D0%B2%D0%BC%D0%B5%D1%81%D1%82%D0%B8%D0%BC%D0%BE%D1%81%D1%82%D0%B8,https://www.rustore.ru/catalog/app/com.jekrum.test_imena
гороскоп совместимости,498,1,com.P.E.O.AxioNika,"Гороскоп, Нумерология, Совместимость: ИИ AxioNika",Развлечения·Образ жизни,,https://static.rustore.ru/imgproxy/8lnf3KVxkOUGDrzSE7TQhDRJIUK1uUpaI8_ST12DKLU/preset:web_app_icon_62/plain/https://static.rustore.ru/2026/1/11/c6/apk/2063687760/content/ICON/663395f3-ad05-461c-9a45-e8174196ce42.jpg@webp,2026-07-29T18:46:41.796Z,https://www.rustore.ru/catalog/search?query=%D0%B3%D0%BE%D1%80%D0%BE%D1%81%D0%BA%D0%BE%D0%BF%20%D1%81%D0%BE%D0%B2%D0%BC%D0%B5%D1%81%D1%82%D0%B8%D0%BC%D0%BE%D1%81%D1%82%D0%B8,https://www.rustore.ru/catalog/app/com.P.E.O.AxioNika
гороскоп совместимости,498,2,com.gild.goroskop,Гороскоп Совместимость,Развлечения,,https://static.rustore.ru/imgproxy/FXXLjHWLf1YcclgMjsl60U2bADdZfgC5ahiYrIR-aes/preset:web_app_icon_62/plain/https://static.rustore.ru/apk/2063607300/content/ICON/831cc449-fa43-40fb-8518-e98a3ee19263.jpg@webp,2026-07-29T18:46:41.796Z,https://www.rustore.ru/catalog/search?query=%D0%B3%D0%BE%D1%80%D0%BE%D1%81%D0%BA%D0%BE%D0%BF%20%D1%81%D0%BE%D0%B2%D0%BC%D0%B5%D1%81%D1%82%D0%B8%D0%BC%D0%BE%D1%81%D1%82%D0%B8,https://www.rustore.ru/catalog/app/com.gild.goroskop
гороскоп совместимости,498,3,com.notisplay.goroskop,Гороскоп: Совместимость Знаков Зодиака,Образ жизни,,https://static.rustore.ru/imgproxy/w2z1RzycGJx8Oyiffwf63bZ5zcSUZlTeZLE31umu5kQ/preset:web_app_icon_62/plain/https://static.rustore.ru/apk/2063633901/content/ICON/edb8b997-3cac-4985-8db4-ab1dfab336ee.png@webp,2026-07-29T18:46:41.796Z,https://www.rustore.ru/catalog/search?query=%D0%B3%D0%BE%D1%80%D0%BE%D1%81%D0%BA%D0%BE%D0%BF%20%D1%81%D0%BE%D0%B2%D0%BC%D0%B5%D1%81%D1%82%D0%B8%D0%BC%D0%BE%D1%81%D1%82%D0%B8,https://www.rustore.ru/catalog/app/com.notisplay.goroskop
гороскоп совместимости,498,4,com.xeen_software.compatibility,Совместимость. Астрология,Образ жизни,,https://static.rustore.ru/imgproxy/_-wAnWxlR3TpW-M1nYUeBFMD78dDp5Ueb0ErbClYcug/preset:web_app_icon_62/plain/https://static.rustore.ru/apk/2063625676/content/ICON/4f740494-b363-4afd-863a-ac643cd97898.jpg@webp,2026-07-29T18:46:41.796Z,https://www.rustore.ru/catalog/search?query=%D0%B3%D0%BE%D1%80%D0%BE%D1%81%D0%BA%D0%BE%D0%BF%20%D1%81%D0%BE%D0%B2%D0%BC%D0%B5%D1%81%D1%82%D0%B8%D0%BC%D0%BE%D1%81%D1%82%D0%B8,https://www.rustore.ru/catalog/app/com.xeen_software.compatibility
гороскоп совместимости,498,5,com.promobi.horo,Гороскоп,Образ жизни,,https://static.rustore.ru/imgproxy/T7juCxxQEBKwP63A2GZ2k5N79KVnZg9FTZ453xv0DEs/preset:web_app_icon_62/plain/https://static.rustore.ru/apk/2063611920/content/ICON/9f8804b7-de1b-4eeb-aba1-cb7041f5a176.png@webp,2026-07-29T18:46:41.796Z,https://www.rustore.ru/catalog/search?query=%D0%B3%D0%BE%D1%80%D0%BE%D1%81%D0%BA%D0%BE%D0%BF%20%D1%81%D0%BE%D0%B2%D0%BC%D0%B5%D1%81%D1%82%D0%B8%D0%BC%D0%BE%D1%81%D1%82%D0%B8,https://www.rustore.ru/catalog/app/com.promobi.horo
гороскоп совместимости,498,6,com.aiastrologer.app,"AI-Астролог, Таро, Астрология, Гороскоп, Астробот",Образ жизни,,https://static.rustore.ru/imgproxy/3Ld-d7uhG_9cEJ2LiCa6jgaz7lg0Yn7lyGXuEB7Ct8k/preset:web_app_icon_62/plain/https://static.rustore.ru/2026/7/9/a7/apk/2063730874/content/ICON/9883a02f-2920-4a9b-a268-a5a33b24e8ea.png@webp,2026-07-29T18:46:41.796Z,https://www.rustore.ru/catalog/search?query=%D0%B3%D0%BE%D1%80%D0%BE%D1%81%D0%BA%D0%BE%D0%BF%20%D1%81%D0%BE%D0%B2%D0%BC%D0%B5%D1%81%D1%82%D0%B8%D0%BC%D0%BE%D1%81%D1%82%D0%B8,https://www.rustore.ru/catalog/app/com.aiastrologer.app
гороскоп совместимости,498,7,com.Goriskop,Гороскоп,Образ жизни,,https://static.rustore.ru/imgproxy/HrwLYNb56J2xOrayOehMAl6Hrf85IP58cgM6HVhRs7o/preset:web_app_icon_62/plain/https://static.rustore.ru/2025/12/8/fb/apk/2063676572/content/ICON/e657f6ea-6c43-4db5-94d8-508e4b440099.png@webp,2026-07-29T18:46:41.796Z,https://www.rustore.ru/catalog/search?query=%D0%B3%D0%BE%D1%80%D0%BE%D1%81%D0%BA%D0%BE%D0%BF%20%D1%81%D0%BE%D0%B2%D0%BC%D0%B5%D1%81%D1%82%D0%B8%D0%BC%D0%BE%D1%81%D1%82%D0%B8,https://www.rustore.ru/catalog/app/com.Goriskop
гороскоп совместимости,498,8,com.zodiacmatch.app,Совместимость знаков зодиака - ZodiMatch,Образ жизни,,https://static.rustore.ru/imgproxy/U13ucylUN-5WBB3HfZ_LeAJFEtujkQcXPZNif1LiFks/preset:web_app_icon_62/plain/https://static.rustore.ru/2026/3/15/7e/apk/2063700388/content/ICON/c233e1f8-2d67-44d7-8ac0-2271fefe0d50.png@webp,2026-07-29T18:46:41.796Z,https://www.rustore.ru/catalog/search?query=%D0%B3%D0%BE%D1%80%D0%BE%D1%81%D0%BA%D0%BE%D0%BF%20%D1%81%D0%BE%D0%B2%D0%BC%D0%B5%D1%81%D1%82%D0%B8%D0%BC%D0%BE%D1%81%D1%82%D0%B8,https://www.rustore.ru/catalog/app/com.zodiacmatch.app
гороскоп совместимости,498,9,net.kosev.scoping,Гороскоп,Образ жизни,,https://static.rustore.ru/imgproxy/nRsbzEKas4HB6FEELVnqgAh6fnpwl07Qr9hVTxtO3JE/preset:web_app_icon_62/plain/https://static.rustore.ru/apk/2063605945/content/ICON/cf59fc03-7143-4c0c-9762-6d7e153feea3.png@webp,2026-07-29T18:46:41.796Z,https://www.rustore.ru/catalog/search?query=%D0%B3%D0%BE%D1%80%D0%BE%D1%81%D0%BA%D0%BE%D0%BF%20%D1%81%D0%BE%D0%B2%D0%BC%D0%B5%D1%81%D1%82%D0%B8%D0%BC%D0%BE%D1%81%D1%82%D0%B8,https://www.rustore.ru/catalog/app/net.kosev.scoping
гороскоп совместимости,498,10,com.daerhou.constellation,Гороскоп,Образ жизни,,https://static.rustore.ru/imgproxy/63sQB3vK3boNLXJfWGYb8y91hckbcFrTj-yMZgIGrfo/preset:web_app_icon_62/plain/https://static.rustore.ru/2025/11/19/20/apk/2063672476/content/ICON/bdf7ccc2-1592-4eac-bd14-eb60db3ee963.png@webp,2026-07-29T18:46:41.796Z,https://www.rustore.ru/catalog/search?query=%D0%B3%D0%BE%D1%80%D0%BE%D1%81%D0%BA%D0%BE%D0%BF%20%D1%81%D0%BE%D0%B2%D0%BC%D0%B5%D1%81%D1%82%D0%B8%D0%BC%D0%BE%D1%81%D1%82%D0%B8,https://www.rustore.ru/catalog/app/com.daerhou.constellation
гороскоп совместимости,498,11,com.animalhoroscope.app,AstroPet - Совместимость и гороскоп для питомца,Развлечения,,https://static.rustore.ru/imgproxy/4uZ-U5pmgQkf63jWYmnTiIdUhVSWkJeS18Fh0dzTgvc/preset:web_app_icon_62/plain/https://static.rustore.ru/2025/11/21/bd/apk/2063663885/content/ICON/d38a4e34-8cf8-434d-a941-e7ca27ff4ca0.png@webp,2026-07-29T18:46:41.796Z,https://www.rustore.ru/catalog/search?query=%D0%B3%D0%BE%D1%80%D0%BE%D1%81%D0%BA%D0%BE%D0%BF%20%D1%81%D0%BE%D0%B2%D0%BC%D0%B5%D1%81%D1%82%D0%B8%D0%BC%D0%BE%D1%81%D1%82%D0%B8,https://www.rustore.ru/catalog/app/com.animalhoroscope.app
гороскоп совместимости,498,12,ru.mail.horo.android,Гороскопы,Образ жизни,,https://static.rustore.ru/imgproxy/nRFoWc1MPvTuTYOU6QywIggWJhPoq_4dyrpRYsTcOqw/preset:web_app_icon_62/plain/https://static.rustore.ru/c8d657eb-3f3b-4dea-9bd4-866dcbf21af6@webp,2026-07-29T18:46:41.796Z,https://www.rustore.ru/catalog/search?query=%D0%B3%D0%BE%D1%80%D0%BE%D1%81%D0%BA%D0%BE%D0%BF%20%D1%81%D0%BE%D0%B2%D0%BC%D0%B5%D1%81%D1%82%D0%B8%D0%BC%D0%BE%D1%81%D1%82%D0%B8,https://www.rustore.ru/catalog/app/ru.mail.horo.android
гороскоп совместимости,498,13,ru.improg.love,"Совместимость по дате, дню, имени, зодиаку",Образ жизни·Развлечения,,https://static.rustore.ru/imgproxy/ZbRloItW0iBRi3Ei_VQUAxslPSC_8P1UmkXEduiDF3E/preset:web_app_icon_62/plain/https://static.rustore.ru/2025/11/11/33/apk/2063670449/content/ICON/136b22f5-9a20-4f20-a4e6-47fd5de88286.jpg@webp,2026-07-29T18:46:41.796Z,https://www.rustore.ru/catalog/search?query=%D0%B3%D0%BE%D1%80%D0%BE%D1%81%D0%BA%D0%BE%D0%BF%20%D1%81%D0%BE%D0%B2%D0%BC%D0%B5%D1%81%D1%82%D0%B8%D0%BC%D0%BE%D1%81%D1%82%D0%B8,https://www.rustore.ru/catalog/app/ru.improg.love
гороскоп совместимости,498,14,com.foresko.horoscopes,Гороскоп на каждый день: Астрология & Гороскопы,Образ жизни,,https://static.rustore.ru/imgproxy/nvjlG1_j5y7GIqSI5I1O3PZ_yw8PzObrKn8WNYECYlg/preset:web_app_icon_62/plain/https://static.rustore.ru/apk/2063522203/content/ICON/e450e06c-0fd8-4d74-b82c-74d68f0b3b73.png@webp,2026-07-29T18:46:41.796Z,https://www.rustore.ru/catalog/search?query=%D0%B3%D0%BE%D1%80%D0%BE%D1%81%D0%BA%D0%BE%D0%BF%20%D1%81%D0%BE%D0%B2%D0%BC%D0%B5%D1%81%D1%82%D0%B8%D0%BC%D0%BE%D1%81%D1%82%D0%B8,https://www.rustore.ru/catalog/app/com.foresko.horoscopes
гороскоп совместимости,498,15,com.koshina.zodiacssigns_compatibility,Совместимость по знаку зодиака,Развлечения,,https://static.rustore.ru/imgproxy/2-JGzYfhKStDDpRdwIXVdz312lNaNMCGrMzLkHLr09s/preset:web_app_icon_62/plain/https://static.rustore.ru/apk/2063584375/content/ICON/2a91991c-c370-48fe-92d0-7ac3bf06bcb9.png@webp,2026-07-29T18:46:41.796Z,https://www.rustore.ru/catalog/search?query=%D0%B3%D0%BE%D1%80%D0%BE%D1%81%D0%BA%D0%BE%D0%BF%20%D1%81%D0%BE%D0%B2%D0%BC%D0%B5%D1%81%D1%82%D0%B8%D0%BC%D0%BE%D1%81%D1%82%D0%B8,https://www.rustore.ru/catalog/app/com.koshina.zodiacssigns_compatibility
гороскоп совместимости,498,16,virgo.daily.horoscopes,"ДЕВА Гороскоп на сегодня, завтра и на каждый день",Образ жизни,,https://static.rustore.ru/imgproxy/bSu-PlJ5AT7DqESukSZPjj6Oe-rjp4NrKDsrcFsRsAE/preset:web_app_icon_62/plain/https://static.rustore.ru/apk/2063504937/content/ICON/89b12ddc-9755-483b-8f35-eb9f05511c3f.png@webp,2026-07-29T18:46:41.796Z,https://www.rustore.ru/catalog/search?query=%D0%B3%D0%BE%D1%80%D0%BE%D1%81%D0%BA%D0%BE%D0%BF%20%D1%81%D0%BE%D0%B2%D0%BC%D0%B5%D1%81%D1%82%D0%B8%D0%BC%D0%BE%D1%81%D1%82%D0%B8,https://www.rustore.ru/catalog/app/virgo.daily.horoscopes
гороскоп совместимости,498,17,com.antonovka.horoscope,Гороскоп NOVA,Образ жизни,,https://static.rustore.ru/imgproxy/igZhkvh3BRG3MKH_aR-_3zMVsg7gN0jWHhxb_ipE5Zo/preset:web_app_icon_62/plain/https://static.rustore.ru/2026/7/24/47/apk/2063729754/content/ICON/7e8f8e21-753b-4c0b-9fe9-5f857652a7f6.png@webp,2026-07-29T18:46:41.796Z,https://www.rustore.ru/catalog/search?query=%D0%B3%D0%BE%D1%80%D0%BE%D1%81%D0%BA%D0%BE%D0%BF%20%D1%81%D0%BE%D0%B2%D0%BC%D0%B5%D1%81%D1%82%D0%B8%D0%BC%D0%BE%D1%81%D1%82%D0%B8,https://www.rustore.ru/catalog/app/com.antonovka.horoscope
гороскоп совместимости,498,18,aquarius.daily.horoscopes,"ВОДОЛЕЙ Гороскоп на сегодня, завтра и каждый день",Образ жизни,,https://static.rustore.ru/imgproxy/QvQVoG3ARmIpsMd5hch4mQ3gYwxgL8Z_4-6AsCIjSfY/preset:web_app_icon_62/plain/https://static.rustore.ru/apk/2063504933/content/ICON/063fdde7-2ef8-49b0-9edc-a2901d81f579.png@webp,2026-07-29T18:46:41.796Z,https://www.rustore.ru/catalog/search?query=%D0%B3%D0%BE%D1%80%D0%BE%D1%81%D0%BA%D0%BE%D0%BF%20%D1%81%D0%BE%D0%B2%D0%BC%D0%B5%D1%81%D1%82%D0%B8%D0%BC%D0%BE%D1%81%D1%82%D0%B8,https://www.rustore.ru/catalog/app/aquarius.daily.horoscopes
гороскоп совместимости,498,19,ru.smartbear.programs.horoscopenew,Гороскоп на каждый день 2026. По дате рождения,Образ жизни,,https://static.rustore.ru/imgproxy/W8iS0wC3tJvcKaKr-faY_LH0osvnm6O4fDud9--lhsk/preset:web_app_icon_62/plain/https://static.rustore.ru/2025/10/31/94/apk/2063560139/content/ICON/9b3cee58-1b9e-409f-911d-0adfe3aed71f.png@webp,2026-07-29T18:46:41.796Z,https://www.rustore.ru/catalog/search?query=%D0%B3%D0%BE%D1%80%D0%BE%D1%81%D0%BA%D0%BE%D0%BF%20%D1%81%D0%BE%D0%B2%D0%BC%D0%B5%D1%81%D1%82%D0%B8%D0%BC%D0%BE%D1%81%D1%82%D0%B8,https://www.rustore.ru/catalog/app/ru.smartbear.programs.horoscopenew
гороскоп совместимости,498,20,scorpio.daily.horoscopes,"СКОРПИОН Гороскоп сегодня, завтра и на каждый день",Образ жизни,,https://static.rustore.ru/imgproxy/x4JQerL6LveWdfYxM28jlAtYN0zDpvJ-pQle-QMgjS4/preset:web_app_icon_62/plain/https://static.rustore.ru/apk/2063504943/content/ICON/206aa34f-8900-4c75-8930-7081e325f38b.png@webp,2026-07-29T18:46:41.796Z,https://www.rustore.ru/catalog/search?query=%D0%B3%D0%BE%D1%80%D0%BE%D1%81%D0%BA%D0%BE%D0%BF%20%D1%81%D0%BE%D0%B2%D0%BC%D0%B5%D1%81%D1%82%D0%B8%D0%BC%D0%BE%D1%81%D1%82%D0%B8,https://www.rustore.ru/catalog/app/scorpio.daily.horoscopes
приложение гороскоп,496,1,com.promobi.horo,Гороскоп,Образ жизни,,https://static.rustore.ru/imgproxy/T7juCxxQEBKwP63A2GZ2k5N79KVnZg9FTZ453xv0DEs/preset:web_app_icon_62/plain/https://static.rustore.ru/apk/2063611920/content/ICON/9f8804b7-de1b-4eeb-aba1-cb7041f5a176.png@webp,2026-07-29T18:47:01.096Z,https://www.rustore.ru/catalog/search?query=%D0%BF%D1%80%D0%B8%D0%BB%D0%BE%D0%B6%D0%B5%D0%BD%D0%B8%D0%B5%20%D0%B3%D0%BE%D1%80%D0%BE%D1%81%D0%BA%D0%BE%D0%BF,https://www.rustore.ru/catalog/app/com.promobi.horo
приложение гороскоп,496,2,com.vagasoft.horoscope.signs,Гороскоп,Образ жизни,,https://static.rustore.ru/imgproxy/DmTXIw2yMnWMTULCDgB-0XAUEvQO9rjbDOxToaZm7VU/preset:web_app_icon_62/plain/https://static.rustore.ru/2025/12/9/bd/apk/2063676992/content/ICON/7214baf3-8d4d-43a2-89e3-a7e7a637b644.png@webp,2026-07-29T18:47:01.096Z,https://www.rustore.ru/catalog/search?query=%D0%BF%D1%80%D0%B8%D0%BB%D0%BE%D0%B6%D0%B5%D0%BD%D0%B8%D0%B5%20%D0%B3%D0%BE%D1%80%D0%BE%D1%81%D0%BA%D0%BE%D0%BF,https://www.rustore.ru/catalog/app/com.vagasoft.horoscope.signs
приложение гороскоп,496,3,com.grupoprecedo.horoscope,Гороскоп,Образ жизни,,https://static.rustore.ru/imgproxy/bk73e7z_u16QKRQFJ9B84Ir3AENJKiU3T8FhzOGGP4M/preset:web_app_icon_62/plain/https://static.rustore.ru/apk/2063608017/content/ICON/5839d061-6555-491d-9142-aff96925064f.png@webp,2026-07-29T18:47:01.096Z,https://www.rustore.ru/catalog/search?query=%D0%BF%D1%80%D0%B8%D0%BB%D0%BE%D0%B6%D0%B5%D0%BD%D0%B8%D0%B5%20%D0%B3%D0%BE%D1%80%D0%BE%D1%81%D0%BA%D0%BE%D0%BF,https://www.rustore.ru/catalog/app/com.grupoprecedo.horoscope
приложение гороскоп,496,4,com.foresko.horoscopes,Гороскоп на каждый день: Астрология & Гороскопы,Образ жизни,,https://static.rustore.ru/imgproxy/nvjlG1_j5y7GIqSI5I1O3PZ_yw8PzObrKn8WNYECYlg/preset:web_app_icon_62/plain/https://static.rustore.ru/apk/2063522203/content/ICON/e450e06c-0fd8-4d74-b82c-74d68f0b3b73.png@webp,2026-07-29T18:47:01.096Z,https://www.rustore.ru/catalog/search?query=%D0%BF%D1%80%D0%B8%D0%BB%D0%BE%D0%B6%D0%B5%D0%BD%D0%B8%D0%B5%20%D0%B3%D0%BE%D1%80%D0%BE%D1%81%D0%BA%D0%BE%D0%BF,https://www.rustore.ru/catalog/app/com.foresko.horoscopes
приложение гороскоп,496,5,com.daerhou.constellation,Гороскоп,Образ жизни,,https://static.rustore.ru/imgproxy/63sQB3vK3boNLXJfWGYb8y91hckbcFrTj-yMZgIGrfo/preset:web_app_icon_62/plain/https://static.rustore.ru/2025/11/19/20/apk/2063672476/content/ICON/bdf7ccc2-1592-4eac-bd14-eb60db3ee963.png@webp,2026-07-29T18:47:01.096Z,https://www.rustore.ru/catalog/search?query=%D0%BF%D1%80%D0%B8%D0%BB%D0%BE%D0%B6%D0%B5%D0%BD%D0%B8%D0%B5%20%D0%B3%D0%BE%D1%80%D0%BE%D1%81%D0%BA%D0%BE%D0%BF,https://www.rustore.ru/catalog/app/com.daerhou.constellation
приложение гороскоп,496,6,com.aiastrologer.app,"AI-Астролог, Таро, Астрология, Гороскоп, Астробот",Образ жизни,,https://static.rustore.ru/imgproxy/3Ld-d7uhG_9cEJ2LiCa6jgaz7lg0Yn7lyGXuEB7Ct8k/preset:web_app_icon_62/plain/https://static.rustore.ru/2026/7/9/a7/apk/2063730874/content/ICON/9883a02f-2920-4a9b-a268-a5a33b24e8ea.png@webp,2026-07-29T18:47:01.096Z,https://www.rustore.ru/catalog/search?query=%D0%BF%D1%80%D0%B8%D0%BB%D0%BE%D0%B6%D0%B5%D0%BD%D0%B8%D0%B5%20%D0%B3%D0%BE%D1%80%D0%BE%D1%81%D0%BA%D0%BE%D0%BF,https://www.rustore.ru/catalog/app/com.aiastrologer.app
приложение гороскоп,496,7,cancer.daily.horoscopes,"РАК Гороскоп на сегодня, завтра и на каждый день",Образ жизни,,https://static.rustore.ru/imgproxy/Iazo90R3uQCkJTJ0MEXw2oVftJNjQUjK7VBlqkoVFr0/preset:web_app_icon_62/plain/https://static.rustore.ru/apk/2063504941/content/ICON/bab8eae7-2e8a-4be9-b448-e84f1b1d8ec0.png@webp,2026-07-29T18:47:01.096Z,https://www.rustore.ru/catalog/search?query=%D0%BF%D1%80%D0%B8%D0%BB%D0%BE%D0%B6%D0%B5%D0%BD%D0%B8%D0%B5%20%D0%B3%D0%BE%D1%80%D0%BE%D1%81%D0%BA%D0%BE%D0%BF,https://www.rustore.ru/catalog/app/cancer.daily.horoscopes
приложение гороскоп,496,8,com.zylonix.horoscope,Гороскоп на каждый день - онлайн,Образ жизни,,https://static.rustore.ru/imgproxy/NPE8X0KFEmt56AT22aKkN3MwNafsm0zkF885_LCEfsY/preset:web_app_icon_62/plain/https://static.rustore.ru/apk/2063569893/content/ICON/e833ece0-577c-4bc4-9f40-657de80e331b.png@webp,2026-07-29T18:47:01.096Z,https://www.rustore.ru/catalog/search?query=%D0%BF%D1%80%D0%B8%D0%BB%D0%BE%D0%B6%D0%B5%D0%BD%D0%B8%D0%B5%20%D0%B3%D0%BE%D1%80%D0%BE%D1%81%D0%BA%D0%BE%D0%BF,https://www.rustore.ru/catalog/app/com.zylonix.horoscope
приложение гороскоп,496,9,horoscope.astrology.zodiac.sign.daily,Гороскопы и астрология,Образ жизни,,https://static.rustore.ru/imgproxy/cE1e9ChJxQnFYqv8fEopYgxNkuveuONQ3pz-fGKrazg/preset:web_app_icon_62/plain/https://static.rustore.ru/apk/2063593077/content/ICON/bca3403b-1713-4c48-a550-3b3df74ae619.jpg@webp,2026-07-29T18:47:01.096Z,https://www.rustore.ru/catalog/search?query=%D0%BF%D1%80%D0%B8%D0%BB%D0%BE%D0%B6%D0%B5%D0%BD%D0%B8%D0%B5%20%D0%B3%D0%BE%D1%80%D0%BE%D1%81%D0%BA%D0%BE%D0%BF,https://www.rustore.ru/catalog/app/horoscope.astrology.zodiac.sign.daily
приложение гороскоп,496,10,scorpio.daily.horoscopes,"СКОРПИОН Гороскоп сегодня, завтра и на каждый день",Образ жизни,,https://static.rustore.ru/imgproxy/x4JQerL6LveWdfYxM28jlAtYN0zDpvJ-pQle-QMgjS4/preset:web_app_icon_62/plain/https://static.rustore.ru/apk/2063504943/content/ICON/206aa34f-8900-4c75-8930-7081e325f38b.png@webp,2026-07-29T18:47:01.096Z,https://www.rustore.ru/catalog/search?query=%D0%BF%D1%80%D0%B8%D0%BB%D0%BE%D0%B6%D0%B5%D0%BD%D0%B8%D0%B5%20%D0%B3%D0%BE%D1%80%D0%BE%D1%81%D0%BA%D0%BE%D0%BF,https://www.rustore.ru/catalog/app/scorpio.daily.horoscopes
приложение гороскоп,496,11,com.sopelus.horoscope,"Гороскопы бесплатно, натальная карта",Образ жизни,,https://static.rustore.ru/imgproxy/6Y2EnbUmAeSntLHRzoX7VP5iRHM6InMeJHZao6yYG00/preset:web_app_icon_62/plain/https://static.rustore.ru/apk/2063642700/content/ICON/4cf492a6-1c93-45d7-89fc-41600dc6d076.png@webp,2026-07-29T18:47:01.096Z,https://www.rustore.ru/catalog/search?query=%D0%BF%D1%80%D0%B8%D0%BB%D0%BE%D0%B6%D0%B5%D0%BD%D0%B8%D0%B5%20%D0%B3%D0%BE%D1%80%D0%BE%D1%81%D0%BA%D0%BE%D0%BF,https://www.rustore.ru/catalog/app/com.sopelus.horoscope
приложение гороскоп,496,12,ua.maksdenis.timeofbirth,Гороскоп Рождения,Образ жизни,,https://static.rustore.ru/imgproxy/XJLsf7VBiJMSMcpeUNiCX2ZBN_eOAny-sbevT8vo4WI/preset:web_app_icon_62/plain/https://static.rustore.ru/apk/2063495130/content/ICON/6a2a77c2-5dd9-4a3b-8576-3076c44560bc.@webp,2026-07-29T18:47:01.096Z,https://www.rustore.ru/catalog/search?query=%D0%BF%D1%80%D0%B8%D0%BB%D0%BE%D0%B6%D0%B5%D0%BD%D0%B8%D0%B5%20%D0%B3%D0%BE%D1%80%D0%BE%D1%81%D0%BA%D0%BE%D0%BF,https://www.rustore.ru/catalog/app/ua.maksdenis.timeofbirth
приложение гороскоп,496,13,net.kosev.scoping,Гороскоп,Образ жизни,,https://static.rustore.ru/imgproxy/nRsbzEKas4HB6FEELVnqgAh6fnpwl07Qr9hVTxtO3JE/preset:web_app_icon_62/plain/https://static.rustore.ru/apk/2063605945/content/ICON/cf59fc03-7143-4c0c-9762-6d7e153feea3.png@webp,2026-07-29T18:47:01.096Z,https://www.rustore.ru/catalog/search?query=%D0%BF%D1%80%D0%B8%D0%BB%D0%BE%D0%B6%D0%B5%D0%BD%D0%B8%D0%B5%20%D0%B3%D0%BE%D1%80%D0%BE%D1%81%D0%BA%D0%BE%D0%BF,https://www.rustore.ru/catalog/app/net.kosev.scoping
приложение гороскоп,496,14,ru.mail.horo.android,Гороскопы,Образ жизни,,https://static.rustore.ru/imgproxy/nRFoWc1MPvTuTYOU6QywIggWJhPoq_4dyrpRYsTcOqw/preset:web_app_icon_62/plain/https://static.rustore.ru/c8d657eb-3f3b-4dea-9bd4-866dcbf21af6@webp,2026-07-29T18:47:01.096Z,https://www.rustore.ru/catalog/search?query=%D0%BF%D1%80%D0%B8%D0%BB%D0%BE%D0%B6%D0%B5%D0%BD%D0%B8%D0%B5%20%D0%B3%D0%BE%D1%80%D0%BE%D1%81%D0%BA%D0%BE%D0%BF,https://www.rustore.ru/catalog/app/ru.mail.horo.android
приложение гороскоп,496,15,ru.yufic.horoscoperu,Ежедневный гороскоп - Yufic,Образ жизни,,https://static.rustore.ru/imgproxy/tnbCtQvmyMyKyNqfR-PuDBejXWvT_uHTBy_ZxelWHtQ/preset:web_app_icon_62/plain/https://static.rustore.ru/apk/2063575492/content/ICON/81f987eb-731f-4439-91cb-ee1d1cb2f26b.png@webp,2026-07-29T18:47:01.096Z,https://www.rustore.ru/catalog/search?query=%D0%BF%D1%80%D0%B8%D0%BB%D0%BE%D0%B6%D0%B5%D0%BD%D0%B8%D0%B5%20%D0%B3%D0%BE%D1%80%D0%BE%D1%81%D0%BA%D0%BE%D0%BF,https://www.rustore.ru/catalog/app/ru.yufic.horoscoperu
приложение гороскоп,496,16,org.roboratory.signs,"Астро! Гороскопы, приметы.",Образ жизни,,https://static.rustore.ru/imgproxy/oiiPAtEroKUEaW8_G6Q41KU06yHi2Qvb4-Wblmd-lwA/preset:web_app_icon_62/plain/https://static.rustore.ru/apk/1125696959/content/ICON/b07e7c20-0ed7-4f1f-b8f1-fd4588a756f5.png@webp,2026-07-29T18:47:01.096Z,https://www.rustore.ru/catalog/search?query=%D0%BF%D1%80%D0%B8%D0%BB%D0%BE%D0%B6%D0%B5%D0%BD%D0%B8%D0%B5%20%D0%B3%D0%BE%D1%80%D0%BE%D1%81%D0%BA%D0%BE%D0%BF,https://www.rustore.ru/catalog/app/org.roboratory.signs
приложение гороскоп,496,17,org.mypost.horoscope,Гороскоп - Ваш астрологический гид,Образ жизни,,https://static.rustore.ru/imgproxy/Cge3guq8JHhIED2estQHUTqjjKCRbsz_vOe4mozVCtk/preset:web_app_icon_62/plain/https://static.rustore.ru/apk/2063561234/content/ICON/d61c25f4-37c4-4b47-abb5-67c9c222330b.png@webp,2026-07-29T18:47:01.096Z,https://www.rustore.ru/catalog/search?query=%D0%BF%D1%80%D0%B8%D0%BB%D0%BE%D0%B6%D0%B5%D0%BD%D0%B8%D0%B5%20%D0%B3%D0%BE%D1%80%D0%BE%D1%81%D0%BA%D0%BE%D0%BF,https://www.rustore.ru/catalog/app/org.mypost.horoscope
приложение гороскоп,496,18,libra.daily.horoscopes,"ВЕСЫ Гороскоп на сегодня, завтра и на каждый день",Образ жизни,,https://static.rustore.ru/imgproxy/oEpGFKYPoeNtbQtU7UYScb6dhWmkPa9Sn6j-hrtB3FU/preset:web_app_icon_62/plain/https://static.rustore.ru/apk/2063504931/content/ICON/51a9b3ed-cfcf-47b6-b92f-66562f33f0d7.png@webp,2026-07-29T18:47:01.096Z,https://www.rustore.ru/catalog/search?query=%D0%BF%D1%80%D0%B8%D0%BB%D0%BE%D0%B6%D0%B5%D0%BD%D0%B8%D0%B5%20%D0%B3%D0%BE%D1%80%D0%BE%D1%81%D0%BA%D0%BE%D0%BF,https://www.rustore.ru/catalog/app/libra.daily.horoscopes
приложение гороскоп,496,19,com.Goriskop,Гороскоп,Образ жизни,,https://static.rustore.ru/imgproxy/HrwLYNb56J2xOrayOehMAl6Hrf85IP58cgM6HVhRs7o/preset:web_app_icon_62/plain/https://static.rustore.ru/2025/12/8/fb/apk/2063676572/content/ICON/e657f6ea-6c43-4db5-94d8-508e4b440099.png@webp,2026-07-29T18:47:01.096Z,https://www.rustore.ru/catalog/search?query=%D0%BF%D1%80%D0%B8%D0%BB%D0%BE%D0%B6%D0%B5%D0%BD%D0%B8%D0%B5%20%D0%B3%D0%BE%D1%80%D0%BE%D1%81%D0%BA%D0%BE%D0%BF,https://www.rustore.ru/catalog/app/com.Goriskop
приложение гороскоп,496,20,com.envgeniipopov.goroscopy_app,Гороскоп на каждый день,Образ жизни,,https://static.rustore.ru/imgproxy/greXSXBJSV2P8lsfyVjEwNSftaTlwiuDAEoIyTC4880/preset:web_app_icon_62/plain/https://static.rustore.ru/2026/3/29/12/apk/2063692612/content/ICON/111b378c-04d2-4b81-9c22-4b69aa15818c.png@webp,2026-07-29T18:47:01.096Z,https://www.rustore.ru/catalog/search?query=%D0%BF%D1%80%D0%B8%D0%BB%D0%BE%D0%B6%D0%B5%D0%BD%D0%B8%D0%B5%20%D0%B3%D0%BE%D1%80%D0%BE%D1%81%D0%BA%D0%BE%D0%BF,https://www.rustore.ru/catalog/app/com.envgeniipopov.goroscopy_app
гороскоп скачать,497,1,com.daerhou.constellation,Гороскоп,Образ жизни,,https://static.rustore.ru/imgproxy/63sQB3vK3boNLXJfWGYb8y91hckbcFrTj-yMZgIGrfo/preset:web_app_icon_62/plain/https://static.rustore.ru/2025/11/19/20/apk/2063672476/content/ICON/bdf7ccc2-1592-4eac-bd14-eb60db3ee963.png@webp,2026-07-29T18:47:03.167Z,https://www.rustore.ru/catalog/search?query=%D0%B3%D0%BE%D1%80%D0%BE%D1%81%D0%BA%D0%BE%D0%BF%20%D1%81%D0%BA%D0%B0%D1%87%D0%B0%D1%82%D1%8C,https://www.rustore.ru/catalog/app/com.daerhou.constellation
гороскоп скачать,497,2,ua.maksdenis.timeofbirth,Гороскоп Рождения,Образ жизни,,https://static.rustore.ru/imgproxy/XJLsf7VBiJMSMcpeUNiCX2ZBN_eOAny-sbevT8vo4WI/preset:web_app_icon_62/plain/https://static.rustore.ru/apk/2063495130/content/ICON/6a2a77c2-5dd9-4a3b-8576-3076c44560bc.@webp,2026-07-29T18:47:03.167Z,https://www.rustore.ru/catalog/search?query=%D0%B3%D0%BE%D1%80%D0%BE%D1%81%D0%BA%D0%BE%D0%BF%20%D1%81%D0%BA%D0%B0%D1%87%D0%B0%D1%82%D1%8C,https://www.rustore.ru/catalog/app/ua.maksdenis.timeofbirth
гороскоп скачать,497,3,com.grupoprecedo.horoscope,Гороскоп,Образ жизни,,https://static.rustore.ru/imgproxy/bk73e7z_u16QKRQFJ9B84Ir3AENJKiU3T8FhzOGGP4M/preset:web_app_icon_62/plain/https://static.rustore.ru/apk/2063608017/content/ICON/5839d061-6555-491d-9142-aff96925064f.png@webp,2026-07-29T18:47:03.167Z,https://www.rustore.ru/catalog/search?query=%D0%B3%D0%BE%D1%80%D0%BE%D1%81%D0%BA%D0%BE%D0%BF%20%D1%81%D0%BA%D0%B0%D1%87%D0%B0%D1%82%D1%8C,https://www.rustore.ru/catalog/app/com.grupoprecedo.horoscope
гороскоп скачать,497,4,com.foresko.horoscopes,Гороскоп на каждый день: Астрология & Гороскопы,Образ жизни,,https://static.rustore.ru/imgproxy/nvjlG1_j5y7GIqSI5I1O3PZ_yw8PzObrKn8WNYECYlg/preset:web_app_icon_62/plain/https://static.rustore.ru/apk/2063522203/content/ICON/e450e06c-0fd8-4d74-b82c-74d68f0b3b73.png@webp,2026-07-29T18:47:03.167Z,https://www.rustore.ru/catalog/search?query=%D0%B3%D0%BE%D1%80%D0%BE%D1%81%D0%BA%D0%BE%D0%BF%20%D1%81%D0%BA%D0%B0%D1%87%D0%B0%D1%82%D1%8C,https://www.rustore.ru/catalog/app/com.foresko.horoscopes
гороскоп скачать,497,5,ru.mail.horo.android,Гороскопы,Образ жизни,,https://static.rustore.ru/imgproxy/nRFoWc1MPvTuTYOU6QywIggWJhPoq_4dyrpRYsTcOqw/preset:web_app_icon_62/plain/https://static.rustore.ru/c8d657eb-3f3b-4dea-9bd4-866dcbf21af6@webp,2026-07-29T18:47:03.167Z,https://www.rustore.ru/catalog/search?query=%D0%B3%D0%BE%D1%80%D0%BE%D1%81%D0%BA%D0%BE%D0%BF%20%D1%81%D0%BA%D0%B0%D1%87%D0%B0%D1%82%D1%8C,https://www.rustore.ru/catalog/app/ru.mail.horo.android
гороскоп скачать,497,6,com.vagasoft.horoscope.signs,Гороскоп,Образ жизни,,https://static.rustore.ru/imgproxy/DmTXIw2yMnWMTULCDgB-0XAUEvQO9rjbDOxToaZm7VU/preset:web_app_icon_62/plain/https://static.rustore.ru/2025/12/9/bd/apk/2063676992/content/ICON/7214baf3-8d4d-43a2-89e3-a7e7a637b644.png@webp,2026-07-29T18:47:03.167Z,https://www.rustore.ru/catalog/search?query=%D0%B3%D0%BE%D1%80%D0%BE%D1%81%D0%BA%D0%BE%D0%BF%20%D1%81%D0%BA%D0%B0%D1%87%D0%B0%D1%82%D1%8C,https://www.rustore.ru/catalog/app/com.vagasoft.horoscope.signs
гороскоп скачать,497,7,com.Goriskop,Гороскоп,Образ жизни,,https://static.rustore.ru/imgproxy/HrwLYNb56J2xOrayOehMAl6Hrf85IP58cgM6HVhRs7o/preset:web_app_icon_62/plain/https://static.rustore.ru/2025/12/8/fb/apk/2063676572/content/ICON/e657f6ea-6c43-4db5-94d8-508e4b440099.png@webp,2026-07-29T18:47:03.167Z,https://www.rustore.ru/catalog/search?query=%D0%B3%D0%BE%D1%80%D0%BE%D1%81%D0%BA%D0%BE%D0%BF%20%D1%81%D0%BA%D0%B0%D1%87%D0%B0%D1%82%D1%8C,https://www.rustore.ru/catalog/app/com.Goriskop
гороскоп скачать,497,8,com.sopelus.horoscope,"Гороскопы бесплатно, натальная карта",Образ жизни,,https://static.rustore.ru/imgproxy/6Y2EnbUmAeSntLHRzoX7VP5iRHM6InMeJHZao6yYG00/preset:web_app_icon_62/plain/https://static.rustore.ru/apk/2063642700/content/ICON/4cf492a6-1c93-45d7-89fc-41600dc6d076.png@webp,2026-07-29T18:47:03.167Z,https://www.rustore.ru/catalog/search?query=%D0%B3%D0%BE%D1%80%D0%BE%D1%81%D0%BA%D0%BE%D0%BF%20%D1%81%D0%BA%D0%B0%D1%87%D0%B0%D1%82%D1%8C,https://www.rustore.ru/catalog/app/com.sopelus.horoscope
гороскоп скачать,497,9,net.kosev.scoping,Гороскоп,Образ жизни,,https://static.rustore.ru/imgproxy/nRsbzEKas4HB6FEELVnqgAh6fnpwl07Qr9hVTxtO3JE/preset:web_app_icon_62/plain/https://static.rustore.ru/apk/2063605945/content/ICON/cf59fc03-7143-4c0c-9762-6d7e153feea3.png@webp,2026-07-29T18:47:03.167Z,https://www.rustore.ru/catalog/search?query=%D0%B3%D0%BE%D1%80%D0%BE%D1%81%D0%BA%D0%BE%D0%BF%20%D1%81%D0%BA%D0%B0%D1%87%D0%B0%D1%82%D1%8C,https://www.rustore.ru/catalog/app/net.kosev.scoping
гороскоп скачать,497,10,com.idmobile.horoscope,Мой Гороскоп New,Образ жизни,,https://static.rustore.ru/imgproxy/eBmUo1h-qIf_WV1UUmj2yPdpGoTS2YLXHP0qQV26yQE/preset:web_app_icon_62/plain/https://static.rustore.ru/apk/2063599046/content/ICON/e41ef7fc-83c8-408e-abde-682976322718.jpg@webp,2026-07-29T18:47:03.167Z,https://www.rustore.ru/catalog/search?query=%D0%B3%D0%BE%D1%80%D0%BE%D1%81%D0%BA%D0%BE%D0%BF%20%D1%81%D0%BA%D0%B0%D1%87%D0%B0%D1%82%D1%8C,https://www.rustore.ru/catalog/app/com.idmobile.horoscope
гороскоп скачать,497,11,com.promobi.horo,Гороскоп,Образ жизни,,https://static.rustore.ru/imgproxy/T7juCxxQEBKwP63A2GZ2k5N79KVnZg9FTZ453xv0DEs/preset:web_app_icon_62/plain/https://static.rustore.ru/apk/2063611920/content/ICON/9f8804b7-de1b-4eeb-aba1-cb7041f5a176.png@webp,2026-07-29T18:47:03.167Z,https://www.rustore.ru/catalog/search?query=%D0%B3%D0%BE%D1%80%D0%BE%D1%81%D0%BA%D0%BE%D0%BF%20%D1%81%D0%BA%D0%B0%D1%87%D0%B0%D1%82%D1%8C,https://www.rustore.ru/catalog/app/com.promobi.horo
гороскоп скачать,497,12,tr.com.pher.horoscope,Ежедневные гороскопы,Образ жизни,,https://static.rustore.ru/imgproxy/o2VOAOgxFLyCZ-l2X7dZRsOYwrGowjei3w3TtemN6fw/preset:web_app_icon_62/plain/https://static.rustore.ru/apk/2063526292/content/ICON/3a4aa54b-d206-4b63-a7b6-bd5ddaa35b12.@webp,2026-07-29T18:47:03.167Z,https://www.rustore.ru/catalog/search?query=%D0%B3%D0%BE%D1%80%D0%BE%D1%81%D0%BA%D0%BE%D0%BF%20%D1%81%D0%BA%D0%B0%D1%87%D0%B0%D1%82%D1%8C,https://www.rustore.ru/catalog/app/tr.com.pher.horoscope
гороскоп скачать,497,13,com.pagestechnologies.zodiac,Гороскоп на каждый день,Образ жизни,,https://static.rustore.ru/imgproxy/LMjr946xUacmWt7Cqb5Y8NE_Xo90rnEXZTpNQpe_SoA/preset:web_app_icon_62/plain/https://static.rustore.ru/apk/459817151/content/ICON/8968fd4f-b614-4d29-96c1-2bd621dcbeb2.png@webp,2026-07-29T18:47:03.167Z,https://www.rustore.ru/catalog/search?query=%D0%B3%D0%BE%D1%80%D0%BE%D1%81%D0%BA%D0%BE%D0%BF%20%D1%81%D0%BA%D0%B0%D1%87%D0%B0%D1%82%D1%8C,https://www.rustore.ru/catalog/app/com.pagestechnologies.zodiac
гороскоп скачать,497,14,cancer.daily.horoscopes,"РАК Гороскоп на сегодня, завтра и на каждый день",Образ жизни,,https://static.rustore.ru/imgproxy/Iazo90R3uQCkJTJ0MEXw2oVftJNjQUjK7VBlqkoVFr0/preset:web_app_icon_62/plain/https://static.rustore.ru/apk/2063504941/content/ICON/bab8eae7-2e8a-4be9-b448-e84f1b1d8ec0.png@webp,2026-07-29T18:47:03.167Z,https://www.rustore.ru/catalog/search?query=%D0%B3%D0%BE%D1%80%D0%BE%D1%81%D0%BA%D0%BE%D0%BF%20%D1%81%D0%BA%D0%B0%D1%87%D0%B0%D1%82%D1%8C,https://www.rustore.ru/catalog/app/cancer.daily.horoscopes
гороскоп скачать,497,15,ru.yufic.horoscoperu,Ежедневный гороскоп - Yufic,Образ жизни,,https://static.rustore.ru/imgproxy/tnbCtQvmyMyKyNqfR-PuDBejXWvT_uHTBy_ZxelWHtQ/preset:web_app_icon_62/plain/https://static.rustore.ru/apk/2063575492/content/ICON/81f987eb-731f-4439-91cb-ee1d1cb2f26b.png@webp,2026-07-29T18:47:03.167Z,https://www.rustore.ru/catalog/search?query=%D0%B3%D0%BE%D1%80%D0%BE%D1%81%D0%BA%D0%BE%D0%BF%20%D1%81%D0%BA%D0%B0%D1%87%D0%B0%D1%82%D1%8C,https://www.rustore.ru/catalog/app/ru.yufic.horoscoperu
гороскоп скачать,497,16,potencialmenteinteresante.personaldailyhoroscope,Eжедневный гороскоп,Образ жизни,,https://static.rustore.ru/imgproxy/FI_Mef7YzE1Voyibh1Tofx1KmQTi1zaPGsTHGs8vD-U/preset:web_app_icon_62/plain/https://static.rustore.ru/apk/2063631207/content/ICON/2044085b-6eca-4fb1-8cd6-df5a6f4d8b90.png@webp,2026-07-29T18:47:03.167Z,https://www.rustore.ru/catalog/search?query=%D0%B3%D0%BE%D1%80%D0%BE%D1%81%D0%BA%D0%BE%D0%BF%20%D1%81%D0%BA%D0%B0%D1%87%D0%B0%D1%82%D1%8C,https://www.rustore.ru/catalog/app/potencialmenteinteresante.personaldailyhoroscope
гороскоп скачать,497,17,ru.smartbear.programs.horoscopenew,Гороскоп на каждый день 2026. По дате рождения,Образ жизни,,https://static.rustore.ru/imgproxy/W8iS0wC3tJvcKaKr-faY_LH0osvnm6O4fDud9--lhsk/preset:web_app_icon_62/plain/https://static.rustore.ru/2025/10/31/94/apk/2063560139/content/ICON/9b3cee58-1b9e-409f-911d-0adfe3aed71f.png@webp,2026-07-29T18:47:03.167Z,https://www.rustore.ru/catalog/search?query=%D0%B3%D0%BE%D1%80%D0%BE%D1%81%D0%BA%D0%BE%D0%BF%20%D1%81%D0%BA%D0%B0%D1%87%D0%B0%D1%82%D1%8C,https://www.rustore.ru/catalog/app/ru.smartbear.programs.horoscopenew
гороскоп скачать,497,18,scorpio.daily.horoscopes,"СКОРПИОН Гороскоп сегодня, завтра и на каждый день",Образ жизни,,https://static.rustore.ru/imgproxy/x4JQerL6LveWdfYxM28jlAtYN0zDpvJ-pQle-QMgjS4/preset:web_app_icon_62/plain/https://static.rustore.ru/apk/2063504943/content/ICON/206aa34f-8900-4c75-8930-7081e325f38b.png@webp,2026-07-29T18:47:03.167Z,https://www.rustore.ru/catalog/search?query=%D0%B3%D0%BE%D1%80%D0%BE%D1%81%D0%BA%D0%BE%D0%BF%20%D1%81%D0%BA%D0%B0%D1%87%D0%B0%D1%82%D1%8C,https://www.rustore.ru/catalog/app/scorpio.daily.horoscopes
гороскоп скачать,497,19,com.envgeniipopov.goroscopy_app,Гороскоп на каждый день,Образ жизни,,https://static.rustore.ru/imgproxy/greXSXBJSV2P8lsfyVjEwNSftaTlwiuDAEoIyTC4880/preset:web_app_icon_62/plain/https://static.rustore.ru/2026/3/29/12/apk/2063692612/content/ICON/111b378c-04d2-4b81-9c22-4b69aa15818c.png@webp,2026-07-29T18:47:03.167Z,https://www.rustore.ru/catalog/search?query=%D0%B3%D0%BE%D1%80%D0%BE%D1%81%D0%BA%D0%BE%D0%BF%20%D1%81%D0%BA%D0%B0%D1%87%D0%B0%D1%82%D1%8C,https://www.rustore.ru/catalog/app/com.envgeniipopov.goroscopy_app
гороскоп скачать,497,20,com.yufi.horoscope,Юфик Гороскоп на каждый день 2026!,Образ жизни,,https://static.rustore.ru/imgproxy/l6LIcca44Dgx31-eOO2iDal4XpWlF6n3XiT92O4mrrA/preset:web_app_icon_62/plain/https://static.rustore.ru/apk/2063555839/content/ICON/f65894ff-40f3-4292-a018-197c9c6c22bb.png@webp,2026-07-29T18:47:03.167Z,https://www.rustore.ru/catalog/search?query=%D0%B3%D0%BE%D1%80%D0%BE%D1%81%D0%BA%D0%BE%D0%BF%20%D1%81%D0%BA%D0%B0%D1%87%D0%B0%D1%82%D1%8C,https://www.rustore.ru/catalog/app/com.yufi.horoscope
гороскоп на андроид,498,1,net.kosev.scoping,Гороскоп,Образ жизни,,https://static.rustore.ru/imgproxy/nRsbzEKas4HB6FEELVnqgAh6fnpwl07Qr9hVTxtO3JE/preset:web_app_icon_62/plain/https://static.rustore.ru/apk/2063605945/content/ICON/cf59fc03-7143-4c0c-9762-6d7e153feea3.png@webp,2026-07-29T18:47:05.110Z,https://www.rustore.ru/catalog/search?query=%D0%B3%D0%BE%D1%80%D0%BE%D1%81%D0%BA%D0%BE%D0%BF%20%D0%BD%D0%B0%20%D0%B0%D0%BD%D0%B4%D1%80%D0%BE%D0%B8%D0%B4,https://www.rustore.ru/catalog/app/net.kosev.scoping
гороскоп на андроид,498,2,com.grupoprecedo.horoscope,Гороскоп,Образ жизни,,https://static.rustore.ru/imgproxy/bk73e7z_u16QKRQFJ9B84Ir3AENJKiU3T8FhzOGGP4M/preset:web_app_icon_62/plain/https://static.rustore.ru/apk/2063608017/content/ICON/5839d061-6555-491d-9142-aff96925064f.png@webp,2026-07-29T18:47:05.110Z,https://www.rustore.ru/catalog/search?query=%D0%B3%D0%BE%D1%80%D0%BE%D1%81%D0%BA%D0%BE%D0%BF%20%D0%BD%D0%B0%20%D0%B0%D0%BD%D0%B4%D1%80%D0%BE%D0%B8%D0%B4,https://www.rustore.ru/catalog/app/com.grupoprecedo.horoscope
гороскоп на андроид,498,3,com.Goriskop,Гороскоп,Образ жизни,,https://static.rustore.ru/imgproxy/HrwLYNb56J2xOrayOehMAl6Hrf85IP58cgM6HVhRs7o/preset:web_app_icon_62/plain/https://static.rustore.ru/2025/12/8/fb/apk/2063676572/content/ICON/e657f6ea-6c43-4db5-94d8-508e4b440099.png@webp,2026-07-29T18:47:05.110Z,https://www.rustore.ru/catalog/search?query=%D0%B3%D0%BE%D1%80%D0%BE%D1%81%D0%BA%D0%BE%D0%BF%20%D0%BD%D0%B0%20%D0%B0%D0%BD%D0%B4%D1%80%D0%BE%D0%B8%D0%B4,https://www.rustore.ru/catalog/app/com.Goriskop
гороскоп на андроид,498,4,com.promobi.horo,Гороскоп,Образ жизни,,https://static.rustore.ru/imgproxy/T7juCxxQEBKwP63A2GZ2k5N79KVnZg9FTZ453xv0DEs/preset:web_app_icon_62/plain/https://static.rustore.ru/apk/2063611920/content/ICON/9f8804b7-de1b-4eeb-aba1-cb7041f5a176.png@webp,2026-07-29T18:47:05.110Z,https://www.rustore.ru/catalog/search?query=%D0%B3%D0%BE%D1%80%D0%BE%D1%81%D0%BA%D0%BE%D0%BF%20%D0%BD%D0%B0%20%D0%B0%D0%BD%D0%B4%D1%80%D0%BE%D0%B8%D0%B4,https://www.rustore.ru/catalog/app/com.promobi.horo
гороскоп на андроид,498,5,com.foresko.horoscopes,Гороскоп на каждый день: Астрология & Гороскопы,Образ жизни,,https://static.rustore.ru/imgproxy/nvjlG1_j5y7GIqSI5I1O3PZ_yw8PzObrKn8WNYECYlg/preset:web_app_icon_62/plain/https://static.rustore.ru/apk/2063522203/content/ICON/e450e06c-0fd8-4d74-b82c-74d68f0b3b73.png@webp,2026-07-29T18:47:05.110Z,https://www.rustore.ru/catalog/search?query=%D0%B3%D0%BE%D1%80%D0%BE%D1%81%D0%BA%D0%BE%D0%BF%20%D0%BD%D0%B0%20%D0%B0%D0%BD%D0%B4%D1%80%D0%BE%D0%B8%D0%B4,https://www.rustore.ru/catalog/app/com.foresko.horoscopes
гороскоп на андроид,498,6,com.daerhou.constellation,Гороскоп,Образ жизни,,https://static.rustore.ru/imgproxy/63sQB3vK3boNLXJfWGYb8y91hckbcFrTj-yMZgIGrfo/preset:web_app_icon_62/plain/https://static.rustore.ru/2025/11/19/20/apk/2063672476/content/ICON/bdf7ccc2-1592-4eac-bd14-eb60db3ee963.png@webp,2026-07-29T18:47:05.110Z,https://www.rustore.ru/catalog/search?query=%D0%B3%D0%BE%D1%80%D0%BE%D1%81%D0%BA%D0%BE%D0%BF%20%D0%BD%D0%B0%20%D0%B0%D0%BD%D0%B4%D1%80%D0%BE%D0%B8%D0%B4,https://www.rustore.ru/catalog/app/com.daerhou.constellation
гороскоп на андроид,498,7,com.horoscope.mydailyhoroscope.mydailyhoroscope,Мой Гороскоп,Образ жизни,,https://static.rustore.ru/imgproxy/q1uwNafml_4ARkToGYfynS9_UdQBf6Thn0j4YwchC4w/preset:web_app_icon_62/plain/https://static.rustore.ru/apk/2063519218/content/ICON/0faa70a2-aa95-410d-a3ff-cdcf3e84ec16.@webp,2026-07-29T18:47:05.110Z,https://www.rustore.ru/catalog/search?query=%D0%B3%D0%BE%D1%80%D0%BE%D1%81%D0%BA%D0%BE%D0%BF%20%D0%BD%D0%B0%20%D0%B0%D0%BD%D0%B4%D1%80%D0%BE%D0%B8%D0%B4,https://www.rustore.ru/catalog/app/com.horoscope.mydailyhoroscope.mydailyhoroscope
гороскоп на андроид,498,8,horoscope.astrology.zodiac.sign.daily,Гороскопы и астрология,Образ жизни,,https://static.rustore.ru/imgproxy/cE1e9ChJxQnFYqv8fEopYgxNkuveuONQ3pz-fGKrazg/preset:web_app_icon_62/plain/https://static.rustore.ru/apk/2063593077/content/ICON/bca3403b-1713-4c48-a550-3b3df74ae619.jpg@webp,2026-07-29T18:47:05.110Z,https://www.rustore.ru/catalog/search?query=%D0%B3%D0%BE%D1%80%D0%BE%D1%81%D0%BA%D0%BE%D0%BF%20%D0%BD%D0%B0%20%D0%B0%D0%BD%D0%B4%D1%80%D0%BE%D0%B8%D0%B4,https://www.rustore.ru/catalog/app/horoscope.astrology.zodiac.sign.daily
гороскоп на андроид,498,9,kras.example.vhoroscope,Гороскоп (ежедневный),Образ жизни,,https://static.rustore.ru/imgproxy/9NJ4WmEy5hht0QroNV7vb-1O0nTcaeTdrXOVo99sFJg/preset:web_app_icon_62/plain/https://static.rustore.ru/2026/4/25/17/apk/2063487943/content/ICON/f700b70c-a513-407b-a533-312e7e70ec34.png@webp,2026-07-29T18:47:05.110Z,https://www.rustore.ru/catalog/search?query=%D0%B3%D0%BE%D1%80%D0%BE%D1%81%D0%BA%D0%BE%D0%BF%20%D0%BD%D0%B0%20%D0%B0%D0%BD%D0%B4%D1%80%D0%BE%D0%B8%D0%B4,https://www.rustore.ru/catalog/app/kras.example.vhoroscope
гороскоп на андроид,498,10,com.yodhaapp.dailyhoroscope,Yodha — Гороскоп,Образ жизни,,https://static.rustore.ru/imgproxy/MyIGTvSdth5Kn3sfcywlRHsnLs2FRQiOunnidXBBfYM/preset:web_app_icon_62/plain/https://static.rustore.ru/apk/2063604418/content/ICON/3f4fe1da-4a6a-466f-805b-8258b775a6eb.jpg@webp,2026-07-29T18:47:05.110Z,https://www.rustore.ru/catalog/search?query=%D0%B3%D0%BE%D1%80%D0%BE%D1%81%D0%BA%D0%BE%D0%BF%20%D0%BD%D0%B0%20%D0%B0%D0%BD%D0%B4%D1%80%D0%BE%D0%B8%D0%B4,https://www.rustore.ru/catalog/app/com.yodhaapp.dailyhoroscope
гороскоп на андроид,498,11,com.vagasoft.horoscope.signs,Гороскоп,Образ жизни,,https://static.rustore.ru/imgproxy/DmTXIw2yMnWMTULCDgB-0XAUEvQO9rjbDOxToaZm7VU/preset:web_app_icon_62/plain/https://static.rustore.ru/2025/12/9/bd/apk/2063676992/content/ICON/7214baf3-8d4d-43a2-89e3-a7e7a637b644.png@webp,2026-07-29T18:47:05.110Z,https://www.rustore.ru/catalog/search?query=%D0%B3%D0%BE%D1%80%D0%BE%D1%81%D0%BA%D0%BE%D0%BF%20%D0%BD%D0%B0%20%D0%B0%D0%BD%D0%B4%D1%80%D0%BE%D0%B8%D0%B4,https://www.rustore.ru/catalog/app/com.vagasoft.horoscope.signs
гороскоп на андроид,498,12,com.pagestechnologies.zodiac,Гороскоп на каждый день,Образ жизни,,https://static.rustore.ru/imgproxy/LMjr946xUacmWt7Cqb5Y8NE_Xo90rnEXZTpNQpe_SoA/preset:web_app_icon_62/plain/https://static.rustore.ru/apk/459817151/content/ICON/8968fd4f-b614-4d29-96c1-2bd621dcbeb2.png@webp,2026-07-29T18:47:05.110Z,https://www.rustore.ru/catalog/search?query=%D0%B3%D0%BE%D1%80%D0%BE%D1%81%D0%BA%D0%BE%D0%BF%20%D0%BD%D0%B0%20%D0%B0%D0%BD%D0%B4%D1%80%D0%BE%D0%B8%D0%B4,https://www.rustore.ru/catalog/app/com.pagestechnologies.zodiac
гороскоп на андроид,498,13,com.rodkin.horoscopetodayai,Гороскоп на сегодня,Образ жизни,,https://static.rustore.ru/imgproxy/ozyHxVnaKppr7i0pJPL9RDls38oKOsGudAq_rJN9068/preset:web_app_icon_62/plain/https://static.rustore.ru/2026/2/9/64/apk/2063693172/content/ICON/acf1f4a3-1be4-4bd4-b2f1-cde689b474e1.png@webp,2026-07-29T18:47:05.110Z,https://www.rustore.ru/catalog/search?query=%D0%B3%D0%BE%D1%80%D0%BE%D1%81%D0%BA%D0%BE%D0%BF%20%D0%BD%D0%B0%20%D0%B0%D0%BD%D0%B4%D1%80%D0%BE%D0%B8%D0%B4,https://www.rustore.ru/catalog/app/com.rodkin.horoscopetodayai
гороскоп на андроид,498,14,com.sopelus.horoscope,"Гороскопы бесплатно, натальная карта",Образ жизни,,https://static.rustore.ru/imgproxy/6Y2EnbUmAeSntLHRzoX7VP5iRHM6InMeJHZao6yYG00/preset:web_app_icon_62/plain/https://static.rustore.ru/apk/2063642700/content/ICON/4cf492a6-1c93-45d7-89fc-41600dc6d076.png@webp,2026-07-29T18:47:05.110Z,https://www.rustore.ru/catalog/search?query=%D0%B3%D0%BE%D1%80%D0%BE%D1%81%D0%BA%D0%BE%D0%BF%20%D0%BD%D0%B0%20%D0%B0%D0%BD%D0%B4%D1%80%D0%BE%D0%B8%D0%B4,https://www.rustore.ru/catalog/app/com.sopelus.horoscope
гороскоп на андроид,498,15,info.vazquezsoftware.daily.horoscope,Ежедневный гороскоп,Образ жизни,,https://static.rustore.ru/imgproxy/_5_EsYnlorlp4xSs_UZTCGJ9pIws2MDoOmZAlqr8GtI/preset:web_app_icon_62/plain/https://static.rustore.ru/apk/2063625881/content/ICON/e8dc9c18-b0e3-4763-8e8e-eba019f10c4a.png@webp,2026-07-29T18:47:05.110Z,https://www.rustore.ru/catalog/search?query=%D0%B3%D0%BE%D1%80%D0%BE%D1%81%D0%BA%D0%BE%D0%BF%20%D0%BD%D0%B0%20%D0%B0%D0%BD%D0%B4%D1%80%D0%BE%D0%B8%D0%B4,https://www.rustore.ru/catalog/app/info.vazquezsoftware.daily.horoscope
гороскоп на андроид,498,16,com.unfoxteam.horoscope,Твой гороскоп,Образ жизни,,https://static.rustore.ru/imgproxy/PRCCb7IZVuKwMFDavofaMO0D4JpDbBEhBoP6bww6Sxw/preset:web_app_icon_62/plain/https://static.rustore.ru/apk/2063551679/content/ICON/e1b816b8-5fbf-4b45-9baf-9b6ac8bcc349.png@webp,2026-07-29T18:47:05.110Z,https://www.rustore.ru/catalog/search?query=%D0%B3%D0%BE%D1%80%D0%BE%D1%81%D0%BA%D0%BE%D0%BF%20%D0%BD%D0%B0%20%D0%B0%D0%BD%D0%B4%D1%80%D0%BE%D0%B8%D0%B4,https://www.rustore.ru/catalog/app/com.unfoxteam.horoscope
гороскоп на андроид,498,17,com.example.zodiacpro,Эпичный гороскоп,Развлечения·Образ жизни,,https://static.rustore.ru/imgproxy/Hlbva2Ep7TMDTy76Xcldw_V6qGjBoeIhVUr6KXOglAU/preset:web_app_icon_62/plain/https://static.rustore.ru/2026/3/29/96/apk/2063704029/content/ICON/52ea4dcd-64db-4870-8a57-3a9a5355a69b.png@webp,2026-07-29T18:47:05.110Z,https://www.rustore.ru/catalog/search?query=%D0%B3%D0%BE%D1%80%D0%BE%D1%81%D0%BA%D0%BE%D0%BF%20%D0%BD%D0%B0%20%D0%B0%D0%BD%D0%B4%D1%80%D0%BE%D0%B8%D0%B4,https://www.rustore.ru/catalog/app/com.example.zodiacpro
гороскоп на андроид,498,18,com.Hurmeow.Horoscope_for_tomorrow,Гороскоп на завтра,Образ жизни·Развлечения,,https://static.rustore.ru/imgproxy/pTgMNGVkmVqfdJiNryAcTiVqN8XOiMVXI930mQTsnWU/preset:web_app_icon_62/plain/https://static.rustore.ru/apk/2063583103/content/ICON/5414f133-d77a-4725-a31f-3439fbdda115.png@webp,2026-07-29T18:47:05.110Z,https://www.rustore.ru/catalog/search?query=%D0%B3%D0%BE%D1%80%D0%BE%D1%81%D0%BA%D0%BE%D0%BF%20%D0%BD%D0%B0%20%D0%B0%D0%BD%D0%B4%D1%80%D0%BE%D0%B8%D0%B4,https://www.rustore.ru/catalog/app/com.Hurmeow.Horoscope_for_tomorrow
гороскоп на андроид,498,19,com.roughi.horoscopeastro,Astro Horoscope,Образ жизни,,https://static.rustore.ru/imgproxy/A-D8FEPGgU8fvF6VKF1jZxWTT9B0nMBXmmowMZACKcI/preset:web_app_icon_62/plain/https://static.rustore.ru/apk/2063536119/content/ICON/841715e5-eb4e-4745-9198-a3da629ce94f.@webp,2026-07-29T18:47:05.110Z,https://www.rustore.ru/catalog/search?query=%D0%B3%D0%BE%D1%80%D0%BE%D1%81%D0%BA%D0%BE%D0%BF%20%D0%BD%D0%B0%20%D0%B0%D0%BD%D0%B4%D1%80%D0%BE%D0%B8%D0%B4,https://www.rustore.ru/catalog/app/com.roughi.horoscopeastro
гороскоп на андроид,498,20,com.envgeniipopov.goroscopy_app,Гороскоп на каждый день,Образ жизни,,https://static.rustore.ru/imgproxy/greXSXBJSV2P8lsfyVjEwNSftaTlwiuDAEoIyTC4880/preset:web_app_icon_62/plain/https://static.rustore.ru/2026/3/29/12/apk/2063692612/content/ICON/111b378c-04d2-4b81-9c22-4b69aa15818c.png@webp,2026-07-29T18:47:05.110Z,https://www.rustore.ru/catalog/search?query=%D0%B3%D0%BE%D1%80%D0%BE%D1%81%D0%BA%D0%BE%D0%BF%20%D0%BD%D0%B0%20%D0%B0%D0%BD%D0%B4%D1%80%D0%BE%D0%B8%D0%B4,https://www.rustore.ru/catalog/app/com.envgeniipopov.goroscopy_app
приложение натальная карта,489,1,com.natalchart.natalchartapp,Натальная карта,Образ жизни,,https://static.rustore.ru/imgproxy/9s4XQ6pMLNFavxAbJaiuOoYwnl1RvZb_IRn0-BLSo6E/preset:web_app_icon_62/plain/https://static.rustore.ru/2025/12/25/0a/apk/2063673012/content/ICON/a99cd865-9507-43cc-b17f-4b41c78e45f5.png@webp,2026-07-29T18:47:06.968Z,https://www.rustore.ru/catalog/search?query=%D0%BF%D1%80%D0%B8%D0%BB%D0%BE%D0%B6%D0%B5%D0%BD%D0%B8%D0%B5%20%D0%BD%D0%B0%D1%82%D0%B0%D0%BB%D1%8C%D0%BD%D0%B0%D1%8F%20%D0%BA%D0%B0%D1%80%D1%82%D0%B0,https://www.rustore.ru/catalog/app/com.natalchart.natalchartapp
приложение натальная карта,489,2,com.matricasudbu.app.astro,Натальная карта. Астрология. Матрица Судьбы,Образ жизни·Развлечения,,https://static.rustore.ru/imgproxy/8CPP3b_zl4GFvlQDIJS8uQz1vW4WbaJazeRsedTl3hs/preset:web_app_icon_62/plain/https://static.rustore.ru/2026/4/8/f1/apk/2063620377/content/ICON/fd8c2873-149b-4f33-a56f-8cc06282defe.png@webp,2026-07-29T18:47:06.968Z,https://www.rustore.ru/catalog/search?query=%D0%BF%D1%80%D0%B8%D0%BB%D0%BE%D0%B6%D0%B5%D0%BD%D0%B8%D0%B5%20%D0%BD%D0%B0%D1%82%D0%B0%D0%BB%D1%8C%D0%BD%D0%B0%D1%8F%20%D0%BA%D0%B0%D1%80%D1%82%D0%B0,https://www.rustore.ru/catalog/app/com.matricasudbu.app.astro
приложение натальная карта,489,3,ru.mynatalchart.app,Натальная карта рассчитать с расшифровкой онлайн,Образ жизни,,https://static.rustore.ru/imgproxy/F4JseOuI6RzoPoXs3mqK3yXNzxrqv08SORZppQ10uGk/preset:web_app_icon_62/plain/https://static.rustore.ru/2026/6/22/65/apk/2063722870/content/ICON/d546e542-9512-4ff8-a1ff-033f763a244b.jpg@webp,2026-07-29T18:47:06.968Z,https://www.rustore.ru/catalog/search?query=%D0%BF%D1%80%D0%B8%D0%BB%D0%BE%D0%B6%D0%B5%D0%BD%D0%B8%D0%B5%20%D0%BD%D0%B0%D1%82%D0%B0%D0%BB%D1%8C%D0%BD%D0%B0%D1%8F%20%D0%BA%D0%B0%D1%80%D1%82%D0%B0,https://www.rustore.ru/catalog/app/ru.mynatalchart.app
приложение натальная карта,489,4,com.birth.chart.natal.horoscope.astrology.tarot,Натальная карта - AstroChart,Образ жизни,,https://static.rustore.ru/imgproxy/kYn6WYK2IDY4v1sIV0wlsg6DB8jeB95gsXRYp_F_KHQ/preset:web_app_icon_62/plain/https://static.rustore.ru/2025/10/6/83/apk/2063662829/content/ICON/444f59ea-7142-4bc7-83b0-95c3592a10b2.png@webp,2026-07-29T18:47:06.968Z,https://www.rustore.ru/catalog/search?query=%D0%BF%D1%80%D0%B8%D0%BB%D0%BE%D0%B6%D0%B5%D0%BD%D0%B8%D0%B5%20%D0%BD%D0%B0%D1%82%D0%B0%D0%BB%D1%8C%D0%BD%D0%B0%D1%8F%20%D0%BA%D0%B0%D1%80%D1%82%D0%B0,https://www.rustore.ru/catalog/app/com.birth.chart.natal.horoscope.astrology.tarot
приложение натальная карта,489,5,ru.z9games.jyotish,Ведаскоп: джйотиш и натальная карта,Образ жизни,,https://static.rustore.ru/imgproxy/HsaaT5buUGX8MqIYO7-p5kJNEMagCnOcfDMS4M2M6ZM/preset:web_app_icon_62/plain/https://static.rustore.ru/2026/6/24/02/apk/2063724173/content/ICON/26228479-06f4-4875-a6f0-366cd7479072.png@webp,2026-07-29T18:47:06.968Z,https://www.rustore.ru/catalog/search?query=%D0%BF%D1%80%D0%B8%D0%BB%D0%BE%D0%B6%D0%B5%D0%BD%D0%B8%D0%B5%20%D0%BD%D0%B0%D1%82%D0%B0%D0%BB%D1%8C%D0%BD%D0%B0%D1%8F%20%D0%BA%D0%B0%D1%80%D1%82%D0%B0,https://www.rustore.ru/catalog/app/ru.z9games.jyotish
приложение натальная карта,489,6,com.kundalini.astroapp,Анима: Натальная карта и совместимость,Образ жизни,,https://static.rustore.ru/imgproxy/WVtKwg07iq2_CAQt_LjE9yioOOuNvt8aOLHCK8tZnIw/preset:web_app_icon_62/plain/https://static.rustore.ru/2026/7/25/05/apk/2063730207/content/ICON/34c23c2b-ce1d-4cfe-8cf2-c891393df157.jpg@webp,2026-07-29T18:47:06.968Z,https://www.rustore.ru/catalog/search?query=%D0%BF%D1%80%D0%B8%D0%BB%D0%BE%D0%B6%D0%B5%D0%BD%D0%B8%D0%B5%20%D0%BD%D0%B0%D1%82%D0%B0%D0%BB%D1%8C%D0%BD%D0%B0%D1%8F%20%D0%BA%D0%B0%D1%80%D1%82%D0%B0,https://www.rustore.ru/catalog/app/com.kundalini.astroapp
приложение натальная карта,489,7,com.dixtalescat.astrocode,АстроКод: натальная карта,Образ жизни·Развлечения,,https://static.rustore.ru/imgproxy/QGfhcDKFBV1XPqY8mZKGkhQymzBeRZta6wxampAkwCU/preset:web_app_icon_62/plain/https://static.rustore.ru/2026/6/8/0f/apk/2063720975/content/ICON/bef8803c-ad72-444a-bb24-391a3247eac4.png@webp,2026-07-29T18:47:06.968Z,https://www.rustore.ru/catalog/search?query=%D0%BF%D1%80%D0%B8%D0%BB%D0%BE%D0%B6%D0%B5%D0%BD%D0%B8%D0%B5%20%D0%BD%D0%B0%D1%82%D0%B0%D0%BB%D1%8C%D0%BD%D0%B0%D1%8F%20%D0%BA%D0%B0%D1%80%D1%82%D0%B0,https://www.rustore.ru/catalog/app/com.dixtalescat.astrocode
приложение натальная карта,489,8,com.sopelus.horoscope,"Гороскопы бесплатно, натальная карта",Образ жизни,,https://static.rustore.ru/imgproxy/6Y2EnbUmAeSntLHRzoX7VP5iRHM6InMeJHZao6yYG00/preset:web_app_icon_62/plain/https://static.rustore.ru/apk/2063642700/content/ICON/4cf492a6-1c93-45d7-89fc-41600dc6d076.png@webp,2026-07-29T18:47:06.968Z,https://www.rustore.ru/catalog/search?query=%D0%BF%D1%80%D0%B8%D0%BB%D0%BE%D0%B6%D0%B5%D0%BD%D0%B8%D0%B5%20%D0%BD%D0%B0%D1%82%D0%B0%D0%BB%D1%8C%D0%BD%D0%B0%D1%8F%20%D0%BA%D0%B0%D1%80%D1%82%D0%B0,https://www.rustore.ru/catalog/app/com.sopelus.horoscope
приложение натальная карта,489,9,com.natalis.flutter_app,Natalist,Образ жизни,,https://static.rustore.ru/imgproxy/zNBOvZsBwsK4Qd8LkkLcT5jzZiK2hgmj535oX_khxk4/preset:web_app_icon_62/plain/https://static.rustore.ru/2026/5/21/95/apk/2063699071/content/ICON/ac6a8339-8cf4-4185-ab0c-7e91ebb7d3f8.png@webp,2026-07-29T18:47:06.968Z,https://www.rustore.ru/catalog/search?query=%D0%BF%D1%80%D0%B8%D0%BB%D0%BE%D0%B6%D0%B5%D0%BD%D0%B8%D0%B5%20%D0%BD%D0%B0%D1%82%D0%B0%D0%BB%D1%8C%D0%BD%D0%B0%D1%8F%20%D0%BA%D0%B0%D1%80%D1%82%D0%B0,https://www.rustore.ru/catalog/app/com.natalis.flutter_app
приложение натальная карта,489,10,ru.neurodzen.app,"Нейродзен — Натальная Карта, Гороскоп, Астрология",Развлечения·Образ жизни,,https://static.rustore.ru/imgproxy/OQ7kWj-v_uYNb5BXMSxvUYei-6uMMhsfa5nehPh3n6o/preset:web_app_icon_62/plain/https://static.rustore.ru/2026/1/12/4f/apk/2063667687/content/ICON/22a1939e-2d55-423b-80f1-f22a82ee2b5c.png@webp,2026-07-29T18:47:06.968Z,https://www.rustore.ru/catalog/search?query=%D0%BF%D1%80%D0%B8%D0%BB%D0%BE%D0%B6%D0%B5%D0%BD%D0%B8%D0%B5%20%D0%BD%D0%B0%D1%82%D0%B0%D0%BB%D1%8C%D0%BD%D0%B0%D1%8F%20%D0%BA%D0%B0%D1%80%D1%82%D0%B0,https://www.rustore.ru/catalog/app/ru.neurodzen.app
приложение натальная карта,489,11,ru.astreya.app,"Астрея: гороскоп, натальная карта, таро",Образ жизни,,https://static.rustore.ru/imgproxy/ZZLZRn9_c-94Hwa3JIjvp2xSRQZ8qcL6aRjiod6JHS0/preset:web_app_icon_62/plain/https://static.rustore.ru/2026/7/13/8c/apk/2063731934/content/ICON/637f9c4d-1353-4100-9f95-f37c7de8bbc5.png@webp,2026-07-29T18:47:06.968Z,https://www.rustore.ru/catalog/search?query=%D0%BF%D1%80%D0%B8%D0%BB%D0%BE%D0%B6%D0%B5%D0%BD%D0%B8%D0%B5%20%D0%BD%D0%B0%D1%82%D0%B0%D0%BB%D1%8C%D0%BD%D0%B0%D1%8F%20%D0%BA%D0%B0%D1%80%D1%82%D0%B0,https://www.rustore.ru/catalog/app/ru.astreya.app
приложение натальная карта,489,12,ru.astrolloai.app,Astrollo AI — натальная карта и гороскопы,Образ жизни,,https://static.rustore.ru/imgproxy/2OaiwVIuLve_hKUhfgNzehY4xT7X3vGs1wPINvjQmt0/preset:web_app_icon_62/plain/https://static.rustore.ru/2026/5/13/ec/apk/2063714344/content/ICON/b4d9d4ad-d1ec-450a-8c87-2cab890058fe.png@webp,2026-07-29T18:47:06.968Z,https://www.rustore.ru/catalog/search?query=%D0%BF%D1%80%D0%B8%D0%BB%D0%BE%D0%B6%D0%B5%D0%BD%D0%B8%D0%B5%20%D0%BD%D0%B0%D1%82%D0%B0%D0%BB%D1%8C%D0%BD%D0%B0%D1%8F%20%D0%BA%D0%B0%D1%80%D1%82%D0%B0,https://www.rustore.ru/catalog/app/ru.astrolloai.app
приложение натальная карта,489,13,com.astropersona,AstroPersona — твой гороскоп и натальная карта,Образ жизни,,https://static.rustore.ru/imgproxy/yeT5vH4kz-9BL9oXE582buG3mIufkzi-o_8ru0XXGSc/preset:web_app_icon_62/plain/https://static.rustore.ru/2025/10/29/51/apk/2063549954/content/ICON/5fceb594-b2ae-4bab-984f-cdf38055c8bc.png@webp,2026-07-29T18:47:06.968Z,https://www.rustore.ru/catalog/search?query=%D0%BF%D1%80%D0%B8%D0%BB%D0%BE%D0%B6%D0%B5%D0%BD%D0%B8%D0%B5%20%D0%BD%D0%B0%D1%82%D0%B0%D0%BB%D1%8C%D0%BD%D0%B0%D1%8F%20%D0%BA%D0%B0%D1%80%D1%82%D0%B0,https://www.rustore.ru/catalog/app/com.astropersona
приложение натальная карта,489,14,ru.z9games.astroscope,АстроСкоп: гороскоп и натальная карта,Образ жизни,,https://static.rustore.ru/imgproxy/tTRuY3c5lj4ZnzKBju_nPudSfTTJPchF4rOWDA_6wQc/preset:web_app_icon_62/plain/https://static.rustore.ru/2026/6/17/6e/apk/2063712728/content/ICON/9b52211d-0b22-4c45-9706-c20404625bd4.png@webp,2026-07-29T18:47:06.968Z,https://www.rustore.ru/catalog/search?query=%D0%BF%D1%80%D0%B8%D0%BB%D0%BE%D0%B6%D0%B5%D0%BD%D0%B8%D0%B5%20%D0%BD%D0%B0%D1%82%D0%B0%D0%BB%D1%8C%D0%BD%D0%B0%D1%8F%20%D0%BA%D0%B0%D1%80%D1%82%D0%B0,https://www.rustore.ru/catalog/app/ru.z9games.astroscope
приложение натальная карта,489,15,ru.astrostar.yakuba.android,"AstroStar: Гороскопы, Астрология, Натальная карта",Образ жизни,,https://static.rustore.ru/imgproxy/AhbqtmOGt4A-WJyKC6iNLfOuR5ZeYr3n0udIhWRL8F0/preset:web_app_icon_62/plain/https://static.rustore.ru/2025/12/22/c1/apk/2063682288/content/ICON/170d8dcb-a5d0-4372-b057-88a2a86e6066.jpg@webp,2026-07-29T18:47:06.968Z,https://www.rustore.ru/catalog/search?query=%D0%BF%D1%80%D0%B8%D0%BB%D0%BE%D0%B6%D0%B5%D0%BD%D0%B8%D0%B5%20%D0%BD%D0%B0%D1%82%D0%B0%D0%BB%D1%8C%D0%BD%D0%B0%D1%8F%20%D0%BA%D0%B0%D1%80%D1%82%D0%B0,https://www.rustore.ru/catalog/app/ru.astrostar.yakuba.android
приложение натальная карта,489,16,ru.astro.chartslite,Астрологические Карты Lite,Образ жизни,,https://static.rustore.ru/imgproxy/AZ0OLjvPtQNEOmm3E1sTPzoRKxq3oQjFKouCo91WOQU/preset:web_app_icon_62/plain/https://static.rustore.ru/apk/2063491774/content/ICON/6faad8e3-adb7-43e9-8d33-7cbd343aeec5.png@webp,2026-07-29T18:47:06.968Z,https://www.rustore.ru/catalog/search?query=%D0%BF%D1%80%D0%B8%D0%BB%D0%BE%D0%B6%D0%B5%D0%BD%D0%B8%D0%B5%20%D0%BD%D0%B0%D1%82%D0%B0%D0%BB%D1%8C%D0%BD%D0%B0%D1%8F%20%D0%BA%D0%B0%D1%80%D1%82%D0%B0,https://www.rustore.ru/catalog/app/ru.astro.chartslite
приложение натальная карта,489,17,com.aiastrologer.app,"AI-Астролог, Таро, Астрология, Гороскоп, Астробот",Образ жизни,,https://static.rustore.ru/imgproxy/3Ld-d7uhG_9cEJ2LiCa6jgaz7lg0Yn7lyGXuEB7Ct8k/preset:web_app_icon_62/plain/https://static.rustore.ru/2026/7/9/a7/apk/2063730874/content/ICON/9883a02f-2920-4a9b-a268-a5a33b24e8ea.png@webp,2026-07-29T18:47:06.968Z,https://www.rustore.ru/catalog/search?query=%D0%BF%D1%80%D0%B8%D0%BB%D0%BE%D0%B6%D0%B5%D0%BD%D0%B8%D0%B5%20%D0%BD%D0%B0%D1%82%D0%B0%D0%BB%D1%8C%D0%BD%D0%B0%D1%8F%20%D0%BA%D0%B0%D1%80%D1%82%D0%B0,https://www.rustore.ru/catalog/app/com.aiastrologer.app
приложение натальная карта,489,18,com.fateai.app,"Гороскоп, Таро, Сонник, Натальная карта Fate AI",Образ жизни,,https://static.rustore.ru/imgproxy/oSeARI71uUXhChG-u82kHpUjKDOYTxf_LgbDsYJTIwg/preset:web_app_icon_62/plain/https://static.rustore.ru/2026/6/1/87/apk/2063719393/content/ICON/ded21b42-105c-42ef-9d69-0838397721af.png@webp,2026-07-29T18:47:06.968Z,https://www.rustore.ru/catalog/search?query=%D0%BF%D1%80%D0%B8%D0%BB%D0%BE%D0%B6%D0%B5%D0%BD%D0%B8%D0%B5%20%D0%BD%D0%B0%D1%82%D0%B0%D0%BB%D1%8C%D0%BD%D0%B0%D1%8F%20%D0%BA%D0%B0%D1%80%D1%82%D0%B0,https://www.rustore.ru/catalog/app/com.fateai.app
приложение натальная карта,489,19,ru.astrai.app,AstrAi — натальная карта и гороскоп,Образ жизни,,https://static.rustore.ru/imgproxy/KbUVotyglHzyEmsQ36ejj6z2B43JC9Qv8C4BIPx7ens/preset:web_app_icon_62/plain/https://static.rustore.ru/2026/7/8/08/apk/2063730771/content/ICON/490a8eb2-cbda-4812-8cad-60468e80d3bb.png@webp,2026-07-29T18:47:06.968Z,https://www.rustore.ru/catalog/search?query=%D0%BF%D1%80%D0%B8%D0%BB%D0%BE%D0%B6%D0%B5%D0%BD%D0%B8%D0%B5%20%D0%BD%D0%B0%D1%82%D0%B0%D0%BB%D1%8C%D0%BD%D0%B0%D1%8F%20%D0%BA%D0%B0%D1%80%D1%82%D0%B0,https://www.rustore.ru/catalog/app/ru.astrai.app
приложение натальная карта,489,20,astro_charts_lite.astro_charts_lite,Астрологические Карты Lite,Развлечения,,https://static.rustore.ru/imgproxy/MLgr4aDbUbe2wxyfFkfKwn-__OU5-vOfx6wnpgCtl1k/preset:web_app_icon_62/plain/https://static.rustore.ru/2026/7/23/73/apk/2063735556/content/ICON/7fd46ff6-6f61-4bcb-82d0-62f3b2b528c9.png@webp,2026-07-29T18:47:06.968Z,https://www.rustore.ru/catalog/search?query=%D0%BF%D1%80%D0%B8%D0%BB%D0%BE%D0%B6%D0%B5%D0%BD%D0%B8%D0%B5%20%D0%BD%D0%B0%D1%82%D0%B0%D0%BB%D1%8C%D0%BD%D0%B0%D1%8F%20%D0%BA%D0%B0%D1%80%D1%82%D0%B0,https://www.rustore.ru/catalog/app/astro_charts_lite.astro_charts_lite
натальная карта скачать,494,1,ru.mynatalchart.app,Натальная карта рассчитать с расшифровкой онлайн,Образ жизни,,https://static.rustore.ru/imgproxy/F4JseOuI6RzoPoXs3mqK3yXNzxrqv08SORZppQ10uGk/preset:web_app_icon_62/plain/https://static.rustore.ru/2026/6/22/65/apk/2063722870/content/ICON/d546e542-9512-4ff8-a1ff-033f763a244b.jpg@webp,2026-07-29T18:47:08.491Z,https://www.rustore.ru/catalog/search?query=%D0%BD%D0%B0%D1%82%D0%B0%D0%BB%D1%8C%D0%BD%D0%B0%D1%8F%20%D0%BA%D0%B0%D1%80%D1%82%D0%B0%20%D1%81%D0%BA%D0%B0%D1%87%D0%B0%D1%82%D1%8C,https://www.rustore.ru/catalog/app/ru.mynatalchart.app
натальная карта скачать,494,2,com.natalchart.natalchartapp,Натальная карта,Образ жизни,,https://static.rustore.ru/imgproxy/9s4XQ6pMLNFavxAbJaiuOoYwnl1RvZb_IRn0-BLSo6E/preset:web_app_icon_62/plain/https://static.rustore.ru/2025/12/25/0a/apk/2063673012/content/ICON/a99cd865-9507-43cc-b17f-4b41c78e45f5.png@webp,2026-07-29T18:47:08.491Z,https://www.rustore.ru/catalog/search?query=%D0%BD%D0%B0%D1%82%D0%B0%D0%BB%D1%8C%D0%BD%D0%B0%D1%8F%20%D0%BA%D0%B0%D1%80%D1%82%D0%B0%20%D1%81%D0%BA%D0%B0%D1%87%D0%B0%D1%82%D1%8C,https://www.rustore.ru/catalog/app/com.natalchart.natalchartapp
натальная карта скачать,494,3,com.matricasudbu.app.astro,Натальная карта. Астрология. Матрица Судьбы,Образ жизни·Развлечения,,https://static.rustore.ru/imgproxy/8CPP3b_zl4GFvlQDIJS8uQz1vW4WbaJazeRsedTl3hs/preset:web_app_icon_62/plain/https://static.rustore.ru/2026/4/8/f1/apk/2063620377/content/ICON/fd8c2873-149b-4f33-a56f-8cc06282defe.png@webp,2026-07-29T18:47:08.491Z,https://www.rustore.ru/catalog/search?query=%D0%BD%D0%B0%D1%82%D0%B0%D0%BB%D1%8C%D0%BD%D0%B0%D1%8F%20%D0%BA%D0%B0%D1%80%D1%82%D0%B0%20%D1%81%D0%BA%D0%B0%D1%87%D0%B0%D1%82%D1%8C,https://www.rustore.ru/catalog/app/com.matricasudbu.app.astro
натальная карта скачать,494,4,com.birth.chart.natal.horoscope.astrology.tarot,Натальная карта - AstroChart,Образ жизни,,https://static.rustore.ru/imgproxy/kYn6WYK2IDY4v1sIV0wlsg6DB8jeB95gsXRYp_F_KHQ/preset:web_app_icon_62/plain/https://static.rustore.ru/2025/10/6/83/apk/2063662829/content/ICON/444f59ea-7142-4bc7-83b0-95c3592a10b2.png@webp,2026-07-29T18:47:08.491Z,https://www.rustore.ru/catalog/search?query=%D0%BD%D0%B0%D1%82%D0%B0%D0%BB%D1%8C%D0%BD%D0%B0%D1%8F%20%D0%BA%D0%B0%D1%80%D1%82%D0%B0%20%D1%81%D0%BA%D0%B0%D1%87%D0%B0%D1%82%D1%8C,https://www.rustore.ru/catalog/app/com.birth.chart.natal.horoscope.astrology.tarot
натальная карта скачать,494,5,com.sopelus.horoscope,"Гороскопы бесплатно, натальная карта",Образ жизни,,https://static.rustore.ru/imgproxy/6Y2EnbUmAeSntLHRzoX7VP5iRHM6InMeJHZao6yYG00/preset:web_app_icon_62/plain/https://static.rustore.ru/apk/2063642700/content/ICON/4cf492a6-1c93-45d7-89fc-41600dc6d076.png@webp,2026-07-29T18:47:08.491Z,https://www.rustore.ru/catalog/search?query=%D0%BD%D0%B0%D1%82%D0%B0%D0%BB%D1%8C%D0%BD%D0%B0%D1%8F%20%D0%BA%D0%B0%D1%80%D1%82%D0%B0%20%D1%81%D0%BA%D0%B0%D1%87%D0%B0%D1%82%D1%8C,https://www.rustore.ru/catalog/app/com.sopelus.horoscope
натальная карта скачать,494,6,ru.neurodzen.app,"Нейродзен — Натальная Карта, Гороскоп, Астрология",Развлечения·Образ жизни,,https://static.rustore.ru/imgproxy/OQ7kWj-v_uYNb5BXMSxvUYei-6uMMhsfa5nehPh3n6o/preset:web_app_icon_62/plain/https://static.rustore.ru/2026/1/12/4f/apk/2063667687/content/ICON/22a1939e-2d55-423b-80f1-f22a82ee2b5c.png@webp,2026-07-29T18:47:08.491Z,https://www.rustore.ru/catalog/search?query=%D0%BD%D0%B0%D1%82%D0%B0%D0%BB%D1%8C%D0%BD%D0%B0%D1%8F%20%D0%BA%D0%B0%D1%80%D1%82%D0%B0%20%D1%81%D0%BA%D0%B0%D1%87%D0%B0%D1%82%D1%8C,https://www.rustore.ru/catalog/app/ru.neurodzen.app
натальная карта скачать,494,7,ru.astro.chartslite,Астрологические Карты Lite,Образ жизни,,https://static.rustore.ru/imgproxy/AZ0OLjvPtQNEOmm3E1sTPzoRKxq3oQjFKouCo91WOQU/preset:web_app_icon_62/plain/https://static.rustore.ru/apk/2063491774/content/ICON/6faad8e3-adb7-43e9-8d33-7cbd343aeec5.png@webp,2026-07-29T18:47:08.491Z,https://www.rustore.ru/catalog/search?query=%D0%BD%D0%B0%D1%82%D0%B0%D0%BB%D1%8C%D0%BD%D0%B0%D1%8F%20%D0%BA%D0%B0%D1%80%D1%82%D0%B0%20%D1%81%D0%BA%D0%B0%D1%87%D0%B0%D1%82%D1%8C,https://www.rustore.ru/catalog/app/ru.astro.chartslite
натальная карта скачать,494,8,com.kundalini.astroapp,Анима: Натальная карта и совместимость,Образ жизни,,https://static.rustore.ru/imgproxy/WVtKwg07iq2_CAQt_LjE9yioOOuNvt8aOLHCK8tZnIw/preset:web_app_icon_62/plain/https://static.rustore.ru/2026/7/25/05/apk/2063730207/content/ICON/34c23c2b-ce1d-4cfe-8cf2-c891393df157.jpg@webp,2026-07-29T18:47:08.491Z,https://www.rustore.ru/catalog/search?query=%D0%BD%D0%B0%D1%82%D0%B0%D0%BB%D1%8C%D0%BD%D0%B0%D1%8F%20%D0%BA%D0%B0%D1%80%D1%82%D0%B0%20%D1%81%D0%BA%D0%B0%D1%87%D0%B0%D1%82%D1%8C,https://www.rustore.ru/catalog/app/com.kundalini.astroapp
натальная карта скачать,494,9,com.dixtalescat.astrocode,АстроКод: натальная карта,Образ жизни·Развлечения,,https://static.rustore.ru/imgproxy/QGfhcDKFBV1XPqY8mZKGkhQymzBeRZta6wxampAkwCU/preset:web_app_icon_62/plain/https://static.rustore.ru/2026/6/8/0f/apk/2063720975/content/ICON/bef8803c-ad72-444a-bb24-391a3247eac4.png@webp,2026-07-29T18:47:08.491Z,https://www.rustore.ru/catalog/search?query=%D0%BD%D0%B0%D1%82%D0%B0%D0%BB%D1%8C%D0%BD%D0%B0%D1%8F%20%D0%BA%D0%B0%D1%80%D1%82%D0%B0%20%D1%81%D0%BA%D0%B0%D1%87%D0%B0%D1%82%D1%8C,https://www.rustore.ru/catalog/app/com.dixtalescat.astrocode
натальная карта скачать,494,10,ru.z9games.jyotish,Ведаскоп: джйотиш и натальная карта,Образ жизни,,https://static.rustore.ru/imgproxy/HsaaT5buUGX8MqIYO7-p5kJNEMagCnOcfDMS4M2M6ZM/preset:web_app_icon_62/plain/https://static.rustore.ru/2026/6/24/02/apk/2063724173/content/ICON/26228479-06f4-4875-a6f0-366cd7479072.png@webp,2026-07-29T18:47:08.491Z,https://www.rustore.ru/catalog/search?query=%D0%BD%D0%B0%D1%82%D0%B0%D0%BB%D1%8C%D0%BD%D0%B0%D1%8F%20%D0%BA%D0%B0%D1%80%D1%82%D0%B0%20%D1%81%D0%BA%D0%B0%D1%87%D0%B0%D1%82%D1%8C,https://www.rustore.ru/catalog/app/ru.z9games.jyotish
натальная карта скачать,494,11,ru.astro.charts,Астрологические Карты,Образ жизни,,https://static.rustore.ru/imgproxy/Jqdw3DubicZmFzWE4TZo2z6sYT8RH-AJXpSCBRSCfvk/preset:web_app_icon_62/plain/https://static.rustore.ru/apk/2063491767/content/ICON/eacbdfd0-518d-4e42-a312-bcc95e25e748.png@webp,2026-07-29T18:47:08.491Z,https://www.rustore.ru/catalog/search?query=%D0%BD%D0%B0%D1%82%D0%B0%D0%BB%D1%8C%D0%BD%D0%B0%D1%8F%20%D0%BA%D0%B0%D1%80%D1%82%D0%B0%20%D1%81%D0%BA%D0%B0%D1%87%D0%B0%D1%82%D1%8C,https://www.rustore.ru/catalog/app/ru.astro.charts
натальная карта скачать,494,12,ru.astro.chartspro,Астрологические Карты Pro,Образ жизни,,https://static.rustore.ru/imgproxy/H7yWs1c8FEoh13kPEN8FrjJKP74aPcrZPAAwyIC5Loo/preset:web_app_icon_62/plain/https://static.rustore.ru/apk/2063491770/content/ICON/f06bbe92-b75b-4a58-84ff-973399f9d848.png@webp,2026-07-29T18:47:08.491Z,https://www.rustore.ru/catalog/search?query=%D0%BD%D0%B0%D1%82%D0%B0%D0%BB%D1%8C%D0%BD%D0%B0%D1%8F%20%D0%BA%D0%B0%D1%80%D1%82%D0%B0%20%D1%81%D0%BA%D0%B0%D1%87%D0%B0%D1%82%D1%8C,https://www.rustore.ru/catalog/app/ru.astro.chartspro
натальная карта скачать,494,13,ru.astrai.app,AstrAi — натальная карта и гороскоп,Образ жизни,,https://static.rustore.ru/imgproxy/KbUVotyglHzyEmsQ36ejj6z2B43JC9Qv8C4BIPx7ens/preset:web_app_icon_62/plain/https://static.rustore.ru/2026/7/8/08/apk/2063730771/content/ICON/490a8eb2-cbda-4812-8cad-60468e80d3bb.png@webp,2026-07-29T18:47:08.491Z,https://www.rustore.ru/catalog/search?query=%D0%BD%D0%B0%D1%82%D0%B0%D0%BB%D1%8C%D0%BD%D0%B0%D1%8F%20%D0%BA%D0%B0%D1%80%D1%82%D0%B0%20%D1%81%D0%BA%D0%B0%D1%87%D0%B0%D1%82%D1%8C,https://www.rustore.ru/catalog/app/ru.astrai.app
натальная карта скачать,494,14,ru.astrolloai.app,Astrollo AI — натальная карта и гороскопы,Образ жизни,,https://static.rustore.ru/imgproxy/2OaiwVIuLve_hKUhfgNzehY4xT7X3vGs1wPINvjQmt0/preset:web_app_icon_62/plain/https://static.rustore.ru/2026/5/13/ec/apk/2063714344/content/ICON/b4d9d4ad-d1ec-450a-8c87-2cab890058fe.png@webp,2026-07-29T18:47:08.491Z,https://www.rustore.ru/catalog/search?query=%D0%BD%D0%B0%D1%82%D0%B0%D0%BB%D1%8C%D0%BD%D0%B0%D1%8F%20%D0%BA%D0%B0%D1%80%D1%82%D0%B0%20%D1%81%D0%BA%D0%B0%D1%87%D0%B0%D1%82%D1%8C,https://www.rustore.ru/catalog/app/ru.astrolloai.app
натальная карта скачать,494,15,ru.astreya.app,"Астрея: гороскоп, натальная карта, таро",Образ жизни,,https://static.rustore.ru/imgproxy/ZZLZRn9_c-94Hwa3JIjvp2xSRQZ8qcL6aRjiod6JHS0/preset:web_app_icon_62/plain/https://static.rustore.ru/2026/7/13/8c/apk/2063731934/content/ICON/637f9c4d-1353-4100-9f95-f37c7de8bbc5.png@webp,2026-07-29T18:47:08.491Z,https://www.rustore.ru/catalog/search?query=%D0%BD%D0%B0%D1%82%D0%B0%D0%BB%D1%8C%D0%BD%D0%B0%D1%8F%20%D0%BA%D0%B0%D1%80%D1%82%D0%B0%20%D1%81%D0%BA%D0%B0%D1%87%D0%B0%D1%82%D1%8C,https://www.rustore.ru/catalog/app/ru.astreya.app
натальная карта скачать,494,16,com.semnon.astrovfr,AstroVizor,Образ жизни,,https://static.rustore.ru/imgproxy/gzTwgAXHr4AkIcih1f8Z7cXgwPWOVdO27oRFsKypf_I/preset:web_app_icon_62/plain/https://static.rustore.ru/apk/2063535581/content/ICON/97ad5afa-a494-41dd-ac8d-459f96a9b39d.png@webp,2026-07-29T18:47:08.491Z,https://www.rustore.ru/catalog/search?query=%D0%BD%D0%B0%D1%82%D0%B0%D0%BB%D1%8C%D0%BD%D0%B0%D1%8F%20%D0%BA%D0%B0%D1%80%D1%82%D0%B0%20%D1%81%D0%BA%D0%B0%D1%87%D0%B0%D1%82%D1%8C,https://www.rustore.ru/catalog/app/com.semnon.astrovfr
натальная карта скачать,494,17,astro_charts_lite.astro_charts_lite,Астрологические Карты Lite,Развлечения,,https://static.rustore.ru/imgproxy/MLgr4aDbUbe2wxyfFkfKwn-__OU5-vOfx6wnpgCtl1k/preset:web_app_icon_62/plain/https://static.rustore.ru/2026/7/23/73/apk/2063735556/content/ICON/7fd46ff6-6f61-4bcb-82d0-62f3b2b528c9.png@webp,2026-07-29T18:47:08.491Z,https://www.rustore.ru/catalog/search?query=%D0%BD%D0%B0%D1%82%D0%B0%D0%BB%D1%8C%D0%BD%D0%B0%D1%8F%20%D0%BA%D0%B0%D1%80%D1%82%D0%B0%20%D1%81%D0%BA%D0%B0%D1%87%D0%B0%D1%82%D1%8C,https://www.rustore.ru/catalog/app/astro_charts_lite.astro_charts_lite
натальная карта скачать,494,18,com.natalis.flutter_app,Natalist,Образ жизни,,https://static.rustore.ru/imgproxy/zNBOvZsBwsK4Qd8LkkLcT5jzZiK2hgmj535oX_khxk4/preset:web_app_icon_62/plain/https://static.rustore.ru/2026/5/21/95/apk/2063699071/content/ICON/ac6a8339-8cf4-4185-ab0c-7e91ebb7d3f8.png@webp,2026-07-29T18:47:08.491Z,https://www.rustore.ru/catalog/search?query=%D0%BD%D0%B0%D1%82%D0%B0%D0%BB%D1%8C%D0%BD%D0%B0%D1%8F%20%D0%BA%D0%B0%D1%80%D1%82%D0%B0%20%D1%81%D0%BA%D0%B0%D1%87%D0%B0%D1%82%D1%8C,https://www.rustore.ru/catalog/app/com.natalis.flutter_app
натальная карта скачать,494,19,ru.z9games.astroscope,АстроСкоп: гороскоп и натальная карта,Образ жизни,,https://static.rustore.ru/imgproxy/tTRuY3c5lj4ZnzKBju_nPudSfTTJPchF4rOWDA_6wQc/preset:web_app_icon_62/plain/https://static.rustore.ru/2026/6/17/6e/apk/2063712728/content/ICON/9b52211d-0b22-4c45-9706-c20404625bd4.png@webp,2026-07-29T18:47:08.491Z,https://www.rustore.ru/catalog/search?query=%D0%BD%D0%B0%D1%82%D0%B0%D0%BB%D1%8C%D0%BD%D0%B0%D1%8F%20%D0%BA%D0%B0%D1%80%D1%82%D0%B0%20%D1%81%D0%BA%D0%B0%D1%87%D0%B0%D1%82%D1%8C,https://www.rustore.ru/catalog/app/ru.z9games.astroscope
натальная карта скачать,494,20,ru.astrostar.yakuba.android,"AstroStar: Гороскопы, Астрология, Натальная карта",Образ жизни,,https://static.rustore.ru/imgproxy/AhbqtmOGt4A-WJyKC6iNLfOuR5ZeYr3n0udIhWRL8F0/preset:web_app_icon_62/plain/https://static.rustore.ru/2025/12/22/c1/apk/2063682288/content/ICON/170d8dcb-a5d0-4372-b057-88a2a86e6066.jpg@webp,2026-07-29T18:47:08.491Z,https://www.rustore.ru/catalog/search?query=%D0%BD%D0%B0%D1%82%D0%B0%D0%BB%D1%8C%D0%BD%D0%B0%D1%8F%20%D0%BA%D0%B0%D1%80%D1%82%D0%B0%20%D1%81%D0%BA%D0%B0%D1%87%D0%B0%D1%82%D1%8C,https://www.rustore.ru/catalog/app/ru.astrostar.yakuba.android
натальная карта приложение,488,1,com.natalchart.natalchartapp,Натальная карта,Образ жизни,,https://static.rustore.ru/imgproxy/9s4XQ6pMLNFavxAbJaiuOoYwnl1RvZb_IRn0-BLSo6E/preset:web_app_icon_62/plain/https://static.rustore.ru/2025/12/25/0a/apk/2063673012/content/ICON/a99cd865-9507-43cc-b17f-4b41c78e45f5.png@webp,2026-07-29T18:47:10.005Z,https://www.rustore.ru/catalog/search?query=%D0%BD%D0%B0%D1%82%D0%B0%D0%BB%D1%8C%D0%BD%D0%B0%D1%8F%20%D0%BA%D0%B0%D1%80%D1%82%D0%B0%20%D0%BF%D1%80%D0%B8%D0%BB%D0%BE%D0%B6%D0%B5%D0%BD%D0%B8%D0%B5,https://www.rustore.ru/catalog/app/com.natalchart.natalchartapp
натальная карта приложение,488,2,ru.mynatalchart.app,Натальная карта рассчитать с расшифровкой онлайн,Образ жизни,,https://static.rustore.ru/imgproxy/F4JseOuI6RzoPoXs3mqK3yXNzxrqv08SORZppQ10uGk/preset:web_app_icon_62/plain/https://static.rustore.ru/2026/6/22/65/apk/2063722870/content/ICON/d546e542-9512-4ff8-a1ff-033f763a244b.jpg@webp,2026-07-29T18:47:10.005Z,https://www.rustore.ru/catalog/search?query=%D0%BD%D0%B0%D1%82%D0%B0%D0%BB%D1%8C%D0%BD%D0%B0%D1%8F%20%D0%BA%D0%B0%D1%80%D1%82%D0%B0%20%D0%BF%D1%80%D0%B8%D0%BB%D0%BE%D0%B6%D0%B5%D0%BD%D0%B8%D0%B5,https://www.rustore.ru/catalog/app/ru.mynatalchart.app
натальная карта приложение,488,3,com.matricasudbu.app.astro,Натальная карта. Астрология. Матрица Судьбы,Образ жизни·Развлечения,,https://static.rustore.ru/imgproxy/8CPP3b_zl4GFvlQDIJS8uQz1vW4WbaJazeRsedTl3hs/preset:web_app_icon_62/plain/https://static.rustore.ru/2026/4/8/f1/apk/2063620377/content/ICON/fd8c2873-149b-4f33-a56f-8cc06282defe.png@webp,2026-07-29T18:47:10.005Z,https://www.rustore.ru/catalog/search?query=%D0%BD%D0%B0%D1%82%D0%B0%D0%BB%D1%8C%D0%BD%D0%B0%D1%8F%20%D0%BA%D0%B0%D1%80%D1%82%D0%B0%20%D0%BF%D1%80%D0%B8%D0%BB%D0%BE%D0%B6%D0%B5%D0%BD%D0%B8%D0%B5,https://www.rustore.ru/catalog/app/com.matricasudbu.app.astro
натальная карта приложение,488,4,com.birth.chart.natal.horoscope.astrology.tarot,Натальная карта - AstroChart,Образ жизни,,https://static.rustore.ru/imgproxy/kYn6WYK2IDY4v1sIV0wlsg6DB8jeB95gsXRYp_F_KHQ/preset:web_app_icon_62/plain/https://static.rustore.ru/2025/10/6/83/apk/2063662829/content/ICON/444f59ea-7142-4bc7-83b0-95c3592a10b2.png@webp,2026-07-29T18:47:10.005Z,https://www.rustore.ru/catalog/search?query=%D0%BD%D0%B0%D1%82%D0%B0%D0%BB%D1%8C%D0%BD%D0%B0%D1%8F%20%D0%BA%D0%B0%D1%80%D1%82%D0%B0%20%D0%BF%D1%80%D0%B8%D0%BB%D0%BE%D0%B6%D0%B5%D0%BD%D0%B8%D0%B5,https://www.rustore.ru/catalog/app/com.birth.chart.natal.horoscope.astrology.tarot
натальная карта приложение,488,5,ru.z9games.jyotish,Ведаскоп: джйотиш и натальная карта,Образ жизни,,https://static.rustore.ru/imgproxy/HsaaT5buUGX8MqIYO7-p5kJNEMagCnOcfDMS4M2M6ZM/preset:web_app_icon_62/plain/https://static.rustore.ru/2026/6/24/02/apk/2063724173/content/ICON/26228479-06f4-4875-a6f0-366cd7479072.png@webp,2026-07-29T18:47:10.005Z,https://www.rustore.ru/catalog/search?query=%D0%BD%D0%B0%D1%82%D0%B0%D0%BB%D1%8C%D0%BD%D0%B0%D1%8F%20%D0%BA%D0%B0%D1%80%D1%82%D0%B0%20%D0%BF%D1%80%D0%B8%D0%BB%D0%BE%D0%B6%D0%B5%D0%BD%D0%B8%D0%B5,https://www.rustore.ru/catalog/app/ru.z9games.jyotish
натальная карта приложение,488,6,ru.neurodzen.app,"Нейродзен — Натальная Карта, Гороскоп, Астрология",Развлечения·Образ жизни,,https://static.rustore.ru/imgproxy/OQ7kWj-v_uYNb5BXMSxvUYei-6uMMhsfa5nehPh3n6o/preset:web_app_icon_62/plain/https://static.rustore.ru/2026/1/12/4f/apk/2063667687/content/ICON/22a1939e-2d55-423b-80f1-f22a82ee2b5c.png@webp,2026-07-29T18:47:10.005Z,https://www.rustore.ru/catalog/search?query=%D0%BD%D0%B0%D1%82%D0%B0%D0%BB%D1%8C%D0%BD%D0%B0%D1%8F%20%D0%BA%D0%B0%D1%80%D1%82%D0%B0%20%D0%BF%D1%80%D0%B8%D0%BB%D0%BE%D0%B6%D0%B5%D0%BD%D0%B8%D0%B5,https://www.rustore.ru/catalog/app/ru.neurodzen.app
натальная карта приложение,488,7,com.sopelus.horoscope,"Гороскопы бесплатно, натальная карта",Образ жизни,,https://static.rustore.ru/imgproxy/6Y2EnbUmAeSntLHRzoX7VP5iRHM6InMeJHZao6yYG00/preset:web_app_icon_62/plain/https://static.rustore.ru/apk/2063642700/content/ICON/4cf492a6-1c93-45d7-89fc-41600dc6d076.png@webp,2026-07-29T18:47:10.005Z,https://www.rustore.ru/catalog/search?query=%D0%BD%D0%B0%D1%82%D0%B0%D0%BB%D1%8C%D0%BD%D0%B0%D1%8F%20%D0%BA%D0%B0%D1%80%D1%82%D0%B0%20%D0%BF%D1%80%D0%B8%D0%BB%D0%BE%D0%B6%D0%B5%D0%BD%D0%B8%D0%B5,https://www.rustore.ru/catalog/app/com.sopelus.horoscope
натальная карта приложение,488,8,com.dixtalescat.astrocode,АстроКод: натальная карта,Образ жизни·Развлечения,,https://static.rustore.ru/imgproxy/QGfhcDKFBV1XPqY8mZKGkhQymzBeRZta6wxampAkwCU/preset:web_app_icon_62/plain/https://static.rustore.ru/2026/6/8/0f/apk/2063720975/content/ICON/bef8803c-ad72-444a-bb24-391a3247eac4.png@webp,2026-07-29T18:47:10.005Z,https://www.rustore.ru/catalog/search?query=%D0%BD%D0%B0%D1%82%D0%B0%D0%BB%D1%8C%D0%BD%D0%B0%D1%8F%20%D0%BA%D0%B0%D1%80%D1%82%D0%B0%20%D0%BF%D1%80%D0%B8%D0%BB%D0%BE%D0%B6%D0%B5%D0%BD%D0%B8%D0%B5,https://www.rustore.ru/catalog/app/com.dixtalescat.astrocode
натальная карта приложение,488,9,com.kundalini.astroapp,Анима: Натальная карта и совместимость,Образ жизни,,https://static.rustore.ru/imgproxy/WVtKwg07iq2_CAQt_LjE9yioOOuNvt8aOLHCK8tZnIw/preset:web_app_icon_62/plain/https://static.rustore.ru/2026/7/25/05/apk/2063730207/content/ICON/34c23c2b-ce1d-4cfe-8cf2-c891393df157.jpg@webp,2026-07-29T18:47:10.005Z,https://www.rustore.ru/catalog/search?query=%D0%BD%D0%B0%D1%82%D0%B0%D0%BB%D1%8C%D0%BD%D0%B0%D1%8F%20%D0%BA%D0%B0%D1%80%D1%82%D0%B0%20%D0%BF%D1%80%D0%B8%D0%BB%D0%BE%D0%B6%D0%B5%D0%BD%D0%B8%D0%B5,https://www.rustore.ru/catalog/app/com.kundalini.astroapp
натальная карта приложение,488,10,ru.ftc.tc,Транспортная карта,Транспорт и навигация,,https://static.rustore.ru/imgproxy/vJtxeQha0KCWFTHsLljKLlZy_GOVoHU1sWWa7vkPrWI/preset:web_app_icon_62/plain/https://static.rustore.ru/apk/2063574323/content/ICON/88871706-b3a5-4dd0-9bb1-1db70a0d68ca.png@webp,2026-07-29T18:47:10.005Z,https://www.rustore.ru/catalog/search?query=%D0%BD%D0%B0%D1%82%D0%B0%D0%BB%D1%8C%D0%BD%D0%B0%D1%8F%20%D0%BA%D0%B0%D1%80%D1%82%D0%B0%20%D0%BF%D1%80%D0%B8%D0%BB%D0%BE%D0%B6%D0%B5%D0%BD%D0%B8%D0%B5,https://www.rustore.ru/catalog/app/ru.ftc.tc
натальная карта приложение,488,11,com.natalis.flutter_app,Natalist,Образ жизни,,https://static.rustore.ru/imgproxy/zNBOvZsBwsK4Qd8LkkLcT5jzZiK2hgmj535oX_khxk4/preset:web_app_icon_62/plain/https://static.rustore.ru/2026/5/21/95/apk/2063699071/content/ICON/ac6a8339-8cf4-4185-ab0c-7e91ebb7d3f8.png@webp,2026-07-29T18:47:10.005Z,https://www.rustore.ru/catalog/search?query=%D0%BD%D0%B0%D1%82%D0%B0%D0%BB%D1%8C%D0%BD%D0%B0%D1%8F%20%D0%BA%D0%B0%D1%80%D1%82%D0%B0%20%D0%BF%D1%80%D0%B8%D0%BB%D0%BE%D0%B6%D0%B5%D0%BD%D0%B8%D0%B5,https://www.rustore.ru/catalog/app/com.natalis.flutter_app
натальная карта приложение,488,12,ru.astreya.app,"Астрея: гороскоп, натальная карта, таро",Образ жизни,,https://static.rustore.ru/imgproxy/ZZLZRn9_c-94Hwa3JIjvp2xSRQZ8qcL6aRjiod6JHS0/preset:web_app_icon_62/plain/https://static.rustore.ru/2026/7/13/8c/apk/2063731934/content/ICON/637f9c4d-1353-4100-9f95-f37c7de8bbc5.png@webp,2026-07-29T18:47:10.005Z,https://www.rustore.ru/catalog/search?query=%D0%BD%D0%B0%D1%82%D0%B0%D0%BB%D1%8C%D0%BD%D0%B0%D1%8F%20%D0%BA%D0%B0%D1%80%D1%82%D0%B0%20%D0%BF%D1%80%D0%B8%D0%BB%D0%BE%D0%B6%D0%B5%D0%BD%D0%B8%D0%B5,https://www.rustore.ru/catalog/app/ru.astreya.app
натальная карта приложение,488,13,com.astropersona,AstroPersona — твой гороскоп и натальная карта,Образ жизни,,https://static.rustore.ru/imgproxy/yeT5vH4kz-9BL9oXE582buG3mIufkzi-o_8ru0XXGSc/preset:web_app_icon_62/plain/https://static.rustore.ru/2025/10/29/51/apk/2063549954/content/ICON/5fceb594-b2ae-4bab-984f-cdf38055c8bc.png@webp,2026-07-29T18:47:10.005Z,https://www.rustore.ru/catalog/search?query=%D0%BD%D0%B0%D1%82%D0%B0%D0%BB%D1%8C%D0%BD%D0%B0%D1%8F%20%D0%BA%D0%B0%D1%80%D1%82%D0%B0%20%D0%BF%D1%80%D0%B8%D0%BB%D0%BE%D0%B6%D0%B5%D0%BD%D0%B8%D0%B5,https://www.rustore.ru/catalog/app/com.astropersona
натальная карта приложение,488,14,ru.astrolloai.app,Astrollo AI — натальная карта и гороскопы,Образ жизни,,https://static.rustore.ru/imgproxy/2OaiwVIuLve_hKUhfgNzehY4xT7X3vGs1wPINvjQmt0/preset:web_app_icon_62/plain/https://static.rustore.ru/2026/5/13/ec/apk/2063714344/content/ICON/b4d9d4ad-d1ec-450a-8c87-2cab890058fe.png@webp,2026-07-29T18:47:10.005Z,https://www.rustore.ru/catalog/search?query=%D0%BD%D0%B0%D1%82%D0%B0%D0%BB%D1%8C%D0%BD%D0%B0%D1%8F%20%D0%BA%D0%B0%D1%80%D1%82%D0%B0%20%D0%BF%D1%80%D0%B8%D0%BB%D0%BE%D0%B6%D0%B5%D0%BD%D0%B8%D0%B5,https://www.rustore.ru/catalog/app/ru.astrolloai.app
натальная карта приложение,488,15,ru.astro.chartslite,Астрологические Карты Lite,Образ жизни,,https://static.rustore.ru/imgproxy/AZ0OLjvPtQNEOmm3E1sTPzoRKxq3oQjFKouCo91WOQU/preset:web_app_icon_62/plain/https://static.rustore.ru/apk/2063491774/content/ICON/6faad8e3-adb7-43e9-8d33-7cbd343aeec5.png@webp,2026-07-29T18:47:10.005Z,https://www.rustore.ru/catalog/search?query=%D0%BD%D0%B0%D1%82%D0%B0%D0%BB%D1%8C%D0%BD%D0%B0%D1%8F%20%D0%BA%D0%B0%D1%80%D1%82%D0%B0%20%D0%BF%D1%80%D0%B8%D0%BB%D0%BE%D0%B6%D0%B5%D0%BD%D0%B8%D0%B5,https://www.rustore.ru/catalog/app/ru.astro.chartslite
натальная карта приложение,488,16,com.aiastrologer.app,"AI-Астролог, Таро, Астрология, Гороскоп, Астробот",Образ жизни,,https://static.rustore.ru/imgproxy/3Ld-d7uhG_9cEJ2LiCa6jgaz7lg0Yn7lyGXuEB7Ct8k/preset:web_app_icon_62/plain/https://static.rustore.ru/2026/7/9/a7/apk/2063730874/content/ICON/9883a02f-2920-4a9b-a268-a5a33b24e8ea.png@webp,2026-07-29T18:47:10.005Z,https://www.rustore.ru/catalog/search?query=%D0%BD%D0%B0%D1%82%D0%B0%D0%BB%D1%8C%D0%BD%D0%B0%D1%8F%20%D0%BA%D0%B0%D1%80%D1%82%D0%B0%20%D0%BF%D1%80%D0%B8%D0%BB%D0%BE%D0%B6%D0%B5%D0%BD%D0%B8%D0%B5,https://www.rustore.ru/catalog/app/com.aiastrologer.app
натальная карта приложение,488,17,com.semnon.astrovfr,AstroVizor,Образ жизни,,https://static.rustore.ru/imgproxy/gzTwgAXHr4AkIcih1f8Z7cXgwPWOVdO27oRFsKypf_I/preset:web_app_icon_62/plain/https://static.rustore.ru/apk/2063535581/content/ICON/97ad5afa-a494-41dd-ac8d-459f96a9b39d.png@webp,2026-07-29T18:47:10.005Z,https://www.rustore.ru/catalog/search?query=%D0%BD%D0%B0%D1%82%D0%B0%D0%BB%D1%8C%D0%BD%D0%B0%D1%8F%20%D0%BA%D0%B0%D1%80%D1%82%D0%B0%20%D0%BF%D1%80%D0%B8%D0%BB%D0%BE%D0%B6%D0%B5%D0%BD%D0%B8%D0%B5,https://www.rustore.ru/catalog/app/com.semnon.astrovfr
натальная карта приложение,488,18,com.fateai.app,"Гороскоп, Таро, Сонник, Натальная карта Fate AI",Образ жизни,,https://static.rustore.ru/imgproxy/oSeARI71uUXhChG-u82kHpUjKDOYTxf_LgbDsYJTIwg/preset:web_app_icon_62/plain/https://static.rustore.ru/2026/6/1/87/apk/2063719393/content/ICON/ded21b42-105c-42ef-9d69-0838397721af.png@webp,2026-07-29T18:47:10.005Z,https://www.rustore.ru/catalog/search?query=%D0%BD%D0%B0%D1%82%D0%B0%D0%BB%D1%8C%D0%BD%D0%B0%D1%8F%20%D0%BA%D0%B0%D1%80%D1%82%D0%B0%20%D0%BF%D1%80%D0%B8%D0%BB%D0%BE%D0%B6%D0%B5%D0%BD%D0%B8%D0%B5,https://www.rustore.ru/catalog/app/com.fateai.app
натальная карта приложение,488,19,astro_charts_lite.astro_charts_lite,Астрологические Карты Lite,Развлечения,,https://static.rustore.ru/imgproxy/MLgr4aDbUbe2wxyfFkfKwn-__OU5-vOfx6wnpgCtl1k/preset:web_app_icon_62/plain/https://static.rustore.ru/2026/7/23/73/apk/2063735556/content/ICON/7fd46ff6-6f61-4bcb-82d0-62f3b2b528c9.png@webp,2026-07-29T18:47:10.005Z,https://www.rustore.ru/catalog/search?query=%D0%BD%D0%B0%D1%82%D0%B0%D0%BB%D1%8C%D0%BD%D0%B0%D1%8F%20%D0%BA%D0%B0%D1%80%D1%82%D0%B0%20%D0%BF%D1%80%D0%B8%D0%BB%D0%BE%D0%B6%D0%B5%D0%BD%D0%B8%D0%B5,https://www.rustore.ru/catalog/app/astro_charts_lite.astro_charts_lite
натальная карта приложение,488,20,ru.astrostar.yakuba.android,"AstroStar: Гороскопы, Астрология, Натальная карта",Образ жизни,,https://static.rustore.ru/imgproxy/AhbqtmOGt4A-WJyKC6iNLfOuR5ZeYr3n0udIhWRL8F0/preset:web_app_icon_62/plain/https://static.rustore.ru/2025/12/22/c1/apk/2063682288/content/ICON/170d8dcb-a5d0-4372-b057-88a2a86e6066.jpg@webp,2026-07-29T18:47:10.005Z,https://www.rustore.ru/catalog/search?query=%D0%BD%D0%B0%D1%82%D0%B0%D0%BB%D1%8C%D0%BD%D0%B0%D1%8F%20%D0%BA%D0%B0%D1%80%D1%82%D0%B0%20%D0%BF%D1%80%D0%B8%D0%BB%D0%BE%D0%B6%D0%B5%D0%BD%D0%B8%D0%B5,https://www.rustore.ru/catalog/app/ru.astrostar.yakuba.android
натальная карта андроид,493,1,ru.mynatalchart.app,Натальная карта рассчитать с расшифровкой онлайн,Образ жизни,,https://static.rustore.ru/imgproxy/F4JseOuI6RzoPoXs3mqK3yXNzxrqv08SORZppQ10uGk/preset:web_app_icon_62/plain/https://static.rustore.ru/2026/6/22/65/apk/2063722870/content/ICON/d546e542-9512-4ff8-a1ff-033f763a244b.jpg@webp,2026-07-29T18:47:11.222Z,https://www.rustore.ru/catalog/search?query=%D0%BD%D0%B0%D1%82%D0%B0%D0%BB%D1%8C%D0%BD%D0%B0%D1%8F%20%D0%BA%D0%B0%D1%80%D1%82%D0%B0%20%D0%B0%D0%BD%D0%B4%D1%80%D0%BE%D0%B8%D0%B4,https://www.rustore.ru/catalog/app/ru.mynatalchart.app
натальная карта андроид,493,2,com.natalchart.natalchartapp,Натальная карта,Образ жизни,,https://static.rustore.ru/imgproxy/9s4XQ6pMLNFavxAbJaiuOoYwnl1RvZb_IRn0-BLSo6E/preset:web_app_icon_62/plain/https://static.rustore.ru/2025/12/25/0a/apk/2063673012/content/ICON/a99cd865-9507-43cc-b17f-4b41c78e45f5.png@webp,2026-07-29T18:47:11.222Z,https://www.rustore.ru/catalog/search?query=%D0%BD%D0%B0%D1%82%D0%B0%D0%BB%D1%8C%D0%BD%D0%B0%D1%8F%20%D0%BA%D0%B0%D1%80%D1%82%D0%B0%20%D0%B0%D0%BD%D0%B4%D1%80%D0%BE%D0%B8%D0%B4,https://www.rustore.ru/catalog/app/com.natalchart.natalchartapp
натальная карта андроид,493,3,com.matricasudbu.app.astro,Натальная карта. Астрология. Матрица Судьбы,Образ жизни·Развлечения,,https://static.rustore.ru/imgproxy/8CPP3b_zl4GFvlQDIJS8uQz1vW4WbaJazeRsedTl3hs/preset:web_app_icon_62/plain/https://static.rustore.ru/2026/4/8/f1/apk/2063620377/content/ICON/fd8c2873-149b-4f33-a56f-8cc06282defe.png@webp,2026-07-29T18:47:11.222Z,https://www.rustore.ru/catalog/search?query=%D0%BD%D0%B0%D1%82%D0%B0%D0%BB%D1%8C%D0%BD%D0%B0%D1%8F%20%D0%BA%D0%B0%D1%80%D1%82%D0%B0%20%D0%B0%D0%BD%D0%B4%D1%80%D0%BE%D0%B8%D0%B4,https://www.rustore.ru/catalog/app/com.matricasudbu.app.astro
натальная карта андроид,493,4,ru.astro.chartslite,Астрологические Карты Lite,Образ жизни,,https://static.rustore.ru/imgproxy/AZ0OLjvPtQNEOmm3E1sTPzoRKxq3oQjFKouCo91WOQU/preset:web_app_icon_62/plain/https://static.rustore.ru/apk/2063491774/content/ICON/6faad8e3-adb7-43e9-8d33-7cbd343aeec5.png@webp,2026-07-29T18:47:11.222Z,https://www.rustore.ru/catalog/search?query=%D0%BD%D0%B0%D1%82%D0%B0%D0%BB%D1%8C%D0%BD%D0%B0%D1%8F%20%D0%BA%D0%B0%D1%80%D1%82%D0%B0%20%D0%B0%D0%BD%D0%B4%D1%80%D0%BE%D0%B8%D0%B4,https://www.rustore.ru/catalog/app/ru.astro.chartslite
натальная карта андроид,493,5,com.birth.chart.natal.horoscope.astrology.tarot,Натальная карта - AstroChart,Образ жизни,,https://static.rustore.ru/imgproxy/kYn6WYK2IDY4v1sIV0wlsg6DB8jeB95gsXRYp_F_KHQ/preset:web_app_icon_62/plain/https://static.rustore.ru/2025/10/6/83/apk/2063662829/content/ICON/444f59ea-7142-4bc7-83b0-95c3592a10b2.png@webp,2026-07-29T18:47:11.222Z,https://www.rustore.ru/catalog/search?query=%D0%BD%D0%B0%D1%82%D0%B0%D0%BB%D1%8C%D0%BD%D0%B0%D1%8F%20%D0%BA%D0%B0%D1%80%D1%82%D0%B0%20%D0%B0%D0%BD%D0%B4%D1%80%D0%BE%D0%B8%D0%B4,https://www.rustore.ru/catalog/app/com.birth.chart.natal.horoscope.astrology.tarot
натальная карта андроид,493,6,ru.astro.chartspro,Астрологические Карты Pro,Образ жизни,,https://static.rustore.ru/imgproxy/H7yWs1c8FEoh13kPEN8FrjJKP74aPcrZPAAwyIC5Loo/preset:web_app_icon_62/plain/https://static.rustore.ru/apk/2063491770/content/ICON/f06bbe92-b75b-4a58-84ff-973399f9d848.png@webp,2026-07-29T18:47:11.222Z,https://www.rustore.ru/catalog/search?query=%D0%BD%D0%B0%D1%82%D0%B0%D0%BB%D1%8C%D0%BD%D0%B0%D1%8F%20%D0%BA%D0%B0%D1%80%D1%82%D0%B0%20%D0%B0%D0%BD%D0%B4%D1%80%D0%BE%D0%B8%D0%B4,https://www.rustore.ru/catalog/app/ru.astro.chartspro
натальная карта андроид,493,7,ru.astro.charts,Астрологические Карты,Образ жизни,,https://static.rustore.ru/imgproxy/Jqdw3DubicZmFzWE4TZo2z6sYT8RH-AJXpSCBRSCfvk/preset:web_app_icon_62/plain/https://static.rustore.ru/apk/2063491767/content/ICON/eacbdfd0-518d-4e42-a312-bcc95e25e748.png@webp,2026-07-29T18:47:11.222Z,https://www.rustore.ru/catalog/search?query=%D0%BD%D0%B0%D1%82%D0%B0%D0%BB%D1%8C%D0%BD%D0%B0%D1%8F%20%D0%BA%D0%B0%D1%80%D1%82%D0%B0%20%D0%B0%D0%BD%D0%B4%D1%80%D0%BE%D0%B8%D0%B4,https://www.rustore.ru/catalog/app/ru.astro.charts
натальная карта андроид,493,8,ru.z9games.jyotish,Ведаскоп: джйотиш и натальная карта,Образ жизни,,https://static.rustore.ru/imgproxy/HsaaT5buUGX8MqIYO7-p5kJNEMagCnOcfDMS4M2M6ZM/preset:web_app_icon_62/plain/https://static.rustore.ru/2026/6/24/02/apk/2063724173/content/ICON/26228479-06f4-4875-a6f0-366cd7479072.png@webp,2026-07-29T18:47:11.222Z,https://www.rustore.ru/catalog/search?query=%D0%BD%D0%B0%D1%82%D0%B0%D0%BB%D1%8C%D0%BD%D0%B0%D1%8F%20%D0%BA%D0%B0%D1%80%D1%82%D0%B0%20%D0%B0%D0%BD%D0%B4%D1%80%D0%BE%D0%B8%D0%B4,https://www.rustore.ru/catalog/app/ru.z9games.jyotish
натальная карта андроид,493,9,astro_charts_lite.astro_charts_lite,Астрологические Карты Lite,Развлечения,,https://static.rustore.ru/imgproxy/MLgr4aDbUbe2wxyfFkfKwn-__OU5-vOfx6wnpgCtl1k/preset:web_app_icon_62/plain/https://static.rustore.ru/2026/7/23/73/apk/2063735556/content/ICON/7fd46ff6-6f61-4bcb-82d0-62f3b2b528c9.png@webp,2026-07-29T18:47:11.222Z,https://www.rustore.ru/catalog/search?query=%D0%BD%D0%B0%D1%82%D0%B0%D0%BB%D1%8C%D0%BD%D0%B0%D1%8F%20%D0%BA%D0%B0%D1%80%D1%82%D0%B0%20%D0%B0%D0%BD%D0%B4%D1%80%D0%BE%D0%B8%D0%B4,https://www.rustore.ru/catalog/app/astro_charts_lite.astro_charts_lite
натальная карта андроид,493,10,com.dixtalescat.astrocode,АстроКод: натальная карта,Образ жизни·Развлечения,,https://static.rustore.ru/imgproxy/QGfhcDKFBV1XPqY8mZKGkhQymzBeRZta6wxampAkwCU/preset:web_app_icon_62/plain/https://static.rustore.ru/2026/6/8/0f/apk/2063720975/content/ICON/bef8803c-ad72-444a-bb24-391a3247eac4.png@webp,2026-07-29T18:47:11.222Z,https://www.rustore.ru/catalog/search?query=%D0%BD%D0%B0%D1%82%D0%B0%D0%BB%D1%8C%D0%BD%D0%B0%D1%8F%20%D0%BA%D0%B0%D1%80%D1%82%D0%B0%20%D0%B0%D0%BD%D0%B4%D1%80%D0%BE%D0%B8%D0%B4,https://www.rustore.ru/catalog/app/com.dixtalescat.astrocode
натальная карта андроид,493,11,com.sopelus.horoscope,"Гороскопы бесплатно, натальная карта",Образ жизни,,https://static.rustore.ru/imgproxy/6Y2EnbUmAeSntLHRzoX7VP5iRHM6InMeJHZao6yYG00/preset:web_app_icon_62/plain/https://static.rustore.ru/apk/2063642700/content/ICON/4cf492a6-1c93-45d7-89fc-41600dc6d076.png@webp,2026-07-29T18:47:11.222Z,https://www.rustore.ru/catalog/search?query=%D0%BD%D0%B0%D1%82%D0%B0%D0%BB%D1%8C%D0%BD%D0%B0%D1%8F%20%D0%BA%D0%B0%D1%80%D1%82%D0%B0%20%D0%B0%D0%BD%D0%B4%D1%80%D0%BE%D0%B8%D0%B4,https://www.rustore.ru/catalog/app/com.sopelus.horoscope
натальная карта андроид,493,12,ru.neurodzen.app,"Нейродзен — Натальная Карта, Гороскоп, Астрология",Развлечения·Образ жизни,,https://static.rustore.ru/imgproxy/OQ7kWj-v_uYNb5BXMSxvUYei-6uMMhsfa5nehPh3n6o/preset:web_app_icon_62/plain/https://static.rustore.ru/2026/1/12/4f/apk/2063667687/content/ICON/22a1939e-2d55-423b-80f1-f22a82ee2b5c.png@webp,2026-07-29T18:47:11.222Z,https://www.rustore.ru/catalog/search?query=%D0%BD%D0%B0%D1%82%D0%B0%D0%BB%D1%8C%D0%BD%D0%B0%D1%8F%20%D0%BA%D0%B0%D1%80%D1%82%D0%B0%20%D0%B0%D0%BD%D0%B4%D1%80%D0%BE%D0%B8%D0%B4,https://www.rustore.ru/catalog/app/ru.neurodzen.app
натальная карта андроид,493,13,ru.astrai.app,AstrAi — натальная карта и гороскоп,Образ жизни,,https://static.rustore.ru/imgproxy/KbUVotyglHzyEmsQ36ejj6z2B43JC9Qv8C4BIPx7ens/preset:web_app_icon_62/plain/https://static.rustore.ru/2026/7/8/08/apk/2063730771/content/ICON/490a8eb2-cbda-4812-8cad-60468e80d3bb.png@webp,2026-07-29T18:47:11.222Z,https://www.rustore.ru/catalog/search?query=%D0%BD%D0%B0%D1%82%D0%B0%D0%BB%D1%8C%D0%BD%D0%B0%D1%8F%20%D0%BA%D0%B0%D1%80%D1%82%D0%B0%20%D0%B0%D0%BD%D0%B4%D1%80%D0%BE%D0%B8%D0%B4,https://www.rustore.ru/catalog/app/ru.astrai.app
натальная карта андроид,493,14,ru.astrolloai.app,Astrollo AI — натальная карта и гороскопы,Образ жизни,,https://static.rustore.ru/imgproxy/2OaiwVIuLve_hKUhfgNzehY4xT7X3vGs1wPINvjQmt0/preset:web_app_icon_62/plain/https://static.rustore.ru/2026/5/13/ec/apk/2063714344/content/ICON/b4d9d4ad-d1ec-450a-8c87-2cab890058fe.png@webp,2026-07-29T18:47:11.222Z,https://www.rustore.ru/catalog/search?query=%D0%BD%D0%B0%D1%82%D0%B0%D0%BB%D1%8C%D0%BD%D0%B0%D1%8F%20%D0%BA%D0%B0%D1%80%D1%82%D0%B0%20%D0%B0%D0%BD%D0%B4%D1%80%D0%BE%D0%B8%D0%B4,https://www.rustore.ru/catalog/app/ru.astrolloai.app
натальная карта андроид,493,15,com.kundalini.astroapp,Анима: Натальная карта и совместимость,Образ жизни,,https://static.rustore.ru/imgproxy/WVtKwg07iq2_CAQt_LjE9yioOOuNvt8aOLHCK8tZnIw/preset:web_app_icon_62/plain/https://static.rustore.ru/2026/7/25/05/apk/2063730207/content/ICON/34c23c2b-ce1d-4cfe-8cf2-c891393df157.jpg@webp,2026-07-29T18:47:11.222Z,https://www.rustore.ru/catalog/search?query=%D0%BD%D0%B0%D1%82%D0%B0%D0%BB%D1%8C%D0%BD%D0%B0%D1%8F%20%D0%BA%D0%B0%D1%80%D1%82%D0%B0%20%D0%B0%D0%BD%D0%B4%D1%80%D0%BE%D0%B8%D0%B4,https://www.rustore.ru/catalog/app/com.kundalini.astroapp
натальная карта андроид,493,16,com.natalis.flutter_app,Natalist,Образ жизни,,https://static.rustore.ru/imgproxy/zNBOvZsBwsK4Qd8LkkLcT5jzZiK2hgmj535oX_khxk4/preset:web_app_icon_62/plain/https://static.rustore.ru/2026/5/21/95/apk/2063699071/content/ICON/ac6a8339-8cf4-4185-ab0c-7e91ebb7d3f8.png@webp,2026-07-29T18:47:11.222Z,https://www.rustore.ru/catalog/search?query=%D0%BD%D0%B0%D1%82%D0%B0%D0%BB%D1%8C%D0%BD%D0%B0%D1%8F%20%D0%BA%D0%B0%D1%80%D1%82%D0%B0%20%D0%B0%D0%BD%D0%B4%D1%80%D0%BE%D0%B8%D0%B4,https://www.rustore.ru/catalog/app/com.natalis.flutter_app
натальная карта андроид,493,17,ru.astreya.app,"Астрея: гороскоп, натальная карта, таро",Образ жизни,,https://static.rustore.ru/imgproxy/ZZLZRn9_c-94Hwa3JIjvp2xSRQZ8qcL6aRjiod6JHS0/preset:web_app_icon_62/plain/https://static.rustore.ru/2026/7/13/8c/apk/2063731934/content/ICON/637f9c4d-1353-4100-9f95-f37c7de8bbc5.png@webp,2026-07-29T18:47:11.222Z,https://www.rustore.ru/catalog/search?query=%D0%BD%D0%B0%D1%82%D0%B0%D0%BB%D1%8C%D0%BD%D0%B0%D1%8F%20%D0%BA%D0%B0%D1%80%D1%82%D0%B0%20%D0%B0%D0%BD%D0%B4%D1%80%D0%BE%D0%B8%D0%B4,https://www.rustore.ru/catalog/app/ru.astreya.app
натальная карта андроид,493,18,com.axwap.astrology,AxWap Астрология,Образ жизни,,https://static.rustore.ru/imgproxy/W72btgUuqlaL9xKXQewWbUZcjGWZcJLjhuXx1EZCsYg/preset:web_app_icon_62/plain/https://static.rustore.ru/2025/10/27/58/apk/2063572788/content/ICON/d35201dc-d5a1-4e2a-b2d0-16f137a92ae6.png@webp,2026-07-29T18:47:11.222Z,https://www.rustore.ru/catalog/search?query=%D0%BD%D0%B0%D1%82%D0%B0%D0%BB%D1%8C%D0%BD%D0%B0%D1%8F%20%D0%BA%D0%B0%D1%80%D1%82%D0%B0%20%D0%B0%D0%BD%D0%B4%D1%80%D0%BE%D0%B8%D0%B4,https://www.rustore.ru/catalog/app/com.axwap.astrology
натальная карта андроид,493,19,com.semnon.astrovfr,AstroVizor,Образ жизни,,https://static.rustore.ru/imgproxy/gzTwgAXHr4AkIcih1f8Z7cXgwPWOVdO27oRFsKypf_I/preset:web_app_icon_62/plain/https://static.rustore.ru/apk/2063535581/content/ICON/97ad5afa-a494-41dd-ac8d-459f96a9b39d.png@webp,2026-07-29T18:47:11.222Z,https://www.rustore.ru/catalog/search?query=%D0%BD%D0%B0%D1%82%D0%B0%D0%BB%D1%8C%D0%BD%D0%B0%D1%8F%20%D0%BA%D0%B0%D1%80%D1%82%D0%B0%20%D0%B0%D0%BD%D0%B4%D1%80%D0%BE%D0%B8%D0%B4,https://www.rustore.ru/catalog/app/com.semnon.astrovfr
натальная карта андроид,493,20,com.astropersona,AstroPersona — твой гороскоп и натальная карта,Образ жизни,,https://static.rustore.ru/imgproxy/yeT5vH4kz-9BL9oXE582buG3mIufkzi-o_8ru0XXGSc/preset:web_app_icon_62/plain/https://static.rustore.ru/2025/10/29/51/apk/2063549954/content/ICON/5fceb594-b2ae-4bab-984f-cdf38055c8bc.png@webp,2026-07-29T18:47:11.222Z,https://www.rustore.ru/catalog/search?query=%D0%BD%D0%B0%D1%82%D0%B0%D0%BB%D1%8C%D0%BD%D0%B0%D1%8F%20%D0%BA%D0%B0%D1%80%D1%82%D0%B0%20%D0%B0%D0%BD%D0%B4%D1%80%D0%BE%D0%B8%D0%B4,https://www.rustore.ru/catalog/app/com.astropersona
приложение совместимость,498,1,com.simpleStringCompany.AppLoveTwo,Тест на любовь - Cовместимость,Образ жизни·Развлечения,,https://static.rustore.ru/imgproxy/cxNVs-ZdZtmJLCP3m58vGbhGlIJYQPGWTpOEH-WOLV0/preset:web_app_icon_62/plain/https://static.rustore.ru/apk/2063602838/content/ICON/2e3f30e6-730f-44a8-8664-54414c3f9847.jpg@webp,2026-07-29T18:47:12.440Z,https://www.rustore.ru/catalog/search?query=%D0%BF%D1%80%D0%B8%D0%BB%D0%BE%D0%B6%D0%B5%D0%BD%D0%B8%D0%B5%20%D1%81%D0%BE%D0%B2%D0%BC%D0%B5%D1%81%D1%82%D0%B8%D0%BC%D0%BE%D1%81%D1%82%D1%8C,https://www.rustore.ru/catalog/app/com.simpleStringCompany.AppLoveTwo
приложение совместимость,498,2,ru.improg.love,"Совместимость по дате, дню, имени, зодиаку",Образ жизни·Развлечения,,https://static.rustore.ru/imgproxy/ZbRloItW0iBRi3Ei_VQUAxslPSC_8P1UmkXEduiDF3E/preset:web_app_icon_62/plain/https://static.rustore.ru/2025/11/11/33/apk/2063670449/content/ICON/136b22f5-9a20-4f20-a4e6-47fd5de88286.jpg@webp,2026-07-29T18:47:12.440Z,https://www.rustore.ru/catalog/search?query=%D0%BF%D1%80%D0%B8%D0%BB%D0%BE%D0%B6%D0%B5%D0%BD%D0%B8%D0%B5%20%D1%81%D0%BE%D0%B2%D0%BC%D0%B5%D1%81%D1%82%D0%B8%D0%BC%D0%BE%D1%81%D1%82%D1%8C,https://www.rustore.ru/catalog/app/ru.improg.love
приложение совместимость,498,3,com.koshina.zodiacssigns_compatibility,Совместимость по знаку зодиака,Развлечения,,https://static.rustore.ru/imgproxy/2-JGzYfhKStDDpRdwIXVdz312lNaNMCGrMzLkHLr09s/preset:web_app_icon_62/plain/https://static.rustore.ru/apk/2063584375/content/ICON/2a91991c-c370-48fe-92d0-7ac3bf06bcb9.png@webp,2026-07-29T18:47:12.440Z,https://www.rustore.ru/catalog/search?query=%D0%BF%D1%80%D0%B8%D0%BB%D0%BE%D0%B6%D0%B5%D0%BD%D0%B8%D0%B5%20%D1%81%D0%BE%D0%B2%D0%BC%D0%B5%D1%81%D1%82%D0%B8%D0%BC%D0%BE%D1%81%D1%82%D1%8C,https://www.rustore.ru/catalog/app/com.koshina.zodiacssigns_compatibility
приложение совместимость,498,4,com.gild.goroskop,Гороскоп Совместимость,Развлечения,,https://static.rustore.ru/imgproxy/FXXLjHWLf1YcclgMjsl60U2bADdZfgC5ahiYrIR-aes/preset:web_app_icon_62/plain/https://static.rustore.ru/apk/2063607300/content/ICON/831cc449-fa43-40fb-8518-e98a3ee19263.jpg@webp,2026-07-29T18:47:12.440Z,https://www.rustore.ru/catalog/search?query=%D0%BF%D1%80%D0%B8%D0%BB%D0%BE%D0%B6%D0%B5%D0%BD%D0%B8%D0%B5%20%D1%81%D0%BE%D0%B2%D0%BC%D0%B5%D1%81%D1%82%D0%B8%D0%BC%D0%BE%D1%81%D1%82%D1%8C,https://www.rustore.ru/catalog/app/com.gild.goroskop
приложение совместимость,498,5,com.koshina.lovematch,Тест любви - Совместимость,Развлечения,,https://static.rustore.ru/imgproxy/tkIOlghrXQaqS37MGyCcyBu9KeuxQgbtqJLFuI_FoFQ/preset:web_app_icon_62/plain/https://static.rustore.ru/apk/2063559775/content/ICON/ad1a56ae-214c-4c5a-ae5a-f2150773ec87.png@webp,2026-07-29T18:47:12.440Z,https://www.rustore.ru/catalog/search?query=%D0%BF%D1%80%D0%B8%D0%BB%D0%BE%D0%B6%D0%B5%D0%BD%D0%B8%D0%B5%20%D1%81%D0%BE%D0%B2%D0%BC%D0%B5%D1%81%D1%82%D0%B8%D0%BC%D0%BE%D1%81%D1%82%D1%8C,https://www.rustore.ru/catalog/app/com.koshina.lovematch
приложение совместимость,498,6,com.xeen_software.compatibility,Совместимость. Астрология,Образ жизни,,https://static.rustore.ru/imgproxy/_-wAnWxlR3TpW-M1nYUeBFMD78dDp5Ueb0ErbClYcug/preset:web_app_icon_62/plain/https://static.rustore.ru/apk/2063625676/content/ICON/4f740494-b363-4afd-863a-ac643cd97898.jpg@webp,2026-07-29T18:47:12.440Z,https://www.rustore.ru/catalog/search?query=%D0%BF%D1%80%D0%B8%D0%BB%D0%BE%D0%B6%D0%B5%D0%BD%D0%B8%D0%B5%20%D1%81%D0%BE%D0%B2%D0%BC%D0%B5%D1%81%D1%82%D0%B8%D0%BC%D0%BE%D1%81%D1%82%D1%8C,https://www.rustore.ru/catalog/app/com.xeen_software.compatibility
приложение совместимость,498,7,com.joy.time.compat,Тест на Совместимость с Парнем Шутка,Развлечения,,https://static.rustore.ru/imgproxy/BlMBzBNTnndw7aGJz_hJVDgkJuekmLq1uOxXhjcNmdM/preset:web_app_icon_62/plain/https://static.rustore.ru/apk/2063534333/content/ICON/1c5b483d-ef38-4aa8-9a15-66460fa0e46d.@webp,2026-07-29T18:47:12.440Z,https://www.rustore.ru/catalog/search?query=%D0%BF%D1%80%D0%B8%D0%BB%D0%BE%D0%B6%D0%B5%D0%BD%D0%B8%D0%B5%20%D1%81%D0%BE%D0%B2%D0%BC%D0%B5%D1%81%D1%82%D0%B8%D0%BC%D0%BE%D1%81%D1%82%D1%8C,https://www.rustore.ru/catalog/app/com.joy.time.compat
приложение совместимость,498,8,com.zodiacmatch.app,Совместимость знаков зодиака - ZodiMatch,Образ жизни,,https://static.rustore.ru/imgproxy/U13ucylUN-5WBB3HfZ_LeAJFEtujkQcXPZNif1LiFks/preset:web_app_icon_62/plain/https://static.rustore.ru/2026/3/15/7e/apk/2063700388/content/ICON/c233e1f8-2d67-44d7-8ac0-2271fefe0d50.png@webp,2026-07-29T18:47:12.440Z,https://www.rustore.ru/catalog/search?query=%D0%BF%D1%80%D0%B8%D0%BB%D0%BE%D0%B6%D0%B5%D0%BD%D0%B8%D0%B5%20%D1%81%D0%BE%D0%B2%D0%BC%D0%B5%D1%81%D1%82%D0%B8%D0%BC%D0%BE%D1%81%D1%82%D1%8C,https://www.rustore.ru/catalog/app/com.zodiacmatch.app
приложение совместимость,498,9,com.hanastudio.lovetester.activity,Love Tester,Образ жизни,,https://static.rustore.ru/imgproxy/IhIqAd1XqNRcHZqVqz_IX6BZboRtzkSKCwqiKdKc1Ro/preset:web_app_icon_62/plain/https://static.rustore.ru/apk/2063516435/content/ICON/76753815-b468-43cc-b84d-9c6b8a217c98.@webp,2026-07-29T18:47:12.440Z,https://www.rustore.ru/catalog/search?query=%D0%BF%D1%80%D0%B8%D0%BB%D0%BE%D0%B6%D0%B5%D0%BD%D0%B8%D0%B5%20%D1%81%D0%BE%D0%B2%D0%BC%D0%B5%D1%81%D1%82%D0%B8%D0%BC%D0%BE%D1%81%D1%82%D1%8C,https://www.rustore.ru/catalog/app/com.hanastudio.lovetester.activity
приложение совместимость,498,10,com.numerology.rebirth,Нумерология Совместимость,Образ жизни,,https://static.rustore.ru/imgproxy/za2QvR9-LjyfwxNG8kHrHkf_YWcLhNi-POXgHrE1RLY/preset:web_app_icon_62/plain/https://static.rustore.ru/apk/2063596097/content/ICON/02af623e-21e9-4493-b93a-2cd2019d1504.jpg@webp,2026-07-29T18:47:12.440Z,https://www.rustore.ru/catalog/search?query=%D0%BF%D1%80%D0%B8%D0%BB%D0%BE%D0%B6%D0%B5%D0%BD%D0%B8%D0%B5%20%D1%81%D0%BE%D0%B2%D0%BC%D0%B5%D1%81%D1%82%D0%B8%D0%BC%D0%BE%D1%81%D1%82%D1%8C,https://www.rustore.ru/catalog/app/com.numerology.rebirth
приложение совместимость,498,11,com.zoz.free.truelovecalculater,True Love Calculater,Развлечения,,https://static.rustore.ru/imgproxy/E1mQCrizsEdvhEpVro5k_I6sOM_a-4JfwMN5cV-lp-k/preset:web_app_icon_62/plain/https://static.rustore.ru/apk/2063520534/content/ICON/732aed57-7e16-418c-80eb-b387aea5547b.jpg@webp,2026-07-29T18:47:12.440Z,https://www.rustore.ru/catalog/search?query=%D0%BF%D1%80%D0%B8%D0%BB%D0%BE%D0%B6%D0%B5%D0%BD%D0%B8%D0%B5%20%D1%81%D0%BE%D0%B2%D0%BC%D0%B5%D1%81%D1%82%D0%B8%D0%BC%D0%BE%D1%81%D1%82%D1%8C,https://www.rustore.ru/catalog/app/com.zoz.free.truelovecalculater
приложение совместимость,498,12,com.matrix.destinyapp,Матрица Судьбы и Совместимость,Образ жизни·Развлечения,,https://static.rustore.ru/imgproxy/Eorf8EIN4PFwUvz0V2wEdAeVFTEVFQMWvYut3gB2e_E/preset:web_app_icon_62/plain/https://static.rustore.ru/2025/12/5/72/apk/2063675940/content/ICON/6ef76baa-8f01-4ea7-b10d-6c37563edeb9.png@webp,2026-07-29T18:47:12.440Z,https://www.rustore.ru/catalog/search?query=%D0%BF%D1%80%D0%B8%D0%BB%D0%BE%D0%B6%D0%B5%D0%BD%D0%B8%D0%B5%20%D1%81%D0%BE%D0%B2%D0%BC%D0%B5%D1%81%D1%82%D0%B8%D0%BC%D0%BE%D1%81%D1%82%D1%8C,https://www.rustore.ru/catalog/app/com.matrix.destinyapp
приложение совместимость,498,13,com.matricasudbu.app.matrica_sudbu,Матрица Судьбы. Психоматрица,Образ жизни·Развлечения,,https://static.rustore.ru/imgproxy/udmONwCXkD8tfNXmibBI_WOL1IpjdhF6vUjyB_t1rJc/preset:web_app_icon_62/plain/https://static.rustore.ru/2026/4/4/d0/apk/2063524581/content/ICON/85e7d790-691e-4fcd-9372-4368be9739d0.png@webp,2026-07-29T18:47:12.440Z,https://www.rustore.ru/catalog/search?query=%D0%BF%D1%80%D0%B8%D0%BB%D0%BE%D0%B6%D0%B5%D0%BD%D0%B8%D0%B5%20%D1%81%D0%BE%D0%B2%D0%BC%D0%B5%D1%81%D1%82%D0%B8%D0%BC%D0%BE%D1%81%D1%82%D1%8C,https://www.rustore.ru/catalog/app/com.matricasudbu.app.matrica_sudbu
приложение совместимость,498,14,com.dnnapps.love_calculator.compatibility_test,Real Love Test Compatibility,Образ жизни,,https://static.rustore.ru/imgproxy/OVZaUTxkRDdWqPJDO5nu9Vc6ATy85kaJKNSX6btXT9Y/preset:web_app_icon_62/plain/https://static.rustore.ru/apk/2063506355/content/ICON/eac6f346-248e-4cf2-bf95-c36e892efcf5.@webp,2026-07-29T18:47:12.440Z,https://www.rustore.ru/catalog/search?query=%D0%BF%D1%80%D0%B8%D0%BB%D0%BE%D0%B6%D0%B5%D0%BD%D0%B8%D0%B5%20%D1%81%D0%BE%D0%B2%D0%BC%D0%B5%D1%81%D1%82%D0%B8%D0%BC%D0%BE%D1%81%D1%82%D1%8C,https://www.rustore.ru/catalog/app/com.dnnapps.love_calculator.compatibility_test
приложение совместимость,498,15,com.alefrei.convipharm,Совместимость Лекарств,Здоровье,,https://static.rustore.ru/imgproxy/9Hz1tGpdQTDxK3FIubWccDh4mw9fFWh8LCWpJ2KOPK4/preset:web_app_icon_62/plain/https://static.rustore.ru/apk/2063610757/content/ICON/b1c58ebd-6ffb-4b87-9afb-266a3b29e6a0.png@webp,2026-07-29T18:47:12.440Z,https://www.rustore.ru/catalog/search?query=%D0%BF%D1%80%D0%B8%D0%BB%D0%BE%D0%B6%D0%B5%D0%BD%D0%B8%D0%B5%20%D1%81%D0%BE%D0%B2%D0%BC%D0%B5%D1%81%D1%82%D0%B8%D0%BC%D0%BE%D1%81%D1%82%D1%8C,https://www.rustore.ru/catalog/app/com.alefrei.convipharm
приложение совместимость,498,16,com.LoveMaker.TrueLoveTest,Love Tester: True Love Test,Образ жизни,,https://static.rustore.ru/imgproxy/fOnhPJdIS3brAZPoxknc7WXfFWzOSsg8vXfNcCoVtkM/preset:web_app_icon_62/plain/https://static.rustore.ru/2025/10/6/73/apk/2063663249/content/ICON/ae3f12d0-5d9b-447a-9d5c-1ad25b27514e.png@webp,2026-07-29T18:47:12.440Z,https://www.rustore.ru/catalog/search?query=%D0%BF%D1%80%D0%B8%D0%BB%D0%BE%D0%B6%D0%B5%D0%BD%D0%B8%D0%B5%20%D1%81%D0%BE%D0%B2%D0%BC%D0%B5%D1%81%D1%82%D0%B8%D0%BC%D0%BE%D1%81%D1%82%D1%8C,https://www.rustore.ru/catalog/app/com.LoveMaker.TrueLoveTest
приложение совместимость,498,17,com.tuya.smartlife,Smart Life - Smart Living,Полезные инструменты,,https://static.rustore.ru/imgproxy/WKnEZeheluULA1gNsJ3WerpqatrCFvourFMn781JYzk/preset:web_app_icon_62/plain/https://static.rustore.ru/apk/2063556719/content/ICON/a0c88224-df58-4aa4-aa54-e9f61a07d960.png@webp,2026-07-29T18:47:12.440Z,https://www.rustore.ru/catalog/search?query=%D0%BF%D1%80%D0%B8%D0%BB%D0%BE%D0%B6%D0%B5%D0%BD%D0%B8%D0%B5%20%D1%81%D0%BE%D0%B2%D0%BC%D0%B5%D1%81%D1%82%D0%B8%D0%BC%D0%BE%D1%81%D1%82%D1%8C,https://www.rustore.ru/catalog/app/com.tuya.smartlife
приложение совместимость,498,18,com.zodiak.app,Совместимость знаков зодиака,Образ жизни,,https://static.rustore.ru/imgproxy/J5C5yKPEbanrPctlxUlhJF8jUs5aN-FJdQ0FKzC-DEE/preset:web_app_icon_62/plain/https://static.rustore.ru/2026/6/19/f8/apk/2063724581/content/ICON/911eccd8-62fc-4583-915e-81d869fc7951.png@webp,2026-07-29T18:47:12.440Z,https://www.rustore.ru/catalog/search?query=%D0%BF%D1%80%D0%B8%D0%BB%D0%BE%D0%B6%D0%B5%D0%BD%D0%B8%D0%B5%20%D1%81%D0%BE%D0%B2%D0%BC%D0%B5%D1%81%D1%82%D0%B8%D0%BC%D0%BE%D1%81%D1%82%D1%8C,https://www.rustore.ru/catalog/app/com.zodiak.app
приложение совместимость,498,19,com.koshina.zodiactexts,Любовная совместимость,Образ жизни,,https://static.rustore.ru/imgproxy/hW9B7o_m_msVzKKPg0wAa0J5ya6P_p44bOkoxrZ8-kg/preset:web_app_icon_62/plain/https://static.rustore.ru/apk/2063587530/content/ICON/475f03df-5413-4e72-afb9-f6b54fa0f593.png@webp,2026-07-29T18:47:12.440Z,https://www.rustore.ru/catalog/search?query=%D0%BF%D1%80%D0%B8%D0%BB%D0%BE%D0%B6%D0%B5%D0%BD%D0%B8%D0%B5%20%D1%81%D0%BE%D0%B2%D0%BC%D0%B5%D1%81%D1%82%D0%B8%D0%BC%D0%BE%D1%81%D1%82%D1%8C,https://www.rustore.ru/catalog/app/com.koshina.zodiactexts
приложение совместимость,498,20,com.sochetaika.app,Сочетайка: совместимость продуктов,Еда и напитки,,https://static.rustore.ru/imgproxy/AZvE3oCgBB65KDsd3XIxRkcmwPCGEf3GGxlPClwl4ks/preset:web_app_icon_62/plain/https://static.rustore.ru/2026/6/14/00/apk/2063722764/content/ICON/9d7650a5-c4d7-431a-be99-c18bc45bd67f.png@webp,2026-07-29T18:47:12.440Z,https://www.rustore.ru/catalog/search?query=%D0%BF%D1%80%D0%B8%D0%BB%D0%BE%D0%B6%D0%B5%D0%BD%D0%B8%D0%B5%20%D1%81%D0%BE%D0%B2%D0%BC%D0%B5%D1%81%D1%82%D0%B8%D0%BC%D0%BE%D1%81%D1%82%D1%8C,https://www.rustore.ru/catalog/app/com.sochetaika.app
астрология приложение,497,1,com.aiastrologer.app,"AI-Астролог, Таро, Астрология, Гороскоп, Астробот",Образ жизни,,https://static.rustore.ru/imgproxy/3Ld-d7uhG_9cEJ2LiCa6jgaz7lg0Yn7lyGXuEB7Ct8k/preset:web_app_icon_62/plain/https://static.rustore.ru/2026/7/9/a7/apk/2063730874/content/ICON/9883a02f-2920-4a9b-a268-a5a33b24e8ea.png@webp,2026-07-29T18:47:13.716Z,https://www.rustore.ru/catalog/search?query=%D0%B0%D1%81%D1%82%D1%80%D0%BE%D0%BB%D0%BE%D0%B3%D0%B8%D1%8F%20%D0%BF%D1%80%D0%B8%D0%BB%D0%BE%D0%B6%D0%B5%D0%BD%D0%B8%D0%B5,https://www.rustore.ru/catalog/app/com.aiastrologer.app
астрология приложение,497,2,com.foresko.horoscopes,Гороскоп на каждый день: Астрология & Гороскопы,Образ жизни,,https://static.rustore.ru/imgproxy/nvjlG1_j5y7GIqSI5I1O3PZ_yw8PzObrKn8WNYECYlg/preset:web_app_icon_62/plain/https://static.rustore.ru/apk/2063522203/content/ICON/e450e06c-0fd8-4d74-b82c-74d68f0b3b73.png@webp,2026-07-29T18:47:13.716Z,https://www.rustore.ru/catalog/search?query=%D0%B0%D1%81%D1%82%D1%80%D0%BE%D0%BB%D0%BE%D0%B3%D0%B8%D1%8F%20%D0%BF%D1%80%D0%B8%D0%BB%D0%BE%D0%B6%D0%B5%D0%BD%D0%B8%D0%B5,https://www.rustore.ru/catalog/app/com.foresko.horoscopes
астрология приложение,497,3,com.fortune.astroguru,AstroGuru,Образ жизни,,https://static.rustore.ru/imgproxy/BJ4HePe54sPZzqntqS7OqeGeluZ2pkLK8ak-5N-wd6E/preset:web_app_icon_62/plain/https://static.rustore.ru/apk/2063601382/content/ICON/370af18a-aa73-498a-ab95-5472a7582d8b.png@webp,2026-07-29T18:47:13.716Z,https://www.rustore.ru/catalog/search?query=%D0%B0%D1%81%D1%82%D1%80%D0%BE%D0%BB%D0%BE%D0%B3%D0%B8%D1%8F%20%D0%BF%D1%80%D0%B8%D0%BB%D0%BE%D0%B6%D0%B5%D0%BD%D0%B8%D0%B5,https://www.rustore.ru/catalog/app/com.fortune.astroguru
астрология приложение,497,4,ru.astrostar.yakuba.android,"AstroStar: Гороскопы, Астрология, Натальная карта",Образ жизни,,https://static.rustore.ru/imgproxy/AhbqtmOGt4A-WJyKC6iNLfOuR5ZeYr3n0udIhWRL8F0/preset:web_app_icon_62/plain/https://static.rustore.ru/2025/12/22/c1/apk/2063682288/content/ICON/170d8dcb-a5d0-4372-b057-88a2a86e6066.jpg@webp,2026-07-29T18:47:13.716Z,https://www.rustore.ru/catalog/search?query=%D0%B0%D1%81%D1%82%D1%80%D0%BE%D0%BB%D0%BE%D0%B3%D0%B8%D1%8F%20%D0%BF%D1%80%D0%B8%D0%BB%D0%BE%D0%B6%D0%B5%D0%BD%D0%B8%D0%B5,https://www.rustore.ru/catalog/app/ru.astrostar.yakuba.android
астрология приложение,497,5,com.velstar,Velstar: гороскоп и карты таро,Образ жизни,,https://static.rustore.ru/imgproxy/Cf7UJPndWeK17xOy6baxdnNy3IGpLikYlJjxpho79PU/preset:web_app_icon_62/plain/https://static.rustore.ru/apk/2063489893/content/ICON/bc7c3259-4b69-47c1-bbe0-ebe7ed03b53e.png@webp,2026-07-29T18:47:13.716Z,https://www.rustore.ru/catalog/search?query=%D0%B0%D1%81%D1%82%D1%80%D0%BE%D0%BB%D0%BE%D0%B3%D0%B8%D1%8F%20%D0%BF%D1%80%D0%B8%D0%BB%D0%BE%D0%B6%D0%B5%D0%BD%D0%B8%D0%B5,https://www.rustore.ru/catalog/app/com.velstar
астрология приложение,497,6,ae.stargaz.app,Stargaze Гороскоп и Астрология,Образ жизни,,https://static.rustore.ru/imgproxy/x6q9yIFvsibOjoez6ROTu_uOEQJcZHJ8Cilp2v2_sC4/preset:web_app_icon_62/plain/https://static.rustore.ru/2026/4/25/bd/apk/2063553787/content/ICON/0c5d09fd-508d-417c-91c9-92d49ef3db86.png@webp,2026-07-29T18:47:13.716Z,https://www.rustore.ru/catalog/search?query=%D0%B0%D1%81%D1%82%D1%80%D0%BE%D0%BB%D0%BE%D0%B3%D0%B8%D1%8F%20%D0%BF%D1%80%D0%B8%D0%BB%D0%BE%D0%B6%D0%B5%D0%BD%D0%B8%D0%B5,https://www.rustore.ru/catalog/app/ae.stargaz.app
астрология приложение,497,7,com.astroid.yodha.pro,Yodha — мой астро гороскоп,Образ жизни,,https://static.rustore.ru/imgproxy/D26_mGYrLW7ELFcQMuv_IuJ_e8rZpIIx18jfC_pd1MY/preset:web_app_icon_62/plain/https://static.rustore.ru/2025/12/26/04/apk/2063685389/content/ICON/29e80119-ede0-4868-a8dd-acb77df1d08f.png@webp,2026-07-29T18:47:13.716Z,https://www.rustore.ru/catalog/search?query=%D0%B0%D1%81%D1%82%D1%80%D0%BE%D0%BB%D0%BE%D0%B3%D0%B8%D1%8F%20%D0%BF%D1%80%D0%B8%D0%BB%D0%BE%D0%B6%D0%B5%D0%BD%D0%B8%D0%B5,https://www.rustore.ru/catalog/app/com.astroid.yodha.pro
астрология приложение,497,8,com.matricasudbu.app.astro,Натальная карта. Астрология. Матрица Судьбы,Образ жизни·Развлечения,,https://static.rustore.ru/imgproxy/8CPP3b_zl4GFvlQDIJS8uQz1vW4WbaJazeRsedTl3hs/preset:web_app_icon_62/plain/https://static.rustore.ru/2026/4/8/f1/apk/2063620377/content/ICON/fd8c2873-149b-4f33-a56f-8cc06282defe.png@webp,2026-07-29T18:47:13.716Z,https://www.rustore.ru/catalog/search?query=%D0%B0%D1%81%D1%82%D1%80%D0%BE%D0%BB%D0%BE%D0%B3%D0%B8%D1%8F%20%D0%BF%D1%80%D0%B8%D0%BB%D0%BE%D0%B6%D0%B5%D0%BD%D0%B8%D0%B5,https://www.rustore.ru/catalog/app/com.matricasudbu.app.astro
астрология приложение,497,9,com.astrology.master,Astrology Master,Образ жизни,,https://static.rustore.ru/imgproxy/INMMGuUbIrvKcbRQU3qWalqUwUjzRLKrEzBgMPQt4O8/preset:web_app_icon_62/plain/https://static.rustore.ru/apk/2063619971/content/ICON/23fd8966-6e92-4593-8dfe-ddaca14e8e3e.jpg@webp,2026-07-29T18:47:13.716Z,https://www.rustore.ru/catalog/search?query=%D0%B0%D1%81%D1%82%D1%80%D0%BE%D0%BB%D0%BE%D0%B3%D0%B8%D1%8F%20%D0%BF%D1%80%D0%B8%D0%BB%D0%BE%D0%B6%D0%B5%D0%BD%D0%B8%D0%B5,https://www.rustore.ru/catalog/app/com.astrology.master
астрология приложение,497,10,com.sopelus.horoscope,"Гороскопы бесплатно, натальная карта",Образ жизни,,https://static.rustore.ru/imgproxy/6Y2EnbUmAeSntLHRzoX7VP5iRHM6InMeJHZao6yYG00/preset:web_app_icon_62/plain/https://static.rustore.ru/apk/2063642700/content/ICON/4cf492a6-1c93-45d7-89fc-41600dc6d076.png@webp,2026-07-29T18:47:13.716Z,https://www.rustore.ru/catalog/search?query=%D0%B0%D1%81%D1%82%D1%80%D0%BE%D0%BB%D0%BE%D0%B3%D0%B8%D1%8F%20%D0%BF%D1%80%D0%B8%D0%BB%D0%BE%D0%B6%D0%B5%D0%BD%D0%B8%D0%B5,https://www.rustore.ru/catalog/app/com.sopelus.horoscope
астрология приложение,497,11,com.astroveda.app,Astro Veda,Образ жизни,,https://static.rustore.ru/imgproxy/d2poRG4z-oEDiWRw29ZuFzMKbfarKbwx6je7JVbQfOs/preset:web_app_icon_62/plain/https://static.rustore.ru/apk/2063630282/content/ICON/43180a9e-615f-484f-83c5-26188f2399cf.png@webp,2026-07-29T18:47:13.716Z,https://www.rustore.ru/catalog/search?query=%D0%B0%D1%81%D1%82%D1%80%D0%BE%D0%BB%D0%BE%D0%B3%D0%B8%D1%8F%20%D0%BF%D1%80%D0%B8%D0%BB%D0%BE%D0%B6%D0%B5%D0%BD%D0%B8%D0%B5,https://www.rustore.ru/catalog/app/com.astroveda.app
астрология приложение,497,12,info.food.cook,AstroHub: Таро и Гороскопы,Образ жизни·Развлечения,,https://static.rustore.ru/imgproxy/rINrEw8dOfm3WfUSTvoptGD3H9z3tBtlN5GFQl2_lyM/preset:web_app_icon_62/plain/https://static.rustore.ru/apk/2063634557/content/ICON/c6d8ec0b-6fb2-490e-a97f-f757eb4f6c6f.jpg@webp,2026-07-29T18:47:13.716Z,https://www.rustore.ru/catalog/search?query=%D0%B0%D1%81%D1%82%D1%80%D0%BE%D0%BB%D0%BE%D0%B3%D0%B8%D1%8F%20%D0%BF%D1%80%D0%B8%D0%BB%D0%BE%D0%B6%D0%B5%D0%BD%D0%B8%D0%B5,https://www.rustore.ru/catalog/app/info.food.cook
астрология приложение,497,13,com.natalchart.natalchartapp,Натальная карта,Образ жизни,,https://static.rustore.ru/imgproxy/9s4XQ6pMLNFavxAbJaiuOoYwnl1RvZb_IRn0-BLSo6E/preset:web_app_icon_62/plain/https://static.rustore.ru/2025/12/25/0a/apk/2063673012/content/ICON/a99cd865-9507-43cc-b17f-4b41c78e45f5.png@webp,2026-07-29T18:47:13.716Z,https://www.rustore.ru/catalog/search?query=%D0%B0%D1%81%D1%82%D1%80%D0%BE%D0%BB%D0%BE%D0%B3%D0%B8%D1%8F%20%D0%BF%D1%80%D0%B8%D0%BB%D0%BE%D0%B6%D0%B5%D0%BD%D0%B8%D0%B5,https://www.rustore.ru/catalog/app/com.natalchart.natalchartapp
астрология приложение,497,14,com.user75.numerology2,Numia: Гороскоп и астрология,Образ жизни,,https://static.rustore.ru/imgproxy/XbRg0HSoguDv7kWKTNY3DilX-cUZgccZxHDT2kHyXcM/preset:web_app_icon_62/plain/https://static.rustore.ru/2026/4/29/57/apk/2063583971/content/ICON/8e252fa3-a937-4650-a862-d88d976589f5.png@webp,2026-07-29T18:47:13.716Z,https://www.rustore.ru/catalog/search?query=%D0%B0%D1%81%D1%82%D1%80%D0%BE%D0%BB%D0%BE%D0%B3%D0%B8%D1%8F%20%D0%BF%D1%80%D0%B8%D0%BB%D0%BE%D0%B6%D0%B5%D0%BD%D0%B8%D0%B5,https://www.rustore.ru/catalog/app/com.user75.numerology2
астрология приложение,497,15,com.axwap.astrology,AxWap Астрология,Образ жизни,,https://static.rustore.ru/imgproxy/W72btgUuqlaL9xKXQewWbUZcjGWZcJLjhuXx1EZCsYg/preset:web_app_icon_62/plain/https://static.rustore.ru/2025/10/27/58/apk/2063572788/content/ICON/d35201dc-d5a1-4e2a-b2d0-16f137a92ae6.png@webp,2026-07-29T18:47:13.716Z,https://www.rustore.ru/catalog/search?query=%D0%B0%D1%81%D1%82%D1%80%D0%BE%D0%BB%D0%BE%D0%B3%D0%B8%D1%8F%20%D0%BF%D1%80%D0%B8%D0%BB%D0%BE%D0%B6%D0%B5%D0%BD%D0%B8%D0%B5,https://www.rustore.ru/catalog/app/com.axwap.astrology
астрология приложение,497,16,com.mobiscreen.tamil,Tamil Astrology,Образ жизни,,https://static.rustore.ru/imgproxy/ro6xMS4o0tWAUCtC0YeVWye1uthHLu6r4KpC__8fLHU/preset:web_app_icon_62/plain/https://static.rustore.ru/apk/2063501997/content/ICON/9e2a60bd-d9f2-4591-a3a6-643f2d89276d.@webp,2026-07-29T18:47:13.716Z,https://www.rustore.ru/catalog/search?query=%D0%B0%D1%81%D1%82%D1%80%D0%BE%D0%BB%D0%BE%D0%B3%D0%B8%D1%8F%20%D0%BF%D1%80%D0%B8%D0%BB%D0%BE%D0%B6%D0%B5%D0%BD%D0%B8%D0%B5,https://www.rustore.ru/catalog/app/com.mobiscreen.tamil
астрология приложение,497,17,horoscope.astrology.zodiac.sign.daily,Гороскопы и астрология,Образ жизни,,https://static.rustore.ru/imgproxy/cE1e9ChJxQnFYqv8fEopYgxNkuveuONQ3pz-fGKrazg/preset:web_app_icon_62/plain/https://static.rustore.ru/apk/2063593077/content/ICON/bca3403b-1713-4c48-a550-3b3df74ae619.jpg@webp,2026-07-29T18:47:13.716Z,https://www.rustore.ru/catalog/search?query=%D0%B0%D1%81%D1%82%D1%80%D0%BE%D0%BB%D0%BE%D0%B3%D0%B8%D1%8F%20%D0%BF%D1%80%D0%B8%D0%BB%D0%BE%D0%B6%D0%B5%D0%BD%D0%B8%D0%B5,https://www.rustore.ru/catalog/app/horoscope.astrology.zodiac.sign.daily
астрология приложение,497,18,com.semnon.astrovfr,AstroVizor,Образ жизни,,https://static.rustore.ru/imgproxy/gzTwgAXHr4AkIcih1f8Z7cXgwPWOVdO27oRFsKypf_I/preset:web_app_icon_62/plain/https://static.rustore.ru/apk/2063535581/content/ICON/97ad5afa-a494-41dd-ac8d-459f96a9b39d.png@webp,2026-07-29T18:47:13.716Z,https://www.rustore.ru/catalog/search?query=%D0%B0%D1%81%D1%82%D1%80%D0%BE%D0%BB%D0%BE%D0%B3%D0%B8%D1%8F%20%D0%BF%D1%80%D0%B8%D0%BB%D0%BE%D0%B6%D0%B5%D0%BD%D0%B8%D0%B5,https://www.rustore.ru/catalog/app/com.semnon.astrovfr
астрология приложение,497,19,ru.neurodzen.app,"Нейродзен — Натальная Карта, Гороскоп, Астрология",Развлечения·Образ жизни,,https://static.rustore.ru/imgproxy/OQ7kWj-v_uYNb5BXMSxvUYei-6uMMhsfa5nehPh3n6o/preset:web_app_icon_62/plain/https://static.rustore.ru/2026/1/12/4f/apk/2063667687/content/ICON/22a1939e-2d55-423b-80f1-f22a82ee2b5c.png@webp,2026-07-29T18:47:13.716Z,https://www.rustore.ru/catalog/search?query=%D0%B0%D1%81%D1%82%D1%80%D0%BE%D0%BB%D0%BE%D0%B3%D0%B8%D1%8F%20%D0%BF%D1%80%D0%B8%D0%BB%D0%BE%D0%B6%D0%B5%D0%BD%D0%B8%D0%B5,https://www.rustore.ru/catalog/app/ru.neurodzen.app
астрология приложение,497,20,ru.astrolloai.app,Astrollo AI — натальная карта и гороскопы,Образ жизни,,https://static.rustore.ru/imgproxy/2OaiwVIuLve_hKUhfgNzehY4xT7X3vGs1wPINvjQmt0/preset:web_app_icon_62/plain/https://static.rustore.ru/2026/5/13/ec/apk/2063714344/content/ICON/b4d9d4ad-d1ec-450a-8c87-2cab890058fe.png@webp,2026-07-29T18:47:13.716Z,https://www.rustore.ru/catalog/search?query=%D0%B0%D1%81%D1%82%D1%80%D0%BE%D0%BB%D0%BE%D0%B3%D0%B8%D1%8F%20%D0%BF%D1%80%D0%B8%D0%BB%D0%BE%D0%B6%D0%B5%D0%BD%D0%B8%D0%B5,https://www.rustore.ru/catalog/app/ru.astrolloai.app
астрологический календарь,497,1,org.dmyratov.astrocalendar2024,Астрологический календарь 2024,Образ жизни·Развлечения,,https://static.rustore.ru/imgproxy/Roj0Q8n12iNbZqE4D7o_MruHZEUAXhXNwUu78rriSBI/preset:web_app_icon_62/plain/https://static.rustore.ru/apk/2063541302/content/ICON/c39944b1-3c1d-4329-a41b-f7a3b18d1d90.png@webp,2026-07-29T18:47:14.881Z,https://www.rustore.ru/catalog/search?query=%D0%B0%D1%81%D1%82%D1%80%D0%BE%D0%BB%D0%BE%D0%B3%D0%B8%D1%87%D0%B5%D1%81%D0%BA%D0%B8%D0%B9%20%D0%BA%D0%B0%D0%BB%D0%B5%D0%BD%D0%B4%D0%B0%D1%80%D1%8C,https://www.rustore.ru/catalog/app/org.dmyratov.astrocalendar2024
астрологический календарь,497,2,com.chatlog.aep,АстроКалендарь,Образ жизни·Полезные инструменты,,https://static.rustore.ru/imgproxy/xUBbQEVOTU7zFwQ25TXocW9WAOTvAf0_8v8fkSHoEXY/preset:web_app_icon_62/plain/https://static.rustore.ru/apk/2063590582/content/ICON/e4e6641d-e8d8-4e4f-820b-1f27708350a5.png@webp,2026-07-29T18:47:14.881Z,https://www.rustore.ru/catalog/search?query=%D0%B0%D1%81%D1%82%D1%80%D0%BE%D0%BB%D0%BE%D0%B3%D0%B8%D1%87%D0%B5%D1%81%D0%BA%D0%B8%D0%B9%20%D0%BA%D0%B0%D0%BB%D0%B5%D0%BD%D0%B4%D0%B0%D1%80%D1%8C,https://www.rustore.ru/catalog/app/com.chatlog.aep
астрологический календарь,497,3,com.special_algorithmic_systems.engm_personal,Астрокалендарь ENIGMATA. Ежедневный гороскоп,Полезные инструменты·Образ жизни,,https://static.rustore.ru/imgproxy/W3KG4Gb48vc5SnM-lU057wPCEchh6McGKasKQhr4I0M/preset:web_app_icon_62/plain/https://static.rustore.ru/2026/5/25/57/apk/2063634969/content/ICON/5d335c46-4d9e-4144-9e4b-99edd1670d06.png@webp,2026-07-29T18:47:14.881Z,https://www.rustore.ru/catalog/search?query=%D0%B0%D1%81%D1%82%D1%80%D0%BE%D0%BB%D0%BE%D0%B3%D0%B8%D1%87%D0%B5%D1%81%D0%BA%D0%B8%D0%B9%20%D0%BA%D0%B0%D0%BB%D0%B5%D0%BD%D0%B4%D0%B0%D1%80%D1%8C,https://www.rustore.ru/catalog/app/com.special_algorithmic_systems.engm_personal
астрологический календарь,497,4,ru.mynatalchart.app,Натальная карта рассчитать с расшифровкой онлайн,Образ жизни,,https://static.rustore.ru/imgproxy/F4JseOuI6RzoPoXs3mqK3yXNzxrqv08SORZppQ10uGk/preset:web_app_icon_62/plain/https://static.rustore.ru/2026/6/22/65/apk/2063722870/content/ICON/d546e542-9512-4ff8-a1ff-033f763a244b.jpg@webp,2026-07-29T18:47:14.881Z,https://www.rustore.ru/catalog/search?query=%D0%B0%D1%81%D1%82%D1%80%D0%BE%D0%BB%D0%BE%D0%B3%D0%B8%D1%87%D0%B5%D1%81%D0%BA%D0%B8%D0%B9%20%D0%BA%D0%B0%D0%BB%D0%B5%D0%BD%D0%B4%D0%B0%D1%80%D1%8C,https://www.rustore.ru/catalog/app/ru.mynatalchart.app
астрологический календарь,497,5,com.example.astrology,Sky Calendar 2025,Образ жизни,,https://static.rustore.ru/imgproxy/feSDMfb8QwM0Ks5ZLXL_nC-_p2JZfbBNr9uAl-wMkY8/preset:web_app_icon_62/plain/https://static.rustore.ru/apk/2063589406/content/ICON/7f32e70d-4842-409b-a470-e3c4218b2e89.jpg@webp,2026-07-29T18:47:14.881Z,https://www.rustore.ru/catalog/search?query=%D0%B0%D1%81%D1%82%D1%80%D0%BE%D0%BB%D0%BE%D0%B3%D0%B8%D1%87%D0%B5%D1%81%D0%BA%D0%B8%D0%B9%20%D0%BA%D0%B0%D0%BB%D0%B5%D0%BD%D0%B4%D0%B0%D1%80%D1%8C,https://www.rustore.ru/catalog/app/com.example.astrology
астрологический календарь,497,6,com.demekhov.kalendar,Астро Календарь: Луна и Таро,Образ жизни·Полезные инструменты,,https://static.rustore.ru/imgproxy/vC0Um4lvWEd-qBk99252_uRnaiDCpGLP3Wha4ZjPT_A/preset:web_app_icon_62/plain/https://static.rustore.ru/2026/7/2/ba/apk/2063728982/content/ICON/e392aef8-1d00-4f50-b9f3-b201cf55e35d.png@webp,2026-07-29T18:47:14.881Z,https://www.rustore.ru/catalog/search?query=%D0%B0%D1%81%D1%82%D1%80%D0%BE%D0%BB%D0%BE%D0%B3%D0%B8%D1%87%D0%B5%D1%81%D0%BA%D0%B8%D0%B9%20%D0%BA%D0%B0%D0%BB%D0%B5%D0%BD%D0%B4%D0%B0%D1%80%D1%8C,https://www.rustore.ru/catalog/app/com.demekhov.kalendar
астрологический календарь,497,7,ru.mail.horo.android,Гороскопы,Образ жизни,,https://static.rustore.ru/imgproxy/nRFoWc1MPvTuTYOU6QywIggWJhPoq_4dyrpRYsTcOqw/preset:web_app_icon_62/plain/https://static.rustore.ru/c8d657eb-3f3b-4dea-9bd4-866dcbf21af6@webp,2026-07-29T18:47:14.881Z,https://www.rustore.ru/catalog/search?query=%D0%B0%D1%81%D1%82%D1%80%D0%BE%D0%BB%D0%BE%D0%B3%D0%B8%D1%87%D0%B5%D1%81%D0%BA%D0%B8%D0%B9%20%D0%BA%D0%B0%D0%BB%D0%B5%D0%BD%D0%B4%D0%B0%D1%80%D1%8C,https://www.rustore.ru/catalog/app/ru.mail.horo.android
астрологический календарь,497,8,com.brandd.moon,Лунный календарь,Образ жизни,,https://static.rustore.ru/imgproxy/IYM5EIgyA2Beg3zPC9Vg3TVfPzazQXJnaNd85C42QK0/preset:web_app_icon_62/plain/https://static.rustore.ru/apk/2063601341/content/ICON/8f03d895-c4b3-47bb-93da-2f19134b2056.png@webp,2026-07-29T18:47:14.881Z,https://www.rustore.ru/catalog/search?query=%D0%B0%D1%81%D1%82%D1%80%D0%BE%D0%BB%D0%BE%D0%B3%D0%B8%D1%87%D0%B5%D1%81%D0%BA%D0%B8%D0%B9%20%D0%BA%D0%B0%D0%BB%D0%B5%D0%BD%D0%B4%D0%B0%D1%80%D1%8C,https://www.rustore.ru/catalog/app/com.brandd.moon
астрологический календарь,497,9,ru.astro.chartslite,Астрологические Карты Lite,Образ жизни,,https://static.rustore.ru/imgproxy/AZ0OLjvPtQNEOmm3E1sTPzoRKxq3oQjFKouCo91WOQU/preset:web_app_icon_62/plain/https://static.rustore.ru/apk/2063491774/content/ICON/6faad8e3-adb7-43e9-8d33-7cbd343aeec5.png@webp,2026-07-29T18:47:14.881Z,https://www.rustore.ru/catalog/search?query=%D0%B0%D1%81%D1%82%D1%80%D0%BE%D0%BB%D0%BE%D0%B3%D0%B8%D1%87%D0%B5%D1%81%D0%BA%D0%B8%D0%B9%20%D0%BA%D0%B0%D0%BB%D0%B5%D0%BD%D0%B4%D0%B0%D1%80%D1%8C,https://www.rustore.ru/catalog/app/ru.astro.chartslite
астрологический календарь,497,10,ru.rivendel.dara.free,Dara-Lite - Лунный календарь,Образ жизни,,https://static.rustore.ru/imgproxy/hDUSejgTfklvfxlEGOwF7kmluPzxyTzeSgAnmivZDz4/preset:web_app_icon_62/plain/https://static.rustore.ru/apk/2063588626/content/ICON/d033ee6a-c5e9-4cfc-bb4c-63bc7833aec3.jpg@webp,2026-07-29T18:47:14.881Z,https://www.rustore.ru/catalog/search?query=%D0%B0%D1%81%D1%82%D1%80%D0%BE%D0%BB%D0%BE%D0%B3%D0%B8%D1%87%D0%B5%D1%81%D0%BA%D0%B8%D0%B9%20%D0%BA%D0%B0%D0%BB%D0%B5%D0%BD%D0%B4%D0%B0%D1%80%D1%8C,https://www.rustore.ru/catalog/app/ru.rivendel.dara.free
астрологический календарь,497,11,com.polyariz.moon_calendar_lite,Лунный календарь,Образ жизни·Полезные инструменты,,https://static.rustore.ru/imgproxy/FL9BFnS23vvlRYGLg09W944WmsHVm70JM2gEn-sWHU0/preset:web_app_icon_62/plain/https://static.rustore.ru/apk/2063595886/content/ICON/855c4593-c7ca-4c4d-a394-e7073f20b006.jpeg@webp,2026-07-29T18:47:14.881Z,https://www.rustore.ru/catalog/search?query=%D0%B0%D1%81%D1%82%D1%80%D0%BE%D0%BB%D0%BE%D0%B3%D0%B8%D1%87%D0%B5%D1%81%D0%BA%D0%B8%D0%B9%20%D0%BA%D0%B0%D0%BB%D0%B5%D0%BD%D0%B4%D0%B0%D1%80%D1%8C,https://www.rustore.ru/catalog/app/com.polyariz.moon_calendar_lite
астрологический календарь,497,12,com.probadosoft.moonphasecalendar,Календарь Лунной Фазы,Полезные инструменты,,https://static.rustore.ru/imgproxy/Vxlxyla1tpdA-UHwVgAky6ipaOriDD1tchONFD4-D1I/preset:web_app_icon_62/plain/https://static.rustore.ru/apk/2063594193/content/ICON/26a9b01b-4baa-40ef-83fc-8678346a80a8.png@webp,2026-07-29T18:47:14.881Z,https://www.rustore.ru/catalog/search?query=%D0%B0%D1%81%D1%82%D1%80%D0%BE%D0%BB%D0%BE%D0%B3%D0%B8%D1%87%D0%B5%D1%81%D0%BA%D0%B8%D0%B9%20%D0%BA%D0%B0%D0%BB%D0%B5%D0%BD%D0%B4%D0%B0%D1%80%D1%8C,https://www.rustore.ru/catalog/app/com.probadosoft.moonphasecalendar
астрологический календарь,497,13,calendar.good.day,Гороскоп и лунный календарь Norbu,Образ жизни,,https://static.rustore.ru/imgproxy/wyZoRv_Mobxm0MlBPlwMpkBMV-FC8_ADy_hXcedpOTw/preset:web_app_icon_62/plain/https://static.rustore.ru/apk/2063541653/content/ICON/540ae925-30e0-4149-9d01-b9b6de4f8006.png@webp,2026-07-29T18:47:14.881Z,https://www.rustore.ru/catalog/search?query=%D0%B0%D1%81%D1%82%D1%80%D0%BE%D0%BB%D0%BE%D0%B3%D0%B8%D1%87%D0%B5%D1%81%D0%BA%D0%B8%D0%B9%20%D0%BA%D0%B0%D0%BB%D0%B5%D0%BD%D0%B4%D0%B0%D1%80%D1%8C,https://www.rustore.ru/catalog/app/calendar.good.day
астрологический календарь,497,14,com.velstar,Velstar: гороскоп и карты таро,Образ жизни,,https://static.rustore.ru/imgproxy/Cf7UJPndWeK17xOy6baxdnNy3IGpLikYlJjxpho79PU/preset:web_app_icon_62/plain/https://static.rustore.ru/apk/2063489893/content/ICON/bc7c3259-4b69-47c1-bbe0-ebe7ed03b53e.png@webp,2026-07-29T18:47:14.881Z,https://www.rustore.ru/catalog/search?query=%D0%B0%D1%81%D1%82%D1%80%D0%BE%D0%BB%D0%BE%D0%B3%D0%B8%D1%87%D0%B5%D1%81%D0%BA%D0%B8%D0%B9%20%D0%BA%D0%B0%D0%BB%D0%B5%D0%BD%D0%B4%D0%B0%D1%80%D1%8C,https://www.rustore.ru/catalog/app/com.velstar
астрологический календарь,497,15,com.example.calendariandroid,"Schedule Calendar — график смен, лунный календарь.",Полезные инструменты,,https://static.rustore.ru/imgproxy/XTi6e9jFalOhXJuHRDSJ-uHOf9PgPkj5CPClpv62B-U/preset:web_app_icon_62/plain/https://static.rustore.ru/2025/11/27/50/apk/2063673821/content/ICON/5760a0c0-2d4d-447d-83a2-e48c1dfec550.png@webp,2026-07-29T18:47:14.881Z,https://www.rustore.ru/catalog/search?query=%D0%B0%D1%81%D1%82%D1%80%D0%BE%D0%BB%D0%BE%D0%B3%D0%B8%D1%87%D0%B5%D1%81%D0%BA%D0%B8%D0%B9%20%D0%BA%D0%B0%D0%BB%D0%B5%D0%BD%D0%B4%D0%B0%D1%80%D1%8C,https://www.rustore.ru/catalog/app/com.example.calendariandroid
астрологический календарь,497,16,com.example.visionwise,VisionWise - Астрологический советник,Образ жизни,,https://static.rustore.ru/imgproxy/6xqC8WE8_66iaOAsoo6poWzGuWFGW0WyKlV3qZ6_S9g/preset:web_app_icon_62/plain/https://static.rustore.ru/2026/7/15/ea/apk/2063732925/content/ICON/9e916421-8901-4107-8aa8-2ce69f2b5f77.png@webp,2026-07-29T18:47:14.881Z,https://www.rustore.ru/catalog/search?query=%D0%B0%D1%81%D1%82%D1%80%D0%BE%D0%BB%D0%BE%D0%B3%D0%B8%D1%87%D0%B5%D1%81%D0%BA%D0%B8%D0%B9%20%D0%BA%D0%B0%D0%BB%D0%B5%D0%BD%D0%B4%D0%B0%D1%80%D1%8C,https://www.rustore.ru/catalog/app/com.example.visionwise
астрологический календарь,497,17,com.astroguide.app,Astro,Образ жизни,,https://static.rustore.ru/imgproxy/WNIOrMVY-CCk7AmxlmiCADfbVadGAHzDLHN0ogCxcMk/preset:web_app_icon_62/plain/https://static.rustore.ru/2026/3/9/51/apk/2063698800/content/ICON/80167f79-fc18-4d44-92e9-565be684458f.png@webp,2026-07-29T18:47:14.881Z,https://www.rustore.ru/catalog/search?query=%D0%B0%D1%81%D1%82%D1%80%D0%BE%D0%BB%D0%BE%D0%B3%D0%B8%D1%87%D0%B5%D1%81%D0%BA%D0%B8%D0%B9%20%D0%BA%D0%B0%D0%BB%D0%B5%D0%BD%D0%B4%D0%B0%D1%80%D1%8C,https://www.rustore.ru/catalog/app/com.astroguide.app
астрологический календарь,497,18,ru.lekra.asteria,Лунный календарь и магнитные бури — Астерия,Образ жизни,,https://static.rustore.ru/imgproxy/SMNoIYJBfW1qlIG-1BFYBQYisAHnVHexdQ4Fr0YXsSM/preset:web_app_icon_62/plain/https://static.rustore.ru/2026/7/3/7c/apk/2063729013/content/ICON/946f4eda-db43-4092-84ab-ef03f0eff507.png@webp,2026-07-29T18:47:14.881Z,https://www.rustore.ru/catalog/search?query=%D0%B0%D1%81%D1%82%D1%80%D0%BE%D0%BB%D0%BE%D0%B3%D0%B8%D1%87%D0%B5%D1%81%D0%BA%D0%B8%D0%B9%20%D0%BA%D0%B0%D0%BB%D0%B5%D0%BD%D0%B4%D0%B0%D1%80%D1%8C,https://www.rustore.ru/catalog/app/ru.lekra.asteria
астрологический календарь,497,19,com.foresko.dreambook,"Luna AI Сонник, Гороскоп, Дневник Cнов, Тoлкование",Образ жизни,,https://static.rustore.ru/imgproxy/1LVfwPOODRxpHF8I1ZahPhK-UeAbG4zy_CQdAWPng8I/preset:web_app_icon_62/plain/https://static.rustore.ru/apk/2063555345/content/ICON/4b11d8d6-3abf-4d24-b9d9-c6004d5ddc1f.jpg@webp,2026-07-29T18:47:14.881Z,https://www.rustore.ru/catalog/search?query=%D0%B0%D1%81%D1%82%D1%80%D0%BE%D0%BB%D0%BE%D0%B3%D0%B8%D1%87%D0%B5%D1%81%D0%BA%D0%B8%D0%B9%20%D0%BA%D0%B0%D0%BB%D0%B5%D0%BD%D0%B4%D0%B0%D1%80%D1%8C,https://www.rustore.ru/catalog/app/com.foresko.dreambook
астрологический календарь,497,20,com.foresko.horoscopes,Гороскоп на каждый день: Астрология & Гороскопы,Образ жизни,,https://static.rustore.ru/imgproxy/nvjlG1_j5y7GIqSI5I1O3PZ_yw8PzObrKn8WNYECYlg/preset:web_app_icon_62/plain/https://static.rustore.ru/apk/2063522203/content/ICON/e450e06c-0fd8-4d74-b82c-74d68f0b3b73.png@webp,2026-07-29T18:47:14.881Z,https://www.rustore.ru/catalog/search?query=%D0%B0%D1%81%D1%82%D1%80%D0%BE%D0%BB%D0%BE%D0%B3%D0%B8%D1%87%D0%B5%D1%81%D0%BA%D0%B8%D0%B9%20%D0%BA%D0%B0%D0%BB%D0%B5%D0%BD%D0%B4%D0%B0%D1%80%D1%8C,https://www.rustore.ru/catalog/app/com.foresko.horoscopes
