keyword,cluster,wordstat_broad,wordstat_phrase,wordstat_fixed,wordstat_scope,rustore_autocomplete,rustore_suggestions,rustore_serp_tested,rustore_result_count_displayed,rustore_top20_relevant_titles,asodesk_rustore_metric,stage,priority,product_fit,notes
гороскоп на завтра,horoscope,297761,,,Yandex Russia / smartphones / last available 30 days,no,"ДЕВА Гороскоп на сегодня, завтра и на каждый день | СТРЕЛЕЦ Гороскоп на сегодня, завтра и каждый день | ОВЕН Гороскоп на сегодня, завтра и на каждый день | дева гороскоп на сегодня завтра и на каждый день | овен гороскоп на сегодня завтра и на каждый день",yes,497,13,BLOCKED — profile links resolved to Google Play,growth,HIGH,HIGH,
гороскоп тельцам,horoscope,238426,,,Yandex Russia / smartphones / last available 30 days,no,,no,,,BLOCKED — profile links resolved to Google Play,growth,HIGH,HIGH,
знаки гороскопа,horoscope,204173,,,Yandex Russia / smartphones / last available 30 days,no,,no,,,BLOCKED — profile links resolved to Google Play,growth,HIGH,HIGH,
гороскоп зодиака,horoscope,168378,,,Yandex Russia / smartphones / last available 30 days,no,,no,,,BLOCKED — profile links resolved to Google Play,growth,HIGH,HIGH,
астрология,astrology,157376,,,Yandex Russia / smartphones / last available 30 days,no,,no,,,BLOCKED — profile links resolved to Google Play,growth,HIGH,HIGH,
гороскоп по знакам зодиака,horoscope,141237,,,Yandex Russia / smartphones / last available 30 days,no,,no,,,BLOCKED — profile links resolved to Google Play,growth,HIGH,HIGH,
натальная карта онлайн,natal,138423,,,Yandex Russia / smartphones / last available 30 days,no,,yes,476,1,BLOCKED — profile links resolved to Google Play,growth,HIGH,HIGH,
гороскоп по годам,horoscope,118790,,,Yandex Russia / smartphones / last available 30 days,no,,no,,,BLOCKED — profile links resolved to Google Play,growth,HIGH,HIGH,
точный гороскоп,horoscope,116488,,,Yandex Russia / smartphones / last available 30 days,partial,Astronym - Личный гороскоп | Гороскоп | Гороскопы,yes,495,0,BLOCKED — profile links resolved to Google Play,growth,HIGH,HIGH,
гороскоп на неделю,horoscope,92184,,,Yandex Russia / smartphones / last available 30 days,no,Гороскоп Рождения | Гороскопы | Velstar: гороскоп и карты таро,yes,497,0,BLOCKED — profile links resolved to Google Play,growth,HIGH,HIGH,
совместимость знаков зодиака,compatibility,90220,,,Yandex Russia / smartphones / last available 30 days,no,Horoscope Love Test Prank | Совместимость по знаку зодиака | Гороскопы,yes,498,4,BLOCKED — profile links resolved to Google Play,growth,HIGH,HIGH,
гороскопы самый,horoscope,87325,,,Yandex Russia / smartphones / last available 30 days,no,,no,,,BLOCKED — profile links resolved to Google Play,growth,HIGH,HIGH,
гороскоп на первом,horoscope,84197,,,Yandex Russia / smartphones / last available 30 days,no,,no,,,BLOCKED — profile links resolved to Google Play,growth,HIGH,HIGH,
гороскоп тельцам на сегодня,horoscope,82228,,,Yandex Russia / smartphones / last available 30 days,no,,no,,,BLOCKED — profile links resolved to Google Play,growth,HIGH,HIGH,
самый точный гороскоп,horoscope,80583,,,Yandex Russia / smartphones / last available 30 days,no,,no,,,BLOCKED — profile links resolved to Google Play,growth,HIGH,HIGH,
любовный гороскоп,horoscope,73689,,,Yandex Russia / smartphones / last available 30 days,exact,Любовный гороскоп | Гороскоп на каждый день 2026. По дате рождения | Узнай любовную совместимость знаков зодиака,yes,499,2,BLOCKED — profile links resolved to Google Play,growth,HIGH,HIGH,
точный гороскоп на сегодня,horoscope,72969,,,Yandex Russia / smartphones / last available 30 days,no,,no,,,BLOCKED — profile links resolved to Google Play,growth,HIGH,HIGH,
гороскопы анжелы,horoscope,69330,,,Yandex Russia / smartphones / last available 30 days,no,,no,,,BLOCKED — profile links resolved to Google Play,growth,HIGH,HIGH,
гороскоп на первом на сегодня,horoscope,66244,,,Yandex Russia / smartphones / last available 30 days,no,,no,,,BLOCKED — profile links resolved to Google Play,growth,HIGH,HIGH,
натальная карта рассчитать,natal,61853,,,Yandex Russia / smartphones / last available 30 days,no,,no,,,BLOCKED — profile links resolved to Google Play,growth,HIGH,HIGH,
натальная карта бесплатно,natal,57976,,,Yandex Russia / smartphones / last available 30 days,no,"Гороскопы бесплатно, натальная карта | Ежедневный гороскоп - Yufic | AstroStar: Гороскопы, Астрология, Натальная карта",yes,491,1,BLOCKED — profile links resolved to Google Play,growth,HIGH,HIGH,
гороскоп бесплатно,horoscope,54208,,,Yandex Russia / smartphones / last available 30 days,no,,no,,,BLOCKED — profile links resolved to Google Play,growth,HIGH,HIGH,
гороскоп на сегодня самый,horoscope,53900,,,Yandex Russia / smartphones / last available 30 days,no,,no,,,BLOCKED — profile links resolved to Google Play,growth,HIGH,HIGH,
самый точный гороскоп на сегодня,horoscope,52061,,,Yandex Russia / smartphones / last available 30 days,no,,no,,,BLOCKED — profile links resolved to Google Play,growth,HIGH,HIGH,
синастрия,synastry,50833,,,Yandex Russia / smartphones / last available 30 days,no,AstroVizor | Совместимость. Астрология | Астрологические Карты Lite,yes,47,0,BLOCKED — profile links resolved to Google Play,growth,HIGH,HIGH,
какие зодиак гороскопы,horoscope,47073,,,Yandex Russia / smartphones / last available 30 days,no,,no,,,BLOCKED — profile links resolved to Google Play,growth,HIGH,HIGH,
гороскоп ру,horoscope,43751,,,Yandex Russia / smartphones / last available 30 days,no,,no,,,BLOCKED — profile links resolved to Google Play,growth,HIGH,HIGH,
гороскоп женщины самый,horoscope,38377,,,Yandex Russia / smartphones / last available 30 days,no,,no,,,BLOCKED — profile links resolved to Google Play,growth,HIGH,HIGH,
гороскоп по датам,horoscope,38078,,,Yandex Russia / smartphones / last available 30 days,no,,no,,,BLOCKED — profile links resolved to Google Play,growth,HIGH,HIGH,
гороскоп по рождению,horoscope,37803,,,Yandex Russia / smartphones / last available 30 days,no,,no,,,BLOCKED — profile links resolved to Google Play,growth,HIGH,HIGH,
натальная карта онлайн бесплатно,natal,37705,,,Yandex Russia / smartphones / last available 30 days,no,,no,,,BLOCKED — profile links resolved to Google Play,growth,HIGH,HIGH,
гороскоп на сегодня мужчины точный,horoscope,37621,,,Yandex Russia / smartphones / last available 30 days,no,,no,,,BLOCKED — profile links resolved to Google Play,growth,HIGH,HIGH,
гороскоп львов мужчин,horoscope,37104,,,Yandex Russia / smartphones / last available 30 days,no,,no,,,BLOCKED — profile links resolved to Google Play,growth,HIGH,HIGH,
июль гороскоп знак,horoscope,36107,,,Yandex Russia / smartphones / last available 30 days,no,,no,,,BLOCKED — profile links resolved to Google Play,growth,HIGH,HIGH,
шоу натальная карта,natal,33930,,,Yandex Russia / smartphones / last available 30 days,no,,no,,,BLOCKED — profile links resolved to Google Play,growth,HIGH,HIGH,
точные гороскопы бесплатно,horoscope,32699,,,Yandex Russia / smartphones / last available 30 days,no,,no,,,BLOCKED — profile links resolved to Google Play,growth,HIGH,HIGH,
июль гороскоп знак зодиака,horoscope,31604,,,Yandex Russia / smartphones / last available 30 days,no,,no,,,BLOCKED — profile links resolved to Google Play,growth,HIGH,HIGH,
бесплатный гороскоп на сегодня,horoscope,31434,,,Yandex Russia / smartphones / last available 30 days,no,,no,,,BLOCKED — profile links resolved to Google Play,growth,HIGH,HIGH,
гороскоп май,horoscope,30033,,,Yandex Russia / smartphones / last available 30 days,no,,no,,,BLOCKED — profile links resolved to Google Play,growth,HIGH,HIGH,
совместимость знаков зодиака мужчин,compatibility,22974,,,Yandex Russia / smartphones / last available 30 days,no,,no,,,BLOCKED — profile links resolved to Google Play,launch,HIGH,HIGH,
натальная карта с расшифровкой,natal,19867,,,Yandex Russia / smartphones / last available 30 days,no,,yes,491,1,BLOCKED — profile links resolved to Google Play,launch,HIGH,HIGH,
дома в натальной карте,natal,19011,,,Yandex Russia / smartphones / last available 30 days,no,,yes,493,0,BLOCKED — profile links resolved to Google Play,launch,HIGH,HIGH,
смотреть натальная карта,natal,18881,,,Yandex Russia / smartphones / last available 30 days,no,,no,,,BLOCKED — profile links resolved to Google Play,launch,HIGH,HIGH,
натальная карта рождения,natal,17189,,,Yandex Russia / smartphones / last available 30 days,no,,no,,,BLOCKED — profile links resolved to Google Play,launch,HIGH,HIGH,
натальная карта с расшифровкой бесплатно,natal,16959,,,Yandex Russia / smartphones / last available 30 days,no,,no,,,BLOCKED — profile links resolved to Google Play,launch,HIGH,HIGH,
совместимость знаков зодиака женщина и женщина,compatibility,16438,,,Yandex Russia / smartphones / last available 30 days,no,,no,,,BLOCKED — profile links resolved to Google Play,launch,HIGH,HIGH,
натальная карта по дате,natal,16138,,,Yandex Russia / smartphones / last available 30 days,no,,no,,,BLOCKED — profile links resolved to Google Play,launch,HIGH,HIGH,
совместимость знаков зодиака мужчин и женщин,compatibility,15724,,,Yandex Russia / smartphones / last available 30 days,no,,no,,,BLOCKED — profile links resolved to Google Play,launch,HIGH,HIGH,
рассчитать натальную карту онлайн,natal,14867,,,Yandex Russia / smartphones / last available 30 days,no,,no,,,BLOCKED — profile links resolved to Google Play,launch,HIGH,HIGH,
натальная карта совместимость,natal,14641,,,Yandex Russia / smartphones / last available 30 days,no,,no,,,BLOCKED — profile links resolved to Google Play,launch,HIGH,HIGH,
натальная карта по дате рождения,natal,14090,,,Yandex Russia / smartphones / last available 30 days,no,,yes,492,0,BLOCKED — profile links resolved to Google Play,launch,HIGH,HIGH,
дома в астрологии,astrology,13767,,,Yandex Russia / smartphones / last available 30 days,no,,no,,,BLOCKED — profile links resolved to Google Play,launch,HIGH,HIGH,
геокульт натальная карта,natal,13734,,,Yandex Russia / smartphones / last available 30 days,no,,no,,,BLOCKED — profile links resolved to Google Play,launch,HIGH,HIGH,
натальная карта онлайн с расшифровкой,natal,13425,,,Yandex Russia / smartphones / last available 30 days,no,,no,,,BLOCKED — profile links resolved to Google Play,launch,HIGH,HIGH,
натальная карта рассчитать бесплатно,natal,13400,,,Yandex Russia / smartphones / last available 30 days,no,,no,,,BLOCKED — profile links resolved to Google Play,launch,HIGH,HIGH,
натальная карта онлайн бесплатно с расшифровкой,natal,12483,,,Yandex Russia / smartphones / last available 30 days,no,,no,,,BLOCKED — profile links resolved to Google Play,launch,HIGH,HIGH,
расчет натальной карты,natal,12362,,,Yandex Russia / smartphones / last available 30 days,no,,yes,490,0,BLOCKED — profile links resolved to Google Play,launch,HIGH,HIGH,
натальная карта женщины,natal,12214,,,Yandex Russia / smartphones / last available 30 days,no,,no,,,BLOCKED — profile links resolved to Google Play,launch,HIGH,HIGH,
натальная карта сотис,natal,10532,,,Yandex Russia / smartphones / last available 30 days,no,,no,,,BLOCKED — profile links resolved to Google Play,launch,HIGH,HIGH,
натальная карта по дате бесплатно,natal,9699,,,Yandex Russia / smartphones / last available 30 days,no,,no,,,BLOCKED — profile links resolved to Google Play,launch,HIGH,HIGH,
сотис онлайн натальная карта,natal,8683,,,Yandex Russia / smartphones / last available 30 days,no,,no,,,BLOCKED — profile links resolved to Google Play,launch,HIGH,HIGH,
натальная карта с расшифровкой по дате,natal,8605,,,Yandex Russia / smartphones / last available 30 days,no,,no,,,BLOCKED — profile links resolved to Google Play,launch,HIGH,HIGH,
натальная карта рождения бесплатно,natal,8330,,,Yandex Russia / smartphones / last available 30 days,no,,no,,,BLOCKED — profile links resolved to Google Play,launch,HIGH,HIGH,
совместимость знаков зодиака львов,compatibility,8258,,,Yandex Russia / smartphones / last available 30 days,no,,no,,,BLOCKED — profile links resolved to Google Play,launch,HIGH,HIGH,
совместимость знаков зодиака лев,compatibility,8220,,,Yandex Russia / smartphones / last available 30 days,no,,no,,,BLOCKED — profile links resolved to Google Play,launch,HIGH,HIGH,
натальная карта по дате рождения бесплатно,natal,8153,,,Yandex Russia / smartphones / last available 30 days,no,,no,,,BLOCKED — profile links resolved to Google Play,launch,HIGH,HIGH,
натальная карта бесплатно с расшифровкой по дате,natal,8115,,,Yandex Russia / smartphones / last available 30 days,no,,no,,,BLOCKED — profile links resolved to Google Play,launch,HIGH,HIGH,
построить натальную карту,natal,7568,,,Yandex Russia / smartphones / last available 30 days,no,,yes,493,0,BLOCKED — profile links resolved to Google Play,launch,HIGH,HIGH,
совместимость знаков зодиака рак,compatibility,7443,,,Yandex Russia / smartphones / last available 30 days,no,,no,,,BLOCKED — profile links resolved to Google Play,launch,HIGH,HIGH,
расшифровка натальной карты рождения,natal,7216,,,Yandex Russia / smartphones / last available 30 days,no,,no,,,BLOCKED — profile links resolved to Google Play,launch,HIGH,HIGH,
натальная карта с расшифровкой по дате рождения,natal,7116,,,Yandex Russia / smartphones / last available 30 days,no,,no,,,BLOCKED — profile links resolved to Google Play,launch,HIGH,HIGH,
натальная карта по дате онлайн,natal,6866,,,Yandex Russia / smartphones / last available 30 days,no,,no,,,BLOCKED — profile links resolved to Google Play,launch,HIGH,HIGH,
составляющие натальной карты,natal,6709,,,Yandex Russia / smartphones / last available 30 days,no,,no,,,BLOCKED — profile links resolved to Google Play,launch,HIGH,HIGH,
составить натальную карту,natal,6708,,,Yandex Russia / smartphones / last available 30 days,no,,no,,,BLOCKED — profile links resolved to Google Play,launch,HIGH,HIGH,
натальная карта рождения с расшифровкой бесплатно,natal,6670,,,Yandex Russia / smartphones / last available 30 days,no,,no,,,BLOCKED — profile links resolved to Google Play,launch,HIGH,HIGH,
расшифровка натальной карты бесплатно по дате рождения,natal,6658,,,Yandex Russia / smartphones / last available 30 days,no,,no,,,BLOCKED — profile links resolved to Google Play,launch,HIGH,HIGH,
рассчитать натальную карту онлайн бесплатно,natal,6593,,,Yandex Russia / smartphones / last available 30 days,no,,no,,,BLOCKED — profile links resolved to Google Play,launch,HIGH,HIGH,
планеты в астрологии,astrology,6559,,,Yandex Russia / smartphones / last available 30 days,no,,no,,,BLOCKED — profile links resolved to Google Play,launch,HIGH,HIGH,
натальная карта по дате онлайн бесплатно,natal,6508,,,Yandex Russia / smartphones / last available 30 days,no,,no,,,BLOCKED — profile links resolved to Google Play,launch,HIGH,HIGH,
совместимость знаков зодиака в любви,compatibility,6408,,,Yandex Russia / smartphones / last available 30 days,no,,no,,,BLOCKED — profile links resolved to Google Play,launch,HIGH,HIGH,
совместимость знаков зодиака дева,compatibility,6307,,,Yandex Russia / smartphones / last available 30 days,no,,no,,,BLOCKED — profile links resolved to Google Play,launch,HIGH,HIGH,
луна в натальной карте,natal,6219,,,Yandex Russia / smartphones / last available 30 days,no,,no,,,BLOCKED — profile links resolved to Google Play,launch,HIGH,HIGH,
за астрологию отвечает,astrology,6184,,,Yandex Russia / smartphones / last available 30 days,no,,no,,,BLOCKED — profile links resolved to Google Play,launch,HIGH,HIGH,
совместимость знаков зодиака скорпион,compatibility,6147,,,Yandex Russia / smartphones / last available 30 days,no,,no,,,BLOCKED — profile links resolved to Google Play,launch,HIGH,HIGH,
натальная карта иванченко,natal,6120,,,Yandex Russia / smartphones / last available 30 days,no,,no,,,BLOCKED — profile links resolved to Google Play,launch,HIGH,HIGH,
совместимость знаков зодиака водолей,compatibility,6081,,,Yandex Russia / smartphones / last available 30 days,no,,no,,,BLOCKED — profile links resolved to Google Play,launch,HIGH,HIGH,
олеся натальная карта,natal,5967,,,Yandex Russia / smartphones / last available 30 days,no,,no,,,BLOCKED — profile links resolved to Google Play,launch,HIGH,HIGH,
совместимость знаков зодиака весы,compatibility,5923,,,Yandex Russia / smartphones / last available 30 days,no,,no,,,BLOCKED — profile links resolved to Google Play,launch,HIGH,HIGH,
натальная карта рождения онлайн,natal,5906,,,Yandex Russia / smartphones / last available 30 days,no,,no,,,BLOCKED — profile links resolved to Google Play,launch,HIGH,HIGH,
натальная карта смотреть онлайн,natal,5872,,,Yandex Russia / smartphones / last available 30 days,no,,no,,,BLOCKED — profile links resolved to Google Play,launch,HIGH,HIGH,
венера в синастрии,synastry,5843,,,Yandex Russia / smartphones / last available 30 days,no,,no,,,BLOCKED — profile links resolved to Google Play,launch,HIGH,HIGH,
совместимость знаков зодиака рыбы,compatibility,5818,,,Yandex Russia / smartphones / last available 30 days,no,,no,,,BLOCKED — profile links resolved to Google Play,launch,HIGH,HIGH,
венера в натальной карте,natal,5783,,,Yandex Russia / smartphones / last available 30 days,no,,no,,,BLOCKED — profile links resolved to Google Play,launch,HIGH,HIGH,
натальная карта мужчины,natal,5675,,,Yandex Russia / smartphones / last available 30 days,no,,no,,,BLOCKED — profile links resolved to Google Play,launch,HIGH,HIGH,
натальная карта по дате рождения онлайн,natal,5587,,,Yandex Russia / smartphones / last available 30 days,no,,no,,,BLOCKED — profile links resolved to Google Play,launch,HIGH,HIGH,
совместимость знаков зодиака близнецы,compatibility,5540,,,Yandex Russia / smartphones / last available 30 days,no,,no,,,BLOCKED — profile links resolved to Google Play,launch,HIGH,HIGH,
натальная карта смотреть шоу,natal,5530,,,Yandex Russia / smartphones / last available 30 days,no,,no,,,BLOCKED — profile links resolved to Google Play,launch,HIGH,HIGH,
совместимость знаков зодиака стрелец,compatibility,5478,,,Yandex Russia / smartphones / last available 30 days,no,,no,,,BLOCKED — profile links resolved to Google Play,launch,HIGH,HIGH,
натальная карта рождения онлайн бесплатно,natal,5335,,,Yandex Russia / smartphones / last available 30 days,no,,no,,,BLOCKED — profile links resolved to Google Play,launch,HIGH,HIGH,
натальная карта онлайн бесплатно по дате рождения,natal,5243,,,Yandex Russia / smartphones / last available 30 days,no,,no,,,BLOCKED — profile links resolved to Google Play,launch,HIGH,HIGH,
натальная карта суть,natal,5132,,,Yandex Russia / smartphones / last available 30 days,no,,no,,,BLOCKED — profile links resolved to Google Play,launch,HIGH,HIGH,
совместимость знаков зодиака овен,compatibility,5070,,,Yandex Russia / smartphones / last available 30 days,no,,no,,,BLOCKED — profile links resolved to Google Play,launch,HIGH,HIGH,
совместимость знаков зодиака козерог,compatibility,5050,,,Yandex Russia / smartphones / last available 30 days,no,,no,,,BLOCKED — profile links resolved to Google Play,launch,HIGH,HIGH,
знак зодиака совместимость с другими знаками,compatibility,5031,,,Yandex Russia / smartphones / last available 30 days,no,,no,,,BLOCKED — profile links resolved to Google Play,launch,HIGH,HIGH,
рассчитать натальную карту с расшифровкой,natal,4897,,,Yandex Russia / smartphones / last available 30 days,no,,no,,,BLOCKED — profile links resolved to Google Play,launch,HIGH,HIGH,
совместимость знаков зодиака телец,compatibility,4874,,,Yandex Russia / smartphones / last available 30 days,no,,no,,,BLOCKED — profile links resolved to Google Play,launch,HIGH,HIGH,
планеты в натальной карте,natal,4545,,,Yandex Russia / smartphones / last available 30 days,no,,no,,,BLOCKED — profile links resolved to Google Play,launch,HIGH,HIGH,
синастрия мужчины женщины,synastry,4505,,,Yandex Russia / smartphones / last available 30 days,no,,no,,,BLOCKED — profile links resolved to Google Play,launch,HIGH,HIGH,
натальная карта рассчитать бесплатно с расшифровкой,natal,4419,,,Yandex Russia / smartphones / last available 30 days,no,,no,,,BLOCKED — profile links resolved to Google Play,launch,HIGH,HIGH,
марс в натальной карте,natal,4409,,,Yandex Russia / smartphones / last available 30 days,no,,no,,,BLOCKED — profile links resolved to Google Play,launch,HIGH,HIGH,
солнце в натальной карте,natal,4377,,,Yandex Russia / smartphones / last available 30 days,no,,no,,,BLOCKED — profile links resolved to Google Play,launch,HIGH,HIGH,
натальная карта где,natal,4141,,,Yandex Russia / smartphones / last available 30 days,no,,no,,,BLOCKED — profile links resolved to Google Play,launch,HIGH,HIGH,
совместимость знаков зодиака по гороскопу,compatibility,4066,,,Yandex Russia / smartphones / last available 30 days,no,,no,,,BLOCKED — profile links resolved to Google Play,launch,HIGH,HIGH,
натальная карта время,natal,3869,,,Yandex Russia / smartphones / last available 30 days,no,,no,,,BLOCKED — profile links resolved to Google Play,launch,HIGH,HIGH,
натальная карта сафонов,natal,3854,,,Yandex Russia / smartphones / last available 30 days,no,,no,,,BLOCKED — profile links resolved to Google Play,launch,HIGH,HIGH,
натальная карта транзиты,natal,3827,,,Yandex Russia / smartphones / last available 30 days,no,,no,,,BLOCKED — profile links resolved to Google Play,launch,HIGH,HIGH,
знаки в астрологии,astrology,3765,,,Yandex Russia / smartphones / last available 30 days,no,,no,,,BLOCKED — profile links resolved to Google Play,launch,HIGH,HIGH,
натальная карта асцендент,natal,3744,,,Yandex Russia / smartphones / last available 30 days,no,,no,,,BLOCKED — profile links resolved to Google Play,launch,HIGH,HIGH,
натальная карта ru,natal,3626,,,Yandex Russia / smartphones / last available 30 days,no,,no,,,BLOCKED — profile links resolved to Google Play,launch,HIGH,HIGH,
рассчитать натальную карту по дате,natal,3579,,,Yandex Russia / smartphones / last available 30 days,no,,no,,,BLOCKED — profile links resolved to Google Play,launch,HIGH,HIGH,
лилит в натальной карте,natal,3579,,,Yandex Russia / smartphones / last available 30 days,no,,no,,,BLOCKED — profile links resolved to Google Play,launch,HIGH,HIGH,
сатурн в натальной карте,natal,3545,,,Yandex Russia / smartphones / last available 30 days,no,,no,,,BLOCKED — profile links resolved to Google Play,launch,HIGH,HIGH,
дома в астрологии за что отвечают,astrology,3514,,,Yandex Russia / smartphones / last available 30 days,no,,no,,,BLOCKED — profile links resolved to Google Play,launch,HIGH,HIGH,
разбор натальной карты,natal,3499,,,Yandex Russia / smartphones / last available 30 days,no,,no,,,BLOCKED — profile links resolved to Google Play,launch,HIGH,HIGH,
расчет натальной карты онлайн,natal,3475,,,Yandex Russia / smartphones / last available 30 days,no,,no,,,BLOCKED — profile links resolved to Google Play,launch,HIGH,HIGH,
натальная карта джйотиш,natal,3472,,,Yandex Russia / smartphones / last available 30 days,no,,no,,,BLOCKED — profile links resolved to Google Play,launch,HIGH,HIGH,
рассчитать натальную карту рождения,natal,3466,,,Yandex Russia / smartphones / last available 30 days,no,,no,,,BLOCKED — profile links resolved to Google Play,launch,HIGH,HIGH,
натальная карта ведущие,natal,3434,,,Yandex Russia / smartphones / last available 30 days,no,,no,,,BLOCKED — profile links resolved to Google Play,launch,HIGH,HIGH,
юпитер в натальной карте,natal,3413,,,Yandex Russia / smartphones / last available 30 days,no,,no,,,BLOCKED — profile links resolved to Google Play,launch,HIGH,HIGH,
натальная карта рф,natal,3399,,,Yandex Russia / smartphones / last available 30 days,no,,no,,,BLOCKED — profile links resolved to Google Play,launch,HIGH,HIGH,
что значит натальная карта,natal,3357,,,Yandex Russia / smartphones / last available 30 days,no,,no,,,BLOCKED — profile links resolved to Google Play,launch,HIGH,HIGH,
что за что отвечает в натальной карте,natal,3351,,,Yandex Russia / smartphones / last available 30 days,no,,no,,,BLOCKED — profile links resolved to Google Play,launch,HIGH,HIGH,
соединение в натальной карте,natal,3271,,,Yandex Russia / smartphones / last available 30 days,no,,no,,,BLOCKED — profile links resolved to Google Play,launch,HIGH,HIGH,
натальная карта журавлев,natal,3219,,,Yandex Russia / smartphones / last available 30 days,no,,no,,,BLOCKED — profile links resolved to Google Play,launch,HIGH,HIGH,
плутон в синастрии,synastry,3187,,,Yandex Russia / smartphones / last available 30 days,no,,no,,,BLOCKED — profile links resolved to Google Play,launch,HIGH,HIGH,
рассчитать натальную карту по дате рождения,natal,3179,,,Yandex Russia / smartphones / last available 30 days,no,,no,,,BLOCKED — profile links resolved to Google Play,launch,HIGH,HIGH,
лилит в синастрии,synastry,3149,,,Yandex Russia / smartphones / last available 30 days,no,,no,,,BLOCKED — profile links resolved to Google Play,launch,HIGH,HIGH,
плутон в натальной карте,natal,3132,,,Yandex Russia / smartphones / last available 30 days,no,,no,,,BLOCKED — profile links resolved to Google Play,launch,HIGH,HIGH,
вк натальная карта,natal,3111,,,Yandex Russia / smartphones / last available 30 days,no,,no,,,BLOCKED — profile links resolved to Google Play,launch,HIGH,HIGH,
натальная карта смотреть бесплатно,natal,3062,,,Yandex Russia / smartphones / last available 30 days,no,,no,,,BLOCKED — profile links resolved to Google Play,launch,HIGH,HIGH,
астрология натальная карта,natal,3008,,,Yandex Russia / smartphones / last available 30 days,no,,no,,,BLOCKED — profile links resolved to Google Play,launch,HIGH,HIGH,
рассчитать натальную карту онлайн с расшифровкой,natal,2997,,,Yandex Russia / smartphones / last available 30 days,no,,no,,,BLOCKED — profile links resolved to Google Play,launch,HIGH,HIGH,
совместимость знаки зодиаку характеристика,compatibility,2930,,,Yandex Russia / smartphones / last available 30 days,no,,no,,,BLOCKED — profile links resolved to Google Play,launch,HIGH,HIGH,
астро онлайн натальная карта,natal,2884,,,Yandex Russia / smartphones / last available 30 days,no,,no,,,BLOCKED — profile links resolved to Google Play,launch,HIGH,HIGH,
совместимость знаков зодиака в любви мужчина,compatibility,2801,,,Yandex Russia / smartphones / last available 30 days,no,,no,,,BLOCKED — profile links resolved to Google Play,launch,HIGH,HIGH,
гороскоп совместимости знаков зодиака мужчина,compatibility,2795,,,Yandex Russia / smartphones / last available 30 days,no,,no,,,BLOCKED — profile links resolved to Google Play,launch,HIGH,HIGH,
гороскоп совместимости знаков зодиака женщин,compatibility,2792,,,Yandex Russia / smartphones / last available 30 days,no,,no,,,BLOCKED — profile links resolved to Google Play,launch,HIGH,HIGH,
рассчитать натальную карту с расшифровкой онлайн бесплатно,natal,2774,,,Yandex Russia / smartphones / last available 30 days,no,,no,,,BLOCKED — profile links resolved to Google Play,launch,HIGH,HIGH,
натальная карта краснодар,natal,2771,,,Yandex Russia / smartphones / last available 30 days,no,,no,,,BLOCKED — profile links resolved to Google Play,launch,HIGH,HIGH,
натальная карта рассчитать бесплатно по дате,natal,2747,,,Yandex Russia / smartphones / last available 30 days,no,,no,,,BLOCKED — profile links resolved to Google Play,launch,HIGH,HIGH,
гороскоп совместимость знаков зодиака мужчина женщина,compatibility,2704,,,Yandex Russia / smartphones / last available 30 days,no,,no,,,BLOCKED — profile links resolved to Google Play,launch,HIGH,HIGH,
натальная карта смотреть онлайн бесплатно,natal,2683,,,Yandex Russia / smartphones / last available 30 days,no,,no,,,BLOCKED — profile links resolved to Google Play,launch,HIGH,HIGH,
натальная карта astro,natal,2669,,,Yandex Russia / smartphones / last available 30 days,no,,no,,,BLOCKED — profile links resolved to Google Play,launch,HIGH,HIGH,
совместимость знаков зодиака в любви женщины,compatibility,2661,,,Yandex Russia / smartphones / last available 30 days,no,,no,,,BLOCKED — profile links resolved to Google Play,launch,HIGH,HIGH,
посмотреть натальную карту,natal,2632,,,Yandex Russia / smartphones / last available 30 days,no,,no,,,BLOCKED — profile links resolved to Google Play,launch,HIGH,HIGH,
натальную карту online,natal,2629,,,Yandex Russia / smartphones / last available 30 days,no,,no,,,BLOCKED — profile links resolved to Google Play,launch,HIGH,HIGH,
натальная карта ли,natal,2618,,,Yandex Russia / smartphones / last available 30 days,no,,no,,,BLOCKED — profile links resolved to Google Play,launch,HIGH,HIGH,
знаки зодиака совместимость в отношениях,compatibility,2571,,,Yandex Russia / smartphones / last available 30 days,no,,no,,,BLOCKED — profile links resolved to Google Play,launch,HIGH,HIGH,
построить натальную карту онлайн,natal,2567,,,Yandex Russia / smartphones / last available 30 days,no,,no,,,BLOCKED — profile links resolved to Google Play,launch,HIGH,HIGH,
натальная карта лебедев,natal,2540,,,Yandex Russia / smartphones / last available 30 days,no,,no,,,BLOCKED — profile links resolved to Google Play,launch,HIGH,HIGH,
совместимость знаков зодиака лев мужчина,compatibility,2526,,,Yandex Russia / smartphones / last available 30 days,no,,no,,,BLOCKED — profile links resolved to Google Play,launch,HIGH,HIGH,
совместимость знаков зодиака по дате,compatibility,2493,,,Yandex Russia / smartphones / last available 30 days,no,,no,,,BLOCKED — profile links resolved to Google Play,launch,HIGH,HIGH,
совместимость знаков зодиака рак мужчина,compatibility,2489,,,Yandex Russia / smartphones / last available 30 days,no,,no,,,BLOCKED — profile links resolved to Google Play,launch,HIGH,HIGH,
квадрат в натальной карте,natal,2478,,,Yandex Russia / smartphones / last available 30 days,no,,no,,,BLOCKED — profile links resolved to Google Play,launch,HIGH,HIGH,
сделать натальную карту,natal,2474,,,Yandex Russia / smartphones / last available 30 days,no,,no,,,BLOCKED — profile links resolved to Google Play,launch,HIGH,HIGH,
совместимость знаков зодиака в браке,compatibility,2454,,,Yandex Russia / smartphones / last available 30 days,no,,no,,,BLOCKED — profile links resolved to Google Play,launch,HIGH,HIGH,
натальная карта по рождению рассчитать бесплатно,natal,2439,,,Yandex Russia / smartphones / last available 30 days,no,,no,,,BLOCKED — profile links resolved to Google Play,launch,HIGH,HIGH,
натальная карта онлайн шоу,natal,2435,,,Yandex Russia / smartphones / last available 30 days,no,,no,,,BLOCKED — profile links resolved to Google Play,launch,HIGH,HIGH,
натальная карта видео,natal,2434,,,Yandex Russia / smartphones / last available 30 days,no,,no,,,BLOCKED — profile links resolved to Google Play,launch,HIGH,HIGH,
натальная карта рассчитать по дате рождения бесплатно,natal,2434,,,Yandex Russia / smartphones / last available 30 days,no,,no,,,BLOCKED — profile links resolved to Google Play,launch,HIGH,HIGH,
натальная карта мусагалиев,natal,2430,,,Yandex Russia / smartphones / last available 30 days,no,,no,,,BLOCKED — profile links resolved to Google Play,launch,HIGH,HIGH,
знаки в натальной карте,natal,2428,,,Yandex Russia / smartphones / last available 30 days,no,,no,,,BLOCKED — profile links resolved to Google Play,launch,HIGH,HIGH,
geocult натальная карта,natal,2406,,,Yandex Russia / smartphones / last available 30 days,no,,no,,,BLOCKED — profile links resolved to Google Play,launch,HIGH,HIGH,
совместимость знаков зодиака рождения,compatibility,2400,,,Yandex Russia / smartphones / last available 30 days,no,,no,,,BLOCKED — profile links resolved to Google Play,launch,HIGH,HIGH,
меркурий в натальной карте,natal,2377,,,Yandex Russia / smartphones / last available 30 days,no,,no,,,BLOCKED — profile links resolved to Google Play,launch,HIGH,HIGH,
ведическая натальная карта,natal,2377,,,Yandex Russia / smartphones / last available 30 days,no,,no,,,BLOCKED — profile links resolved to Google Play,launch,HIGH,HIGH,
натальная карта билеты,natal,2356,,,Yandex Russia / smartphones / last available 30 days,no,,no,,,BLOCKED — profile links resolved to Google Play,launch,HIGH,HIGH,
натальная карта с лазаревым,natal,2345,,,Yandex Russia / smartphones / last available 30 days,no,,no,,,BLOCKED — profile links resolved to Google Play,launch,HIGH,HIGH,
скорпионы в натальной карте,natal,2319,,,Yandex Russia / smartphones / last available 30 days,no,,no,,,BLOCKED — profile links resolved to Google Play,launch,HIGH,HIGH,
совместимость знаков зодиака рак женщина,compatibility,2313,,,Yandex Russia / smartphones / last available 30 days,no,,no,,,BLOCKED — profile links resolved to Google Play,launch,HIGH,HIGH,
натальная карта стрелец,natal,2279,,,Yandex Russia / smartphones / last available 30 days,no,,no,,,BLOCKED — profile links resolved to Google Play,launch,HIGH,HIGH,
натальная карта львов,natal,2259,,,Yandex Russia / smartphones / last available 30 days,no,,no,,,BLOCKED — profile links resolved to Google Play,launch,HIGH,HIGH,
совместимость знаков зодиака в любви и браке,compatibility,2254,,,Yandex Russia / smartphones / last available 30 days,no,,no,,,BLOCKED — profile links resolved to Google Play,launch,HIGH,HIGH,
натальная карта лев,natal,2245,,,Yandex Russia / smartphones / last available 30 days,no,,no,,,BLOCKED — profile links resolved to Google Play,launch,HIGH,HIGH,
совместимость знаков зодиака лев женщина,compatibility,2224,,,Yandex Russia / smartphones / last available 30 days,no,,no,,,BLOCKED — profile links resolved to Google Play,launch,HIGH,HIGH,
совместимость знаков зодиака рыбы мужчина,compatibility,2220,,,Yandex Russia / smartphones / last available 30 days,no,,no,,,BLOCKED — profile links resolved to Google Play,launch,HIGH,HIGH,
дева знак зодиака мужчина совместимость,compatibility,2213,,,Yandex Russia / smartphones / last available 30 days,no,,no,,,BLOCKED — profile links resolved to Google Play,launch,HIGH,HIGH,
натальная карта расчет бесплатно,natal,2197,,,Yandex Russia / smartphones / last available 30 days,no,,no,,,BLOCKED — profile links resolved to Google Play,launch,HIGH,HIGH,
натальная карта sotis,natal,2188,,,Yandex Russia / smartphones / last available 30 days,no,,no,,,BLOCKED — profile links resolved to Google Play,launch,HIGH,HIGH,
построить натальную карту бесплатно,natal,2184,,,Yandex Russia / smartphones / last available 30 days,no,,no,,,BLOCKED — profile links resolved to Google Play,launch,HIGH,HIGH,
совместимость знаков зодиака скорпион мужчина,compatibility,2164,,,Yandex Russia / smartphones / last available 30 days,no,,no,,,BLOCKED — profile links resolved to Google Play,launch,HIGH,HIGH,
узлы в натальной карте,natal,2142,,,Yandex Russia / smartphones / last available 30 days,no,,no,,,BLOCKED — profile links resolved to Google Play,launch,HIGH,HIGH,
астрология по дате,astrology,2134,,,Yandex Russia / smartphones / last available 30 days,no,,no,,,BLOCKED — profile links resolved to Google Play,launch,HIGH,HIGH,
астрология знаки зодиака,astrology,2121,,,Yandex Russia / smartphones / last available 30 days,no,,no,,,BLOCKED — profile links resolved to Google Play,launch,HIGH,HIGH,
совместимость знаков зодиака по дате рождения,compatibility,2106,,,Yandex Russia / smartphones / last available 30 days,no,,no,,,BLOCKED — profile links resolved to Google Play,launch,HIGH,HIGH,
натальная карта гости,natal,2102,,,Yandex Russia / smartphones / last available 30 days,no,,no,,,BLOCKED — profile links resolved to Google Play,launch,HIGH,HIGH,
совместимость знаков зодиака рыбы женщина,compatibility,2086,,,Yandex Russia / smartphones / last available 30 days,no,,no,,,BLOCKED — profile links resolved to Google Play,launch,HIGH,HIGH,
натальная карта лучшее,natal,2084,,,Yandex Russia / smartphones / last available 30 days,no,,no,,,BLOCKED — profile links resolved to Google Play,launch,HIGH,HIGH,
совместимость знаков зодиак девушек,compatibility,2075,,,Yandex Russia / smartphones / last available 30 days,no,,no,,,BLOCKED — profile links resolved to Google Play,launch,HIGH,HIGH,
натальная карта рак,natal,2071,,,Yandex Russia / smartphones / last available 30 days,no,,no,,,BLOCKED — profile links resolved to Google Play,launch,HIGH,HIGH,
натальная карта весы,natal,2067,,,Yandex Russia / smartphones / last available 30 days,no,,no,,,BLOCKED — profile links resolved to Google Play,launch,HIGH,HIGH,
звезды в астрологии,astrology,2065,,,Yandex Russia / smartphones / last available 30 days,no,,no,,,BLOCKED — profile links resolved to Google Play,launch,HIGH,HIGH,
натальная карта шоу смотреть онлайн,natal,2053,,,Yandex Russia / smartphones / last available 30 days,no,,no,,,BLOCKED — profile links resolved to Google Play,launch,HIGH,HIGH,
совместимость знаков зодиака скорпион женщина,compatibility,2045,,,Yandex Russia / smartphones / last available 30 days,no,,no,,,BLOCKED — profile links resolved to Google Play,launch,HIGH,HIGH,
натальная карта джабраилова,natal,2044,,,Yandex Russia / smartphones / last available 30 days,no,,no,,,BLOCKED — profile links resolved to Google Play,launch,HIGH,HIGH,
составить натальную карту бесплатно,natal,2041,,,Yandex Russia / smartphones / last available 30 days,no,,no,,,BLOCKED — profile links resolved to Google Play,launch,HIGH,HIGH,
совместимость знаков зодиака мужчин близнецов,compatibility,2027,,,Yandex Russia / smartphones / last available 30 days,no,,no,,,BLOCKED — profile links resolved to Google Play,launch,HIGH,HIGH,
совместимость знаков зодиака весы мужчина,compatibility,2020,,,Yandex Russia / smartphones / last available 30 days,no,,no,,,BLOCKED — profile links resolved to Google Play,launch,HIGH,HIGH,
характеристика знаков зодиака мужчин совместимость,compatibility,2014,,,Yandex Russia / smartphones / last available 30 days,no,,no,,,BLOCKED — profile links resolved to Google Play,launch,HIGH,HIGH,
натальная карта водолея,natal,2011,,,Yandex Russia / smartphones / last available 30 days,no,,no,,,BLOCKED — profile links resolved to Google Play,launch,HIGH,HIGH,
совместимость знаков зодиака водолей мужчина,compatibility,2006,,,Yandex Russia / smartphones / last available 30 days,no,,no,,,BLOCKED — profile links resolved to Google Play,launch,HIGH,HIGH,
натальная карта рыбы,natal,1998,,,Yandex Russia / smartphones / last available 30 days,no,,no,,,BLOCKED — profile links resolved to Google Play,launch,HIGH,HIGH,
совместимость знаков зодиака овен мужчина,compatibility,1996,,,Yandex Russia / smartphones / last available 30 days,no,,no,,,BLOCKED — profile links resolved to Google Play,launch,HIGH,HIGH,
натальная карта азамата мусагалиева,natal,1993,,,Yandex Russia / smartphones / last available 30 days,no,,no,,,BLOCKED — profile links resolved to Google Play,launch,HIGH,HIGH,
уран в натальной карте,natal,1987,,,Yandex Russia / smartphones / last available 30 days,no,,no,,,BLOCKED — profile links resolved to Google Play,launch,HIGH,HIGH,
оппозиция в синастрии,synastry,1978,,,Yandex Russia / smartphones / last available 30 days,no,,no,,,BLOCKED — profile links resolved to Google Play,launch,HIGH,HIGH,
sotis online натальная карта,natal,1959,,,Yandex Russia / smartphones / last available 30 days,no,,no,,,BLOCKED — profile links resolved to Google Play,launch,HIGH,HIGH,
совместимость знаков зодиака овен женщина,compatibility,1959,,,Yandex Russia / smartphones / last available 30 days,no,,no,,,BLOCKED — profile links resolved to Google Play,launch,HIGH,HIGH,
когда выйдет натальная карта,natal,1948,,,Yandex Russia / smartphones / last available 30 days,no,,no,,,BLOCKED — profile links resolved to Google Play,launch,HIGH,HIGH,
совместимость знаков зодиака женщина водолей,compatibility,1944,,,Yandex Russia / smartphones / last available 30 days,no,,no,,,BLOCKED — profile links resolved to Google Play,launch,HIGH,HIGH,
совместимость знака зодиака стрельца мужчина,compatibility,1939,,,Yandex Russia / smartphones / last available 30 days,no,,no,,,BLOCKED — profile links resolved to Google Play,launch,HIGH,HIGH,
совместимость знаков зодиака телец мужчина,compatibility,1939,,,Yandex Russia / smartphones / last available 30 days,no,,no,,,BLOCKED — profile links resolved to Google Play,launch,HIGH,HIGH,
совместимость знаков зодиака козерог мужчина,compatibility,1926,,,Yandex Russia / smartphones / last available 30 days,no,,no,,,BLOCKED — profile links resolved to Google Play,launch,HIGH,HIGH,
джойтиш натальная карта,natal,1922,,,Yandex Russia / smartphones / last available 30 days,no,,no,,,BLOCKED — profile links resolved to Google Play,launch,HIGH,HIGH,
нептун в натальной карте,natal,1917,,,Yandex Russia / smartphones / last available 30 days,no,,no,,,BLOCKED — profile links resolved to Google Play,launch,HIGH,HIGH,
совместимость знаков зодиака дева женщина,compatibility,1915,,,Yandex Russia / smartphones / last available 30 days,no,,no,,,BLOCKED — profile links resolved to Google Play,launch,HIGH,HIGH,
совместимость знаков зодиака близнецы женщина,compatibility,1913,,,Yandex Russia / smartphones / last available 30 days,no,,no,,,BLOCKED — profile links resolved to Google Play,launch,HIGH,HIGH,
натальная карта ретроградный,natal,1907,,,Yandex Russia / smartphones / last available 30 days,no,,no,,,BLOCKED — profile links resolved to Google Play,launch,HIGH,HIGH,
геокульт натальная карта рассчитать,natal,1902,,,Yandex Russia / smartphones / last available 30 days,no,,no,,,BLOCKED — profile links resolved to Google Play,launch,HIGH,HIGH,
натальная карта какой дом,natal,1880,,,Yandex Russia / smartphones / last available 30 days,no,,no,,,BLOCKED — profile links resolved to Google Play,launch,HIGH,HIGH,
совместимость знаков зодиака весы женщина,compatibility,1880,,,Yandex Russia / smartphones / last available 30 days,no,,no,,,BLOCKED — profile links resolved to Google Play,launch,HIGH,HIGH,
натальная карта дева,natal,1846,,,Yandex Russia / smartphones / last available 30 days,no,,no,,,BLOCKED — profile links resolved to Google Play,launch,HIGH,HIGH,
совместимость между знаками зодиака,compatibility,1843,,,Yandex Russia / smartphones / last available 30 days,no,,no,,,BLOCKED — profile links resolved to Google Play,launch,HIGH,HIGH,
совместимость знаков зодиака козерог женщина,compatibility,1835,,,Yandex Russia / smartphones / last available 30 days,no,,no,,,BLOCKED — profile links resolved to Google Play,launch,HIGH,HIGH,
совместимость знаков зодиака телец женщина,compatibility,1822,,,Yandex Russia / smartphones / last available 30 days,no,,no,,,BLOCKED — profile links resolved to Google Play,launch,HIGH,HIGH,
за что отвечают дома в натальной карте,natal,1808,,,Yandex Russia / smartphones / last available 30 days,no,,no,,,BLOCKED — profile links resolved to Google Play,launch,HIGH,HIGH,
аспекты в натальной карте,natal,1807,,,Yandex Russia / smartphones / last available 30 days,no,,no,,,BLOCKED — profile links resolved to Google Play,launch,HIGH,HIGH,
натальная карта com,natal,1802,,,Yandex Russia / smartphones / last available 30 days,no,,no,,,BLOCKED — profile links resolved to Google Play,launch,HIGH,HIGH,
бурунов натальная карта,natal,1794,,,Yandex Russia / smartphones / last available 30 days,no,,no,,,BLOCKED — profile links resolved to Google Play,launch,HIGH,HIGH,
натальная карта бурунова,natal,1793,,,Yandex Russia / smartphones / last available 30 days,no,,no,,,BLOCKED — profile links resolved to Google Play,launch,HIGH,HIGH,
совместимость знаков зодиака стрелец женщина,compatibility,1792,,,Yandex Russia / smartphones / last available 30 days,no,,no,,,BLOCKED — profile links resolved to Google Play,launch,HIGH,HIGH,
натальная карта с азаматом,natal,1785,,,Yandex Russia / smartphones / last available 30 days,no,,no,,,BLOCKED — profile links resolved to Google Play,launch,HIGH,HIGH,
натальная карта на год,natal,1765,,,Yandex Russia / smartphones / last available 30 days,no,,no,,,BLOCKED — profile links resolved to Google Play,launch,HIGH,HIGH,
натальная карта ребенка,natal,1739,,,Yandex Russia / smartphones / last available 30 days,no,,no,,,BLOCKED — profile links resolved to Google Play,launch,HIGH,HIGH,
натальная карта овен,natal,1727,,,Yandex Russia / smartphones / last available 30 days,no,,no,,,BLOCKED — profile links resolved to Google Play,launch,HIGH,HIGH,
астрология по дате рождения,astrology,1715,,,Yandex Russia / smartphones / last available 30 days,no,,no,,,BLOCKED — profile links resolved to Google Play,launch,HIGH,HIGH,
совместимость знаков зодиака между женщинами,compatibility,1712,,,Yandex Russia / smartphones / last available 30 days,no,,no,,,BLOCKED — profile links resolved to Google Play,launch,HIGH,HIGH,
гороскоп натальная карта,natal,1707,,,Yandex Russia / smartphones / last available 30 days,no,,no,,,BLOCKED — profile links resolved to Google Play,launch,HIGH,HIGH,
солнце соединение солнце синастрии,synastry,1703,,,Yandex Russia / smartphones / last available 30 days,no,,no,,,BLOCKED — profile links resolved to Google Play,launch,HIGH,HIGH,
соединение лун в синастрии,synastry,1682,,,Yandex Russia / smartphones / last available 30 days,no,,no,,,BLOCKED — profile links resolved to Google Play,launch,HIGH,HIGH,
составить натальную карту онлайн,natal,1677,,,Yandex Russia / smartphones / last available 30 days,no,,no,,,BLOCKED — profile links resolved to Google Play,launch,HIGH,HIGH,
совместимость по знаку зодиака между мужчиной,compatibility,1676,,,Yandex Russia / smartphones / last available 30 days,no,,no,,,BLOCKED — profile links resolved to Google Play,launch,HIGH,HIGH,
натальная карта соляр,natal,1670,,,Yandex Russia / smartphones / last available 30 days,no,,no,,,BLOCKED — profile links resolved to Google Play,launch,HIGH,HIGH,
полная натальная карта,natal,1654,,,Yandex Russia / smartphones / last available 30 days,no,,yes,493,0,BLOCKED — profile links resolved to Google Play,launch,HIGH,HIGH,
натальная карта синастрия,natal,1646,,,Yandex Russia / smartphones / last available 30 days,no,,no,,,BLOCKED — profile links resolved to Google Play,launch,HIGH,HIGH,
венера в натальной карте женщины,natal,1638,,,Yandex Russia / smartphones / last available 30 days,no,,no,,,BLOCKED — profile links resolved to Google Play,launch,HIGH,HIGH,
оппозиция в натальной карте,natal,1626,,,Yandex Russia / smartphones / last available 30 days,no,,no,,,BLOCKED — profile links resolved to Google Play,launch,HIGH,HIGH,
натальная карта сайт,natal,1614,,,Yandex Russia / smartphones / last available 30 days,no,,no,,,BLOCKED — profile links resolved to Google Play,launch,HIGH,HIGH,
луна в астрологии,astrology,1607,,,Yandex Russia / smartphones / last available 30 days,no,,no,,,BLOCKED — profile links resolved to Google Play,launch,HIGH,HIGH,
что значит астрология,astrology,1600,,,Yandex Russia / smartphones / last available 30 days,no,,no,,,BLOCKED — profile links resolved to Google Play,launch,HIGH,HIGH,
натальная карта джабраилов,natal,1599,,,Yandex Russia / smartphones / last available 30 days,no,,no,,,BLOCKED — profile links resolved to Google Play,launch,HIGH,HIGH,
натальная карта online ru,natal,1595,,,Yandex Russia / smartphones / last available 30 days,no,,no,,,BLOCKED — profile links resolved to Google Play,launch,HIGH,HIGH,
натальная карта бузову,natal,1585,,,Yandex Russia / smartphones / last available 30 days,no,,no,,,BLOCKED — profile links resolved to Google Play,launch,HIGH,HIGH,
рассчитать натальную карту онлайн по дате,natal,1578,,,Yandex Russia / smartphones / last available 30 days,no,,no,,,BLOCKED — profile links resolved to Google Play,launch,HIGH,HIGH,
юпитер в астрологии,astrology,1575,,,Yandex Russia / smartphones / last available 30 days,no,,no,,,BLOCKED — profile links resolved to Google Play,launch,HIGH,HIGH,
натальная карта матвей,natal,1572,,,Yandex Russia / smartphones / last available 30 days,no,,no,,,BLOCKED — profile links resolved to Google Play,launch,HIGH,HIGH,
сатурн в астрологии,astrology,1567,,,Yandex Russia / smartphones / last available 30 days,no,,no,,,BLOCKED — profile links resolved to Google Play,launch,HIGH,HIGH,
натальная карта шоу бесплатно,natal,1552,,,Yandex Russia / smartphones / last available 30 days,no,,no,,,BLOCKED — profile links resolved to Google Play,launch,HIGH,HIGH,
козерог натальная карта,natal,1550,,,Yandex Russia / smartphones / last available 30 days,no,,no,,,BLOCKED — profile links resolved to Google Play,launch,HIGH,HIGH,
аспекты в синастрии,synastry,1542,,,Yandex Russia / smartphones / last available 30 days,no,,no,,,BLOCKED — profile links resolved to Google Play,launch,HIGH,HIGH,
натальная карта ру,natal,1537,,,Yandex Russia / smartphones / last available 30 days,no,,no,,,BLOCKED — profile links resolved to Google Play,launch,HIGH,HIGH,
совместимость знаков зодиака рак мужчина и женщина,compatibility,1535,,,Yandex Russia / smartphones / last available 30 days,no,,no,,,BLOCKED — profile links resolved to Google Play,launch,HIGH,HIGH,
натальная карта определить,natal,1522,,,Yandex Russia / smartphones / last available 30 days,no,,no,,,BLOCKED — profile links resolved to Google Play,launch,HIGH,HIGH,
что означает натальная карта,natal,1510,,,Yandex Russia / smartphones / last available 30 days,no,,no,,,BLOCKED — profile links resolved to Google Play,launch,HIGH,HIGH,
натальная карта без,natal,1490,,,Yandex Russia / smartphones / last available 30 days,no,,no,,,BLOCKED — profile links resolved to Google Play,launch,HIGH,HIGH,
соединение лилит в синастрии,synastry,1488,,,Yandex Russia / smartphones / last available 30 days,no,,no,,,BLOCKED — profile links resolved to Google Play,launch,HIGH,HIGH,
асцендент в синастрии,synastry,1486,,,Yandex Russia / smartphones / last available 30 days,no,,no,,,BLOCKED — profile links resolved to Google Play,launch,HIGH,HIGH,
песня астрология воровка,astrology,1480,,,Yandex Russia / smartphones / last available 30 days,no,,no,,,BLOCKED — profile links resolved to Google Play,launch,HIGH,HIGH,
натальная карта шоу смотреть бесплатно,natal,1478,,,Yandex Russia / smartphones / last available 30 days,no,,no,,,BLOCKED — profile links resolved to Google Play,launch,HIGH,HIGH,
рассчитать натальную карту рождения онлайн,natal,1467,,,Yandex Russia / smartphones / last available 30 days,no,,no,,,BLOCKED — profile links resolved to Google Play,launch,HIGH,HIGH,
геокульт натальная карта онлайн,natal,1463,,,Yandex Russia / smartphones / last available 30 days,no,,no,,,BLOCKED — profile links resolved to Google Play,launch,HIGH,HIGH,
натальная карта телец,natal,1457,,,Yandex Russia / smartphones / last available 30 days,no,,no,,,BLOCKED — profile links resolved to Google Play,launch,HIGH,HIGH,
натальная карта надя,natal,1457,,,Yandex Russia / smartphones / last available 30 days,no,,no,,,BLOCKED — profile links resolved to Google Play,launch,HIGH,HIGH,
луна в натальной карте женщины,natal,1456,,,Yandex Russia / smartphones / last available 30 days,no,,no,,,BLOCKED — profile links resolved to Google Play,launch,HIGH,HIGH,
матвей сафонов натальная карта,natal,1448,,,Yandex Russia / smartphones / last available 30 days,no,,no,,,BLOCKED — profile links resolved to Google Play,launch,HIGH,HIGH,
совместимость знаков зодиака бесплатно,compatibility,1448,,,Yandex Russia / smartphones / last available 30 days,no,,no,,,BLOCKED — profile links resolved to Google Play,launch,HIGH,HIGH,
совместимость знаков зодиака лев женщина и мужчина,compatibility,1446,,,Yandex Russia / smartphones / last available 30 days,no,,no,,,BLOCKED — profile links resolved to Google Play,launch,HIGH,HIGH,
натальная карта по дате рождения рассчитать онлайн,natal,1445,,,Yandex Russia / smartphones / last available 30 days,no,,no,,,BLOCKED — profile links resolved to Google Play,launch,HIGH,HIGH,
сколько натальных карт,natal,1440,,,Yandex Russia / smartphones / last available 30 days,no,,no,,,BLOCKED — profile links resolved to Google Play,launch,HIGH,HIGH,
юпитер в синастрии,synastry,1437,,,Yandex Russia / smartphones / last available 30 days,no,,no,,,BLOCKED — profile links resolved to Google Play,launch,HIGH,HIGH,
натальная карта по времени рождения,natal,1433,,,Yandex Russia / smartphones / last available 30 days,no,,no,,,BLOCKED — profile links resolved to Google Play,launch,HIGH,HIGH,
натальная карта онлайн бесплатно шоу,natal,1425,,,Yandex Russia / smartphones / last available 30 days,no,,no,,,BLOCKED — profile links resolved to Google Play,launch,HIGH,HIGH,
натальная карта дзюба,natal,1421,,,Yandex Russia / smartphones / last available 30 days,no,,no,,,BLOCKED — profile links resolved to Google Play,launch,HIGH,HIGH,
какая планета астрология,astrology,1404,,,Yandex Russia / smartphones / last available 30 days,no,,no,,,BLOCKED — profile links resolved to Google Play,launch,HIGH,HIGH,
управитель в натальной карте,natal,1395,,,Yandex Russia / smartphones / last available 30 days,no,,no,,,BLOCKED — profile links resolved to Google Play,launch,HIGH,HIGH,
совместимость знаков зодиака рыбы мужчина и женщина,compatibility,1395,,,Yandex Russia / smartphones / last available 30 days,no,,no,,,BLOCKED — profile links resolved to Google Play,launch,HIGH,HIGH,
узлы в синастрии,synastry,1392,,,Yandex Russia / smartphones / last available 30 days,no,,no,,,BLOCKED — profile links resolved to Google Play,launch,HIGH,HIGH,
синастрия дома партнера,synastry,1388,,,Yandex Russia / smartphones / last available 30 days,no,,no,,,BLOCKED — profile links resolved to Google Play,launch,HIGH,HIGH,
совместимость знаков зодиака женщины близнецы и мужчина,compatibility,1381,,,Yandex Russia / smartphones / last available 30 days,no,,no,,,BLOCKED — profile links resolved to Google Play,launch,HIGH,HIGH,
с точки зрения астрологии,astrology,1373,,,Yandex Russia / smartphones / last available 30 days,no,,no,,,BLOCKED — profile links resolved to Google Play,launch,HIGH,HIGH,
натальная карта шоу смотреть онлайн бесплатно,natal,1369,,,Yandex Russia / smartphones / last available 30 days,no,,no,,,BLOCKED — profile links resolved to Google Play,launch,HIGH,HIGH,
как понять натальную карту,natal,1360,,,Yandex Russia / smartphones / last available 30 days,no,,no,,,BLOCKED — profile links resolved to Google Play,launch,HIGH,HIGH,
совместимость знаков зодиака мужчин и женщин скорпион,compatibility,1360,,,Yandex Russia / smartphones / last available 30 days,no,,no,,,BLOCKED — profile links resolved to Google Play,launch,HIGH,HIGH,
натальная карта рассчитать совместимость,natal,1356,,,Yandex Russia / smartphones / last available 30 days,no,,no,,,BLOCKED — profile links resolved to Google Play,launch,HIGH,HIGH,
astro com натальная карта,natal,1355,,,Yandex Russia / smartphones / last available 30 days,no,,no,,,BLOCKED — profile links resolved to Google Play,launch,HIGH,HIGH,
синастрия венера мужчины,synastry,1342,,,Yandex Russia / smartphones / last available 30 days,no,,no,,,BLOCKED — profile links resolved to Google Play,launch,HIGH,HIGH,
знаки зодиака совместимость в браке женщина,compatibility,1335,,,Yandex Russia / smartphones / last available 30 days,no,,no,,,BLOCKED — profile links resolved to Google Play,launch,HIGH,HIGH,
натальная карта партнеров,natal,1327,,,Yandex Russia / smartphones / last available 30 days,no,,no,,,BLOCKED — profile links resolved to Google Play,launch,HIGH,HIGH,
соединение марсов в синастрии,synastry,1327,,,Yandex Russia / smartphones / last available 30 days,no,,no,,,BLOCKED — profile links resolved to Google Play,launch,HIGH,HIGH,
совместимость знаков зодиака в процентах,compatibility,1324,,,Yandex Russia / smartphones / last available 30 days,no,,no,,,BLOCKED — profile links resolved to Google Play,launch,HIGH,HIGH,
натальная карта жизни,natal,1322,,,Yandex Russia / smartphones / last available 30 days,no,,no,,,BLOCKED — profile links resolved to Google Play,launch,HIGH,HIGH,
натальная карта журавлев иванченко,natal,1321,,,Yandex Russia / smartphones / last available 30 days,no,,no,,,BLOCKED — profile links resolved to Google Play,launch,HIGH,HIGH,
какой день астрологии,astrology,1304,,,Yandex Russia / smartphones / last available 30 days,no,,no,,,BLOCKED — profile links resolved to Google Play,launch,HIGH,HIGH,
астрология на июль,astrology,1301,,,Yandex Russia / smartphones / last available 30 days,no,,no,,,BLOCKED — profile links resolved to Google Play,launch,HIGH,HIGH,
аспекты в астрологии,astrology,1283,,,Yandex Russia / smartphones / last available 30 days,no,,no,,,BLOCKED — profile links resolved to Google Play,launch,HIGH,HIGH,
про астрологию дзен,astrology,1278,,,Yandex Russia / smartphones / last available 30 days,no,,no,,,BLOCKED — profile links resolved to Google Play,launch,HIGH,HIGH,
совместимость со знаками зодиака,compatibility,1255,,,Yandex Russia / smartphones / last available 30 days,no,,no,,,BLOCKED — profile links resolved to Google Play,launch,HIGH,HIGH,
совместимость знаков зодиака водолей мужчина и женщина,compatibility,1254,,,Yandex Russia / smartphones / last available 30 days,no,,no,,,BLOCKED — profile links resolved to Google Play,launch,HIGH,HIGH,
венера в астрологии,astrology,1254,,,Yandex Russia / smartphones / last available 30 days,no,,no,,,BLOCKED — profile links resolved to Google Play,launch,HIGH,HIGH,
узлы в астрологии,astrology,1253,,,Yandex Russia / smartphones / last available 30 days,no,,no,,,BLOCKED — profile links resolved to Google Play,launch,HIGH,HIGH,
ведическая астрология карта,astrology,1249,,,Yandex Russia / smartphones / last available 30 days,no,,no,,,BLOCKED — profile links resolved to Google Play,launch,HIGH,HIGH,
что означает астрология,astrology,1225,,,Yandex Russia / smartphones / last available 30 days,no,,no,,,BLOCKED — profile links resolved to Google Play,launch,HIGH,HIGH,
совместимость знаков зодиака мужчин и женщин овен,compatibility,1217,,,Yandex Russia / smartphones / last available 30 days,no,,no,,,BLOCKED — profile links resolved to Google Play,launch,HIGH,HIGH,
совместимость знаков зодиака мужчин и женщин козерог,compatibility,1215,,,Yandex Russia / smartphones / last available 30 days,no,,no,,,BLOCKED — profile links resolved to Google Play,launch,HIGH,HIGH,
меркурий в астрологии,astrology,1207,,,Yandex Russia / smartphones / last available 30 days,no,,no,,,BLOCKED — profile links resolved to Google Play,launch,HIGH,HIGH,
книги по астрологии,astrology,1198,,,Yandex Russia / smartphones / last available 30 days,no,,no,,,BLOCKED — profile links resolved to Google Play,launch,HIGH,HIGH,
синастрия онлайн бесплатно,synastry,1196,,,Yandex Russia / smartphones / last available 30 days,no,,no,,,BLOCKED — profile links resolved to Google Play,launch,HIGH,HIGH,
астрология воровка скачать,astrology,1192,,,Yandex Russia / smartphones / last available 30 days,no,,no,,,BLOCKED — profile links resolved to Google Play,launch,HIGH,HIGH,
венера женщины в синастрии,synastry,1191,,,Yandex Russia / smartphones / last available 30 days,no,,no,,,BLOCKED — profile links resolved to Google Play,launch,HIGH,HIGH,
совместимость знаков зодиака мужчин и женщин весы,compatibility,1180,,,Yandex Russia / smartphones / last available 30 days,no,,no,,,BLOCKED — profile links resolved to Google Play,launch,HIGH,HIGH,
синастрия луна женщины,synastry,1139,,,Yandex Russia / smartphones / last available 30 days,no,,no,,,BLOCKED — profile links resolved to Google Play,launch,HIGH,HIGH,
совместимость знаков зодиака мужчин и женщин стрелец,compatibility,1118,,,Yandex Russia / smartphones / last available 30 days,no,,no,,,BLOCKED — profile links resolved to Google Play,launch,HIGH,HIGH,
астрология онлайн бесплатно,astrology,1094,,,Yandex Russia / smartphones / last available 30 days,no,,no,,,BLOCKED — profile links resolved to Google Play,launch,HIGH,HIGH,
луна мужчины в синастрии,synastry,1085,,,Yandex Russia / smartphones / last available 30 days,no,,no,,,BLOCKED — profile links resolved to Google Play,launch,HIGH,HIGH,
лучшая совместимость знаков зодиака,compatibility,1061,,,Yandex Russia / smartphones / last available 30 days,no,,no,,,BLOCKED — profile links resolved to Google Play,launch,HIGH,HIGH,
ведическая астрология натальная,astrology,1055,,,Yandex Russia / smartphones / last available 30 days,no,,no,,,BLOCKED — profile links resolved to Google Play,launch,HIGH,HIGH,
таблица совместимости знаков зодиака,compatibility,1052,,,Yandex Russia / smartphones / last available 30 days,no,,no,,,BLOCKED — profile links resolved to Google Play,launch,HIGH,HIGH,
ведическая астрология натальная карта,astrology,1041,,,Yandex Russia / smartphones / last available 30 days,no,,no,,,BLOCKED — profile links resolved to Google Play,launch,HIGH,HIGH,
градусы в астрологии,astrology,1028,,,Yandex Russia / smartphones / last available 30 days,no,,no,,,BLOCKED — profile links resolved to Google Play,launch,HIGH,HIGH,
солнце в астрологии,astrology,1027,,,Yandex Russia / smartphones / last available 30 days,no,,no,,,BLOCKED — profile links resolved to Google Play,launch,HIGH,HIGH,
скачать песню астрология,astrology,1016,,,Yandex Russia / smartphones / last available 30 days,no,,no,,,BLOCKED — profile links resolved to Google Play,launch,HIGH,HIGH,
плутон соединение плутон в синастрии,synastry,978,,,Yandex Russia / smartphones / last available 30 days,no,,no,,,BLOCKED — profile links resolved to Google Play,launch,HIGH,HIGH,
скачать песню астрология воровка,astrology,963,,,Yandex Russia / smartphones / last available 30 days,no,,no,,,BLOCKED — profile links resolved to Google Play,launch,HIGH,HIGH,
обозначения в астрологии,astrology,939,,,Yandex Russia / smartphones / last available 30 days,no,,no,,,BLOCKED — profile links resolved to Google Play,launch,HIGH,HIGH,
совместимость мужчины с другими знаками зодиака,compatibility,929,,,Yandex Russia / smartphones / last available 30 days,no,,no,,,BLOCKED — profile links resolved to Google Play,launch,HIGH,HIGH,
венера плутон в синастрии,synastry,929,,,Yandex Russia / smartphones / last available 30 days,no,,no,,,BLOCKED — profile links resolved to Google Play,launch,HIGH,HIGH,
венера марс синастрии,synastry,920,,,Yandex Russia / smartphones / last available 30 days,no,,no,,,BLOCKED — profile links resolved to Google Play,launch,HIGH,HIGH,
синастрия с расшифровкой,synastry,912,,,Yandex Russia / smartphones / last available 30 days,no,,no,,,BLOCKED — profile links resolved to Google Play,launch,HIGH,HIGH,
марс в астрологии,astrology,885,,,Yandex Russia / smartphones / last available 30 days,no,,no,,,BLOCKED — profile links resolved to Google Play,launch,HIGH,HIGH,
солнце мужчины в синастрии,synastry,868,,,Yandex Russia / smartphones / last available 30 days,no,,no,,,BLOCKED — profile links resolved to Google Play,launch,HIGH,HIGH,
солнце женщины в синастрии,synastry,856,,,Yandex Russia / smartphones / last available 30 days,no,,no,,,BLOCKED — profile links resolved to Google Play,launch,HIGH,HIGH,
уран в астрологии,astrology,842,,,Yandex Russia / smartphones / last available 30 days,no,,no,,,BLOCKED — profile links resolved to Google Play,launch,HIGH,HIGH,
лилит в астрологии,astrology,833,,,Yandex Russia / smartphones / last available 30 days,no,,no,,,BLOCKED — profile links resolved to Google Play,launch,HIGH,HIGH,
ведическая астрология рассчитать,astrology,826,,,Yandex Russia / smartphones / last available 30 days,no,,no,,,BLOCKED — profile links resolved to Google Play,launch,HIGH,HIGH,
марс женщины синастрия,synastry,821,,,Yandex Russia / smartphones / last available 30 days,no,,no,,,BLOCKED — profile links resolved to Google Play,launch,HIGH,HIGH,
венера квадрат венера в синастрии,synastry,817,,,Yandex Russia / smartphones / last available 30 days,no,,no,,,BLOCKED — profile links resolved to Google Play,launch,HIGH,HIGH,
плутон в астрологии,astrology,810,,,Yandex Russia / smartphones / last available 30 days,no,,no,,,BLOCKED — profile links resolved to Google Play,launch,HIGH,HIGH,
соединение сатурнов синастрия,synastry,799,,,Yandex Russia / smartphones / last available 30 days,no,,no,,,BLOCKED — profile links resolved to Google Play,launch,HIGH,HIGH,
значки в астрологии,astrology,794,,,Yandex Russia / smartphones / last available 30 days,no,,no,,,BLOCKED — profile links resolved to Google Play,launch,HIGH,HIGH,
венера в соединении с венерой в синастрии,synastry,787,,,Yandex Russia / smartphones / last available 30 days,no,,no,,,BLOCKED — profile links resolved to Google Play,launch,HIGH,HIGH,
гороскоп совместимости по знакам зодиака в любви,compatibility,783,,,Yandex Russia / smartphones / last available 30 days,no,,no,,,BLOCKED — profile links resolved to Google Play,launch,HIGH,HIGH,
марс мужчины в синастрии,synastry,771,,,Yandex Russia / smartphones / last available 30 days,no,,no,,,BLOCKED — profile links resolved to Google Play,launch,HIGH,HIGH,
хирон в синастрии,synastry,758,,,Yandex Russia / smartphones / last available 30 days,no,,no,,,BLOCKED — profile links resolved to Google Play,launch,HIGH,HIGH,
скорпион в астрологии,astrology,754,,,Yandex Russia / smartphones / last available 30 days,no,,no,,,BLOCKED — profile links resolved to Google Play,launch,HIGH,HIGH,
раху в синастрии,synastry,750,,,Yandex Russia / smartphones / last available 30 days,no,,no,,,BLOCKED — profile links resolved to Google Play,launch,HIGH,HIGH,
соединение узлов синастрии,synastry,744,,,Yandex Russia / smartphones / last available 30 days,no,,no,,,BLOCKED — profile links resolved to Google Play,launch,HIGH,HIGH,
луна квадрат луна в синастрии,synastry,733,,,Yandex Russia / smartphones / last available 30 days,no,,no,,,BLOCKED — profile links resolved to Google Play,launch,HIGH,HIGH,
знаки зодиака совместимость в любви и отношениях,compatibility,723,,,Yandex Russia / smartphones / last available 30 days,no,,no,,,BLOCKED — profile links resolved to Google Play,launch,HIGH,HIGH,
синастрия онлайн с расшифровкой,synastry,708,,,Yandex Russia / smartphones / last available 30 days,no,,no,,,BLOCKED — profile links resolved to Google Play,launch,HIGH,HIGH,
синастрии луна венера,synastry,704,,,Yandex Russia / smartphones / last available 30 days,no,,no,,,BLOCKED — profile links resolved to Google Play,launch,HIGH,HIGH,
квадрат плутонов синастрия,synastry,702,,,Yandex Russia / smartphones / last available 30 days,no,,no,,,BLOCKED — profile links resolved to Google Play,launch,HIGH,HIGH,
академия астрологии левина,astrology,702,,,Yandex Russia / smartphones / last available 30 days,no,,no,,,BLOCKED — profile links resolved to Google Play,launch,HIGH,HIGH,
венеры в домах в синастрии,synastry,691,,,Yandex Russia / smartphones / last available 30 days,no,,no,,,BLOCKED — profile links resolved to Google Play,launch,HIGH,HIGH,
рыбы в астрологии,astrology,691,,,Yandex Russia / smartphones / last available 30 days,no,,no,,,BLOCKED — profile links resolved to Google Play,launch,HIGH,HIGH,
знак ведической астрологии,astrology,687,,,Yandex Russia / smartphones / last available 30 days,no,,no,,,BLOCKED — profile links resolved to Google Play,launch,HIGH,HIGH,
луна плутон в синастрии,synastry,686,,,Yandex Russia / smartphones / last available 30 days,no,,no,,,BLOCKED — profile links resolved to Google Play,launch,HIGH,HIGH,
совместимость знаков зодиака в любви лев,compatibility,685,,,Yandex Russia / smartphones / last available 30 days,no,,no,,,BLOCKED — profile links resolved to Google Play,launch,HIGH,HIGH,
совместимость знаков зодиака в любви львов,compatibility,685,,,Yandex Russia / smartphones / last available 30 days,no,,no,,,BLOCKED — profile links resolved to Google Play,launch,HIGH,HIGH,
совместимость знаков зодиака лев и водолей,compatibility,684,,,Yandex Russia / smartphones / last available 30 days,no,,no,,,BLOCKED — profile links resolved to Google Play,launch,HIGH,HIGH,
нептун в астрологии,astrology,683,,,Yandex Russia / smartphones / last available 30 days,no,,no,,,BLOCKED — profile links resolved to Google Play,launch,HIGH,HIGH,
хорарная астрология онлайн,astrology,679,,,Yandex Russia / smartphones / last available 30 days,no,,no,,,BLOCKED — profile links resolved to Google Play,launch,HIGH,HIGH,
совместимости знаков зодиаков любовь рак,compatibility,678,,,Yandex Russia / smartphones / last available 30 days,no,,no,,,BLOCKED — profile links resolved to Google Play,launch,HIGH,HIGH,
совместимость знаков зодиака лев и рак,compatibility,675,,,Yandex Russia / smartphones / last available 30 days,no,,no,,,BLOCKED — profile links resolved to Google Play,launch,HIGH,HIGH,
луна в домах в синастрии,synastry,674,,,Yandex Russia / smartphones / last available 30 days,no,,no,,,BLOCKED — profile links resolved to Google Play,launch,HIGH,HIGH,
луна солнце синастрии,synastry,673,,,Yandex Russia / smartphones / last available 30 days,no,,no,,,BLOCKED — profile links resolved to Google Play,launch,HIGH,HIGH,
значение звезд астрология,astrology,672,,,Yandex Russia / smartphones / last available 30 days,no,,no,,,BLOCKED — profile links resolved to Google Play,launch,HIGH,HIGH,
оппозиция венер в синастрии,synastry,667,,,Yandex Russia / smartphones / last available 30 days,no,,no,,,BLOCKED — profile links resolved to Google Play,launch,HIGH,HIGH,
астрология скачать бесплатно,astrology,657,,,Yandex Russia / smartphones / last available 30 days,no,,no,,,BLOCKED — profile links resolved to Google Play,launch,HIGH,HIGH,
лилит венера в синастрии,synastry,650,,,Yandex Russia / smartphones / last available 30 days,no,,no,,,BLOCKED — profile links resolved to Google Play,launch,HIGH,HIGH,
солнце венера в синастрии,synastry,648,,,Yandex Russia / smartphones / last available 30 days,no,,no,,,BLOCKED — profile links resolved to Google Play,launch,HIGH,HIGH,
зодиак совместимость знаков парень,compatibility,647,,,Yandex Russia / smartphones / last available 30 days,no,,no,,,BLOCKED — profile links resolved to Google Play,launch,HIGH,HIGH,
павел андреев астрология,astrology,644,,,Yandex Russia / smartphones / last available 30 days,no,,no,,,BLOCKED — profile links resolved to Google Play,launch,HIGH,HIGH,
марс луна синастрии,synastry,641,,,Yandex Russia / smartphones / last available 30 days,no,,no,,,BLOCKED — profile links resolved to Google Play,launch,HIGH,HIGH,
совместимость знаков зодиака водолей и дева,compatibility,640,,,Yandex Russia / smartphones / last available 30 days,no,,no,,,BLOCKED — profile links resolved to Google Play,launch,HIGH,HIGH,
солнце в домах синастрии,synastry,635,,,Yandex Russia / smartphones / last available 30 days,no,,no,,,BLOCKED — profile links resolved to Google Play,launch,HIGH,HIGH,
дома в ведической астрологии,astrology,619,,,Yandex Russia / smartphones / last available 30 days,no,,no,,,BLOCKED — profile links resolved to Google Play,launch,HIGH,HIGH,
синастрия северный узел,synastry,618,,,Yandex Russia / smartphones / last available 30 days,no,,no,,,BLOCKED — profile links resolved to Google Play,launch,HIGH,HIGH,
синастрия лилит женщины,synastry,616,,,Yandex Russia / smartphones / last available 30 days,no,,no,,,BLOCKED — profile links resolved to Google Play,launch,HIGH,HIGH,
совместимость с тельцами знаки зодиака,compatibility,613,,,Yandex Russia / smartphones / last available 30 days,no,,no,,,BLOCKED — profile links resolved to Google Play,launch,HIGH,HIGH,
совместимость знаков зодиака тельцов с тельцами,compatibility,612,,,Yandex Russia / smartphones / last available 30 days,no,,no,,,BLOCKED — profile links resolved to Google Play,launch,HIGH,HIGH,
лилит мужчины в синастрии,synastry,612,,,Yandex Russia / smartphones / last available 30 days,no,,no,,,BLOCKED — profile links resolved to Google Play,launch,HIGH,HIGH,
знаки зодиака совместимость в отношениях лев,compatibility,605,,,Yandex Russia / smartphones / last available 30 days,no,,no,,,BLOCKED — profile links resolved to Google Play,launch,HIGH,HIGH,
соединение асцендентов в синастрии,synastry,601,,,Yandex Russia / smartphones / last available 30 days,no,,no,,,BLOCKED — profile links resolved to Google Play,launch,HIGH,HIGH,
синастрия соединение юпитеров,synastry,600,,,Yandex Russia / smartphones / last available 30 days,no,,no,,,BLOCKED — profile links resolved to Google Play,launch,HIGH,HIGH,
плутон мужчины синастрия,synastry,597,,,Yandex Russia / smartphones / last available 30 days,no,,no,,,BLOCKED — profile links resolved to Google Play,launch,HIGH,HIGH,
совместимость знаков зодиака рак и стрелец,compatibility,589,,,Yandex Russia / smartphones / last available 30 days,no,,no,,,BLOCKED — profile links resolved to Google Play,launch,HIGH,HIGH,
синастрия карта онлайн,synastry,589,,,Yandex Russia / smartphones / last available 30 days,no,,no,,,BLOCKED — profile links resolved to Google Play,launch,HIGH,HIGH,
совместимость знаков зодиака лев и стрелец,compatibility,587,,,Yandex Russia / smartphones / last available 30 days,no,,no,,,BLOCKED — profile links resolved to Google Play,launch,HIGH,HIGH,
астрология что происходит,astrology,587,,,Yandex Russia / smartphones / last available 30 days,no,,no,,,BLOCKED — profile links resolved to Google Play,launch,HIGH,HIGH,
совместимость знаков зодиака по годам,compatibility,583,,,Yandex Russia / smartphones / last available 30 days,no,,no,,,BLOCKED — profile links resolved to Google Play,launch,HIGH,HIGH,
лилит марс синастрия,synastry,582,,,Yandex Russia / smartphones / last available 30 days,no,,no,,,BLOCKED — profile links resolved to Google Play,launch,HIGH,HIGH,
квадрат марсов в синастрии,synastry,579,,,Yandex Russia / smartphones / last available 30 days,no,,no,,,BLOCKED — profile links resolved to Google Play,launch,HIGH,HIGH,
натальная синастрия онлайн,synastry,579,,,Yandex Russia / smartphones / last available 30 days,no,,no,,,BLOCKED — profile links resolved to Google Play,launch,HIGH,HIGH,
раху что это в астрологии,astrology,579,,,Yandex Russia / smartphones / last available 30 days,no,,no,,,BLOCKED — profile links resolved to Google Play,launch,HIGH,HIGH,
знаки планет в астрологии,astrology,579,,,Yandex Russia / smartphones / last available 30 days,no,,no,,,BLOCKED — profile links resolved to Google Play,launch,HIGH,HIGH,
совместимость знаков зодиака лев и скорпион,compatibility,574,,,Yandex Russia / smartphones / last available 30 days,no,,no,,,BLOCKED — profile links resolved to Google Play,launch,HIGH,HIGH,
оппозиция лун в синастрии,synastry,574,,,Yandex Russia / smartphones / last available 30 days,no,,no,,,BLOCKED — profile links resolved to Google Play,launch,HIGH,HIGH,
синастрия по дате рождения,synastry,573,,,Yandex Russia / smartphones / last available 30 days,no,,no,,,BLOCKED — profile links resolved to Google Play,launch,HIGH,HIGH,
совместимость знаков зодиака в дружбе,compatibility,566,,,Yandex Russia / smartphones / last available 30 days,no,,no,,,BLOCKED — profile links resolved to Google Play,launch,HIGH,HIGH,
ведическая астрология онлайн,astrology,565,,,Yandex Russia / smartphones / last available 30 days,no,,no,,,BLOCKED — profile links resolved to Google Play,launch,HIGH,HIGH,
совместимость по синастрии,synastry,562,,,Yandex Russia / smartphones / last available 30 days,no,,no,,,BLOCKED — profile links resolved to Google Play,launch,HIGH,HIGH,
лилит женщины в синастрии мужчины,synastry,560,,,Yandex Russia / smartphones / last available 30 days,no,,no,,,BLOCKED — profile links resolved to Google Play,launch,HIGH,HIGH,
плутон женщины в синастрии,synastry,559,,,Yandex Russia / smartphones / last available 30 days,no,,no,,,BLOCKED — profile links resolved to Google Play,launch,HIGH,HIGH,
солнце квадрат солнце в синастрии,synastry,558,,,Yandex Russia / smartphones / last available 30 days,no,,no,,,BLOCKED — profile links resolved to Google Play,launch,HIGH,HIGH,
совместимость знаков зодиака весов и львов,compatibility,551,,,Yandex Russia / smartphones / last available 30 days,no,,no,,,BLOCKED — profile links resolved to Google Play,launch,HIGH,HIGH,
совместимость знаков зодиака лев и весы,compatibility,549,,,Yandex Russia / smartphones / last available 30 days,no,,no,,,BLOCKED — profile links resolved to Google Play,launch,HIGH,HIGH,
совместимость знаков зодиака лев и близнецы,compatibility,548,,,Yandex Russia / smartphones / last available 30 days,no,,no,,,BLOCKED — profile links resolved to Google Play,launch,HIGH,HIGH,
дева знак зодиака совместимость в любви,compatibility,545,,,Yandex Russia / smartphones / last available 30 days,no,,no,,,BLOCKED — profile links resolved to Google Play,launch,HIGH,HIGH,
синастрия бесплатно с расшифровкой,synastry,545,,,Yandex Russia / smartphones / last available 30 days,no,,no,,,BLOCKED — profile links resolved to Google Play,launch,HIGH,HIGH,
астрология карта онлайн,astrology,544,,,Yandex Russia / smartphones / last available 30 days,no,,no,,,BLOCKED — profile links resolved to Google Play,launch,HIGH,HIGH,
астрономия и астрология,astrology,542,,,Yandex Russia / smartphones / last available 30 days,no,,no,,,BLOCKED — profile links resolved to Google Play,launch,HIGH,HIGH,
совместимость знака весы зодиака в любви,compatibility,538,,,Yandex Russia / smartphones / last available 30 days,no,,no,,,BLOCKED — profile links resolved to Google Play,launch,HIGH,HIGH,
натальная карта онлайн синастрия,synastry,538,,,Yandex Russia / smartphones / last available 30 days,no,,no,,,BLOCKED — profile links resolved to Google Play,launch,HIGH,HIGH,
совместимость знаков зодиака рак и дева,compatibility,532,,,Yandex Russia / smartphones / last available 30 days,no,,no,,,BLOCKED — profile links resolved to Google Play,launch,HIGH,HIGH,
астрология для начинающих,astrology,525,,,Yandex Russia / smartphones / last available 30 days,no,,no,,,BLOCKED — profile links resolved to Google Play,launch,HIGH,HIGH,
чандра что это в астрологии,astrology,523,,,Yandex Russia / smartphones / last available 30 days,no,,no,,,BLOCKED — profile links resolved to Google Play,launch,HIGH,HIGH,
хирон в астрологии,astrology,522,,,Yandex Russia / smartphones / last available 30 days,no,,no,,,BLOCKED — profile links resolved to Google Play,launch,HIGH,HIGH,
день рождение астрология,astrology,519,,,Yandex Russia / smartphones / last available 30 days,no,,no,,,BLOCKED — profile links resolved to Google Play,launch,HIGH,HIGH,
совместимость знаков зодиака близнецы и рак,compatibility,515,,,Yandex Russia / smartphones / last available 30 days,no,,no,,,BLOCKED — profile links resolved to Google Play,launch,HIGH,HIGH,
оппозиция солнц синастрия,synastry,513,,,Yandex Russia / smartphones / last available 30 days,no,,no,,,BLOCKED — profile links resolved to Google Play,launch,HIGH,HIGH,
северный узел в астрологии,astrology,511,,,Yandex Russia / smartphones / last available 30 days,no,,no,,,BLOCKED — profile links resolved to Google Play,launch,HIGH,HIGH,
гороскоп совместимости знаков зодиака в браке,compatibility,508,,,Yandex Russia / smartphones / last available 30 days,no,,no,,,BLOCKED — profile links resolved to Google Play,launch,HIGH,HIGH,
марс в доме синастрия,synastry,507,,,Yandex Russia / smartphones / last available 30 days,no,,no,,,BLOCKED — profile links resolved to Google Play,launch,HIGH,HIGH,
знаки зодиака совместимость в любви стрелец,compatibility,506,,,Yandex Russia / smartphones / last available 30 days,no,,no,,,BLOCKED — profile links resolved to Google Play,launch,HIGH,HIGH,
совместимость знаков зодиака скорпион и водолей,compatibility,505,,,Yandex Russia / smartphones / last available 30 days,no,,no,,,BLOCKED — profile links resolved to Google Play,launch,HIGH,HIGH,
можно ли астрология,astrology,504,,,Yandex Russia / smartphones / last available 30 days,no,,no,,,BLOCKED — profile links resolved to Google Play,launch,HIGH,HIGH,
совместимости знаков зодиаков любовь козерог,compatibility,503,,,Yandex Russia / smartphones / last available 30 days,no,,no,,,BLOCKED — profile links resolved to Google Play,launch,HIGH,HIGH,
совместимость знаков зодиака рак и весы,compatibility,502,,,Yandex Russia / smartphones / last available 30 days,no,,no,,,BLOCKED — profile links resolved to Google Play,launch,HIGH,HIGH,
любовь между знаками зодиака совместимость,compatibility,496,,,Yandex Russia / smartphones / last available 30 days,no,,no,,,BLOCKED — profile links resolved to Google Play,launch,HIGH,HIGH,
рак совместимость с другими знаками зодиака,compatibility,494,,,Yandex Russia / smartphones / last available 30 days,no,,no,,,BLOCKED — profile links resolved to Google Play,launch,HIGH,HIGH,
астрология бесплатно с расшифровкой,astrology,494,,,Yandex Russia / smartphones / last available 30 days,no,,no,,,BLOCKED — profile links resolved to Google Play,launch,HIGH,HIGH,
какая совместимость у знаков зодиака,compatibility,487,,,Yandex Russia / smartphones / last available 30 days,no,,no,,,BLOCKED — profile links resolved to Google Play,launch,HIGH,HIGH,
совместимость знаков зодиака мужчин и женщин бесплатно,compatibility,487,,,Yandex Russia / smartphones / last available 30 days,no,,no,,,BLOCKED — profile links resolved to Google Play,launch,HIGH,HIGH,
астрология это наука,astrology,477,,,Yandex Russia / smartphones / last available 30 days,no,,no,,,BLOCKED — profile links resolved to Google Play,launch,HIGH,HIGH,
овен в астрологии,astrology,477,,,Yandex Russia / smartphones / last available 30 days,no,,no,,,BLOCKED — profile links resolved to Google Play,launch,HIGH,HIGH,
астрология какой сегодня,astrology,474,,,Yandex Russia / smartphones / last available 30 days,no,,no,,,BLOCKED — profile links resolved to Google Play,launch,HIGH,HIGH,
совместимость знаков зодиака рак и рыба,compatibility,471,,,Yandex Russia / smartphones / last available 30 days,no,,no,,,BLOCKED — profile links resolved to Google Play,launch,HIGH,HIGH,
совместимость имен и знаков зодиака,compatibility,470,,,Yandex Russia / smartphones / last available 30 days,no,,no,,,BLOCKED — profile links resolved to Google Play,launch,HIGH,HIGH,
стрелец совместимость с другими знаками зодиака,compatibility,469,,,Yandex Russia / smartphones / last available 30 days,no,,no,,,BLOCKED — profile links resolved to Google Play,launch,HIGH,HIGH,
совместимость знаков зодиака лев и дева,compatibility,467,,,Yandex Russia / smartphones / last available 30 days,no,,no,,,BLOCKED — profile links resolved to Google Play,launch,HIGH,HIGH,
совместимости знаков зодиаков любовь близнецы близнецы,compatibility,466,,,Yandex Russia / smartphones / last available 30 days,no,,no,,,BLOCKED — profile links resolved to Google Play,launch,HIGH,HIGH,
дева совместимость с другими знаками зодиака,compatibility,465,,,Yandex Russia / smartphones / last available 30 days,no,,no,,,BLOCKED — profile links resolved to Google Play,launch,HIGH,HIGH,
кету что это в астрологии,astrology,465,,,Yandex Russia / smartphones / last available 30 days,no,,no,,,BLOCKED — profile links resolved to Google Play,launch,HIGH,HIGH,
планеты ведической астрологии,astrology,465,,,Yandex Russia / smartphones / last available 30 days,no,,no,,,BLOCKED — profile links resolved to Google Play,launch,HIGH,HIGH,
совместимость знаков зодиака рыб и львов,compatibility,463,,,Yandex Russia / smartphones / last available 30 days,no,,no,,,BLOCKED — profile links resolved to Google Play,launch,HIGH,HIGH,
совместимость знаков зодиака лев и рыбы,compatibility,462,,,Yandex Russia / smartphones / last available 30 days,no,,no,,,BLOCKED — profile links resolved to Google Play,launch,HIGH,HIGH,
совместимость знаков зодиака дева и скорпион,compatibility,462,,,Yandex Russia / smartphones / last available 30 days,no,,no,,,BLOCKED — profile links resolved to Google Play,launch,HIGH,HIGH,
совместимость знаков зодиака лев и козерог,compatibility,456,,,Yandex Russia / smartphones / last available 30 days,no,,no,,,BLOCKED — profile links resolved to Google Play,launch,HIGH,HIGH,
синастрия онлайн с расшифровкой бесплатно,synastry,454,,,Yandex Russia / smartphones / last available 30 days,no,,no,,,BLOCKED — profile links resolved to Google Play,launch,HIGH,HIGH,
совместимость знаков зодиака в любви скорпионы,compatibility,452,,,Yandex Russia / smartphones / last available 30 days,no,,no,,,BLOCKED — profile links resolved to Google Play,launch,HIGH,HIGH,
нептун соединение нептун в синастрии,synastry,446,,,Yandex Russia / smartphones / last available 30 days,no,,no,,,BLOCKED — profile links resolved to Google Play,launch,HIGH,HIGH,
знаки зодиака совместимость в любви водолей,compatibility,443,,,Yandex Russia / smartphones / last available 30 days,no,,no,,,BLOCKED — profile links resolved to Google Play,launch,HIGH,HIGH,
синастрия оппозиция плутон,synastry,443,,,Yandex Russia / smartphones / last available 30 days,no,,no,,,BLOCKED — profile links resolved to Google Play,launch,HIGH,HIGH,
июль знак зодиака совместимость,compatibility,441,,,Yandex Russia / smartphones / last available 30 days,no,,no,,,BLOCKED — profile links resolved to Google Play,launch,HIGH,HIGH,
совместимость знаков зодиака рак и скорпион,compatibility,440,,,Yandex Russia / smartphones / last available 30 days,no,,no,,,BLOCKED — profile links resolved to Google Play,launch,HIGH,HIGH,
совместимость знаков зодиака овен и скорпион,compatibility,439,,,Yandex Russia / smartphones / last available 30 days,no,,no,,,BLOCKED — profile links resolved to Google Play,launch,HIGH,HIGH,
совместимость знаков зодиака рак и водолей,compatibility,435,,,Yandex Russia / smartphones / last available 30 days,no,,no,,,BLOCKED — profile links resolved to Google Play,launch,HIGH,HIGH,
селена в синастрии,synastry,432,,,Yandex Russia / smartphones / last available 30 days,no,,no,,,BLOCKED — profile links resolved to Google Play,launch,HIGH,HIGH,
знаки зодиака совместимость в отношениях дева,compatibility,423,,,Yandex Russia / smartphones / last available 30 days,no,,no,,,BLOCKED — profile links resolved to Google Play,launch,HIGH,HIGH,
знаки зодиака совместимость в отношениях рак,compatibility,421,,,Yandex Russia / smartphones / last available 30 days,no,,no,,,BLOCKED — profile links resolved to Google Play,launch,HIGH,HIGH,
меркурий соединение меркурий синастрия,synastry,420,,,Yandex Russia / smartphones / last available 30 days,no,,no,,,BLOCKED — profile links resolved to Google Play,launch,HIGH,HIGH,
теста совместимость знаков зодиака,compatibility,417,,,Yandex Russia / smartphones / last available 30 days,no,,no,,,BLOCKED — profile links resolved to Google Play,launch,HIGH,HIGH,
скорпион совместимость с другими знаками зодиака,compatibility,417,,,Yandex Russia / smartphones / last available 30 days,no,,no,,,BLOCKED — profile links resolved to Google Play,launch,HIGH,HIGH,
вертекс в синастрии,synastry,416,,,Yandex Russia / smartphones / last available 30 days,no,,no,,,BLOCKED — profile links resolved to Google Play,launch,HIGH,HIGH,
совместимость знака зодиака овна в любви,compatibility,415,,,Yandex Russia / smartphones / last available 30 days,no,,no,,,BLOCKED — profile links resolved to Google Play,launch,HIGH,HIGH,
совместимость знаков зодиака весы и козерог,compatibility,415,,,Yandex Russia / smartphones / last available 30 days,no,,no,,,BLOCKED — profile links resolved to Google Play,launch,HIGH,HIGH,
совместимость знаков зодиака козерог и дева,compatibility,412,,,Yandex Russia / smartphones / last available 30 days,no,,no,,,BLOCKED — profile links resolved to Google Play,launch,HIGH,HIGH,
весы совместимость с другими знаками зодиака,compatibility,410,,,Yandex Russia / smartphones / last available 30 days,no,,no,,,BLOCKED — profile links resolved to Google Play,launch,HIGH,HIGH,
синастрии солнце марс,synastry,410,,,Yandex Russia / smartphones / last available 30 days,no,,no,,,BLOCKED — profile links resolved to Google Play,launch,HIGH,HIGH,
соединение домов в синастрии,synastry,409,,,Yandex Russia / smartphones / last available 30 days,no,,no,,,BLOCKED — profile links resolved to Google Play,launch,HIGH,HIGH,
совместимость знаков зодиака весы и телец,compatibility,400,,,Yandex Russia / smartphones / last available 30 days,no,,no,,,BLOCKED — profile links resolved to Google Play,launch,HIGH,HIGH,
совместимость рыб с другими знаками зодиака,compatibility,399,,,Yandex Russia / smartphones / last available 30 days,no,,no,,,BLOCKED — profile links resolved to Google Play,launch,HIGH,HIGH,
таблица совместимости знаков зодиака в любви,compatibility,397,,,Yandex Russia / smartphones / last available 30 days,no,,no,,,BLOCKED — profile links resolved to Google Play,launch,HIGH,HIGH,
сколько совместимость знаков зодиака,compatibility,395,,,Yandex Russia / smartphones / last available 30 days,no,,no,,,BLOCKED — profile links resolved to Google Play,launch,HIGH,HIGH,
скорпионы в синастрии,synastry,393,,,Yandex Russia / smartphones / last available 30 days,no,,no,,,BLOCKED — profile links resolved to Google Play,launch,HIGH,HIGH,
совместимость по году рождения и знаку зодиака,compatibility,391,,,Yandex Russia / smartphones / last available 30 days,no,,no,,,BLOCKED — profile links resolved to Google Play,launch,HIGH,HIGH,
трин венер в синастрии,synastry,391,,,Yandex Russia / smartphones / last available 30 days,no,,no,,,BLOCKED — profile links resolved to Google Play,launch,HIGH,HIGH,
совместимость знаков зодиака весы и рыбы,compatibility,390,,,Yandex Russia / smartphones / last available 30 days,no,,no,,,BLOCKED — profile links resolved to Google Play,launch,HIGH,HIGH,
совместимость знаков зодиака девушка и парень,compatibility,387,,,Yandex Russia / smartphones / last available 30 days,no,,no,,,BLOCKED — profile links resolved to Google Play,launch,HIGH,HIGH,
совместимость знаков зодиака рыбы и близнецы,compatibility,387,,,Yandex Russia / smartphones / last available 30 days,no,,no,,,BLOCKED — profile links resolved to Google Play,launch,HIGH,HIGH,
синастрия лилит в домах,synastry,387,,,Yandex Russia / smartphones / last available 30 days,no,,no,,,BLOCKED — profile links resolved to Google Play,launch,HIGH,HIGH,
овен совместимость с другими знаками зодиака,compatibility,386,,,Yandex Russia / smartphones / last available 30 days,no,,no,,,BLOCKED — profile links resolved to Google Play,launch,HIGH,HIGH,
водолей совместимость с другими знаками зодиака,compatibility,383,,,Yandex Russia / smartphones / last available 30 days,no,,no,,,BLOCKED — profile links resolved to Google Play,launch,HIGH,HIGH,
совместимость брака в между знаками зодиака,compatibility,383,,,Yandex Russia / smartphones / last available 30 days,no,,no,,,BLOCKED — profile links resolved to Google Play,launch,HIGH,HIGH,
знаки зодиака совместимость в любви телец,compatibility,380,,,Yandex Russia / smartphones / last available 30 days,no,,no,,,BLOCKED — profile links resolved to Google Play,launch,HIGH,HIGH,
козерог совместимость с другими знаками зодиака,compatibility,379,,,Yandex Russia / smartphones / last available 30 days,no,,no,,,BLOCKED — profile links resolved to Google Play,launch,HIGH,HIGH,
совместимость львов с другими знаками зодиака,compatibility,377,,,Yandex Russia / smartphones / last available 30 days,no,,no,,,BLOCKED — profile links resolved to Google Play,launch,HIGH,HIGH,
марс плутон синастрии,synastry,375,,,Yandex Russia / smartphones / last available 30 days,no,,no,,,BLOCKED — profile links resolved to Google Play,launch,HIGH,HIGH,
лев знак зодиака девушка совместимость,compatibility,374,,,Yandex Russia / smartphones / last available 30 days,no,,no,,,BLOCKED — profile links resolved to Google Play,launch,HIGH,HIGH,
ноябрь знак зодиака совместимость,compatibility,374,,,Yandex Russia / smartphones / last available 30 days,no,,no,,,BLOCKED — profile links resolved to Google Play,launch,HIGH,HIGH,
кету в синастрии,synastry,373,,,Yandex Russia / smartphones / last available 30 days,no,,no,,,BLOCKED — profile links resolved to Google Play,launch,HIGH,HIGH,
совместимость знаков зодиака водолей и близнецы,compatibility,372,,,Yandex Russia / smartphones / last available 30 days,no,,no,,,BLOCKED — profile links resolved to Google Play,launch,HIGH,HIGH,
совместимость знаков зодиака овен и весы,compatibility,371,,,Yandex Russia / smartphones / last available 30 days,no,,no,,,BLOCKED — profile links resolved to Google Play,launch,HIGH,HIGH,
самые совместимость знаков зодиака,compatibility,370,,,Yandex Russia / smartphones / last available 30 days,no,,no,,,BLOCKED — profile links resolved to Google Play,launch,HIGH,HIGH,
соединение раху синастрия,synastry,370,,,Yandex Russia / smartphones / last available 30 days,no,,no,,,BLOCKED — profile links resolved to Google Play,launch,HIGH,HIGH,
совместимость знаков зодиака весы и водолей,compatibility,369,,,Yandex Russia / smartphones / last available 30 days,no,,no,,,BLOCKED — profile links resolved to Google Play,launch,HIGH,HIGH,
синастрия южный узел,synastry,368,,,Yandex Russia / smartphones / last available 30 days,no,,no,,,BLOCKED — profile links resolved to Google Play,launch,HIGH,HIGH,
дева знак зодиака девушка совместимость,compatibility,367,,,Yandex Russia / smartphones / last available 30 days,no,,no,,,BLOCKED — profile links resolved to Google Play,launch,HIGH,HIGH,
знаки зодиака совместимость в отношениях близнецы,compatibility,367,,,Yandex Russia / smartphones / last available 30 days,no,,no,,,BLOCKED — profile links resolved to Google Play,launch,HIGH,HIGH,
лев совместимость с другими знаками зодиака,compatibility,366,,,Yandex Russia / smartphones / last available 30 days,no,,no,,,BLOCKED — profile links resolved to Google Play,launch,HIGH,HIGH,
совместимость знаков зодиака козерог и скорпион,compatibility,365,,,Yandex Russia / smartphones / last available 30 days,no,,no,,,BLOCKED — profile links resolved to Google Play,launch,HIGH,HIGH,
лилит мужчины в синастрии соединение,synastry,365,,,Yandex Russia / smartphones / last available 30 days,no,,no,,,BLOCKED — profile links resolved to Google Play,launch,HIGH,HIGH,
квиконс в синастрии,synastry,363,,,Yandex Russia / smartphones / last available 30 days,no,,no,,,BLOCKED — profile links resolved to Google Play,launch,HIGH,HIGH,
синастрия соединение хиронов,synastry,362,,,Yandex Russia / smartphones / last available 30 days,no,,no,,,BLOCKED — profile links resolved to Google Play,launch,HIGH,HIGH,
соединение лилит венера в синастрии,synastry,360,,,Yandex Russia / smartphones / last available 30 days,no,,no,,,BLOCKED — profile links resolved to Google Play,launch,HIGH,HIGH,
синастрия соединение уран уран,synastry,359,,,Yandex Russia / smartphones / last available 30 days,no,,no,,,BLOCKED — profile links resolved to Google Play,launch,HIGH,HIGH,
совместимость знаков зодиака рак и телец,compatibility,357,,,Yandex Russia / smartphones / last available 30 days,no,,no,,,BLOCKED — profile links resolved to Google Play,launch,HIGH,HIGH,
совместимость знаков зодиака онлайн,compatibility,356,,,Yandex Russia / smartphones / last available 30 days,no,,no,,,BLOCKED — profile links resolved to Google Play,launch,HIGH,HIGH,
совместимость знаков зодиака телец и водолей,compatibility,355,,,Yandex Russia / smartphones / last available 30 days,no,,no,,,BLOCKED — profile links resolved to Google Play,launch,HIGH,HIGH,
таблица совместимости знаков зодиака в браке,compatibility,353,,,Yandex Russia / smartphones / last available 30 days,no,,no,,,BLOCKED — profile links resolved to Google Play,launch,HIGH,HIGH,
лилит женщины в соединении синастрия,synastry,352,,,Yandex Russia / smartphones / last available 30 days,no,,no,,,BLOCKED — profile links resolved to Google Play,launch,HIGH,HIGH,
совместимость знаков зодиака овен и лев,compatibility,350,,,Yandex Russia / smartphones / last available 30 days,no,,no,,,BLOCKED — profile links resolved to Google Play,launch,HIGH,HIGH,
солнце плутон синастрия,synastry,350,,,Yandex Russia / smartphones / last available 30 days,no,,no,,,BLOCKED — profile links resolved to Google Play,launch,HIGH,HIGH,
совместимость знаков зодиака по дате бесплатно,compatibility,345,,,Yandex Russia / smartphones / last available 30 days,no,,no,,,BLOCKED — profile links resolved to Google Play,launch,HIGH,HIGH,
совместимость знаков зодиака скорпион и близнецы,compatibility,344,,,Yandex Russia / smartphones / last available 30 days,no,,no,,,BLOCKED — profile links resolved to Google Play,launch,HIGH,HIGH,
солнце сатурн синастрия,synastry,341,,,Yandex Russia / smartphones / last available 30 days,no,,no,,,BLOCKED — profile links resolved to Google Play,launch,HIGH,HIGH,
тест на совместимость знаков зодиака,compatibility,338,,,Yandex Russia / smartphones / last available 30 days,no,,no,,,BLOCKED — profile links resolved to Google Play,launch,HIGH,HIGH,
луна сатурн синастрия,synastry,337,,,Yandex Russia / smartphones / last available 30 days,no,,no,,,BLOCKED — profile links resolved to Google Play,launch,HIGH,HIGH,
синастрия восходящий узел,synastry,334,,,Yandex Russia / smartphones / last available 30 days,no,,no,,,BLOCKED — profile links resolved to Google Play,launch,HIGH,HIGH,
знаки зодиака совместимость в отношениях весы,compatibility,332,,,Yandex Russia / smartphones / last available 30 days,no,,no,,,BLOCKED — profile links resolved to Google Play,launch,HIGH,HIGH,
совместимость знаков зодиака по дате рождения бесплатно,compatibility,331,,,Yandex Russia / smartphones / last available 30 days,no,,no,,,BLOCKED — profile links resolved to Google Play,launch,HIGH,HIGH,
совместимость знаков зодиака дева и рыбы,compatibility,331,,,Yandex Russia / smartphones / last available 30 days,no,,no,,,BLOCKED — profile links resolved to Google Play,launch,HIGH,HIGH,
март знак зодиака совместимость,compatibility,330,,,Yandex Russia / smartphones / last available 30 days,no,,no,,,BLOCKED — profile links resolved to Google Play,launch,HIGH,HIGH,
совместимость знаков зодиака телец и рыбы,compatibility,329,,,Yandex Russia / smartphones / last available 30 days,no,,no,,,BLOCKED — profile links resolved to Google Play,launch,HIGH,HIGH,
процент совместимости знаков зодиака скорпион,compatibility,328,,,Yandex Russia / smartphones / last available 30 days,no,,no,,,BLOCKED — profile links resolved to Google Play,launch,HIGH,HIGH,
совместимость знаков зодиака овен и близнецы,compatibility,328,,,Yandex Russia / smartphones / last available 30 days,no,,no,,,BLOCKED — profile links resolved to Google Play,launch,HIGH,HIGH,
совместимость знаков зодиака овен и стрелец,compatibility,324,,,Yandex Russia / smartphones / last available 30 days,no,,no,,,BLOCKED — profile links resolved to Google Play,launch,HIGH,HIGH,
квадрат лилит лилит в синастрии,synastry,324,,,Yandex Russia / smartphones / last available 30 days,no,,no,,,BLOCKED — profile links resolved to Google Play,launch,HIGH,HIGH,
луна лилит в синастрии,synastry,324,,,Yandex Russia / smartphones / last available 30 days,no,,no,,,BLOCKED — profile links resolved to Google Play,launch,HIGH,HIGH,
совместимость знаков зодиака овен и рыбы,compatibility,323,,,Yandex Russia / smartphones / last available 30 days,no,,no,,,BLOCKED — profile links resolved to Google Play,launch,HIGH,HIGH,
совместимость знаков зодиака овен и рак,compatibility,323,,,Yandex Russia / smartphones / last available 30 days,no,,no,,,BLOCKED — profile links resolved to Google Play,launch,HIGH,HIGH,
совместимость знаков зодиака девушка близнецы,compatibility,322,,,Yandex Russia / smartphones / last available 30 days,no,,no,,,BLOCKED — profile links resolved to Google Play,launch,HIGH,HIGH,
декабрь знак зодиака совместимость,compatibility,322,,,Yandex Russia / smartphones / last available 30 days,no,,no,,,BLOCKED — profile links resolved to Google Play,launch,HIGH,HIGH,
совместимость знака зодиака рак девушка,compatibility,321,,,Yandex Russia / smartphones / last available 30 days,no,,no,,,BLOCKED — profile links resolved to Google Play,launch,HIGH,HIGH,
сатурн квадрат сатурн в синастрии,synastry,320,,,Yandex Russia / smartphones / last available 30 days,no,,no,,,BLOCKED — profile links resolved to Google Play,launch,HIGH,HIGH,
синастрия луна партнера,synastry,317,,,Yandex Russia / smartphones / last available 30 days,no,,no,,,BLOCKED — profile links resolved to Google Play,launch,HIGH,HIGH,
близнецы совместимость с другими знаками зодиака,compatibility,316,,,Yandex Russia / smartphones / last available 30 days,no,,no,,,BLOCKED — profile links resolved to Google Play,launch,HIGH,HIGH,
совместимость знаков зодиака дева и близнецы,compatibility,316,,,Yandex Russia / smartphones / last available 30 days,no,,no,,,BLOCKED — profile links resolved to Google Play,launch,HIGH,HIGH,
трин лун в синастрии,synastry,316,,,Yandex Russia / smartphones / last available 30 days,no,,no,,,BLOCKED — profile links resolved to Google Play,launch,HIGH,HIGH,
что значит синастрия,synastry,315,,,Yandex Russia / smartphones / last available 30 days,no,,no,,,BLOCKED — profile links resolved to Google Play,launch,HIGH,HIGH,
знаки зодиака совместимость в отношениях скорпион,compatibility,314,,,Yandex Russia / smartphones / last available 30 days,no,,no,,,BLOCKED — profile links resolved to Google Play,launch,HIGH,HIGH,
венера тригон венера в синастрии,synastry,314,,,Yandex Russia / smartphones / last available 30 days,no,,no,,,BLOCKED — profile links resolved to Google Play,launch,HIGH,HIGH,
рыбы знак зодиака характеристика совместимость,compatibility,313,,,Yandex Russia / smartphones / last available 30 days,no,,no,,,BLOCKED — profile links resolved to Google Play,launch,HIGH,HIGH,
апрель знак зодиака совместимость,compatibility,312,,,Yandex Russia / smartphones / last available 30 days,no,,no,,,BLOCKED — profile links resolved to Google Play,launch,HIGH,HIGH,
май знак зодиака совместимость,compatibility,311,,,Yandex Russia / smartphones / last available 30 days,no,,no,,,BLOCKED — profile links resolved to Google Play,launch,HIGH,HIGH,
совместимость знаков зодиака сколько процентов,compatibility,311,,,Yandex Russia / smartphones / last available 30 days,no,,no,,,BLOCKED — profile links resolved to Google Play,launch,HIGH,HIGH,
совместимость знаков зодиака лев и телец,compatibility,311,,,Yandex Russia / smartphones / last available 30 days,no,,no,,,BLOCKED — profile links resolved to Google Play,launch,HIGH,HIGH,
совместимость знаков зодиака стрелец и козерог,compatibility,311,,,Yandex Russia / smartphones / last available 30 days,no,,no,,,BLOCKED — profile links resolved to Google Play,launch,HIGH,HIGH,
телец совместимость с другими знаками зодиака,compatibility,309,,,Yandex Russia / smartphones / last available 30 days,no,,no,,,BLOCKED — profile links resolved to Google Play,launch,HIGH,HIGH,
проценты совместимости знаков зодиака в любви,compatibility,308,,,Yandex Russia / smartphones / last available 30 days,no,,no,,,BLOCKED — profile links resolved to Google Play,launch,HIGH,HIGH,
совместимость знаков зодиака телец и скорпион,compatibility,306,,,Yandex Russia / smartphones / last available 30 days,no,,no,,,BLOCKED — profile links resolved to Google Play,launch,HIGH,HIGH,
дева знак зодиака характеристика совместимость,compatibility,306,,,Yandex Russia / smartphones / last available 30 days,no,,no,,,BLOCKED — profile links resolved to Google Play,launch,HIGH,HIGH,
сатурн доме синастрии,synastry,306,,,Yandex Russia / smartphones / last available 30 days,no,,no,,,BLOCKED — profile links resolved to Google Play,launch,HIGH,HIGH,
синастрия соединение северных узлов,synastry,302,,,Yandex Russia / smartphones / last available 30 days,no,,no,,,BLOCKED — profile links resolved to Google Play,launch,HIGH,HIGH,
совместимость знаков зодиака козерог и рак,compatibility,299,,,Yandex Russia / smartphones / last available 30 days,no,,no,,,BLOCKED — profile links resolved to Google Play,launch,HIGH,HIGH,
совместимость знаков зодиака скорпион и стрелец,compatibility,298,,,Yandex Russia / smartphones / last available 30 days,no,,no,,,BLOCKED — profile links resolved to Google Play,launch,HIGH,HIGH,
даты знаков зодиака по годам совместимость,compatibility,297,,,Yandex Russia / smartphones / last available 30 days,no,,no,,,BLOCKED — profile links resolved to Google Play,launch,HIGH,HIGH,
знаки зодиака совместимость в отношениях стрелец,compatibility,296,,,Yandex Russia / smartphones / last available 30 days,no,,no,,,BLOCKED — profile links resolved to Google Play,launch,HIGH,HIGH,
синастрия совместимость по дате,synastry,296,,,Yandex Russia / smartphones / last available 30 days,no,,no,,,BLOCKED — profile links resolved to Google Play,launch,HIGH,HIGH,
солнце солнце трин синастрия,synastry,296,,,Yandex Russia / smartphones / last available 30 days,no,,no,,,BLOCKED — profile links resolved to Google Play,launch,HIGH,HIGH,
совместимость знаков зодиака рыбы и скорпион,compatibility,295,,,Yandex Russia / smartphones / last available 30 days,no,,no,,,BLOCKED — profile links resolved to Google Play,launch,HIGH,HIGH,
знаки зодиака по месяцам совместимость,compatibility,295,,,Yandex Russia / smartphones / last available 30 days,no,,no,,,BLOCKED — profile links resolved to Google Play,launch,HIGH,HIGH,
синастрия у женщин,synastry,293,,,Yandex Russia / smartphones / last available 30 days,no,,no,,,BLOCKED — profile links resolved to Google Play,launch,HIGH,HIGH,
совместимость знаков зодиака водолей и овен,compatibility,292,,,Yandex Russia / smartphones / last available 30 days,no,,no,,,BLOCKED — profile links resolved to Google Play,launch,HIGH,HIGH,
венера секстиль венера в синастрии,synastry,290,,,Yandex Russia / smartphones / last available 30 days,no,,no,,,BLOCKED — profile links resolved to Google Play,launch,HIGH,HIGH,
рассчитать синастрию онлайн,synastry,288,,,Yandex Russia / smartphones / last available 30 days,no,,no,,,BLOCKED — profile links resolved to Google Play,launch,HIGH,HIGH,
тригон луну луна синастрия,synastry,287,,,Yandex Russia / smartphones / last available 30 days,no,,no,,,BLOCKED — profile links resolved to Google Play,launch,HIGH,HIGH,
синастрия совместимость по дате рождения,synastry,287,,,Yandex Russia / smartphones / last available 30 days,no,,no,,,BLOCKED — profile links resolved to Google Play,launch,HIGH,HIGH,
плутон в домах синастрия,synastry,283,,,Yandex Russia / smartphones / last available 30 days,no,,no,,,BLOCKED — profile links resolved to Google Play,launch,HIGH,HIGH,
узел синастрии в домах,synastry,281,,,Yandex Russia / smartphones / last available 30 days,no,,no,,,BLOCKED — profile links resolved to Google Play,launch,HIGH,HIGH,
соединение солнце венера в синастрии,synastry,281,,,Yandex Russia / smartphones / last available 30 days,no,,no,,,BLOCKED — profile links resolved to Google Play,launch,HIGH,HIGH,
соединение марс лилит в синастрии,synastry,277,,,Yandex Russia / smartphones / last available 30 days,no,,no,,,BLOCKED — profile links resolved to Google Play,launch,HIGH,HIGH,
синастрия соединение селена,synastry,274,,,Yandex Russia / smartphones / last available 30 days,no,,no,,,BLOCKED — profile links resolved to Google Play,launch,HIGH,HIGH,
венера юпитер синастрия,synastry,274,,,Yandex Russia / smartphones / last available 30 days,no,,no,,,BLOCKED — profile links resolved to Google Play,launch,HIGH,HIGH,
юпитер в домах синастрии,synastry,273,,,Yandex Russia / smartphones / last available 30 days,no,,no,,,BLOCKED — profile links resolved to Google Play,launch,HIGH,HIGH,
аспект венера синастрия,synastry,271,,,Yandex Russia / smartphones / last available 30 days,no,,no,,,BLOCKED — profile links resolved to Google Play,launch,HIGH,HIGH,
синастрия аспекты луны,synastry,271,,,Yandex Russia / smartphones / last available 30 days,no,,no,,,BLOCKED — profile links resolved to Google Play,launch,HIGH,HIGH,
синастрия какой аспект,synastry,266,,,Yandex Russia / smartphones / last available 30 days,no,,no,,,BLOCKED — profile links resolved to Google Play,launch,HIGH,HIGH,
секстиль луна луна в синастрии,synastry,262,,,Yandex Russia / smartphones / last available 30 days,no,,no,,,BLOCKED — profile links resolved to Google Play,launch,HIGH,HIGH,
кету соединение кету синастрия,synastry,261,,,Yandex Russia / smartphones / last available 30 days,no,,no,,,BLOCKED — profile links resolved to Google Play,launch,HIGH,HIGH,
венера нептун синастрия,synastry,260,,,Yandex Russia / smartphones / last available 30 days,no,,no,,,BLOCKED — profile links resolved to Google Play,launch,HIGH,HIGH,
синастрия аспекты плутон,synastry,259,,,Yandex Russia / smartphones / last available 30 days,no,,no,,,BLOCKED — profile links resolved to Google Play,launch,HIGH,HIGH,
нептун луна синастрия,synastry,258,,,Yandex Russia / smartphones / last available 30 days,no,,no,,,BLOCKED — profile links resolved to Google Play,launch,HIGH,HIGH,
раху в доме синастрии,synastry,257,,,Yandex Russia / smartphones / last available 30 days,no,,no,,,BLOCKED — profile links resolved to Google Play,launch,HIGH,HIGH,
солнце тригон солнце синастрия,synastry,256,,,Yandex Russia / smartphones / last available 30 days,no,,no,,,BLOCKED — profile links resolved to Google Play,launch,HIGH,HIGH,
солнце секстиль солнце в синастрии,synastry,255,,,Yandex Russia / smartphones / last available 30 days,no,,no,,,BLOCKED — profile links resolved to Google Play,launch,HIGH,HIGH,
нептун мужчины в синастрии,synastry,255,,,Yandex Russia / smartphones / last available 30 days,no,,no,,,BLOCKED — profile links resolved to Google Play,launch,HIGH,HIGH,
градусы в синастрии,synastry,255,,,Yandex Russia / smartphones / last available 30 days,no,,no,,,BLOCKED — profile links resolved to Google Play,launch,HIGH,HIGH,
синастрия онлайн совместимость,synastry,255,,,Yandex Russia / smartphones / last available 30 days,no,,no,,,BLOCKED — profile links resolved to Google Play,launch,HIGH,HIGH,
солнце лилит в синастрии,synastry,251,,,Yandex Russia / smartphones / last available 30 days,no,,no,,,BLOCKED — profile links resolved to Google Play,launch,HIGH,HIGH,
марс трин марс в синастрии,synastry,250,,,Yandex Russia / smartphones / last available 30 days,no,,no,,,BLOCKED — profile links resolved to Google Play,launch,HIGH,HIGH,
синастрия оппозиция сатурн сатурн,synastry,249,,,Yandex Russia / smartphones / last available 30 days,no,,no,,,BLOCKED — profile links resolved to Google Play,launch,HIGH,HIGH,
венера в синастрии форум,synastry,249,,,Yandex Russia / smartphones / last available 30 days,no,,no,,,BLOCKED — profile links resolved to Google Play,launch,HIGH,HIGH,
оппозиция лилит в синастрии,synastry,246,,,Yandex Russia / smartphones / last available 30 days,no,,no,,,BLOCKED — profile links resolved to Google Play,launch,HIGH,HIGH,
соединение с марсом мужчины в синастрии,synastry,243,,,Yandex Russia / smartphones / last available 30 days,no,,no,,,BLOCKED — profile links resolved to Google Play,launch,HIGH,HIGH,
плутон квадрат луна синастрия,synastry,236,,,Yandex Russia / smartphones / last available 30 days,no,,no,,,BLOCKED — profile links resolved to Google Play,launch,HIGH,HIGH,
нептун солнце синастрия,synastry,235,,,Yandex Russia / smartphones / last available 30 days,no,,no,,,BLOCKED — profile links resolved to Google Play,launch,HIGH,HIGH,
секстиль плутон плутон синастрия,synastry,232,,,Yandex Russia / smartphones / last available 30 days,no,,no,,,BLOCKED — profile links resolved to Google Play,launch,HIGH,HIGH,
синастрия солнце юпитер,synastry,228,,,Yandex Russia / smartphones / last available 30 days,no,,no,,,BLOCKED — profile links resolved to Google Play,launch,HIGH,HIGH,
нептун доме синастрии,synastry,224,,,Yandex Russia / smartphones / last available 30 days,no,,no,,,BLOCKED — profile links resolved to Google Play,launch,HIGH,HIGH,
синастрия аспекты марса,synastry,223,,,Yandex Russia / smartphones / last available 30 days,no,,no,,,BLOCKED — profile links resolved to Google Play,launch,HIGH,HIGH,
марс мужчины венера синастрия,synastry,221,,,Yandex Russia / smartphones / last available 30 days,no,,no,,,BLOCKED — profile links resolved to Google Play,launch,HIGH,HIGH,
полная синастрия бесплатно,synastry,221,,,Yandex Russia / smartphones / last available 30 days,no,,no,,,BLOCKED — profile links resolved to Google Play,launch,HIGH,HIGH,
полная синастрия онлайн,synastry,219,,,Yandex Russia / smartphones / last available 30 days,no,,no,,,BLOCKED — profile links resolved to Google Play,launch,HIGH,HIGH,
полная синастрия онлайн бесплатно,synastry,219,,,Yandex Russia / smartphones / last available 30 days,no,,no,,,BLOCKED — profile links resolved to Google Play,launch,HIGH,HIGH,
синастрия онлайн бесплатно с объяснением,synastry,218,,,Yandex Russia / smartphones / last available 30 days,no,,no,,,BLOCKED — profile links resolved to Google Play,launch,HIGH,HIGH,
синастрия онлайн бесплатно с полным объяснением,synastry,218,,,Yandex Russia / smartphones / last available 30 days,no,,no,,,BLOCKED — profile links resolved to Google Play,launch,HIGH,HIGH,
планеты в домах в синастрии,synastry,216,,,Yandex Russia / smartphones / last available 30 days,no,,no,,,BLOCKED — profile links resolved to Google Play,launch,HIGH,HIGH,
венера уран синастрия,synastry,213,,,Yandex Russia / smartphones / last available 30 days,no,,no,,,BLOCKED — profile links resolved to Google Play,launch,HIGH,HIGH,
синастрия венера узел,synastry,210,,,Yandex Russia / smartphones / last available 30 days,no,,no,,,BLOCKED — profile links resolved to Google Play,launch,HIGH,HIGH,
луна юпитер синастрия,synastry,209,,,Yandex Russia / smartphones / last available 30 days,no,,no,,,BLOCKED — profile links resolved to Google Play,launch,HIGH,HIGH,
вертекс вертекс соединение синастрия,synastry,207,,,Yandex Russia / smartphones / last available 30 days,no,,no,,,BLOCKED — profile links resolved to Google Play,launch,HIGH,HIGH,
трин плутона в синастрии,synastry,207,,,Yandex Russia / smartphones / last available 30 days,no,,no,,,BLOCKED — profile links resolved to Google Play,launch,HIGH,HIGH,
синастрии между женщинами,synastry,203,,,Yandex Russia / smartphones / last available 30 days,no,,no,,,BLOCKED — profile links resolved to Google Play,launch,HIGH,HIGH,
синастрия тригон марсов,synastry,201,,,Yandex Russia / smartphones / last available 30 days,no,,no,,,BLOCKED — profile links resolved to Google Play,launch,HIGH,HIGH,
синастрия между мужчиной и женщиной,synastry,200,,,Yandex Russia / smartphones / last available 30 days,no,,no,,,BLOCKED — profile links resolved to Google Play,launch,HIGH,HIGH,
гороскоп рак,horoscope,304572,,,Yandex Russia / smartphones / last available 30 days,no,,no,,,BLOCKED — profile links resolved to Google Play,content/seasonal,MEDIUM,HIGH,
гороскоп лев,horoscope,285086,,,Yandex Russia / smartphones / last available 30 days,no,,no,,,BLOCKED — profile links resolved to Google Play,content/seasonal,MEDIUM,HIGH,
гороскоп лев львов,horoscope,284698,,,Yandex Russia / smartphones / last available 30 days,no,,no,,,BLOCKED — profile links resolved to Google Play,content/seasonal,MEDIUM,HIGH,
гороскоп близнецы,horoscope,251464,,,Yandex Russia / smartphones / last available 30 days,no,,no,,,BLOCKED — profile links resolved to Google Play,content/seasonal,MEDIUM,HIGH,
гороскоп телец,horoscope,238433,,,Yandex Russia / smartphones / last available 30 days,no,,no,,,BLOCKED — profile links resolved to Google Play,content/seasonal,MEDIUM,HIGH,
гороскоп рыбы,horoscope,235763,,,Yandex Russia / smartphones / last available 30 days,no,,no,,,BLOCKED — profile links resolved to Google Play,content/seasonal,MEDIUM,HIGH,
гороскоп дева,horoscope,234206,,,Yandex Russia / smartphones / last available 30 days,no,,no,,,BLOCKED — profile links resolved to Google Play,content/seasonal,MEDIUM,HIGH,
гороскоп овен,horoscope,230287,,,Yandex Russia / smartphones / last available 30 days,no,,no,,,BLOCKED — profile links resolved to Google Play,content/seasonal,MEDIUM,HIGH,
гороскоп весы,horoscope,225845,,,Yandex Russia / smartphones / last available 30 days,no,,no,,,BLOCKED — profile links resolved to Google Play,content/seasonal,MEDIUM,HIGH,
гороскоп водолей,horoscope,217854,,,Yandex Russia / smartphones / last available 30 days,no,,no,,,BLOCKED — profile links resolved to Google Play,content/seasonal,MEDIUM,HIGH,
гороскоп скорпион,horoscope,208731,,,Yandex Russia / smartphones / last available 30 days,no,,no,,,BLOCKED — profile links resolved to Google Play,content/seasonal,MEDIUM,HIGH,
гороскоп козерог,horoscope,196602,,,Yandex Russia / smartphones / last available 30 days,no,,no,,,BLOCKED — profile links resolved to Google Play,content/seasonal,MEDIUM,HIGH,
гороскоп стрелец,horoscope,193925,,,Yandex Russia / smartphones / last available 30 days,no,,no,,,BLOCKED — profile links resolved to Google Play,content/seasonal,MEDIUM,HIGH,
гороскоп на сегодня мужчина,horoscope,192300,,,Yandex Russia / smartphones / last available 30 days,no,,no,,,BLOCKED — profile links resolved to Google Play,content/seasonal,MEDIUM,HIGH,
гороскоп на сегодня женщина,horoscope,176854,,,Yandex Russia / smartphones / last available 30 days,no,,no,,,BLOCKED — profile links resolved to Google Play,content/seasonal,MEDIUM,HIGH,
гороскоп на август,horoscope,147665,,,Yandex Russia / smartphones / last available 30 days,no,,no,,,BLOCKED — profile links resolved to Google Play,content/seasonal,MEDIUM,HIGH,
гороскоп на июль женщина,horoscope,98155,,,Yandex Russia / smartphones / last available 30 days,no,,no,,,BLOCKED — profile links resolved to Google Play,content/seasonal,MEDIUM,HIGH,
гороскоп на сегодня близнецы,horoscope,92907,,,Yandex Russia / smartphones / last available 30 days,no,,no,,,BLOCKED — profile links resolved to Google Play,content/seasonal,MEDIUM,HIGH,
гороскоп на сегодня рак,horoscope,91761,,,Yandex Russia / smartphones / last available 30 days,no,,no,,,BLOCKED — profile links resolved to Google Play,content/seasonal,MEDIUM,HIGH,
гороскоп на сегодня лев,horoscope,83389,,,Yandex Russia / smartphones / last available 30 days,no,,no,,,BLOCKED — profile links resolved to Google Play,content/seasonal,MEDIUM,HIGH,
гороскоп на сегодня телец,horoscope,82228,,,Yandex Russia / smartphones / last available 30 days,no,,no,,,BLOCKED — profile links resolved to Google Play,content/seasonal,MEDIUM,HIGH,
гороскоп на сегодня овен,horoscope,77222,,,Yandex Russia / smartphones / last available 30 days,no,,no,,,BLOCKED — profile links resolved to Google Play,content/seasonal,MEDIUM,HIGH,
гороскоп на сегодня рыбы,horoscope,74526,,,Yandex Russia / smartphones / last available 30 days,no,,no,,,BLOCKED — profile links resolved to Google Play,content/seasonal,MEDIUM,HIGH,
гороскоп на сегодня водолей,horoscope,73569,,,Yandex Russia / smartphones / last available 30 days,no,,no,,,BLOCKED — profile links resolved to Google Play,content/seasonal,MEDIUM,HIGH,
гороскоп на сегодня дева,horoscope,73007,,,Yandex Russia / smartphones / last available 30 days,no,,no,,,BLOCKED — profile links resolved to Google Play,content/seasonal,MEDIUM,HIGH,
гороскоп на сегодня весы,horoscope,71143,,,Yandex Russia / smartphones / last available 30 days,no,,no,,,BLOCKED — profile links resolved to Google Play,content/seasonal,MEDIUM,HIGH,
гороскоп на сегодня скорпион,horoscope,68243,,,Yandex Russia / smartphones / last available 30 days,no,,no,,,BLOCKED — profile links resolved to Google Play,content/seasonal,MEDIUM,HIGH,
гороскоп на сегодня стрелец,horoscope,64358,,,Yandex Russia / smartphones / last available 30 days,no,,no,,,BLOCKED — profile links resolved to Google Play,content/seasonal,MEDIUM,HIGH,
гороскоп на сегодня козерог,horoscope,62114,,,Yandex Russia / smartphones / last available 30 days,no,,no,,,BLOCKED — profile links resolved to Google Play,content/seasonal,MEDIUM,HIGH,
гороскоп на завтра женщина,horoscope,56279,,,Yandex Russia / smartphones / last available 30 days,no,,no,,,BLOCKED — profile links resolved to Google Play,content/seasonal,MEDIUM,HIGH,
точный гороскоп мужчина,horoscope,54720,,,Yandex Russia / smartphones / last available 30 days,no,,no,,,BLOCKED — profile links resolved to Google Play,content/seasonal,MEDIUM,HIGH,
гороскоп года женщина,horoscope,50407,,,Yandex Russia / smartphones / last available 30 days,no,,no,,,BLOCKED — profile links resolved to Google Play,content/seasonal,MEDIUM,HIGH,
гороскоп рак женщина,horoscope,50020,,,Yandex Russia / smartphones / last available 30 days,no,,no,,,BLOCKED — profile links resolved to Google Play,content/seasonal,MEDIUM,HIGH,
гороскоп лев женщина,horoscope,47905,,,Yandex Russia / smartphones / last available 30 days,no,,no,,,BLOCKED — profile links resolved to Google Play,content/seasonal,MEDIUM,HIGH,
гороскоп овен женщина,horoscope,44086,,,Yandex Russia / smartphones / last available 30 days,no,,no,,,BLOCKED — profile links resolved to Google Play,content/seasonal,MEDIUM,HIGH,
гороскоп телец женщина,horoscope,44022,,,Yandex Russia / smartphones / last available 30 days,no,,no,,,BLOCKED — profile links resolved to Google Play,content/seasonal,MEDIUM,HIGH,
гороскоп тельцам женщинам,horoscope,44015,,,Yandex Russia / smartphones / last available 30 days,no,,no,,,BLOCKED — profile links resolved to Google Play,content/seasonal,MEDIUM,HIGH,
гороскоп рак на июль,horoscope,42433,,,Yandex Russia / smartphones / last available 30 days,no,,no,,,BLOCKED — profile links resolved to Google Play,content/seasonal,MEDIUM,HIGH,
гороскоп скорпион женщина,horoscope,41790,,,Yandex Russia / smartphones / last available 30 days,no,,no,,,BLOCKED — profile links resolved to Google Play,content/seasonal,MEDIUM,HIGH,
гороскоп близнецы женщина,horoscope,41220,,,Yandex Russia / smartphones / last available 30 days,no,,no,,,BLOCKED — profile links resolved to Google Play,content/seasonal,MEDIUM,HIGH,
гороскоп рак мужчина,horoscope,40803,,,Yandex Russia / smartphones / last available 30 days,no,,no,,,BLOCKED — profile links resolved to Google Play,content/seasonal,MEDIUM,HIGH,
самый точный гороскоп мужчина,horoscope,40649,,,Yandex Russia / smartphones / last available 30 days,no,,no,,,BLOCKED — profile links resolved to Google Play,content/seasonal,MEDIUM,HIGH,
гороскоп водолей женщина,horoscope,40234,,,Yandex Russia / smartphones / last available 30 days,no,,no,,,BLOCKED — profile links resolved to Google Play,content/seasonal,MEDIUM,HIGH,
гороскоп на июль мужчины,horoscope,39980,,,Yandex Russia / smartphones / last available 30 days,no,,no,,,BLOCKED — profile links resolved to Google Play,content/seasonal,MEDIUM,HIGH,
гороскоп стрелец женщина,horoscope,39734,,,Yandex Russia / smartphones / last available 30 days,no,,no,,,BLOCKED — profile links resolved to Google Play,content/seasonal,MEDIUM,HIGH,
гороскоп козерог женщина,horoscope,39335,,,Yandex Russia / smartphones / last available 30 days,no,,no,,,BLOCKED — profile links resolved to Google Play,content/seasonal,MEDIUM,HIGH,
гороскоп рыбы женщина,horoscope,38874,,,Yandex Russia / smartphones / last available 30 days,no,,no,,,BLOCKED — profile links resolved to Google Play,content/seasonal,MEDIUM,HIGH,
гороскоп дева женщина,horoscope,38335,,,Yandex Russia / smartphones / last available 30 days,no,,no,,,BLOCKED — profile links resolved to Google Play,content/seasonal,MEDIUM,HIGH,
гороскоп весы женщина,horoscope,38143,,,Yandex Russia / smartphones / last available 30 days,no,,no,,,BLOCKED — profile links resolved to Google Play,content/seasonal,MEDIUM,HIGH,
гороскоп дева мужчина,horoscope,37256,,,Yandex Russia / smartphones / last available 30 days,no,,no,,,BLOCKED — profile links resolved to Google Play,content/seasonal,MEDIUM,HIGH,
гороскоп лев мужчина,horoscope,36651,,,Yandex Russia / smartphones / last available 30 days,no,,no,,,BLOCKED — profile links resolved to Google Play,content/seasonal,MEDIUM,HIGH,
гороскоп женщина самый точный,horoscope,36326,,,Yandex Russia / smartphones / last available 30 days,no,,no,,,BLOCKED — profile links resolved to Google Play,content/seasonal,MEDIUM,HIGH,
гороскоп на июль близнецы,horoscope,35841,,,Yandex Russia / smartphones / last available 30 days,no,,no,,,BLOCKED — profile links resolved to Google Play,content/seasonal,MEDIUM,HIGH,
гороскоп на июль рыбы,horoscope,35441,,,Yandex Russia / smartphones / last available 30 days,no,,no,,,BLOCKED — profile links resolved to Google Play,content/seasonal,MEDIUM,HIGH,
гороскоп овен мужчина,horoscope,35022,,,Yandex Russia / smartphones / last available 30 days,no,,no,,,BLOCKED — profile links resolved to Google Play,content/seasonal,MEDIUM,HIGH,
гороскоп лев на июль,horoscope,34952,,,Yandex Russia / smartphones / last available 30 days,no,,no,,,BLOCKED — profile links resolved to Google Play,content/seasonal,MEDIUM,HIGH,
гороскоп телец на июль,horoscope,34409,,,Yandex Russia / smartphones / last available 30 days,no,,no,,,BLOCKED — profile links resolved to Google Play,content/seasonal,MEDIUM,HIGH,
гороскоп тельцам на июль,horoscope,34409,,,Yandex Russia / smartphones / last available 30 days,no,,no,,,BLOCKED — profile links resolved to Google Play,content/seasonal,MEDIUM,HIGH,
гороскоп на июль овен,horoscope,34392,,,Yandex Russia / smartphones / last available 30 days,no,,no,,,BLOCKED — profile links resolved to Google Play,content/seasonal,MEDIUM,HIGH,
гороскоп мужчинам тельцам,horoscope,33840,,,Yandex Russia / smartphones / last available 30 days,no,,no,,,BLOCKED — profile links resolved to Google Play,content/seasonal,MEDIUM,HIGH,
гороскоп телец мужчина,horoscope,33840,,,Yandex Russia / smartphones / last available 30 days,no,,no,,,BLOCKED — profile links resolved to Google Play,content/seasonal,MEDIUM,HIGH,
гороскоп на июль дева,horoscope,33407,,,Yandex Russia / smartphones / last available 30 days,no,,no,,,BLOCKED — profile links resolved to Google Play,content/seasonal,MEDIUM,HIGH,
гороскоп на июль весы,horoscope,32538,,,Yandex Russia / smartphones / last available 30 days,no,,no,,,BLOCKED — profile links resolved to Google Play,content/seasonal,MEDIUM,HIGH,
гороскоп на июль водолей,horoscope,32385,,,Yandex Russia / smartphones / last available 30 days,no,,no,,,BLOCKED — profile links resolved to Google Play,content/seasonal,MEDIUM,HIGH,
гороскоп близнецы мужчина,horoscope,31975,,,Yandex Russia / smartphones / last available 30 days,no,,no,,,BLOCKED — profile links resolved to Google Play,content/seasonal,MEDIUM,HIGH,
гороскоп на июль скорпион,horoscope,31296,,,Yandex Russia / smartphones / last available 30 days,no,,no,,,BLOCKED — profile links resolved to Google Play,content/seasonal,MEDIUM,HIGH,
точный гороскоп на сегодня женщина,horoscope,31280,,,Yandex Russia / smartphones / last available 30 days,no,,no,,,BLOCKED — profile links resolved to Google Play,content/seasonal,MEDIUM,HIGH,
гороскоп водолей мужчина,horoscope,30776,,,Yandex Russia / smartphones / last available 30 days,no,,no,,,BLOCKED — profile links resolved to Google Play,content/seasonal,MEDIUM,HIGH,
гороскоп мужчина год,horoscope,30728,,,Yandex Russia / smartphones / last available 30 days,no,,no,,,BLOCKED — profile links resolved to Google Play,content/seasonal,MEDIUM,HIGH,
гороскоп на июль козерог,horoscope,30276,,,Yandex Russia / smartphones / last available 30 days,no,,no,,,BLOCKED — profile links resolved to Google Play,content/seasonal,MEDIUM,HIGH,
гороскоп весы мужчина,horoscope,30224,,,Yandex Russia / smartphones / last available 30 days,no,,no,,,BLOCKED — profile links resolved to Google Play,content/seasonal,MEDIUM,HIGH,
ведическая астрология,astrology,9848,,,Yandex Russia / smartphones / last available 30 days,no,,no,,,BLOCKED — profile links resolved to Google Play,growth,MEDIUM,HIGH,
синастрия соединение,synastry,8646,,,Yandex Russia / smartphones / last available 30 days,no,,no,,,BLOCKED — profile links resolved to Google Play,growth,MEDIUM,HIGH,
синастрия онлайн,synastry,8509,,,Yandex Russia / smartphones / last available 30 days,no,,yes,492,0,BLOCKED — profile links resolved to Google Play,growth,MEDIUM,HIGH,
астрология какая,astrology,8251,,,Yandex Russia / smartphones / last available 30 days,no,,no,,,BLOCKED — profile links resolved to Google Play,growth,MEDIUM,HIGH,
синастрии луна,synastry,5778,,,Yandex Russia / smartphones / last available 30 days,no,,no,,,BLOCKED — profile links resolved to Google Play,growth,MEDIUM,HIGH,
доме синастрии,synastry,5418,,,Yandex Russia / smartphones / last available 30 days,no,,no,,,BLOCKED — profile links resolved to Google Play,growth,MEDIUM,HIGH,
астрология год,astrology,4841,,,Yandex Russia / smartphones / last available 30 days,no,,no,,,BLOCKED — profile links resolved to Google Play,growth,MEDIUM,HIGH,
синастрия солнце,synastry,4830,,,Yandex Russia / smartphones / last available 30 days,no,,no,,,BLOCKED — profile links resolved to Google Play,growth,MEDIUM,HIGH,
астрология карта,astrology,4675,,,Yandex Russia / smartphones / last available 30 days,no,,no,,,BLOCKED — profile links resolved to Google Play,growth,MEDIUM,HIGH,
день астрологии,astrology,4510,,,Yandex Russia / smartphones / last available 30 days,no,,no,,,BLOCKED — profile links resolved to Google Play,growth,MEDIUM,HIGH,
синастрии марса,synastry,4478,,,Yandex Russia / smartphones / last available 30 days,no,,no,,,BLOCKED — profile links resolved to Google Play,growth,MEDIUM,HIGH,
хорарная астрология,astrology,4085,,,Yandex Russia / smartphones / last available 30 days,no,,no,,,BLOCKED — profile links resolved to Google Play,growth,MEDIUM,HIGH,
астрология онлайн,astrology,4065,,,Yandex Russia / smartphones / last available 30 days,no,,no,,,BLOCKED — profile links resolved to Google Play,growth,MEDIUM,HIGH,
натальная астрология,astrology,3395,,,Yandex Russia / smartphones / last available 30 days,no,,no,,,BLOCKED — profile links resolved to Google Play,growth,MEDIUM,HIGH,
астрология рождение,astrology,3255,,,Yandex Russia / smartphones / last available 30 days,no,,no,,,BLOCKED — profile links resolved to Google Play,growth,MEDIUM,HIGH,
синастрия квадрат,synastry,3117,,,Yandex Russia / smartphones / last available 30 days,no,,no,,,BLOCKED — profile links resolved to Google Play,growth,MEDIUM,HIGH,
астрология бесплатно,astrology,2966,,,Yandex Russia / smartphones / last available 30 days,no,,no,,,BLOCKED — profile links resolved to Google Play,growth,MEDIUM,HIGH,
дзен астрология,astrology,2910,,,Yandex Russia / smartphones / last available 30 days,no,,no,,,BLOCKED — profile links resolved to Google Play,growth,MEDIUM,HIGH,
школа астрологии,astrology,2890,,,Yandex Russia / smartphones / last available 30 days,no,,no,,,BLOCKED — profile links resolved to Google Play,growth,MEDIUM,HIGH,
про астрологию,astrology,2887,,,Yandex Russia / smartphones / last available 30 days,no,,no,,,BLOCKED — profile links resolved to Google Play,growth,MEDIUM,HIGH,
астрология рассчитать,astrology,2773,,,Yandex Russia / smartphones / last available 30 days,no,,no,,,BLOCKED — profile links resolved to Google Play,growth,MEDIUM,HIGH,
астрология скачать,astrology,2602,,,Yandex Russia / smartphones / last available 30 days,no,,no,,,BLOCKED — profile links resolved to Google Play,growth,MEDIUM,HIGH,
астрология человек,astrology,2439,,,Yandex Russia / smartphones / last available 30 days,no,,no,,,BLOCKED — profile links resolved to Google Play,growth,MEDIUM,HIGH,
сатурн синастрия,synastry,2288,,,Yandex Russia / smartphones / last available 30 days,no,,no,,,BLOCKED — profile links resolved to Google Play,growth,MEDIUM,HIGH,
астрология воровка,astrology,2274,,,Yandex Russia / smartphones / last available 30 days,no,,no,,,BLOCKED — profile links resolved to Google Play,growth,MEDIUM,HIGH,
астрология значение,astrology,2147,,,Yandex Russia / smartphones / last available 30 days,no,,no,,,BLOCKED — profile links resolved to Google Play,growth,MEDIUM,HIGH,
синастрия партнеров,synastry,2102,,,Yandex Russia / smartphones / last available 30 days,no,,no,,,BLOCKED — profile links resolved to Google Play,growth,MEDIUM,HIGH,
астрология суть,astrology,2039,,,Yandex Russia / smartphones / last available 30 days,no,,no,,,BLOCKED — profile links resolved to Google Play,growth,MEDIUM,HIGH,
синастрия карта,synastry,1907,,,Yandex Russia / smartphones / last available 30 days,no,,no,,,BLOCKED — profile links resolved to Google Play,growth,MEDIUM,HIGH,
астрология сегодня,astrology,1769,,,Yandex Russia / smartphones / last available 30 days,no,,no,,,BLOCKED — profile links resolved to Google Play,growth,MEDIUM,HIGH,
натальная синастрия,synastry,1729,,,Yandex Russia / smartphones / last available 30 days,no,,no,,,BLOCKED — profile links resolved to Google Play,growth,MEDIUM,HIGH,
песня астрология,astrology,1666,,,Yandex Russia / smartphones / last available 30 days,no,,no,,,BLOCKED — profile links resolved to Google Play,growth,MEDIUM,HIGH,
астрология львов,astrology,1658,,,Yandex Russia / smartphones / last available 30 days,no,,no,,,BLOCKED — profile links resolved to Google Play,growth,MEDIUM,HIGH,
лев астрология,astrology,1650,,,Yandex Russia / smartphones / last available 30 days,no,,no,,,BLOCKED — profile links resolved to Google Play,content/seasonal,MEDIUM,HIGH,
астрология точка,astrology,1626,,,Yandex Russia / smartphones / last available 30 days,no,,no,,,BLOCKED — profile links resolved to Google Play,growth,MEDIUM,HIGH,
синастрия рассчитать,synastry,1582,,,Yandex Russia / smartphones / last available 30 days,no,,no,,,BLOCKED — profile links resolved to Google Play,growth,MEDIUM,HIGH,
астрология гороскоп,astrology,1581,,,Yandex Russia / smartphones / last available 30 days,no,,no,,,BLOCKED — profile links resolved to Google Play,growth,MEDIUM,HIGH,
астрология женщины,astrology,1549,,,Yandex Russia / smartphones / last available 30 days,no,,no,,,BLOCKED — profile links resolved to Google Play,growth,MEDIUM,HIGH,
синастрия нептуна,synastry,1501,,,Yandex Russia / smartphones / last available 30 days,no,,no,,,BLOCKED — profile links resolved to Google Play,growth,MEDIUM,HIGH,
лучшие астрологии,astrology,1494,,,Yandex Russia / smartphones / last available 30 days,no,,no,,,BLOCKED — profile links resolved to Google Play,growth,MEDIUM,HIGH,
синастрия бесплатно,synastry,1493,,,Yandex Russia / smartphones / last available 30 days,no,,no,,,BLOCKED — profile links resolved to Google Play,growth,MEDIUM,HIGH,
синастрия трин,synastry,1419,,,Yandex Russia / smartphones / last available 30 days,no,,no,,,BLOCKED — profile links resolved to Google Play,growth,MEDIUM,HIGH,
астрология прогноз,astrology,1402,,,Yandex Russia / smartphones / last available 30 days,no,,no,,,BLOCKED — profile links resolved to Google Play,growth,MEDIUM,HIGH,
астрология зрение,astrology,1393,,,Yandex Russia / smartphones / last available 30 days,no,,no,,,BLOCKED — profile links resolved to Google Play,growth,MEDIUM,HIGH,
западная астрология,astrology,1356,,,Yandex Russia / smartphones / last available 30 days,no,,no,,,BLOCKED — profile links resolved to Google Play,growth,MEDIUM,HIGH,
джйотиш астрология,astrology,1350,,,Yandex Russia / smartphones / last available 30 days,no,,no,,,BLOCKED — profile links resolved to Google Play,growth,MEDIUM,HIGH,
рак астрология,astrology,1268,,,Yandex Russia / smartphones / last available 30 days,no,,no,,,BLOCKED — profile links resolved to Google Play,content/seasonal,MEDIUM,HIGH,
почему астрологию,astrology,1264,,,Yandex Russia / smartphones / last available 30 days,no,,no,,,BLOCKED — profile links resolved to Google Play,growth,MEDIUM,HIGH,
астрология нумерология,astrology,1244,,,Yandex Russia / smartphones / last available 30 days,no,,no,,,BLOCKED — profile links resolved to Google Play,growth,MEDIUM,HIGH,
секстиль синастрия,synastry,1227,,,Yandex Russia / smartphones / last available 30 days,no,,no,,,BLOCKED — profile links resolved to Google Play,growth,MEDIUM,HIGH,
академия астрологии,astrology,1226,,,Yandex Russia / smartphones / last available 30 days,no,,no,,,BLOCKED — profile links resolved to Google Play,growth,MEDIUM,HIGH,
астрология период,astrology,1215,,,Yandex Russia / smartphones / last available 30 days,no,,no,,,BLOCKED — profile links resolved to Google Play,growth,MEDIUM,HIGH,
тригон синастрия,synastry,1201,,,Yandex Russia / smartphones / last available 30 days,no,,no,,,BLOCKED — profile links resolved to Google Play,growth,MEDIUM,HIGH,
обучение астрологии,astrology,1193,,,Yandex Russia / smartphones / last available 30 days,no,,no,,,BLOCKED — profile links resolved to Google Play,growth,MEDIUM,HIGH,
астрология совместимость,astrology,1144,,,Yandex Russia / smartphones / last available 30 days,no,,no,,,BLOCKED — profile links resolved to Google Play,growth,MEDIUM,HIGH,
астрология левина,astrology,1137,,,Yandex Russia / smartphones / last available 30 days,no,,no,,,BLOCKED — profile links resolved to Google Play,content/seasonal,MEDIUM,HIGH,
меркурий синастрия,synastry,1130,,,Yandex Russia / smartphones / last available 30 days,no,,no,,,BLOCKED — profile links resolved to Google Play,growth,MEDIUM,HIGH,
синастрия уран,synastry,1077,,,Yandex Russia / smartphones / last available 30 days,no,,no,,,BLOCKED — profile links resolved to Google Play,growth,MEDIUM,HIGH,
раха астрология,astrology,1066,,,Yandex Russia / smartphones / last available 30 days,no,,no,,,BLOCKED — profile links resolved to Google Play,growth,MEDIUM,HIGH,
астрология просто,astrology,1049,,,Yandex Russia / smartphones / last available 30 days,no,,no,,,BLOCKED — profile links resolved to Google Play,growth,MEDIUM,HIGH,
астрология время,astrology,1003,,,Yandex Russia / smartphones / last available 30 days,no,,no,,,BLOCKED — profile links resolved to Google Play,growth,MEDIUM,HIGH,
геокульт синастрия,synastry,982,,,Yandex Russia / smartphones / last available 30 days,no,,no,,,BLOCKED — profile links resolved to Google Play,growth,MEDIUM,HIGH,
весы астрология,astrology,980,,,Yandex Russia / smartphones / last available 30 days,no,,no,,,BLOCKED — profile links resolved to Google Play,content/seasonal,MEDIUM,HIGH,
астрология девы,astrology,976,,,Yandex Russia / smartphones / last available 30 days,no,,no,,,BLOCKED — profile links resolved to Google Play,growth,MEDIUM,HIGH,
астрология мужчина,astrology,969,,,Yandex Russia / smartphones / last available 30 days,no,,no,,,BLOCKED — profile links resolved to Google Play,content/seasonal,MEDIUM,HIGH,
козероге астрология,astrology,913,,,Yandex Russia / smartphones / last available 30 days,no,,no,,,BLOCKED — profile links resolved to Google Play,content/seasonal,MEDIUM,HIGH,
астрология расшифровка,astrology,897,,,Yandex Russia / smartphones / last available 30 days,no,,no,,,BLOCKED — profile links resolved to Google Play,growth,MEDIUM,HIGH,
курсы астрологии,astrology,894,,,Yandex Russia / smartphones / last available 30 days,no,,no,,,BLOCKED — profile links resolved to Google Play,growth,MEDIUM,HIGH,
астрология близнецы,astrology,886,,,Yandex Russia / smartphones / last available 30 days,no,,no,,,BLOCKED — profile links resolved to Google Play,content/seasonal,MEDIUM,HIGH,
астрология расчет,astrology,874,,,Yandex Russia / smartphones / last available 30 days,no,,no,,,BLOCKED — profile links resolved to Google Play,growth,MEDIUM,HIGH,
символы астрологии,astrology,871,,,Yandex Russia / smartphones / last available 30 days,no,,no,,,BLOCKED — profile links resolved to Google Play,growth,MEDIUM,HIGH,
астрология цветов,astrology,847,,,Yandex Russia / smartphones / last available 30 days,no,,no,,,BLOCKED — profile links resolved to Google Play,growth,MEDIUM,HIGH,
астрология видео,astrology,841,,,Yandex Russia / smartphones / last available 30 days,no,,no,,,BLOCKED — profile links resolved to Google Play,growth,MEDIUM,HIGH,
астрология павел,astrology,818,,,Yandex Russia / smartphones / last available 30 days,no,,no,,,BLOCKED — profile links resolved to Google Play,growth,MEDIUM,HIGH,
транзиты астрология,astrology,788,,,Yandex Russia / smartphones / last available 30 days,no,,no,,,BLOCKED — profile links resolved to Google Play,growth,MEDIUM,HIGH,
цвет астрологии,astrology,783,,,Yandex Russia / smartphones / last available 30 days,no,,no,,,BLOCKED — profile links resolved to Google Play,growth,MEDIUM,HIGH,
где астрология,astrology,781,,,Yandex Russia / smartphones / last available 30 days,no,,no,,,BLOCKED — profile links resolved to Google Play,growth,MEDIUM,HIGH,
астрология читаем,astrology,780,,,Yandex Russia / smartphones / last available 30 days,no,,no,,,BLOCKED — profile links resolved to Google Play,growth,MEDIUM,HIGH,
читать астрологию,astrology,780,,,Yandex Russia / smartphones / last available 30 days,no,,no,,,BLOCKED — profile links resolved to Google Play,growth,MEDIUM,HIGH,
лунная астрология,astrology,766,,,Yandex Russia / smartphones / last available 30 days,no,,no,,,BLOCKED — profile links resolved to Google Play,growth,MEDIUM,HIGH,
синастрии форум,synastry,722,,,Yandex Russia / smartphones / last available 30 days,no,,no,,,BLOCKED — profile links resolved to Google Play,growth,MEDIUM,HIGH,
астрология андреев,astrology,722,,,Yandex Russia / smartphones / last available 30 days,no,,no,,,BLOCKED — profile links resolved to Google Play,growth,MEDIUM,HIGH,
астрология чисел,astrology,717,,,Yandex Russia / smartphones / last available 30 days,no,,no,,,BLOCKED — profile links resolved to Google Play,growth,MEDIUM,HIGH,
астрология сергея,astrology,652,,,Yandex Russia / smartphones / last available 30 days,no,,no,,,BLOCKED — profile links resolved to Google Play,growth,MEDIUM,HIGH,
астрология отношений,astrology,646,,,Yandex Russia / smartphones / last available 30 days,no,,no,,,BLOCKED — profile links resolved to Google Play,growth,MEDIUM,HIGH,
тибетская астрология,astrology,636,,,Yandex Russia / smartphones / last available 30 days,no,,no,,,BLOCKED — profile links resolved to Google Play,growth,MEDIUM,HIGH,
астрология судьбы,astrology,635,,,Yandex Russia / smartphones / last available 30 days,no,,no,,,BLOCKED — profile links resolved to Google Play,growth,MEDIUM,HIGH,
астрология вопросы,astrology,627,,,Yandex Russia / smartphones / last available 30 days,no,,no,,,BLOCKED — profile links resolved to Google Play,growth,MEDIUM,HIGH,
дараган астрология,astrology,625,,,Yandex Russia / smartphones / last available 30 days,no,,no,,,BLOCKED — profile links resolved to Google Play,growth,MEDIUM,HIGH,
астрология затмение,astrology,622,,,Yandex Russia / smartphones / last available 30 days,no,,no,,,BLOCKED — profile links resolved to Google Play,growth,MEDIUM,HIGH,
астрология телец,astrology,603,,,Yandex Russia / smartphones / last available 30 days,no,,no,,,BLOCKED — profile links resolved to Google Play,content/seasonal,MEDIUM,HIGH,
астрология сколько,astrology,592,,,Yandex Russia / smartphones / last available 30 days,no,,no,,,BLOCKED — profile links resolved to Google Play,growth,MEDIUM,HIGH,
ретроградная астрология,astrology,591,,,Yandex Russia / smartphones / last available 30 days,no,,no,,,BLOCKED — profile links resolved to Google Play,growth,MEDIUM,HIGH,
астрология купить,astrology,576,,,Yandex Russia / smartphones / last available 30 days,no,,no,,,BLOCKED — profile links resolved to Google Play,growth,MEDIUM,HIGH,
северная астрология,astrology,566,,,Yandex Russia / smartphones / last available 30 days,no,,no,,,BLOCKED — profile links resolved to Google Play,growth,MEDIUM,HIGH,
институт астрологии,astrology,552,,,Yandex Russia / smartphones / last available 30 days,no,,no,,,BLOCKED — profile links resolved to Google Play,growth,MEDIUM,HIGH,
кармическая астрология,astrology,550,,,Yandex Russia / smartphones / last available 30 days,no,,no,,,BLOCKED — profile links resolved to Google Play,growth,MEDIUM,HIGH,
астрология неделя,astrology,546,,,Yandex Russia / smartphones / last available 30 days,no,,no,,,BLOCKED — profile links resolved to Google Play,growth,MEDIUM,HIGH,
татьяна астрология,astrology,545,,,Yandex Russia / smartphones / last available 30 days,no,,no,,,BLOCKED — profile links resolved to Google Play,growth,MEDIUM,HIGH,
астрология россии,astrology,540,,,Yandex Russia / smartphones / last available 30 days,no,,no,,,BLOCKED — profile links resolved to Google Play,growth,MEDIUM,HIGH,
астрология официальный,astrology,523,,,Yandex Russia / smartphones / last available 30 days,no,,no,,,BLOCKED — profile links resolved to Google Play,growth,MEDIUM,HIGH,
характеристика астрологии,astrology,522,,,Yandex Russia / smartphones / last available 30 days,no,,no,,,BLOCKED — profile links resolved to Google Play,content/seasonal,MEDIUM,HIGH,
синастрия планет,synastry,520,,,Yandex Russia / smartphones / last available 30 days,no,,no,,,BLOCKED — profile links resolved to Google Play,growth,MEDIUM,HIGH,
астрология говорят,astrology,518,,,Yandex Russia / smartphones / last available 30 days,no,,no,,,BLOCKED — profile links resolved to Google Play,growth,MEDIUM,HIGH,
отзыв астрология,astrology,505,,,Yandex Russia / smartphones / last available 30 days,no,,no,,,BLOCKED — profile links resolved to Google Play,growth,MEDIUM,HIGH,
медицинская астрология,astrology,503,,,Yandex Russia / smartphones / last available 30 days,no,,no,,,BLOCKED — profile links resolved to Google Play,growth,MEDIUM,HIGH,
астрология событий,astrology,502,,,Yandex Russia / smartphones / last available 30 days,no,,no,,,BLOCKED — profile links resolved to Google Play,growth,MEDIUM,HIGH,
астрология безбородного,astrology,483,,,Yandex Russia / smartphones / last available 30 days,no,,no,,,BLOCKED — profile links resolved to Google Play,growth,MEDIUM,HIGH,
астрология нова,astrology,483,,,Yandex Russia / smartphones / last available 30 days,no,,no,,,BLOCKED — profile links resolved to Google Play,growth,MEDIUM,HIGH,
новая астрология,astrology,483,,,Yandex Russia / smartphones / last available 30 days,no,,no,,,BLOCKED — profile links resolved to Google Play,growth,MEDIUM,HIGH,
астрология имени,astrology,481,,,Yandex Russia / smartphones / last available 30 days,no,,no,,,BLOCKED — profile links resolved to Google Play,growth,MEDIUM,HIGH,
астрология джойтиш,astrology,475,,,Yandex Russia / smartphones / last available 30 days,no,,no,,,BLOCKED — profile links resolved to Google Play,growth,MEDIUM,HIGH,
астрология формул,astrology,467,,,Yandex Russia / smartphones / last available 30 days,no,,no,,,BLOCKED — profile links resolved to Google Play,growth,MEDIUM,HIGH,
астрология любви,astrology,465,,,Yandex Russia / smartphones / last available 30 days,no,,no,,,BLOCKED — profile links resolved to Google Play,growth,MEDIUM,HIGH,
астрология определить,astrology,464,,,Yandex Russia / smartphones / last available 30 days,no,,no,,,BLOCKED — profile links resolved to Google Play,growth,MEDIUM,HIGH,
расчет синастрии,synastry,415,,,Yandex Russia / smartphones / last available 30 days,no,,yes,499,0,BLOCKED — profile links resolved to Google Play,growth,MEDIUM,HIGH,
синастрия груди,synastry,361,,,Yandex Russia / smartphones / last available 30 days,no,,no,,,BLOCKED — profile links resolved to Google Play,growth,MEDIUM,HIGH,
синастрия любви,synastry,282,,,Yandex Russia / smartphones / last available 30 days,no,,no,,,BLOCKED — profile links resolved to Google Play,growth,MEDIUM,HIGH,
кармическая синастрия,synastry,262,,,Yandex Russia / smartphones / last available 30 days,no,,no,,,BLOCKED — profile links resolved to Google Play,growth,MEDIUM,HIGH,
синастрия отношений,synastry,261,,,Yandex Russia / smartphones / last available 30 days,no,,no,,,BLOCKED — profile links resolved to Google Play,growth,MEDIUM,HIGH,
синастрия стрельца,synastry,260,,,Yandex Russia / smartphones / last available 30 days,no,,no,,,BLOCKED — profile links resolved to Google Play,growth,MEDIUM,HIGH,
построить синастрию,synastry,250,,,Yandex Russia / smartphones / last available 30 days,no,,no,,,BLOCKED — profile links resolved to Google Play,growth,MEDIUM,HIGH,
полная синастрия,synastry,231,,,Yandex Russia / smartphones / last available 30 days,no,,no,,,BLOCKED — profile links resolved to Google Play,growth,MEDIUM,HIGH,
синастрия человека,synastry,224,,,Yandex Russia / smartphones / last available 30 days,no,,no,,,BLOCKED — profile links resolved to Google Play,growth,MEDIUM,HIGH,
фортуна синастрия,synastry,223,,,Yandex Russia / smartphones / last available 30 days,no,,no,,,BLOCKED — profile links resolved to Google Play,growth,MEDIUM,HIGH,
астросик синастрия,synastry,201,,,Yandex Russia / smartphones / last available 30 days,no,,no,,,BLOCKED — profile links resolved to Google Play,growth,MEDIUM,HIGH,
гороскоп,horoscope,4376696,,,Yandex Russia / smartphones / last available 30 days,partial,"Гороскопы | Гороскопы бесплатно, натальная карта | Гороскоп на каждый день - онлайн | гороскопы",yes,497,20,BLOCKED — profile links resolved to Google Play,scale,LONG_TERM,HIGH,High demand and high competition; do not use as launch KPI alone.
гороскоп на сегодня,horoscope,1242594,,,Yandex Russia / smartphones / last available 30 days,exact,"ДЕВА Гороскоп на сегодня, завтра и на каждый день | Гороскоп на сегодня | Гороскопы | гороскоп на сегодня | дева гороскоп на сегодня завтра и на каждый день",yes,496,14,BLOCKED — profile links resolved to Google Play,scale,LONG_TERM,HIGH,High demand and high competition; do not use as launch KPI alone.
натальная карта,natal,665857,,,Yandex Russia / smartphones / last available 30 days,exact,Натальная карта. Астрология. Матрица Судьбы | Астрологические Карты Lite | Астрокалендарь ENIGMATA. Ежедневный гороскоп | натальная карта астрология матрица судьбы | натальная карта,yes,489,15,BLOCKED — profile links resolved to Google Play,scale,LONG_TERM,HIGH,High demand and high competition; do not use as launch KPI alone.
гороскоп женщина,horoscope,530747,,,Yandex Russia / smartphones / last available 30 days,no,,no,,,BLOCKED — profile links resolved to Google Play,scale,LONG_TERM,HIGH,High demand and high competition; do not use as launch KPI alone.
гороскоп на июль,horoscope,525769,,,Yandex Russia / smartphones / last available 30 days,no,,no,,,BLOCKED — profile links resolved to Google Play,scale,LONG_TERM,HIGH,High demand and high competition; do not use as launch KPI alone.
